Reporting_Airline,O,D,Year,Month,unit,ops,late,canc,fnums,dom,pct_late,chronic,period,streak,chain,run_len
WN,DEN,DAL,2022,1,1165,13,7,3.0,"frozenset({2937, 4977, 1693, 3457})",4977,0.5384615384615384,True,2022-01,1,0,1
WN,AUS,ELP,2022,1,825,11,6,4.0,"frozenset({2233, 3235, 1271})",1271,0.5454545454545454,True,2022-01,1,1,1
WN,GRR,MDW,2022,1,1045,11,6,4.0,"frozenset({5456, 3489, 116})",116,0.5454545454545454,True,2022-01,1,2,1
WN,AUS,DEN,2022,1,715,11,9,3.0,"frozenset({948, 2893, 1015})",1015,0.8181818181818182,True,2022-01,1,3,1
WN,GRR,DEN,2022,1,970,11,7,5.0,"frozenset({1809, 4923, 3159})",4923,0.6363636363636364,True,2022-01,1,4,1
B6,RDU,BOS,2022,1,1182,11,6,3.0,frozenset({184}),184,0.5454545454545454,True,2022-01,1,5,1
UA,AUS,SFO,2022,1,1165,11,7,7.0,frozenset({1401}),1401,0.6363636363636364,True,2022-01,1,6,1
UA,BNA,EWR,2022,1,850,25,14,11.0,frozenset({2411}),2411,0.56,True,2022-01,1,7,1
OO,DTW,GRR,2022,1,505,10,7,4.0,"frozenset({3657, 3940, 3965})",3965,0.7,True,2022-01,1,8,1
MQ,ORD,BDL,2022,1,1250,12,7,1.0,frozenset({4011}),4011,0.5833333333333334,True,2022-01,1,9,1
B6,ROC,JFK,2022,1,1190,22,13,6.0,frozenset({685}),685,0.5909090909090909,True,2022-01,1,10,1
WN,RSW,IND,2022,1,1155,10,6,2.0,"frozenset({1464, 5979})",5979,0.6,True,2022-01,1,11,1
WN,SAN,BWI,2022,1,735,10,6,2.0,"frozenset({5080, 2942})",5080,0.6,True,2022-01,1,12,1
B6,RSW,JFK,2022,1,1116,27,15,2.0,frozenset({1730}),1730,0.5555555555555556,True,2022-01,1,13,1
NK,CMH,FLL,2022,1,360,16,11,0.0,frozenset({2353}),2353,0.6875,True,2022-01,1,14,1
OO,DTW,EWR,2022,1,600,12,8,1.0,frozenset({4450}),4450,0.6666666666666666,True,2022-01,1,15,1
NK,CMH,LAX,2022,1,1319,20,11,2.0,frozenset({889}),889,0.55,True,2022-01,1,16,1
WN,SLC,DEN,2022,1,1225,12,7,6.0,"frozenset({2654, 105, 115, 1494})",1494,0.5833333333333334,True,2022-01,1,17,1
UA,EWR,BNA,2022,1,675,26,16,12.0,frozenset({2436}),2436,0.6153846153846154,True,2022-01,1,18,1
B6,RSW,BOS,2022,1,1220,21,14,2.0,frozenset({1766}),1766,0.6666666666666666,True,2022-01,1,19,1
WN,SMF,DEN,2022,1,820,10,7,6.0,"frozenset({712, 4045})",4045,0.7,True,2022-01,1,20,1
WN,PHX,DEN,2022,1,830,15,8,3.0,"frozenset({4800, 358, 2695, 1670, 1101, 3438})",3438,0.5333333333333333,True,2022-01,1,21,1
MQ,EYW,MIA,2022,1,840,31,21,0.0,frozenset({4051}),4051,0.6774193548387096,True,2022-01,1,22,1
HA,HNL,OGG,2022,1,690,14,8,6.0,"frozenset({256, 266})",256,0.5714285714285714,True,2022-01,1,23,1
WN,HOU,DEN,2022,1,1020,11,7,7.0,"frozenset({4784, 37, 4982})",4982,0.6363636363636364,True,2022-01,1,24,1
WN,MTJ,DEN,2022,1,1075,16,9,7.0,"frozenset({2914, 1980, 2946})",1980,0.5625,True,2022-01,1,25,1
HA,LIH,HNL,2022,1,918,15,8,6.0,"frozenset({304, 284, 294})",304,0.5333333333333333,True,2022-01,1,26,1
B6,PBI,JFK,2022,1,1300,35,18,5.0,"frozenset({1154, 1654})",1654,0.5142857142857142,True,2022-01,1,27,1
WN,BWI,BOS,2022,1,1140,11,6,1.0,"frozenset({3634, 411})",3634,0.5454545454545454,True,2022-01,1,28,1
OO,AVL,ORD,2022,1,1051,26,15,9.0,frozenset({4650}),4650,0.5769230769230769,True,2022-01,1,29,1
B6,PBI,LGA,2022,1,1148,27,16,2.0,frozenset({1262}),1262,0.5925925925925926,True,2022-01,1,30,1
WN,AUS,PHX,2022,1,1125,11,6,1.0,"frozenset({460, 1767})",460,0.5454545454545454,True,2022-01,1,31,1
WN,BWI,AUS,2022,1,500,13,7,6.0,"frozenset({2248, 1463, 1156, 1015})",1015,0.5384615384615384,True,2022-01,1,32,1
WN,ORD,DEN,2022,1,885,26,14,8.0,"frozenset({1318, 458, 6125, 1678, 1746})",1678,0.5384615384615384,True,2022-01,1,33,1
WN,ORD,DEN,2022,1,1130,26,14,11.0,"frozenset({2546, 2133, 5926})",2133,0.5384615384615384,True,2022-01,1,34,1
UA,IAD,EWR,2022,1,1055,27,16,5.0,frozenset({1156}),1156,0.5925925925925926,True,2022-01,1,35,1
WN,BNA,DEN,2022,1,565,10,6,1.0,"frozenset({1168, 5648})",5648,0.6,True,2022-01,1,36,1
AS,IAH,SEA,2022,1,450,10,8,4.0,frozenset({263}),263,0.8,True,2022-01,1,37,1
WN,PDX,DEN,2022,1,820,10,6,6.0,"frozenset({3664, 2284})",2284,0.6,True,2022-01,1,38,1
WN,PHL,DEN,2022,1,1090,12,10,3.0,"frozenset({240, 253, 3682, 1866})",240,0.8333333333333334,True,2022-01,1,39,1
AS,FLL,SEA,2022,1,490,10,6,1.0,frozenset({225}),225,0.6,True,2022-01,1,40,1
QX,SEA,IDA,2022,1,1136,31,16,0.0,"frozenset({2018, 2052})",2018,0.5161290322580645,True,2022-01,1,41,1
HA,HNL,LIH,2022,1,846,14,8,6.0,"frozenset({313, 323})",313,0.5714285714285714,True,2022-01,1,42,1
WN,SMF,DEN,2022,1,955,11,6,1.0,"frozenset({3712, 1034, 493})",493,0.5454545454545454,True,2022-01,1,43,1
UA,IAH,EWR,2022,1,880,31,17,7.0,frozenset({2494}),2494,0.5483870967741935,True,2022-01,1,44,1
YX,ATL,EWR,2022,1,1085,27,16,12.0,frozenset({3416}),3416,0.5925925925925926,True,2022-01,1,45,1
WN,ATL,AUS,2022,1,900,10,6,4.0,"frozenset({5283, 2933})",5283,0.6,True,2022-01,1,46,1
WN,ALB,MCO,2022,1,1015,13,7,2.0,"frozenset({3353, 3540, 276, 6143})",6143,0.5384615384615384,True,2022-01,1,47,1
WN,DEN,SEA,2022,1,805,11,6,3.0,"frozenset({4337, 3755, 3996})",3755,0.5454545454545454,True,2022-01,1,48,1
OO,DTW,BTV,2022,1,940,22,13,2.0,frozenset({3974}),3974,0.5909090909090909,True,2022-01,1,49,2
B6,TPA,JFK,2022,1,1226,30,18,4.0,frozenset({126}),126,0.6,True,2022-01,1,50,1
YX,DTW,EWR,2022,1,1155,25,13,9.0,frozenset({3637}),3637,0.52,True,2022-01,1,51,1
WN,DEN,PHX,2022,1,1065,15,9,4.0,"frozenset({3493, 4263, 561, 2808, 4923})",4923,0.6,True,2022-01,1,52,1
YV,RDU,IAH,2022,1,885,11,6,4.0,frozenset({6183}),6183,0.5454545454545454,True,2022-01,1,53,1
WN,DEN,PHL,2022,1,720,12,7,3.0,"frozenset({6272, 3675, 669, 6155})",6272,0.5833333333333334,True,2022-01,1,54,1
UA,EWR,RSW,2022,1,405,11,6,4.0,frozenset({1076}),1076,0.5454545454545454,True,2022-01,1,55,1
UA,SRQ,DEN,2022,1,965,31,23,1.0,frozenset({2223}),2223,0.7419354838709677,True,2022-01,1,56,1
UA,SFO,AUS,2022,1,780,10,6,6.0,frozenset({1763}),1763,0.6,True,2022-01,1,57,1
YX,EWR,CHS,2022,1,1250,24,13,8.0,frozenset({3503}),3503,0.5416666666666666,True,2022-01,1,58,1
WN,DEN,ORD,2022,1,1160,31,18,8.0,"frozenset({6085, 2131, 181, 3110})",2131,0.5806451612903226,True,2022-01,1,59,1
WN,DEN,ORD,2022,1,890,26,18,9.0,"frozenset({2545, 1210, 2961, 4614})",1210,0.6923076923076923,True,2022-01,1,60,1
WN,DEN,OMA,2022,1,1230,13,9,4.0,"frozenset({253, 1146, 3683, 2533})",3683,0.6923076923076923,True,2022-01,1,61,1
OO,DFW,ASE,2022,1,750,25,13,0.0,frozenset({3234}),3234,0.52,True,2022-01,1,62,1
WN,DEN,PDX,2022,1,540,10,6,3.0,"frozenset({5019, 1695})",5019,0.6,True,2022-01,1,63,1
WN,DEN,SNA,2022,1,535,16,9,7.0,"frozenset({865, 482, 2849, 5093, 3344})",3344,0.5625,True,2022-01,1,64,1
YV,PHX,FAT,2022,1,512,19,11,3.0,frozenset({5782}),5782,0.5789473684210527,True,2022-01,1,65,1
YV,IAH,ELP,2022,1,1220,25,13,11.0,frozenset({6088}),6088,0.52,True,2022-01,1,66,1
WN,SNA,DEN,2022,1,980,22,12,10.0,"frozenset({1617, 1146, 347, 1189})",1617,0.5454545454545454,True,2022-01,1,67,1
UA,CLE,EWR,2022,1,1060,20,16,16.0,frozenset({547}),547,0.8,True,2022-01,1,68,1
B6,SAV,BOS,2022,1,965,21,15,3.0,frozenset({250}),250,0.7142857142857143,True,2022-01,1,69,2
WN,DEN,SMF,2022,1,835,11,8,4.0,"frozenset({4576, 850, 4243, 533})",850,0.7272727272727273,True,2022-01,1,70,1
B6,SEA,JFK,2022,1,831,18,10,4.0,frozenset({64}),64,0.5555555555555556,True,2022-01,1,71,1
WN,DEN,SLC,2022,1,910,10,6,2.0,"frozenset({4321, 2605})",2605,0.6,True,2022-01,1,72,1
B6,SJU,BDL,2022,1,119,14,8,1.0,frozenset({1476}),1476,0.5714285714285714,True,2022-01,1,73,1
WN,SYR,BWI,2022,1,390,16,9,7.0,frozenset({2493}),2493,0.5625,True,2022-01,1,74,1
YV,IAH,VPS,2022,1,995,17,9,8.0,frozenset({6087}),6087,0.5294117647058824,True,2022-01,1,75,1
WN,TPA,DEN,2022,1,1090,13,8,4.0,"frozenset({6218, 3459, 5221, 4415})",6218,0.6153846153846154,True,2022-01,1,76,1
WN,DEN,SJC,2022,1,1275,13,7,4.0,"frozenset({361, 3770, 3187, 4559})",4559,0.5384615384615384,True,2022-01,1,77,1
WN,DEN,SJC,2022,1,900,11,8,4.0,"frozenset({1835, 1220, 989})",989,0.7272727272727273,True,2022-01,1,78,1
B6,SLC,JFK,2022,1,1434,27,14,2.0,frozenset({72}),72,0.5185185185185185,True,2022-01,1,79,2
YV,BDL,IAD,2022,1,1171,23,12,8.0,frozenset({6019}),6019,0.5217391304347826,True,2022-01,1,80,1
YV,BNA,IAH,2022,1,775,23,12,9.0,frozenset({6010}),6010,0.5217391304347826,True,2022-01,1,81,1
YV,EYW,IAH,2022,1,900,31,18,3.0,frozenset({6011}),6011,0.5806451612903226,True,2022-01,1,82,2
YV,FAT,PHX,2022,1,597,19,10,3.0,frozenset({5782}),5782,0.5263157894736842,True,2022-01,1,83,1
YV,IAD,BDL,2022,1,1045,23,12,8.0,frozenset({6019}),6019,0.5217391304347826,True,2022-01,1,84,1
NK,FLL,LBE,2022,1,557,20,11,0.0,frozenset({724}),724,0.55,True,2022-01,1,85,1
NK,MCO,STL,2022,1,1356,24,14,1.0,frozenset({1131}),1131,0.5833333333333334,True,2022-01,1,86,1
F9,MCI,DEN,2022,1,1193,13,7,0.0,frozenset({567}),567,0.5384615384615384,True,2022-01,1,87,1
WN,BWI,FLL,2022,1,1030,13,7,3.0,"frozenset({2363, 2515, 3548, 2181})",2363,0.5384615384615384,True,2022-01,1,88,1
B6,JFK,MCO,2022,1,1170,27,14,2.0,frozenset({283}),283,0.5185185185185185,True,2022-01,1,89,1
OO,LAX,SAN,2022,1,540,11,7,7.0,frozenset({5675}),5675,0.6363636363636364,True,2022-01,1,90,1
B6,LGA,FLL,2022,1,1050,27,14,2.0,frozenset({471}),471,0.5185185185185185,True,2022-01,1,91,1
B6,LGA,FLL,2022,1,1260,27,16,1.0,frozenset({571}),571,0.5925925925925926,True,2022-01,1,92,4
B6,JFK,JAX,2022,1,1250,22,14,3.0,frozenset({1277}),1277,0.6363636363636364,True,2022-01,1,93,1
UA,EWR,MIA,2022,1,1259,30,16,4.0,frozenset({568}),568,0.5333333333333333,True,2022-01,1,94,1
OO,RAP,DEN,2022,1,630,10,7,7.0,frozenset({5600}),5600,0.7,True,2022-01,1,95,1
B6,JFK,FLL,2022,1,1245,31,18,1.0,"frozenset({301, 1701})",1701,0.5806451612903226,True,2022-01,1,96,2
OO,ORF,DTW,2022,1,1096,15,9,1.0,"frozenset({4052, 3558})",3558,0.6,True,2022-01,1,97,1
B6,JFK,EYW,2022,1,461,31,16,4.0,frozenset({2155}),2155,0.5161290322580645,True,2022-01,1,98,1
OO,JAC,SEA,2022,1,901,23,14,4.0,"frozenset({3451, 3316})",3316,0.6086956521739131,True,2022-01,1,99,1
OO,SBA,DEN,2022,1,540,13,9,8.0,frozenset({5438}),5438,0.6923076923076923,True,2022-01,1,100,1
B6,JFK,BUF,2022,1,805,27,14,2.0,frozenset({702}),702,0.5185185185185185,True,2022-01,1,101,1
B6,JFK,BTV,2022,1,1319,31,18,7.0,frozenset({234}),234,0.5806451612903226,True,2022-01,1,102,1
OO,SFO,EUG,2022,1,1355,13,9,8.0,frozenset({5462}),5462,0.6923076923076923,True,2022-01,1,103,1
B6,JFK,BOS,2022,1,1379,27,14,4.0,frozenset({1318}),1318,0.5185185185185185,True,2022-01,1,104,1
B6,JFK,BOS,2022,1,1310,29,15,3.0,"frozenset({1128, 918})",918,0.5172413793103449,True,2022-01,1,105,1
B6,JFK,BOS,2022,1,695,27,16,2.0,frozenset({118}),118,0.5925925925925926,True,2022-01,1,106,1
OO,SAN,LAX,2022,1,661,11,7,7.0,frozenset({5793}),5793,0.6363636363636364,True,2022-01,1,107,1
B6,JFK,AUS,2022,1,1240,12,7,1.0,frozenset({1295}),1295,0.5833333333333334,True,2022-01,1,108,1
OO,ORD,ORF,2022,1,1075,10,8,8.0,frozenset({5375}),5375,0.8,True,2022-01,1,109,1
OO,ORD,FSD,2022,1,913,29,16,2.0,"frozenset({3107, 3215})",3107,0.5517241379310345,True,2022-01,1,110,1
B6,JFK,SJU,2022,1,1204,31,17,3.0,"frozenset({323, 2103})",2103,0.5483870967741935,True,2022-01,1,111,2
B6,JFK,SJU,2022,1,910,31,17,1.0,"frozenset({803, 2503})",803,0.5483870967741935,True,2022-01,1,112,1
OO,MSY,ORD,2022,1,423,27,16,3.0,frozenset({3186}),3186,0.5925925925925926,True,2022-01,1,113,1
B6,JFK,ROC,2022,1,1336,27,15,4.0,frozenset({486}),486,0.5555555555555556,True,2022-01,1,114,1
B6,JFK,ROC,2022,1,1060,22,12,4.0,frozenset({586}),586,0.5454545454545454,True,2022-01,1,115,1
OO,OKC,DEN,2022,1,705,12,9,6.0,frozenset({4709}),4709,0.75,True,2022-01,1,116,1
B6,JFK,PDX,2022,1,1182,30,16,6.0,frozenset({1005}),1005,0.5333333333333333,True,2022-01,1,117,1
F9,PBI,ISP,2022,1,907,31,16,2.0,frozenset({2866}),2866,0.5161290322580645,True,2022-01,1,118,1
OO,ORD,GRR,2022,1,925,13,8,3.0,"frozenset({5609, 3052})",3052,0.6153846153846154,True,2022-01,1,119,1
B6,JFK,ORH,2022,1,786,27,14,4.0,frozenset({776}),776,0.5185185185185185,True,2022-01,1,120,1
OO,MFR,SFO,2022,1,376,13,9,9.0,frozenset({5216}),5216,0.6923076923076923,True,2022-01,1,121,1
WN,LGA,DEN,2022,1,1060,25,13,11.0,"frozenset({1725, 999})",1725,0.52,True,2022-01,1,122,1
OO,DEN,ASE,2022,1,1130,31,16,4.0,frozenset({5597}),5597,0.5161290322580645,True,2022-01,1,123,1
B6,JFK,MSP,2022,1,1259,31,18,6.0,frozenset({617}),617,0.5806451612903226,True,2022-01,1,124,2
OO,ORD,EGE,2022,1,480,17,9,4.0,"frozenset({3042, 3223})",3042,0.5294117647058824,True,2022-01,1,125,1
OO,DEN,ASE,2022,1,815,31,20,4.0,frozenset({5766}),5766,0.6451612903225806,True,2022-01,1,126,1
UA,EWR,MCO,2022,1,1289,11,7,3.0,frozenset({684}),684,0.6363636363636364,True,2022-01,1,127,1
B6,JFK,MIA,2022,1,1280,22,13,3.0,frozenset({2893}),2893,0.5909090909090909,True,2022-01,1,128,1
B6,JFK,ORD,2022,1,1250,11,6,1.0,frozenset({105}),105,0.5454545454545454,True,2022-01,1,129,1
HA,AUS,HNL,2022,1,515,11,7,0.0,frozenset({81}),81,0.6363636363636364,True,2022-01,1,130,1
F9,RSW,PHL,2022,1,1037,31,17,3.0,frozenset({2354}),2354,0.5483870967741935,True,2022-01,1,131,2
OO,SFO,SMF,2022,1,1380,13,9,9.0,frozenset({5638}),5638,0.6923076923076923,True,2022-01,1,132,1
OO,EGE,ORD,2022,1,643,17,12,4.0,"frozenset({3042, 3223})",3042,0.7058823529411765,True,2022-01,1,133,2
WN,MDW,MCO,2022,1,1240,12,7,2.0,"frozenset({5548, 1108, 1421})",1421,0.5833333333333334,True,2022-01,1,134,1
B6,BOS,SAV,2022,1,749,21,12,2.0,frozenset({349}),349,0.5714285714285714,True,2022-01,1,135,1
OO,DTW,ORF,2022,1,950,16,11,2.0,"frozenset({4052, 3558})",3558,0.6875,True,2022-01,1,136,1
B6,BOS,RSW,2022,1,950,27,14,1.0,frozenset({1865}),1865,0.5185185185185185,True,2022-01,1,137,1
B6,BOS,ORD,2022,1,700,11,6,2.0,frozenset({311}),311,0.5454545454545454,True,2022-01,1,138,1
WN,MDW,MSP,2022,1,1270,10,6,0.0,"frozenset({464, 1244, 3268})",464,0.6,True,2022-01,1,139,1
WN,BWI,MCO,2022,1,1115,28,15,2.0,"frozenset({3106, 1509, 3303, 1645, 1166, 2638, 1646, 568})",1645,0.5357142857142857,True,2022-01,1,140,1
UA,EWR,IAD,2022,1,900,27,14,7.0,frozenset({1992}),1992,0.5185185185185185,True,2022-01,1,141,1
WN,IAD,DEN,2022,1,995,12,8,5.0,"frozenset({1650, 5987, 1739})",5987,0.6666666666666666,True,2022-01,1,142,1
G4,LAS,FAT,2022,1,430,11,6,3.0,"frozenset({19, 21})",19,0.5454545454545454,True,2022-01,1,143,1
WN,BWI,LGA,2022,1,850,10,6,2.0,"frozenset({5642, 998})",5642,0.6,True,2022-01,1,144,1
G4,PBG,FLL,2022,1,1166,11,6,1.0,"frozenset({904, 953, 927})",904,0.5454545454545454,True,2022-01,1,145,1
B6,MIA,JFK,2022,1,1280,11,7,3.0,frozenset({2492}),2492,0.6363636363636364,True,2022-01,1,146,2
B6,MSP,BOS,2022,1,465,21,15,2.0,frozenset({1236}),1236,0.7142857142857143,True,2022-01,1,147,1
G4,PIE,GRR,2022,1,1160,10,6,0.0,"frozenset({1057, 1027, 997, 1054})",1027,0.6,True,2022-01,1,148,1
AS,SFO,EWR,2022,1,665,19,12,0.0,"frozenset({266, 340})",340,0.631578947368421,True,2022-01,1,149,1
UA,EWR,FLL,2022,1,390,11,6,5.0,frozenset({709}),709,0.5454545454545454,True,2022-01,1,150,1
B6,BOS,FLL,2022,1,1010,24,13,1.0,frozenset({2469}),2469,0.5416666666666666,True,2022-01,1,151,2
OO,SFO,MFR,2022,1,1360,13,9,8.0,frozenset({5473}),5473,0.6923076923076923,True,2022-01,1,152,1
UA,EWR,IAD,2022,1,1195,27,17,3.0,frozenset({463}),463,0.6296296296296297,True,2022-01,1,153,1
OO,EUG,SFO,2022,1,360,13,10,9.0,frozenset({4641}),4641,0.7692307692307693,True,2022-01,1,154,1
B6,HPN,PBI,2022,1,884,27,15,3.0,frozenset({1167}),1167,0.5555555555555556,True,2022-01,1,155,2
B6,FLL,LGA,2022,1,1040,27,14,3.0,frozenset({472}),472,0.5185185185185185,True,2022-01,1,156,2
WN,DAL,DEN,2022,1,855,14,9,7.0,"frozenset({3009, 3406, 3927, 696, 5406})",696,0.6428571428571429,True,2022-01,1,157,1
WN,DAL,DEN,2022,1,955,11,10,7.0,"frozenset({4617, 1578, 4263})",4617,0.9090909090909091,True,2022-01,1,158,1
OO,CPR,DEN,2022,1,465,12,11,8.0,frozenset({5843}),5843,0.9166666666666666,True,2022-01,1,159,1
WN,DAL,DEN,2022,1,1120,12,7,4.0,"frozenset({193, 4266, 235, 44, 5524, 3254})",235,0.5833333333333334,True,2022-01,1,160,1
WN,DAL,DEN,2022,1,1270,10,6,2.0,"frozenset({2001, 3724})",3724,0.6,True,2022-01,1,161,1
OO,GSP,ORD,2022,1,1044,29,17,1.0,frozenset({4783}),4783,0.5862068965517241,True,2022-01,1,162,1
B6,BTV,JFK,2022,1,699,31,16,4.0,frozenset({1633}),1633,0.5161290322580645,True,2022-01,1,163,1
OO,SMF,SFO,2022,1,391,13,8,8.0,frozenset({5309}),5309,0.6153846153846154,True,2022-01,1,164,1
OO,GJT,DEN,2022,1,450,12,9,9.0,frozenset({5852}),5852,0.75,True,2022-01,1,165,1
OO,FSD,ORD,2022,1,1058,12,7,0.0,frozenset({3107}),3107,0.5833333333333334,True,2022-01,1,166,1
B6,FLL,BOS,2022,1,1270,13,7,1.0,frozenset({170}),170,0.5384615384615384,True,2022-01,1,167,2
WN,LAS,DEN,2022,1,860,10,8,7.0,"frozenset({963, 2613})",963,0.8,True,2022-01,1,168,1
WN,LAS,DEN,2022,1,765,10,8,5.0,"frozenset({1592, 1143, 2703})",1143,0.8,True,2022-01,1,169,1
OO,SRQ,IAH,2022,1,945,28,19,2.0,frozenset({5621}),5621,0.6785714285714286,True,2022-01,1,170,2
OO,EWR,DTW,2022,1,780,13,7,2.0,frozenset({4444}),4444,0.5384615384615384,True,2022-01,1,171,1
B6,BUF,JFK,2022,1,1241,27,14,1.0,frozenset({2601}),2601,0.5185185185185185,True,2022-01,1,172,1
OO,GRR,DTW,2022,1,620,10,7,4.0,"frozenset({3657, 3940, 3965})",3965,0.7,True,2022-01,1,173,1
WN,DEN,MTJ,2022,1,970,16,9,7.0,"frozenset({47, 877, 855})",877,0.5625,True,2022-01,1,174,1
WN,HNL,LIH,2022,1,745,16,11,9.0,frozenset({447}),447,0.6875,True,2022-01,1,175,1
WN,DEN,HOU,2022,1,960,11,6,3.0,"frozenset({3011, 1101, 2735})",2735,0.5454545454545454,True,2022-01,1,176,1
YX,EYW,EWR,2022,1,1040,28,15,3.0,frozenset({3601}),3601,0.5357142857142857,True,2022-01,1,177,1
YX,MKE,EWR,2022,1,1055,27,14,10.0,frozenset({3618}),3618,0.5185185185185185,True,2022-01,1,178,1
WN,DEN,CHS,2022,1,735,10,7,1.0,"frozenset({3088, 2602, 2382})",2382,0.7,True,2022-01,1,179,1
OH,SYR,DCA,2022,1,1080,31,18,5.0,frozenset({5099}),5099,0.5806451612903226,True,2022-01,1,180,1
UA,MCO,EWR,2022,1,1108,17,14,7.0,"frozenset({1657, 2671})",1657,0.8235294117647058,True,2022-01,1,181,1
UA,RSW,EWR,2022,1,1085,17,10,7.0,frozenset({2103}),2103,0.5882352941176471,True,2022-01,1,182,1
OH,DCA,GSO,2022,1,1360,26,15,5.0,frozenset({5111}),5111,0.5769230769230769,True,2022-01,1,183,1
OO,ASE,IAH,2022,1,906,28,16,2.0,frozenset({4658}),4658,0.5714285714285714,True,2022-01,1,184,1
OH,GRR,DCA,2022,1,986,29,15,5.0,"frozenset({5712, 5039})",5039,0.5172413793103449,True,2022-01,1,185,1
9E,LGA,CLE,2022,1,855,11,7,2.0,frozenset({5239}),5239,0.6363636363636364,True,2022-01,1,186,1
OO,ASE,IAH,2022,1,719,31,17,4.0,frozenset({5903}),5903,0.5483870967741935,True,2022-01,1,187,1
YX,EYW,IAD,2022,1,805,31,16,3.0,frozenset({3716}),3716,0.5161290322580645,True,2022-01,1,188,1
OH,CLT,CHA,2022,1,1341,17,9,6.0,frozenset({5160}),5160,0.5294117647058824,True,2022-01,1,189,1
UA,MIA,EWR,2022,1,1055,27,15,10.0,frozenset({1797}),1797,0.5555555555555556,True,2022-01,1,190,1
YX,EYW,LGA,2022,1,935,31,16,2.0,frozenset({5833}),5833,0.5161290322580645,True,2022-01,1,191,1
OH,DCA,SYR,2022,1,960,31,19,5.0,"frozenset({5099, 5228})",5228,0.6129032258064516,True,2022-01,1,192,1
NK,STL,LAX,2022,1,1310,20,13,2.0,frozenset({1157}),1157,0.65,True,2022-01,1,193,1
YX,EYW,EWR,2022,1,855,31,20,4.0,frozenset({3437}),3437,0.6451612903225806,True,2022-01,1,194,1
OH,DCA,GSP,2022,1,1200,26,14,3.0,frozenset({5608}),5608,0.5384615384615384,True,2022-01,1,195,1
F9,BOS,MIA,2022,1,665,19,10,2.0,frozenset({2939}),2939,0.5263157894736842,True,2022-01,1,196,1
WN,DEN,IND,2022,1,1190,11,6,4.0,"frozenset({3133, 5046, 887})",887,0.5454545454545454,True,2022-01,1,197,1
UA,RSW,EWR,2022,1,1155,11,10,6.0,frozenset({1941}),1941,0.9090909090909091,True,2022-01,1,198,1
YX,LGA,DCA,2022,1,892,23,12,4.0,frozenset({5828}),5828,0.5217391304347826,True,2022-01,1,199,1
OO,DEN,SBA,2022,1,1170,12,10,9.0,frozenset({5659}),5659,0.8333333333333334,True,2022-01,1,200,1
OH,DCA,BGR,2022,1,1331,26,14,4.0,frozenset({5669}),5669,0.5384615384615384,True,2022-01,1,201,1
WN,DEN,MDW,2022,1,795,11,7,0.0,"frozenset({1808, 1050, 262})",1808,0.6363636363636364,True,2022-01,1,202,1
WN,DEN,MDW,2022,1,410,14,9,7.0,"frozenset({4248, 4395, 2995, 1174})",4395,0.6428571428571429,True,2022-01,1,203,1
OO,DEN,RAP,2022,1,1050,15,10,8.0,frozenset({5570}),5570,0.6666666666666666,True,2022-01,1,204,1
F9,CLE,RSW,2022,1,816,31,16,2.0,frozenset({2425}),2425,0.5161290322580645,True,2022-01,1,205,1
OH,DCA,ALB,2022,1,600,31,16,4.0,frozenset({5433}),5433,0.5161290322580645,True,2022-01,1,206,1
OH,PHL,CVG,2022,1,1185,15,9,1.0,frozenset({5300}),5300,0.6,True,2022-01,1,207,1
NK,RSW,STL,2022,1,1167,16,9,0.0,frozenset({1161}),1161,0.5625,True,2022-01,1,208,1
OH,DCA,BHM,2022,1,1200,26,15,2.0,frozenset({5561}),5561,0.5769230769230769,True,2022-01,1,209,1
F9,BOS,MCO,2022,1,508,30,20,3.0,frozenset({1239}),1239,0.6666666666666666,True,2022-01,1,210,1
OH,PVD,DCA,2022,1,517,22,12,7.0,frozenset({5468}),5468,0.5454545454545454,True,2022-01,1,211,1
WN,DEN,DAL,2022,1,795,10,6,1.0,"frozenset({841, 3067})",3067,0.6,True,2022-01,1,212,1
WN,DEN,IAH,2022,1,1150,12,8,6.0,"frozenset({3170, 3085, 5846})",3170,0.6666666666666666,True,2022-01,1,213,1
WN,DEN,CLT,2022,1,1095,11,7,3.0,"frozenset({1834, 1828, 3766})",3766,0.6363636363636364,True,2022-01,1,214,1
WN,DEN,IAH,2022,1,985,10,6,5.0,"frozenset({3442, 1117})",3442,0.6,True,2022-01,1,215,1
WN,DEN,COS,2022,1,1075,11,9,8.0,"frozenset({4787, 884, 4548})",4787,0.8181818181818182,True,2022-01,1,216,1
OH,DCA,SYR,2022,1,1360,22,12,5.0,frozenset({5139}),5139,0.5454545454545454,True,2022-01,1,217,1
YX,EWR,PWM,2022,1,1315,27,14,10.0,frozenset({3587}),3587,0.5185185185185185,True,2022-01,1,218,1
OH,ALB,DCA,2022,1,712,31,16,5.0,frozenset({5433}),5433,0.5161290322580645,True,2022-01,1,219,1
OO,DEN,CPR,2022,1,1135,13,10,8.0,frozenset({5666}),5666,0.7692307692307693,True,2022-01,1,220,1
9E,CLE,BOS,2022,1,1093,13,8,2.0,frozenset({4874}),4874,0.6153846153846154,True,2022-01,1,221,1
YX,ORD,EYW,2022,1,650,31,17,4.0,frozenset({3632}),3632,0.5483870967741935,True,2022-01,1,222,1
OO,DEN,GJT,2022,1,1130,13,9,8.0,frozenset({5314}),5314,0.6923076923076923,True,2022-01,1,223,1
OH,ALB,DCA,2022,1,1056,24,13,3.0,frozenset({5242}),5242,0.5416666666666666,True,2022-01,1,224,1
WN,DEN,MSP,2022,1,1090,12,7,5.0,"frozenset({2659, 4842, 963})",963,0.5833333333333334,True,2022-01,1,225,1
WN,DEN,LGA,2022,1,770,26,14,8.0,"frozenset({4107, 845, 2320, 1397, 6015})",2320,0.5384615384615384,True,2022-01,1,226,1
UA,DEN,ONT,2022,1,1160,11,8,3.0,frozenset({1689}),1689,0.7272727272727273,True,2022-01,1,227,1
NK,MIA,MSP,2022,1,760,12,7,1.0,frozenset({2032}),2032,0.5833333333333334,True,2022-01,1,228,1
OH,BDL,DCA,2022,1,825,31,19,6.0,frozenset({5101}),5101,0.6129032258064516,True,2022-01,1,229,1
YX,EYW,ORD,2022,1,950,31,21,4.0,frozenset({3409}),3409,0.6774193548387096,True,2022-01,1,230,1
WN,DEN,MCI,2022,1,1240,11,7,5.0,"frozenset({999, 105, 499, 115, 2744})",105,0.6363636363636364,True,2022-01,1,231,1
WN,DEN,DAL,2022,1,960,12,11,9.0,"frozenset({3192, 1095, 2511})",3192,0.9166666666666666,True,2022-01,1,232,1
OH,DCA,PVD,2022,1,390,21,13,7.0,frozenset({5468}),5468,0.6190476190476191,True,2022-01,1,233,1
WN,DEN,ABQ,2022,1,540,11,7,5.0,"frozenset({2971, 3117, 5486})",5486,0.6363636363636364,True,2022-01,1,234,1
UA,MTJ,EWR,2022,1,895,11,7,2.0,frozenset({2682}),2682,0.6363636363636364,True,2022-01,1,235,1
YX,SRQ,EWR,2022,1,1035,24,13,8.0,frozenset({3629}),3629,0.5416666666666666,True,2022-01,1,236,1
B6,FLL,LGA,2022,2,1226,13,7,0.0,frozenset({572}),572,0.5384615384615384,True,2022-02,1,237,1
B6,MCO,JFK,2022,2,1293,28,15,1.0,"frozenset({884, 284})",884,0.5357142857142857,True,2022-02,1,238,1
NK,BOS,FLL,2022,2,1027,10,6,1.0,frozenset({615}),615,0.6,True,2022-02,1,239,1
AA,RDU,MIA,2022,2,1116,24,14,0.0,frozenset({1891}),1891,0.5833333333333334,True,2022-02,1,240,1
B6,SAN,BOS,2022,2,708,10,6,1.0,frozenset({620}),620,0.6,True,2022-02,1,241,1
WN,DEN,STL,2022,2,1180,24,13,3.0,frozenset({2439}),2439,0.5416666666666666,True,2022-02,1,242,1
B6,FLL,ORD,2022,2,1320,16,9,2.0,frozenset({566}),566,0.5625,True,2022-02,1,243,3
WN,DEN,MDW,2022,2,890,28,18,1.0,"frozenset({3529, 730, 279})",279,0.6428571428571429,True,2022-02,1,244,1
B6,EWR,TPA,2022,2,1124,12,9,0.0,frozenset({1973}),1973,0.75,True,2022-02,1,245,3
NK,DFW,LAS,2022,2,1370,13,7,1.0,frozenset({360}),360,0.5384615384615384,True,2022-02,1,246,3
B6,FLL,ORH,2022,2,1329,12,9,2.0,frozenset({2020}),2020,0.75,True,2022-02,1,247,1
B6,RNO,JFK,2022,2,1430,26,17,1.0,frozenset({80}),80,0.6538461538461539,True,2022-02,1,248,1
B6,HPN,FLL,2022,2,874,12,8,1.0,frozenset({813}),813,0.6666666666666666,True,2022-02,1,249,1
B6,RIC,MCO,2022,2,1313,12,7,0.0,frozenset({2569}),2569,0.5833333333333334,True,2022-02,1,250,1
B6,MCO,BDL,2022,2,1040,12,8,1.0,frozenset({438}),438,0.6666666666666666,True,2022-02,1,251,3
B6,EYW,BOS,2022,2,810,21,12,3.0,frozenset({2064}),2064,0.5714285714285714,True,2022-02,1,252,1
NK,BOS,LAS,2022,2,1135,21,11,3.0,frozenset({641}),641,0.5238095238095238,True,2022-02,1,253,1
B6,FLL,EWR,2022,2,1025,12,8,0.0,frozenset({6}),6,0.6666666666666666,True,2022-02,1,254,1
B6,RSW,BOS,2022,2,945,18,10,1.0,"frozenset({1266, 166})",1266,0.5555555555555556,True,2022-02,1,255,1
B6,FLL,EWR,2022,2,1295,12,8,0.0,frozenset({706}),706,0.6666666666666666,True,2022-02,1,256,1
B6,MCO,EWR,2022,2,920,11,7,1.0,frozenset({928}),928,0.6363636363636364,True,2022-02,1,257,1
AA,ORD,RDU,2022,2,1040,28,16,3.0,frozenset({2712}),2712,0.5714285714285714,True,2022-02,1,258,1
AA,CLE,DFW,2022,2,1178,17,9,5.0,frozenset({2336}),2336,0.5294117647058824,True,2022-02,1,259,1
B6,RSW,EWR,2022,2,900,27,14,1.0,frozenset({1712}),1712,0.5185185185185185,True,2022-02,1,260,3
B6,RSW,JFK,2022,2,1025,12,10,1.0,frozenset({2030}),2030,0.8333333333333334,True,2022-02,1,261,1
B6,FLL,JFK,2022,2,828,12,8,0.0,frozenset({302}),302,0.6666666666666666,True,2022-02,1,262,1
OO,COU,DFW,2022,2,817,13,7,4.0,frozenset({3285}),3285,0.5384615384615384,True,2022-02,1,263,1
B6,FLL,JFK,2022,2,1090,15,8,0.0,"frozenset({1902, 502, 2202})",2202,0.5333333333333333,True,2022-02,1,264,1
OO,DTW,CMH,2022,2,1085,14,9,2.0,frozenset({3833}),3833,0.6428571428571429,True,2022-02,1,265,1
B6,FLL,LGA,2022,2,1040,26,16,0.0,frozenset({472}),472,0.6153846153846154,True,2022-02,2,156,2
OO,SNA,ASE,2022,2,885,18,11,3.0,frozenset({5561}),5561,0.6111111111111112,True,2022-02,1,266,1
AA,ORD,LGA,2022,2,1170,24,15,4.0,frozenset({358}),358,0.625,True,2022-02,1,267,1
AA,ORD,LGA,2022,2,990,24,13,5.0,"frozenset({672, 533})",533,0.5416666666666666,True,2022-02,1,268,1
AA,ORD,LGA,2022,2,870,24,15,4.0,"frozenset({456, 333})",456,0.625,True,2022-02,1,269,1
OO,ASE,IAH,2022,2,725,28,15,2.0,"frozenset({5903, 5535})",5535,0.5357142857142857,True,2022-02,1,270,2
AA,ORD,LGA,2022,2,810,28,15,6.0,"frozenset({2302, 350})",2302,0.5357142857142857,True,2022-02,1,271,1
B6,FLL,BOS,2022,2,1270,10,6,2.0,"frozenset({170, 70})",170,0.6,True,2022-02,2,167,2
B6,MCO,BQN,2022,2,1130,12,7,1.0,frozenset({630}),630,0.5833333333333334,True,2022-02,1,272,1
B6,FLL,EWR,2022,2,1221,12,7,0.0,frozenset({406}),406,0.5833333333333334,True,2022-02,1,273,1
B6,RSW,BOS,2022,2,1005,12,8,0.0,"frozenset({266, 1266})",266,0.6666666666666666,True,2022-02,1,274,1
OO,DTW,BTV,2022,2,940,19,10,1.0,frozenset({3974}),3974,0.5263157894736842,True,2022-02,2,49,2
AA,PBI,DFW,2022,2,948,17,9,3.0,frozenset({1844}),1844,0.5294117647058824,True,2022-02,1,275,1
B6,EWR,PBI,2022,2,1100,13,8,0.0,"frozenset({843, 543})",543,0.6153846153846154,True,2022-02,1,276,1
MQ,MSP,ORD,2022,2,490,14,8,5.0,frozenset({3703}),3703,0.5714285714285714,True,2022-02,1,277,1
UA,EWR,BOS,2022,2,509,17,10,4.0,frozenset({697}),697,0.5882352941176471,True,2022-02,1,278,1
F9,LGA,MIA,2022,2,1364,11,8,0.0,frozenset({2879}),2879,0.7272727272727273,True,2022-02,1,279,2
B6,MCO,RIC,2022,2,1158,12,7,0.0,frozenset({2370}),2370,0.5833333333333334,True,2022-02,1,280,1
OO,DTW,ORD,2022,2,1090,11,6,1.0,"frozenset({4466, 5742})",4466,0.5454545454545454,True,2022-02,1,281,1
WN,MDW,MSP,2022,2,1280,10,7,0.0,"frozenset({5014, 1014})",1014,0.7,True,2022-02,1,282,1
B6,BOS,JAX,2022,2,1023,12,7,0.0,frozenset({1209}),1209,0.5833333333333334,True,2022-02,1,283,1
B6,PBI,EWR,2022,2,839,10,6,1.0,frozenset({198}),198,0.6,True,2022-02,1,284,1
B6,BOS,FLL,2022,2,1250,12,7,0.0,"frozenset({769, 2469})",2469,0.5833333333333334,True,2022-02,2,151,2
B6,BOS,FLL,2022,2,1010,21,12,2.0,"frozenset({2269, 2469})",2269,0.5714285714285714,True,2022-02,1,285,1
B6,PBI,DCA,2022,2,1119,28,15,1.0,frozenset({2534}),2534,0.5357142857142857,True,2022-02,1,286,1
OO,BHM,DTW,2022,2,382,16,9,0.0,frozenset({4502}),4502,0.5625,True,2022-02,1,287,1
WN,HOU,STL,2022,2,1315,10,6,1.0,frozenset({55}),55,0.6,True,2022-02,1,288,1
B6,BOS,BUF,2022,2,1275,12,7,1.0,frozenset({715}),715,0.5833333333333334,True,2022-02,1,289,1
F9,CLE,MCO,2022,2,780,28,15,2.0,frozenset({1047}),1047,0.5357142857142857,True,2022-02,1,290,1
B6,BOS,ATL,2022,2,1259,12,8,0.0,frozenset({297}),297,0.6666666666666666,True,2022-02,1,291,1
OO,BTV,DTW,2022,2,1086,19,10,2.0,frozenset({3974}),3974,0.5263157894736842,True,2022-02,1,292,1
YX,IAD,BNA,2022,2,1040,12,7,1.0,"frozenset({3440, 3550})",3550,0.5833333333333334,True,2022-02,1,293,1
B6,MIA,JFK,2022,2,1280,21,16,1.0,frozenset({2492}),2492,0.7619047619047619,True,2022-02,2,146,2
B6,BNA,JFK,2022,2,929,12,7,1.0,frozenset({1074}),1074,0.5833333333333334,True,2022-02,1,294,1
B6,PBI,BOS,2022,2,1290,12,11,1.0,frozenset({1922}),1922,0.9166666666666666,True,2022-02,1,295,3
WN,BWI,IND,2022,2,1265,18,13,0.0,"frozenset({1696, 3021})",1696,0.7222222222222222,True,2022-02,1,296,1
B6,PBI,BOS,2022,2,1180,12,10,2.0,frozenset({2322}),2322,0.8333333333333334,True,2022-02,1,297,2
B6,PBI,BOS,2022,2,969,28,15,2.0,frozenset({522}),522,0.5357142857142857,True,2022-02,1,298,1
B6,PBI,BOS,2022,2,781,21,14,0.0,frozenset({2122}),2122,0.6666666666666666,True,2022-02,1,299,1
B6,PBI,BDL,2022,2,1220,10,6,1.0,frozenset({1342}),1342,0.6,True,2022-02,1,300,1
B6,BDL,MCO,2022,2,1250,10,6,0.0,frozenset({128}),128,0.6,True,2022-02,1,301,1
B6,MSY,JFK,2022,2,1074,16,10,0.0,frozenset({576}),576,0.625,True,2022-02,1,302,1
B6,ATL,EWR,2022,2,825,12,7,0.0,frozenset({2506}),2506,0.5833333333333334,True,2022-02,1,303,1
UA,DEN,ANC,2022,2,1135,28,16,0.0,frozenset({280}),280,0.5714285714285714,True,2022-02,1,304,1
B6,EWR,PBI,2022,2,870,12,7,0.0,frozenset({643}),643,0.5833333333333334,True,2022-02,1,305,1
B6,BOS,PBI,2022,2,535,28,16,2.0,"frozenset({2121, 1321})",2121,0.5714285714285714,True,2022-02,1,306,1
B6,BOS,PBI,2022,2,915,12,9,1.0,frozenset({221}),221,0.75,True,2022-02,1,307,1
B6,EWR,MCO,2022,2,1072,12,7,0.0,frozenset({1527}),1527,0.5833333333333334,True,2022-02,1,308,2
B6,RDU,EWR,2022,2,1141,10,7,1.0,frozenset({2428}),2428,0.7,True,2022-02,1,309,3
OO,FAR,ORD,2022,2,455,25,14,3.0,frozenset({3072}),3072,0.56,True,2022-02,1,310,1
B6,EWR,FLL,2022,2,1275,12,10,0.0,frozenset({305}),305,0.8333333333333334,True,2022-02,1,311,1
WN,PHX,MCI,2022,2,1195,10,6,0.0,frozenset({2254}),2254,0.6,True,2022-02,1,312,1
B6,DEN,BOS,2022,2,1439,23,14,3.0,frozenset({394}),394,0.6086956521739131,True,2022-02,1,313,1
G4,AZA,PVU,2022,2,1185,12,8,1.0,"frozenset({1249, 1188, 1189, 1254, 1199, 1171, 1177, 1178})",1189,0.6666666666666666,True,2022-02,1,314,1
OO,SRQ,IAH,2022,2,935,28,17,0.0,frozenset({5621}),5621,0.6071428571428571,True,2022-02,2,170,2
NK,DFW,LGA,2022,2,1066,13,8,2.0,frozenset({2720}),2720,0.6153846153846154,True,2022-02,1,315,3
WN,PHX,DAL,2022,2,1040,24,13,3.0,frozenset({1918}),1918,0.5416666666666666,True,2022-02,1,316,1
B6,CHS,JFK,2022,2,1052,12,7,0.0,frozenset({1274}),1274,0.5833333333333334,True,2022-02,1,317,1
UA,DEN,COS,2022,2,1140,18,11,0.0,frozenset({670}),670,0.6111111111111112,True,2022-02,1,318,1
OO,EGE,ORD,2022,2,648,20,12,2.0,frozenset({3042}),3042,0.6,True,2022-02,2,133,2
F9,MIA,LGA,2022,2,1139,11,7,0.0,frozenset({2878}),2878,0.6363636363636364,True,2022-02,1,319,1
WN,PDX,DEN,2022,2,930,24,14,1.0,frozenset({2427}),2427,0.5833333333333334,True,2022-02,1,320,1
B6,BQN,MCO,2022,2,1385,12,7,1.0,frozenset({729}),729,0.5833333333333334,True,2022-02,1,321,3
WN,BNA,ORD,2022,2,1085,24,13,2.0,frozenset({2120}),2120,0.5416666666666666,True,2022-02,1,322,1
B6,BOS,TPA,2022,2,1206,13,7,0.0,"frozenset({2965, 791})",791,0.5384615384615384,True,2022-02,1,323,1
NK,STL,FLL,2022,2,1117,13,8,1.0,frozenset({1132}),1132,0.6153846153846154,True,2022-02,1,324,1
B6,BOS,TPA,2022,2,756,12,7,2.0,frozenset({1791}),1791,0.5833333333333334,True,2022-02,1,325,1
B6,BOS,SYR,2022,2,1305,12,7,1.0,frozenset({845}),845,0.5833333333333334,True,2022-02,1,326,1
NK,STL,LAS,2022,2,1052,13,8,0.0,frozenset({1145}),1145,0.6153846153846154,True,2022-02,1,327,1
B6,BOS,SEA,2022,2,1130,12,7,1.0,frozenset({197}),197,0.5833333333333334,True,2022-02,1,328,1
B6,BOS,SAN,2022,2,439,10,6,1.0,frozenset({619}),619,0.6,True,2022-02,1,329,1
OO,CLE,ORD,2022,2,1121,13,7,1.0,frozenset({3174}),3174,0.5384615384615384,True,2022-02,1,330,1
OO,CHA,ORD,2022,2,1016,15,8,1.0,frozenset({5328}),5328,0.5333333333333333,True,2022-02,1,331,1
B6,BOS,PBI,2022,2,1023,12,11,1.0,frozenset({2321}),2321,0.9166666666666666,True,2022-02,1,332,1
B6,BOS,PBI,2022,2,705,23,14,2.0,"frozenset({521, 1221})",1221,0.6086956521739131,True,2022-02,1,333,1
AA,ORD,BDL,2022,2,1048,16,9,4.0,frozenset({2689}),2689,0.5625,True,2022-02,1,334,1
OO,DEN,ASE,2022,2,695,28,15,5.0,frozenset({5477}),5477,0.5357142857142857,True,2022-02,1,335,1
B6,SAV,BOS,2022,2,965,12,8,2.0,frozenset({250}),250,0.6666666666666666,True,2022-02,2,69,2
WN,DEN,BUF,2022,2,1045,16,9,2.0,"frozenset({793, 291})",793,0.5625,True,2022-02,1,336,1
OO,ASE,DEN,2022,2,885,18,11,4.0,frozenset({5505}),5505,0.6111111111111112,True,2022-02,1,337,1
B6,JFK,ORH,2022,2,1360,28,15,7.0,frozenset({676}),676,0.5357142857142857,True,2022-02,1,338,3
NK,MCO,BOS,2022,2,895,13,8,2.0,frozenset({227}),227,0.6153846153846154,True,2022-02,1,339,1
AA,LGA,DCA,2022,2,900,24,14,2.0,frozenset({2144}),2144,0.5833333333333334,True,2022-02,1,340,1
OO,ASE,DEN,2022,2,1035,30,18,8.0,"frozenset({4696, 6003, 5717})",5717,0.6,True,2022-02,1,341,1
B6,JFK,PBI,2022,2,790,12,7,0.0,frozenset({853}),853,0.5833333333333334,True,2022-02,1,342,2
B6,JFK,PBI,2022,2,1110,12,7,0.0,frozenset({2453}),2453,0.5833333333333334,True,2022-02,1,343,1
B6,SLC,JFK,2022,2,1434,28,15,0.0,frozenset({72}),72,0.5357142857142857,True,2022-02,2,79,2
UA,TPA,EWR,2022,2,1215,15,8,1.0,frozenset({2656}),2656,0.5333333333333333,True,2022-02,1,344,1
B6,JFK,FLL,2022,2,1245,17,10,0.0,"frozenset({1201, 1701})",1701,0.5882352941176471,True,2022-02,2,96,2
AA,LGA,ORD,2022,2,1110,24,14,6.0,frozenset({385}),385,0.5833333333333334,True,2022-02,1,345,1
B6,JFK,FLL,2022,2,1040,13,7,0.0,"frozenset({912, 1101})",1101,0.5384615384615384,True,2022-02,1,346,1
DL,LGA,DFW,2022,2,1199,20,12,3.0,frozenset({558}),558,0.6,True,2022-02,1,347,1
B6,JFK,DTW,2022,2,1313,12,7,4.0,frozenset({1019}),1019,0.5833333333333334,True,2022-02,1,348,3
OO,ASE,ORD,2022,2,900,10,7,2.0,frozenset({5559}),5559,0.7,True,2022-02,1,349,1
OO,LAX,ASE,2022,2,700,10,6,2.0,frozenset({4652}),4652,0.6,True,2022-02,1,350,1
YX,EWR,MSP,2022,2,1300,15,8,0.0,frozenset({3531}),3531,0.5333333333333333,True,2022-02,1,351,1
OO,ASE,DEN,2022,2,1110,19,10,6.0,"frozenset({5745, 5869})",5745,0.5263157894736842,True,2022-02,1,352,1
B6,JFK,RDU,2022,2,1200,12,7,0.0,frozenset({385}),385,0.5833333333333334,True,2022-02,1,353,1
B6,JFK,PBI,2022,2,1210,12,8,1.0,frozenset({2253}),2253,0.6666666666666666,True,2022-02,1,354,1
AA,LAX,BOS,2022,2,480,15,8,7.0,frozenset({1423}),1423,0.5333333333333333,True,2022-02,1,355,1
B6,JFK,ORD,2022,2,510,12,7,2.0,frozenset({1105}),1105,0.5833333333333334,True,2022-02,1,356,1
WN,DEN,RNO,2022,2,1295,24,13,1.0,frozenset({2527}),2527,0.5416666666666666,True,2022-02,1,357,1
WN,DEN,MEM,2022,2,1175,24,16,5.0,frozenset({102}),102,0.6666666666666666,True,2022-02,1,358,1
AA,EYW,ORD,2022,2,836,24,15,1.0,"frozenset({2008, 1269})",1269,0.625,True,2022-02,1,359,1
B6,TPA,BOS,2022,2,1020,12,7,2.0,frozenset({1792}),1792,0.5833333333333334,True,2022-02,1,360,1
B6,JFK,MCO,2022,2,1049,29,16,0.0,"frozenset({283, 883})",883,0.5517241379310345,True,2022-02,1,361,1
B6,JFK,LAS,2022,2,1231,12,7,0.0,frozenset({1011}),1011,0.5833333333333334,True,2022-02,1,362,1
WN,DEN,BNA,2022,2,835,24,15,1.0,"frozenset({3697, 719})",719,0.625,True,2022-02,1,363,1
B6,JFK,LAS,2022,2,1070,12,7,0.0,frozenset({611}),611,0.5833333333333334,True,2022-02,1,364,1
YV,PHX,PSP,2022,2,652,26,14,0.0,frozenset({5927}),5927,0.5384615384615384,True,2022-02,1,365,1
AA,BOS,LAX,2022,2,1080,15,8,7.0,frozenset({584}),584,0.5333333333333333,True,2022-02,1,366,1
YV,PHX,ABQ,2022,2,990,15,8,1.0,frozenset({5795}),5795,0.5333333333333333,True,2022-02,1,367,1
B6,LGA,FLL,2022,2,1260,26,18,0.0,frozenset({571}),571,0.6923076923076923,True,2022-02,2,92,4
B6,TPA,EWR,2022,2,1270,12,8,1.0,frozenset({2074}),2074,0.6666666666666666,True,2022-02,1,368,1
NK,LAS,STL,2022,2,696,11,7,0.0,frozenset({1134}),1134,0.6363636363636364,True,2022-02,1,369,1
B6,TPA,JFK,2022,2,1347,12,7,0.0,frozenset({2126}),2126,0.5833333333333334,True,2022-02,1,370,3
B6,JFK,MSP,2022,2,1259,15,9,1.0,frozenset({617}),617,0.6,True,2022-02,2,124,2
AA,JFK,LAX,2022,2,1170,28,15,4.0,frozenset({117}),117,0.5357142857142857,True,2022-02,1,371,1
OO,DTW,BHM,2022,2,1069,16,10,1.0,frozenset({4504}),4504,0.625,True,2022-02,1,372,1
B6,JFK,MSY,2022,2,1310,12,7,0.0,frozenset({675}),675,0.5833333333333334,True,2022-02,1,373,1
B6,SRQ,EWR,2022,2,977,12,9,2.0,frozenset({348}),348,0.75,True,2022-02,1,374,3
YV,EYW,IAH,2022,2,900,10,7,1.0,frozenset({6011}),6011,0.7,True,2022-02,2,82,2
OO,ORD,CLE,2022,2,938,13,7,1.0,frozenset({3174}),3174,0.5384615384615384,True,2022-02,1,375,1
B6,JFK,CHS,2022,2,870,12,9,0.0,frozenset({2473}),2473,0.75,True,2022-02,1,376,1
B6,JFK,TPA,2022,2,1035,12,9,0.0,frozenset({125}),125,0.75,True,2022-02,1,377,1
NK,ORD,LAS,2022,2,531,13,7,0.0,frozenset({759}),759,0.5384615384615384,True,2022-02,1,378,1
AA,DEN,DFW,2022,2,1172,17,9,4.0,frozenset({1831}),1831,0.5294117647058824,True,2022-02,1,379,1
OO,ASE,DFW,2022,2,989,28,16,6.0,frozenset({3031}),3031,0.5714285714285714,True,2022-02,1,380,1
OO,DFW,ASE,2022,2,875,28,16,4.0,frozenset({3031}),3031,0.5714285714285714,True,2022-02,1,381,1
B6,JFK,SJU,2022,2,1204,28,15,0.0,"frozenset({2503, 2103})",2103,0.5357142857142857,True,2022-02,2,111,2
B6,JAX,FLL,2022,2,738,10,7,0.0,frozenset({217}),217,0.7,True,2022-02,1,382,1
B6,JFK,RSW,2022,2,1305,28,15,0.0,frozenset({629}),629,0.5357142857142857,True,2022-02,1,383,1
AA,MIA,JFK,2022,2,1163,28,15,0.0,frozenset({1922}),1922,0.5357142857142857,True,2022-02,1,384,1
F9,RSW,PHL,2022,2,1037,28,15,1.0,frozenset({2354}),2354,0.5357142857142857,True,2022-02,2,131,2
B6,JFK,RNO,2022,2,1180,26,14,1.0,frozenset({81}),81,0.5384615384615384,True,2022-02,1,385,1
AA,MIA,PIT,2022,2,1189,28,16,3.0,frozenset({2461}),2461,0.5714285714285714,True,2022-02,1,386,1
AA,DFW,ICT,2022,2,1358,17,9,5.0,frozenset({2863}),2863,0.5294117647058824,True,2022-02,1,387,1
NK,DTW,FLL,2022,2,1227,13,7,1.0,frozenset({845}),845,0.5384615384615384,True,2022-02,1,388,1
WN,DEN,ATL,2022,2,1195,24,13,4.0,frozenset({805}),805,0.5416666666666666,True,2022-02,1,389,1
NK,ORD,PHX,2022,2,960,13,9,2.0,frozenset({1167}),1167,0.6923076923076923,True,2022-02,1,390,1
B6,JAX,EWR,2022,2,1065,11,7,1.0,frozenset({664}),664,0.6363636363636364,True,2022-02,1,391,1
OO,DEN,ASE,2022,2,940,28,16,5.0,"frozenset({4809, 4733})",4733,0.5714285714285714,True,2022-02,1,392,1
B6,JFK,SJU,2022,2,1379,28,15,0.0,"frozenset({2103, 303})",303,0.5357142857142857,True,2022-02,1,393,1
F9,FLL,ISP,2022,2,639,12,8,0.0,frozenset({2846}),2846,0.6666666666666666,True,2022-02,1,394,3
WN,DEN,BWI,2022,2,1175,24,14,2.0,frozenset({2427}),2427,0.5833333333333334,True,2022-02,1,395,1
B6,LGA,PBI,2022,2,1170,25,14,0.0,frozenset({1061}),1061,0.56,True,2022-02,1,396,1
UA,SRQ,EWR,2022,2,990,12,8,0.0,frozenset({1772}),1772,0.6666666666666666,True,2022-02,1,397,1
B6,HPN,PBI,2022,2,884,16,9,1.0,frozenset({1167}),1167,0.5625,True,2022-02,2,155,2
B6,BQN,MCO,2022,3,1319,10,6,1.0,frozenset({929}),929,0.6,True,2022-03,1,398,1
F9,PBI,TTN,2022,3,1173,31,19,4.0,"frozenset({816, 818})",818,0.6129032258064516,True,2022-03,1,399,1
G4,FNT,PGD,2022,3,891,14,9,1.0,"frozenset({2857, 2861, 2867, 2872, 2873, 2845})",2867,0.6428571428571429,True,2022-03,1,400,1
G4,FNT,PGD,2022,3,420,11,7,1.0,"frozenset({2867, 2844})",2867,0.6363636363636364,True,2022-03,1,401,2
G4,PGD,GRR,2022,3,1093,12,8,1.0,"frozenset({997, 1006, 1008, 1013, 1048, 1021})",1013,0.6666666666666666,True,2022-03,1,402,1
WN,DAL,MCI,2022,3,1180,19,11,0.0,"frozenset({2954, 2461})",2461,0.5789473684210527,True,2022-03,1,403,1
WN,LGA,MSY,2022,3,875,19,10,3.0,"frozenset({860, 1405})",860,0.5263157894736842,True,2022-03,1,404,1
OH,SRQ,DCA,2022,3,693,23,13,1.0,"frozenset({5448, 5331})",5448,0.5652173913043478,True,2022-03,1,405,1
WN,LAS,ATL,2022,3,1090,13,7,0.0,frozenset({2652}),2652,0.5384615384615384,True,2022-03,1,406,1
WN,MDW,MCO,2022,3,1295,25,13,0.0,"frozenset({1851, 2387, 686})",686,0.52,True,2022-03,1,407,1
B6,BQN,MCO,2022,3,915,12,7,0.0,frozenset({729}),729,0.5833333333333334,True,2022-03,2,321,3
F9,BOS,MIA,2022,3,1149,13,13,2.0,"frozenset({2939, 2941})",2939,1.0,True,2022-03,1,408,2
UA,MCO,EWR,2022,3,1086,22,12,1.0,"frozenset({2226, 2162})",2226,0.5454545454545454,True,2022-03,1,409,1
B6,AUS,EWR,2022,3,945,18,11,2.0,frozenset({820}),820,0.6111111111111112,True,2022-03,1,410,2
WN,BWI,MDW,2022,3,1350,13,7,0.0,frozenset({1404}),1404,0.5384615384615384,True,2022-03,1,411,1
WN,DAL,ATL,2022,3,1245,16,10,2.0,frozenset({2390}),2390,0.625,True,2022-03,1,412,1
WN,DEN,IND,2022,3,1255,19,12,1.0,frozenset({2080}),2080,0.631578947368421,True,2022-03,1,413,1
WN,HOU,OKC,2022,3,1320,16,11,2.0,"frozenset({2281, 3659})",2281,0.6875,True,2022-03,1,414,1
WN,DAL,MCO,2022,3,835,19,11,3.0,frozenset({161}),161,0.5789473684210527,True,2022-03,1,415,1
B6,BDL,LAS,2022,3,1085,10,8,2.0,frozenset({2081}),2081,0.8,True,2022-03,1,416,2
WN,MDW,MCI,2022,3,1310,22,13,3.0,"frozenset({2416, 2444})",2416,0.5909090909090909,True,2022-03,1,417,1
F9,ALB,MCO,2022,3,1074,12,8,1.0,frozenset({1007}),1007,0.6666666666666666,True,2022-03,1,418,2
WN,LGB,DAL,2022,3,785,27,15,1.0,"frozenset({968, 211, 1308, 1270})",968,0.5555555555555556,True,2022-03,1,419,1
WN,DAL,LIT,2022,3,1365,19,11,0.0,frozenset({713}),713,0.5789473684210527,True,2022-03,1,420,1
B6,BDL,PBI,2022,3,924,25,13,1.0,frozenset({1141}),1141,0.52,True,2022-03,1,421,1
WN,HOU,STL,2022,3,1375,19,10,0.0,frozenset({2711}),2711,0.5263157894736842,True,2022-03,1,422,1
B6,BDL,SJU,2022,3,1260,11,6,0.0,frozenset({1675}),1675,0.5454545454545454,True,2022-03,1,423,1
WN,LAS,STL,2022,3,1230,13,8,0.0,frozenset({2262}),2262,0.6153846153846154,True,2022-03,1,424,1
WN,BWI,TPA,2022,3,1375,13,7,0.0,frozenset({2730}),2730,0.5384615384615384,True,2022-03,1,425,1
F9,BOS,MCO,2022,3,1297,23,16,2.0,frozenset({1239}),1239,0.6956521739130435,True,2022-03,1,426,1
WN,BWI,TPA,2022,3,1180,13,8,2.0,frozenset({1361}),1361,0.6153846153846154,True,2022-03,1,427,1
WN,IAH,MSY,2022,3,1165,19,11,1.0,"frozenset({1560, 4172})",4172,0.5789473684210527,True,2022-03,1,428,1
B6,JFK,PBI,2022,3,790,31,16,0.0,frozenset({853}),853,0.5161290322580645,True,2022-03,2,342,2
UA,EWR,SJU,2022,3,1199,31,19,0.0,frozenset({1543}),1543,0.6129032258064516,True,2022-03,1,429,1
F9,ONT,MCO,2022,3,1437,25,15,0.0,frozenset({1150}),1150,0.6,True,2022-03,1,430,1
B6,JFK,PBI,2022,3,839,26,14,0.0,frozenset({2062}),2062,0.5384615384615384,True,2022-03,1,431,1
WN,HOU,SAT,2022,3,1330,22,15,0.0,frozenset({1698}),1698,0.6818181818181818,True,2022-03,1,432,1
F9,BWI,MCO,2022,3,795,11,7,1.0,frozenset({1243}),1243,0.6363636363636364,True,2022-03,1,433,1
WN,IAH,BNA,2022,3,1065,19,12,1.0,"frozenset({2160, 3273})",2160,0.631578947368421,True,2022-03,1,434,1
WN,BWI,SJU,2022,3,1210,22,17,0.0,"frozenset({3193, 1587})",1587,0.7727272727272727,True,2022-03,1,435,1
NK,TPA,STL,2022,3,1172,20,12,1.0,frozenset({1163}),1163,0.6,True,2022-03,1,436,1
G4,IND,PGD,2022,3,898,11,6,1.0,"frozenset({1574, 1575, 1160, 1161, 1164, 1106, 1107, 1660})",1161,0.5454545454545454,True,2022-03,1,437,1
G4,GRR,PIE,2022,3,1038,10,7,1.0,"frozenset({994, 1033, 1040, 2001, 1014, 1977})",994,0.7,True,2022-03,1,438,1
WN,HOU,PHX,2022,3,1320,19,11,0.0,"frozenset({1152, 1740})",1152,0.5789473684210527,True,2022-03,1,439,1
G4,GRR,PGD,2022,3,882,12,7,1.0,"frozenset({997, 998, 1037, 1005, 1016, 1018})",997,0.5833333333333334,True,2022-03,1,440,1
F9,PBI,TTN,2022,3,964,29,15,1.0,frozenset({820}),820,0.5172413793103449,True,2022-03,1,441,1
UA,IAH,TPA,2022,3,765,26,15,0.0,frozenset({1873}),1873,0.5769230769230769,True,2022-03,1,442,1
WN,LAS,SMF,2022,3,1110,19,11,0.0,frozenset({1010}),1010,0.5789473684210527,True,2022-03,1,443,1
G4,PGD,FNT,2022,3,1103,14,12,2.0,"frozenset({2880, 2874, 2868, 2845})",2880,0.8571428571428571,True,2022-03,1,444,1
F9,ORD,MCO,2022,3,745,15,9,0.0,frozenset({1155}),1155,0.6,True,2022-03,1,445,1
9E,EWR,DTW,2022,3,1206,19,10,0.0,"frozenset({5370, 5239})",5239,0.5263157894736842,True,2022-03,1,446,1
WN,IND,RSW,2022,3,1210,22,13,1.0,"frozenset({4144, 3366})",4144,0.5909090909090909,True,2022-03,1,447,1
WN,LAS,SLC,2022,3,1350,13,9,0.0,frozenset({836}),836,0.6923076923076923,True,2022-03,1,448,1
OO,DEN,ASE,2022,3,820,31,17,2.0,frozenset({5766}),5766,0.5483870967741935,True,2022-03,1,449,1
G4,PGD,ATW,2022,3,1209,10,6,1.0,"frozenset({2900, 2885, 2892})",2900,0.6,True,2022-03,1,450,1
F9,OMA,MCO,2022,3,1115,15,10,0.0,frozenset({1146}),1146,0.6666666666666666,True,2022-03,1,451,1
B6,JFK,ORH,2022,3,1370,31,17,4.0,frozenset({676}),676,0.5483870967741935,True,2022-03,2,338,3
F9,MCO,BOS,2022,3,1260,27,18,0.0,frozenset({1240}),1240,0.6666666666666666,True,2022-03,1,452,2
F9,ATL,FLL,2022,3,853,23,13,1.0,frozenset({1362}),1362,0.5652173913043478,True,2022-03,1,453,1
WN,LAS,STL,2022,3,1085,20,12,0.0,"frozenset({234, 1162})",234,0.6,True,2022-03,1,454,1
B6,BDL,SJU,2022,3,1085,13,7,0.0,"frozenset({275, 1675})",1675,0.5384615384615384,True,2022-03,1,455,1
F9,BOS,SJU,2022,3,641,16,10,3.0,frozenset({117}),117,0.625,True,2022-03,1,456,3
G4,AZA,FAR,2022,3,1000,11,6,0.0,"frozenset({1410, 1403, 228, 1221})",1221,0.5454545454545454,True,2022-03,1,457,1
F9,PHL,RSW,2022,3,940,27,18,2.0,frozenset({2357}),2357,0.6666666666666666,True,2022-03,1,458,2
F9,SWF,FLL,2022,3,651,13,9,0.0,frozenset({2635}),2635,0.6923076923076923,True,2022-03,1,459,1
F9,SWF,MCO,2022,3,1227,18,13,0.0,"frozenset({1299, 1301})",1299,0.7222222222222222,True,2022-03,1,460,2
WN,LAS,HOU,2022,3,1030,19,10,0.0,frozenset({2711}),2711,0.5263157894736842,True,2022-03,1,461,1
WN,MCO,MSY,2022,3,1375,19,11,1.0,frozenset({841}),841,0.5789473684210527,True,2022-03,1,462,1
WN,DAL,DCA,2022,3,1150,31,17,2.0,"frozenset({426, 1148, 2157, 1558})",426,0.5483870967741935,True,2022-03,1,463,1
F9,MCO,LGA,2022,3,872,31,20,3.0,frozenset({1334}),1334,0.6451612903225806,True,2022-03,1,464,2
WN,BWI,PHX,2022,3,1145,22,12,0.0,"frozenset({3483, 1101})",1101,0.5454545454545454,True,2022-03,1,465,1
F9,BDL,MCO,2022,3,1253,26,16,1.0,"frozenset({1205, 1207})",1205,0.6153846153846154,True,2022-03,1,466,1
OH,DCA,SRQ,2022,3,510,27,15,0.0,frozenset({5331}),5331,0.5555555555555556,True,2022-03,1,467,1
WN,DAL,MCO,2022,3,1060,19,10,4.0,"frozenset({742, 1823})",742,0.5263157894736842,True,2022-03,1,468,1
B6,LGA,PBI,2022,3,920,26,14,2.0,frozenset({761}),761,0.5384615384615384,True,2022-03,1,469,1
F9,RSW,CLE,2022,3,1163,27,15,2.0,"frozenset({2426, 2422})",2422,0.5555555555555556,True,2022-03,1,470,2
F9,ROC,MCO,2022,3,1211,12,10,1.0,frozenset({1291}),1291,0.8333333333333334,True,2022-03,1,471,1
B6,JFK,BTV,2022,3,1349,31,16,4.0,frozenset({234}),234,0.5161290322580645,True,2022-03,1,472,1
AA,AUS,MIA,2022,3,1002,29,15,0.0,frozenset({1284}),1284,0.5172413793103449,True,2022-03,1,473,1
F9,MCO,SJU,2022,3,1206,31,17,0.0,frozenset({104}),104,0.5483870967741935,True,2022-03,1,474,3
F9,PWM,RSW,2022,3,1221,14,9,1.0,frozenset({951}),951,0.6428571428571429,True,2022-03,1,475,2
F9,MCO,LAS,2022,3,1365,15,12,0.0,frozenset({1103}),1103,0.8,True,2022-03,1,476,2
WN,MCO,ISP,2022,3,1270,22,12,2.0,"frozenset({2493, 3438, 1711})",2493,0.5454545454545454,True,2022-03,1,477,1
WN,DAL,ECP,2022,3,1225,19,12,1.0,frozenset({311}),311,0.631578947368421,True,2022-03,1,478,1
F9,MCO,PWM,2022,3,992,14,8,1.0,frozenset({1186}),1186,0.5714285714285714,True,2022-03,1,479,2
WN,DEN,IAD,2022,3,1130,22,15,0.0,"frozenset({2104, 3460})",2104,0.6818181818181818,True,2022-03,1,480,1
WN,DEN,DTW,2022,3,915,19,10,0.0,"frozenset({1851, 686})",686,0.5263157894736842,True,2022-03,1,481,1
F9,RSW,PVD,2022,3,922,23,14,2.0,frozenset({946}),946,0.6086956521739131,True,2022-03,1,482,2
WN,LAS,MCI,2022,3,1090,13,9,1.0,"frozenset({333, 2694})",333,0.6923076923076923,True,2022-03,1,483,1
B6,HPN,PBI,2022,3,959,31,18,2.0,frozenset({1051}),1051,0.5806451612903226,True,2022-03,1,484,1
B6,MCO,BDL,2022,3,1045,26,14,0.0,frozenset({438}),438,0.5384615384615384,True,2022-03,2,251,3
F9,SJU,MCO,2022,3,1043,10,6,0.0,frozenset({111}),111,0.6,True,2022-03,1,485,2
WN,MDW,BUF,2022,3,1185,19,14,0.0,"frozenset({1915, 799})",799,0.7368421052631579,True,2022-03,1,486,1
F9,MCO,PHL,2022,3,1020,11,6,1.0,"frozenset({1170, 1164, 1178})",1178,0.5454545454545454,True,2022-03,1,487,2
B6,FLL,ORD,2022,3,1329,22,15,2.0,frozenset({566}),566,0.6818181818181818,True,2022-03,2,243,3
F9,MCO,PHL,2022,3,1245,18,10,2.0,"frozenset({1180, 1162, 1172})",1180,0.5555555555555556,True,2022-03,1,488,3
F9,MCO,ORD,2022,3,1363,27,16,0.0,"frozenset({1154, 1156})",1154,0.5925925925925926,True,2022-03,1,489,2
F9,BUF,RSW,2022,3,854,12,7,1.0,frozenset({911}),911,0.5833333333333334,True,2022-03,1,490,2
F9,MCO,PHL,2022,3,1378,31,20,0.0,"frozenset({1168, 1164})",1168,0.6451612903225806,True,2022-03,1,491,2
WN,LAS,MCO,2022,3,835,19,11,1.0,frozenset({1257}),1257,0.5789473684210527,True,2022-03,1,492,1
WN,LAS,MDW,2022,3,1005,14,9,1.0,"frozenset({5699, 2621})",5699,0.6428571428571429,True,2022-03,1,493,1
F9,MCO,ONT,2022,3,1229,23,12,0.0,frozenset({1151}),1151,0.5217391304347826,True,2022-03,1,494,1
F9,SJU,ORD,2022,3,419,19,12,2.0,frozenset({129}),129,0.631578947368421,True,2022-03,1,495,1
F9,MCO,MIA,2022,3,1370,12,7,0.0,"frozenset({1285, 1279})",1279,0.5833333333333334,True,2022-03,1,496,2
F9,STL,DEN,2022,3,1182,15,9,1.0,frozenset({699}),699,0.6,True,2022-03,1,497,1
WN,BWI,PVD,2022,3,1365,19,16,0.0,frozenset({256}),256,0.8421052631578947,True,2022-03,1,498,1
WN,LAS,LAX,2022,3,1365,13,7,0.0,frozenset({2618}),2618,0.5384615384615384,True,2022-03,1,499,1
WN,LAS,MDW,2022,3,1230,22,12,0.0,"frozenset({1212, 1565})",1565,0.5454545454545454,True,2022-03,1,500,1
B6,LGA,SRQ,2022,3,911,31,17,6.0,frozenset({2331}),2331,0.5483870967741935,True,2022-03,1,501,4
WN,MCO,DAL,2022,3,1100,19,10,2.0,frozenset({148}),148,0.5263157894736842,True,2022-03,1,502,1
B6,JFK,DTW,2022,3,1312,31,17,1.0,frozenset({1019}),1019,0.5483870967741935,True,2022-03,2,348,3
YX,PBI,IAD,2022,3,835,23,13,2.0,frozenset({3610}),3610,0.5652173913043478,True,2022-03,1,503,1
WN,LAS,DAL,2022,3,955,19,11,0.0,frozenset({2644}),2644,0.5789473684210527,True,2022-03,1,504,1
WN,LAS,CMH,2022,3,840,19,13,0.0,frozenset({258}),258,0.6842105263157895,True,2022-03,1,505,1
WN,DAL,AUS,2022,3,1045,11,6,0.0,"frozenset({3030, 1239})",1239,0.5454545454545454,True,2022-03,1,506,1
B6,LGA,FLL,2022,3,1290,31,16,2.0,frozenset({571}),571,0.5161290322580645,True,2022-03,3,92,4
WN,MDW,FLL,2022,3,1305,19,12,1.0,frozenset({2401}),2401,0.631578947368421,True,2022-03,1,507,1
F9,PHX,MCO,2022,3,1374,14,10,0.0,"frozenset({1288, 1286})",1286,0.7142857142857143,True,2022-03,1,508,2
F9,TTN,PBI,2022,3,951,27,16,3.0,frozenset({821}),821,0.5925925925925926,True,2022-03,1,509,1
WN,LAS,BWI,2022,3,875,23,13,0.0,"frozenset({3894, 1585, 806})",806,0.5652173913043478,True,2022-03,1,510,1
F9,TTN,TPA,2022,3,1170,27,17,0.0,"frozenset({827, 829})",827,0.6296296296296297,True,2022-03,1,511,1
WN,LAS,DAL,2022,3,1030,28,15,0.0,"frozenset({1184, 283, 2543})",1184,0.5357142857142857,True,2022-03,1,512,1
G4,AVL,SFB,2022,3,1133,12,8,3.0,"frozenset({384, 482, 392, 2862, 402, 501, 437, 2844})",501,0.6666666666666666,True,2022-03,1,513,1
WN,BWI,ROC,2022,3,1360,19,10,1.0,frozenset({896}),896,0.5263157894736842,True,2022-03,1,514,1
OO,SRQ,IAH,2022,3,930,26,19,0.0,"frozenset({5629, 5621})",5629,0.7307692307692307,True,2022-03,1,515,1
G4,EYW,SFB,2022,3,940,11,6,3.0,"frozenset({2272, 2419, 3724})",3724,0.5454545454545454,True,2022-03,1,516,1
WN,BWI,MHT,2022,3,1360,19,10,1.0,frozenset({912}),912,0.5263157894736842,True,2022-03,1,517,1
F9,BOS,MCO,2022,3,360,27,14,1.0,frozenset({1241}),1241,0.5185185185185185,True,2022-03,1,518,1
WN,LAS,BOI,2022,3,775,19,11,0.0,frozenset({486}),486,0.5789473684210527,True,2022-03,1,519,1
WN,MDW,LAS,2022,3,1240,16,10,1.0,"frozenset({3840, 3145})",3145,0.625,True,2022-03,1,520,1
OO,ASE,IAH,2022,3,723,26,15,0.0,frozenset({5535}),5535,0.5769230769230769,True,2022-03,2,270,2
F9,MCO,BWI,2022,3,1335,31,19,2.0,frozenset({1244}),1244,0.6129032258064516,True,2022-03,1,521,2
WN,LAS,BWI,2022,3,725,13,7,0.0,frozenset({2465}),2465,0.5384615384615384,True,2022-03,1,522,1
WN,DAL,LAS,2022,3,1330,10,6,0.0,"frozenset({1488, 3662})",1488,0.6,True,2022-03,1,523,1
WN,DEN,DAL,2022,3,1040,31,18,2.0,"frozenset({834, 2726, 1191, 3469, 433, 660, 831})",433,0.5806451612903226,True,2022-03,1,524,1
WN,DAL,HOU,2022,3,1290,29,15,2.0,"frozenset({365, 61})",61,0.5172413793103449,True,2022-03,1,525,1
B6,FLL,BDL,2022,3,1290,18,12,1.0,frozenset({460}),460,0.6666666666666666,True,2022-03,1,526,1
WN,DEN,DAL,2022,3,910,28,15,2.0,"frozenset({1041, 2545, 3647})",2545,0.5357142857142857,True,2022-03,1,527,1
B6,MCO,JFK,2022,3,1140,31,16,3.0,frozenset({384}),384,0.5161290322580645,True,2022-03,1,528,1
B6,JFK,FLL,2022,3,1305,28,16,0.0,"frozenset({1201, 2091})",1201,0.5714285714285714,True,2022-03,1,529,2
B6,EWR,TPA,2022,3,1140,14,9,0.0,frozenset({1973}),1973,0.6428571428571429,True,2022-03,2,245,3
WN,LAS,OMA,2022,3,935,19,10,0.0,frozenset({237}),237,0.5263157894736842,True,2022-03,1,530,1
F9,PVD,TPA,2022,3,1083,12,7,1.0,frozenset({2535}),2535,0.5833333333333334,True,2022-03,1,531,2
B6,EWR,SRQ,2022,3,745,14,8,0.0,frozenset({347}),347,0.5714285714285714,True,2022-03,1,532,2
B6,EWR,RSW,2022,3,915,31,20,0.0,frozenset({1511}),1511,0.6451612903225806,True,2022-03,1,533,2
F9,MCO,ISP,2022,3,1325,31,17,2.0,"frozenset({1098, 1092})",1098,0.5483870967741935,True,2022-03,1,534,2
F9,TTN,MCO,2022,3,996,12,8,1.0,frozenset({805}),805,0.6666666666666666,True,2022-03,1,535,1
F9,MCO,ISP,2022,3,819,10,6,1.0,"frozenset({1096, 1094})",1096,0.6,True,2022-03,1,536,1
UA,FLL,EWR,2022,3,1013,31,16,0.0,frozenset({1411}),1411,0.5161290322580645,True,2022-03,1,537,1
F9,PVD,RSW,2022,3,644,23,12,0.0,frozenset({947}),947,0.5217391304347826,True,2022-03,1,538,1
F9,TTN,MCO,2022,3,1223,27,20,4.0,frozenset({801}),801,0.7407407407407407,True,2022-03,1,539,2
F9,MCO,IAH,2022,3,360,13,7,2.0,frozenset({1251}),1251,0.5384615384615384,True,2022-03,1,540,1
WN,BWI,ORF,2022,3,1375,19,10,0.0,frozenset({806}),806,0.5263157894736842,True,2022-03,1,541,1
B6,EWR,MCO,2022,3,1180,23,13,1.0,frozenset({1527}),1527,0.5652173913043478,True,2022-03,2,308,2
WN,DEN,DAL,2022,3,1185,21,15,1.0,"frozenset({3457, 1134, 647})",1134,0.7142857142857143,True,2022-03,1,542,1
F9,PVD,MCO,2022,3,1148,23,18,2.0,"frozenset({1185, 1183})",1183,0.782608695652174,True,2022-03,1,543,3
WN,DAL,BHM,2022,3,1345,19,11,2.0,frozenset({924}),924,0.5789473684210527,True,2022-03,1,544,1
WN,MCI,MDW,2022,3,1110,11,6,1.0,"frozenset({3801, 1994})",1994,0.5454545454545454,True,2022-03,1,545,1
WN,BWI,JAX,2022,3,1225,19,17,1.0,frozenset({1548}),1548,0.8947368421052632,True,2022-03,1,546,1
NK,MHT,MCO,2022,3,1259,23,13,2.0,frozenset({2008}),2008,0.5652173913043478,True,2022-03,1,547,1
G4,PIE,TYS,2022,3,913,12,8,0.0,"frozenset({2656, 2635, 2638})",2638,0.6666666666666666,True,2022-03,1,548,1
WN,DEN,STL,2022,3,1335,13,7,0.0,frozenset({4181}),4181,0.5384615384615384,True,2022-03,1,549,1
WN,DEN,STL,2022,3,935,11,6,0.0,"frozenset({785, 27})",785,0.5454545454545454,True,2022-03,1,550,1
NK,PHX,DFW,2022,3,1236,17,12,1.0,frozenset({972}),972,0.7058823529411765,True,2022-03,1,551,1
WN,DEN,MDW,2022,3,1120,13,8,0.0,"frozenset({3033, 450, 367})",450,0.6153846153846154,True,2022-03,1,552,1
NK,DFW,LAS,2022,3,1329,23,13,0.0,frozenset({360}),360,0.5652173913043478,True,2022-03,2,246,3
YX,EWR,PVD,2022,3,1319,12,8,0.0,"frozenset({3496, 3640, 3404})",3640,0.6666666666666666,True,2022-03,1,553,1
F9,CVG,MCO,2022,3,934,19,11,1.0,frozenset({1065}),1065,0.5789473684210527,True,2022-03,1,554,1
DL,MCO,LGA,2022,3,1130,22,12,2.0,frozenset({1649}),1649,0.5454545454545454,True,2022-03,1,555,1
NK,DFW,LGA,2022,3,1120,23,12,0.0,frozenset({2720}),2720,0.5217391304347826,True,2022-03,2,315,3
NK,DFW,ORD,2022,3,1120,22,19,0.0,frozenset({186}),186,0.8636363636363636,True,2022-03,1,556,2
NK,DFW,PHX,2022,3,1140,20,14,0.0,frozenset({1971}),1971,0.7,True,2022-03,1,557,2
WN,STL,BNA,2022,3,1255,13,10,0.0,frozenset({3967}),3967,0.7692307692307693,True,2022-03,1,558,1
WN,STL,DAL,2022,3,1120,13,7,2.0,frozenset({940}),940,0.5384615384615384,True,2022-03,1,559,1
NK,DEN,FLL,2022,3,888,19,11,2.0,frozenset({1369}),1369,0.5789473684210527,True,2022-03,1,560,2
NK,DFW,TPA,2022,3,1230,13,11,0.0,frozenset({812}),812,0.8461538461538461,True,2022-03,1,561,2
WN,DEN,SLC,2022,3,1265,20,11,2.0,"frozenset({2236, 3549})",3549,0.55,True,2022-03,1,562,1
NK,EWR,ATL,2022,3,1057,23,12,0.0,frozenset({1173}),1173,0.5217391304347826,True,2022-03,1,563,2
F9,ISP,MCO,2022,3,1033,14,11,1.0,"frozenset({1097, 1101})",1101,0.7857142857142857,True,2022-03,1,564,2
NK,EWR,AUS,2022,3,1285,18,15,0.0,frozenset({2309}),2309,0.8333333333333334,True,2022-03,1,565,1
NK,EWR,BNA,2022,3,1235,14,8,0.0,frozenset({1174}),1174,0.5714285714285714,True,2022-03,1,566,2
WN,DEN,SLC,2022,3,925,23,13,1.0,"frozenset({2305, 4321, 3694})",2305,0.5652173913043478,True,2022-03,1,567,1
WN,STL,DTW,2022,3,1220,19,10,1.0,"frozenset({3465, 3501})",3501,0.5263157894736842,True,2022-03,1,568,1
F9,ISP,FLL,2022,3,913,26,15,3.0,frozenset({2847}),2847,0.5769230769230769,True,2022-03,1,569,2
WN,ATL,LGA,2022,3,1220,27,14,2.0,"frozenset({1892, 342})",342,0.5185185185185185,True,2022-03,1,570,1
WN,ATL,JAX,2022,3,1355,19,10,0.0,frozenset({113}),113,0.5263157894736842,True,2022-03,1,571,1
NK,EWR,MCO,2022,3,480,10,6,1.0,frozenset({58}),58,0.6,True,2022-03,1,572,1
OO,ASE,ORD,2022,3,897,23,14,2.0,frozenset({5297}),5297,0.6086956521739131,True,2022-03,1,573,1
WN,STL,TPA,2022,3,1175,27,14,0.0,"frozenset({1826, 451, 4163})",1826,0.5185185185185185,True,2022-03,1,574,1
NK,DTW,ATL,2022,3,1290,23,12,1.0,frozenset({565}),565,0.5217391304347826,True,2022-03,1,575,1
NK,EWR,MYR,2022,3,1070,13,8,1.0,frozenset({54}),54,0.6153846153846154,True,2022-03,1,576,2
NK,PHX,ORD,2022,3,1146,10,8,0.0,frozenset({1001}),1001,0.8,True,2022-03,1,577,1
NK,CMH,LAX,2022,3,1272,13,7,1.0,frozenset({889}),889,0.5384615384615384,True,2022-03,1,578,1
WN,PHX,SDF,2022,3,1045,12,7,0.0,"frozenset({1481, 935})",935,0.5833333333333334,True,2022-03,1,579,1
NK,RSW,CLE,2022,3,980,23,12,2.0,frozenset({960}),960,0.5217391304347826,True,2022-03,1,580,2
WN,PHX,SLC,2022,3,1315,26,15,1.0,"frozenset({2425, 3374, 1087})",1087,0.5769230769230769,True,2022-03,1,581,1
WN,FLL,CMH,2022,3,1070,13,7,1.0,frozenset({101}),101,0.5384615384615384,True,2022-03,1,582,1
NK,BDL,MCO,2022,3,1009,27,16,3.0,"frozenset({2965, 959})",959,0.5925925925925926,True,2022-03,1,583,1
WN,FLL,AUS,2022,3,1170,23,14,3.0,"frozenset({3626, 1095, 4175})",4175,0.6086956521739131,True,2022-03,1,584,1
NK,BNA,FLL,2022,3,977,10,6,0.0,frozenset({1961}),1961,0.6,True,2022-03,1,585,2
NK,RSW,CAK,2022,3,899,13,8,1.0,frozenset({2054}),2054,0.6153846153846154,True,2022-03,1,586,2
WN,ATL,TPA,2022,3,1340,19,14,0.0,frozenset({42}),42,0.7368421052631579,True,2022-03,1,587,1
WN,PIT,RSW,2022,3,1130,19,10,1.0,frozenset({1109}),1109,0.5263157894736842,True,2022-03,1,588,1
YX,EWR,ROC,2022,3,1347,13,7,0.0,frozenset({3673}),3673,0.5384615384615384,True,2022-03,1,589,1
B6,RSW,BOS,2022,3,1320,11,6,0.0,frozenset({1766}),1766,0.5454545454545454,True,2022-03,1,590,2
WN,RSW,CMH,2022,3,1055,23,12,1.0,"frozenset({2571, 2515, 2868})",2868,0.5217391304347826,True,2022-03,1,591,1
WN,SLC,AUS,2022,3,935,19,10,1.0,frozenset({804}),804,0.5263157894736842,True,2022-03,1,592,1
WN,RSW,IND,2022,3,1215,27,15,1.0,"frozenset({1027, 827, 510})",510,0.5555555555555556,True,2022-03,1,593,1
WN,ATL,RIC,2022,3,1340,22,13,0.0,"frozenset({3413, 1006})",1006,0.5909090909090909,True,2022-03,1,594,1
F9,LAS,BUR,2022,3,1136,10,6,0.0,frozenset({1985}),1985,0.6,True,2022-03,1,595,1
B6,RSW,EWR,2022,3,920,23,13,0.0,frozenset({1712}),1712,0.5652173913043478,True,2022-03,2,260,3
NK,CAK,RSW,2022,3,1106,13,10,1.0,frozenset({2055}),2055,0.7692307692307693,True,2022-03,1,596,2
B6,RSW,HPN,2022,3,1156,31,18,1.0,"frozenset({252, 14})",14,0.5806451612903226,True,2022-03,1,597,1
NK,CAK,TPA,2022,3,1172,12,7,0.0,frozenset({273}),273,0.5833333333333334,True,2022-03,1,598,2
WN,ATL,RDU,2022,3,1340,19,10,2.0,frozenset({1041}),1041,0.5263157894736842,True,2022-03,1,599,1
WN,DEN,BWI,2022,3,1245,19,12,1.0,frozenset({915}),915,0.631578947368421,True,2022-03,1,600,1
WN,DAL,MSP,2022,3,1135,19,11,3.0,frozenset({1552}),1552,0.5789473684210527,True,2022-03,1,601,1
DL,MIA,BOS,2022,3,1254,17,9,0.0,frozenset({1604}),1604,0.5294117647058824,True,2022-03,1,602,1
WN,ATL,PBI,2022,3,1345,19,11,2.0,frozenset({1364}),1364,0.5789473684210527,True,2022-03,1,603,1
NK,PHX,ORD,2022,3,1178,11,6,1.0,"frozenset({1001, 1366})",1366,0.5454545454545454,True,2022-03,1,604,2
WN,SJC,DAL,2022,3,1005,13,8,1.0,frozenset({431}),431,0.6153846153846154,True,2022-03,1,605,1
WN,ATL,RSW,2022,3,1340,19,13,0.0,frozenset({699}),699,0.6842105263157895,True,2022-03,1,606,1
NK,RSW,CLE,2022,3,1310,13,10,1.0,frozenset({2862}),2862,0.7692307692307693,True,2022-03,1,607,1
WN,DEN,MDW,2022,3,1305,16,11,1.0,"frozenset({50, 4115})",50,0.6875,True,2022-03,1,608,1
B6,SJU,JFK,2022,3,1145,17,9,1.0,"frozenset({504, 2404})",2404,0.5294117647058824,True,2022-03,1,609,1
NK,MCO,ACY,2022,3,1319,10,6,0.0,frozenset({2158}),2158,0.6,True,2022-03,1,610,1
F9,FLL,ROC,2022,3,981,12,8,1.0,frozenset({2638}),2638,0.6666666666666666,True,2022-03,1,611,1
NK,MCO,BDL,2022,3,804,23,13,3.0,frozenset({1860}),1860,0.5652173913043478,True,2022-03,1,612,1
F9,FLL,PHL,2022,3,1149,26,15,4.0,"frozenset({2296, 2294})",2294,0.5769230769230769,True,2022-03,1,613,2
NK,MCO,BNA,2022,3,964,10,6,1.0,frozenset({2960}),2960,0.6,True,2022-03,1,614,1
YX,DCA,EWR,2022,3,1140,21,12,2.0,"frozenset({3708, 3574})",3708,0.5714285714285714,True,2022-03,1,615,1
F9,FLL,MCO,2022,3,888,20,15,0.0,frozenset({1331}),1331,0.75,True,2022-03,1,616,3
WN,DEN,PHX,2022,3,1245,22,12,0.0,"frozenset({3213, 3382})",3382,0.5454545454545454,True,2022-03,1,617,1
DL,LGA,FLL,2022,3,1199,22,12,1.0,frozenset({2496}),2496,0.5454545454545454,True,2022-03,1,618,1
F9,FLL,ISP,2022,3,661,17,10,0.0,frozenset({2846}),2846,0.5882352941176471,True,2022-03,2,394,3
UA,SRQ,EWR,2022,3,1000,22,13,0.0,"frozenset({602, 1772})",602,0.5909090909090909,True,2022-03,1,619,1
NK,MCO,EWR,2022,3,842,23,14,0.0,frozenset({59}),59,0.6086956521739131,True,2022-03,1,620,2
DL,BOS,MIA,2022,3,991,17,10,0.0,frozenset({1674}),1674,0.5882352941176471,True,2022-03,1,621,1
NK,MCI,FLL,2022,3,1081,10,7,1.0,frozenset({398}),398,0.7,True,2022-03,1,622,1
UA,SRQ,DEN,2022,3,960,31,20,0.0,"frozenset({2161, 1810, 1791})",2161,0.6451612903225806,True,2022-03,1,623,1
WN,DEN,ORD,2022,3,780,31,22,0.0,"frozenset({1633, 3362, 1548, 1415})",1548,0.7096774193548387,True,2022-03,1,624,1
YX,EWR,CLE,2022,3,1146,15,9,1.0,frozenset({3705}),3705,0.6,True,2022-03,1,625,1
NK,MHT,TPA,2022,3,948,10,6,0.0,frozenset({2012}),2012,0.6,True,2022-03,1,626,1
WN,DAL,TPA,2022,3,935,13,8,2.0,frozenset({4189}),4189,0.6153846153846154,True,2022-03,1,627,1
WN,DCA,MCO,2022,3,1175,22,12,3.0,"frozenset({2448, 421})",421,0.5454545454545454,True,2022-03,1,628,1
NK,MCO,MHT,2022,3,1040,13,10,1.0,frozenset({2009}),2009,0.7692307692307693,True,2022-03,1,629,2
F9,FLL,ALB,2022,3,845,11,7,1.0,frozenset({2668}),2668,0.6363636363636364,True,2022-03,1,630,2
WN,DAL,TPA,2022,3,1235,19,10,0.0,"frozenset({1052, 1767})",1052,0.5263157894736842,True,2022-03,1,631,1
NK,MHT,RSW,2022,3,653,13,9,1.0,frozenset({2010}),2010,0.6923076923076923,True,2022-03,1,632,2
F9,DTW,MCO,2022,3,1078,12,8,0.0,frozenset({1071}),1071,0.6666666666666666,True,2022-03,1,633,1
WN,DAL,TUL,2022,3,1320,19,10,0.0,frozenset({2562}),2562,0.5263157894736842,True,2022-03,1,634,1
WN,DEN,OAK,2022,3,1365,13,7,0.0,frozenset({3520}),3520,0.5384615384615384,True,2022-03,1,635,1
YX,EWR,DCA,2022,3,1199,12,7,2.0,frozenset({3671}),3671,0.5833333333333334,True,2022-03,1,636,1
WN,DAL,STL,2022,3,1115,19,16,2.0,"frozenset({968, 1308})",968,0.8421052631578947,True,2022-03,1,637,1
B6,SJU,JFK,2022,3,1085,23,14,1.0,"frozenset({2404, 830})",2404,0.6086956521739131,True,2022-03,1,638,2
WN,DEN,SAT,2022,3,990,13,7,0.0,frozenset({1152}),1152,0.5384615384615384,True,2022-03,1,639,1
F9,FLL,SWF,2022,3,1000,14,12,0.0,frozenset({2634}),2634,0.8571428571428571,True,2022-03,1,640,2
NK,FLL,DTW,2022,3,1040,23,16,1.0,frozenset({2147}),2147,0.6956521739130435,True,2022-03,1,641,1
F9,IAH,MCO,2022,3,518,13,8,2.0,"frozenset({1250, 1252})",1252,0.6153846153846154,True,2022-03,1,642,1
WN,TPA,MDW,2022,3,1085,22,13,1.0,"frozenset({3211, 399})",399,0.5909090909090909,True,2022-03,1,643,1
NK,ORD,MCO,2022,3,1216,23,13,0.0,frozenset({927}),927,0.5652173913043478,True,2022-03,1,644,1
NK,FLL,MCO,2022,3,1320,27,14,0.0,frozenset({676}),676,0.5185185185185185,True,2022-03,1,645,3
WN,TPA,PVD,2022,3,1175,13,7,0.0,frozenset({4222}),4222,0.5384615384615384,True,2022-03,1,646,1
WN,TUL,DAL,2022,3,1135,19,11,0.0,frozenset({247}),247,0.5789473684210527,True,2022-03,1,647,1
WN,DAL,MSY,2022,3,1140,19,11,1.0,"frozenset({1498, 2166})",1498,0.5789473684210527,True,2022-03,1,648,1
NK,IAH,EWR,2022,3,753,13,8,1.0,frozenset({684}),684,0.6153846153846154,True,2022-03,1,649,2
NK,IAH,EWR,2022,3,908,23,12,0.0,frozenset({712}),712,0.5217391304347826,True,2022-03,1,650,3
NK,ORD,DFW,2022,3,925,27,14,1.0,"frozenset({1858, 903})",903,0.5185185185185185,True,2022-03,1,651,2
WN,DEN,BNA,2022,3,840,27,16,1.0,"frozenset({1189, 719, 3697, 703, 671})",1189,0.5925925925925926,True,2022-03,1,652,1
B6,SRQ,EWR,2022,3,980,14,11,0.0,frozenset({348}),348,0.7857142857142857,True,2022-03,2,374,3
B6,TPA,LGA,2022,3,905,27,14,0.0,frozenset({2810}),2810,0.5185185185185185,True,2022-03,1,653,1
UA,RSW,EWR,2022,3,815,26,15,0.0,frozenset({741}),741,0.5769230769230769,True,2022-03,1,654,1
NK,MYR,FLL,2022,3,1230,13,7,1.0,frozenset({103}),103,0.5384615384615384,True,2022-03,1,655,2
F9,GRR,MCO,2022,3,1227,17,11,1.0,frozenset({1075}),1075,0.6470588235294118,True,2022-03,1,656,1
B6,SRQ,LGA,2022,3,1160,31,20,6.0,frozenset({2332}),2332,0.6451612903225806,True,2022-03,1,657,4
F9,DEN,MCO,2022,3,954,15,10,0.0,frozenset({680}),680,0.6666666666666666,True,2022-03,1,658,1
F9,FLL,TTN,2022,3,1012,23,16,3.0,frozenset({810}),810,0.6956521739130435,True,2022-03,1,659,2
WN,DEN,SEA,2022,3,1375,13,8,0.0,frozenset({114}),114,0.6153846153846154,True,2022-03,1,660,1
NK,MSY,TPA,2022,3,701,19,11,2.0,frozenset({1505}),1505,0.5789473684210527,True,2022-03,1,661,2
NK,LAS,DTW,2022,3,915,13,7,0.0,frozenset({1788}),1788,0.5384615384615384,True,2022-03,1,662,1
NK,LAS,EWR,2022,3,777,16,10,1.0,frozenset({197}),197,0.625,True,2022-03,1,663,2
NK,LAS,ORD,2022,3,1165,16,9,0.0,frozenset({758}),758,0.5625,True,2022-03,1,664,2
YX,BTV,EWR,2022,3,1105,18,10,0.0,"frozenset({3538, 3423})",3423,0.5555555555555556,True,2022-03,1,665,1
NK,MIA,ORD,2022,3,730,23,12,1.0,frozenset({3164}),3164,0.5217391304347826,True,2022-03,1,666,2
B6,TPA,JFK,2022,3,1259,13,7,0.0,frozenset({2126}),2126,0.5384615384615384,True,2022-03,2,370,3
DL,LGA,RSW,2022,3,779,25,13,0.0,frozenset({1105}),1105,0.52,True,2022-03,1,667,1
WN,DAL,MIA,2022,3,1015,14,9,2.0,"frozenset({2684, 404})",404,0.6428571428571429,True,2022-03,1,668,1
B6,RSW,LGA,2022,3,1127,26,14,3.0,frozenset({2060}),2060,0.5384615384615384,True,2022-03,1,669,1
WN,HOU,HRL,2022,3,1365,19,11,0.0,frozenset({2544}),2544,0.5789473684210527,True,2022-03,1,670,1
WN,DEN,MCI,2022,3,1250,19,14,0.0,"frozenset({2546, 3443})",2546,0.7368421052631579,True,2022-03,1,671,1
HA,AUS,HNL,2022,3,615,11,6,0.0,frozenset({81}),81,0.5454545454545454,True,2022-03,1,672,1
UA,PSP,DEN,2022,3,814,31,17,0.0,frozenset({587}),587,0.5483870967741935,True,2022-03,1,673,1
F9,MCO,ATL,2022,3,1342,28,18,2.0,"frozenset({1009, 1011})",1011,0.6428571428571429,True,2022-03,1,674,2
WN,PHX,DAL,2022,3,1015,28,16,0.0,"frozenset({578, 3660, 493, 1138, 987, 1918})",493,0.5714285714285714,True,2022-03,1,675,1
WN,AUS,MDW,2022,3,1290,19,10,1.0,frozenset({694}),694,0.5263157894736842,True,2022-03,1,676,1
WN,ORD,BWI,2022,3,1020,31,20,0.0,"frozenset({1633, 3362, 1548, 1415})",1548,0.6451612903225806,True,2022-03,1,677,1
WN,DAL,MCO,2022,3,1220,13,7,0.0,"frozenset({2075, 2407})",2075,0.5384615384615384,True,2022-03,1,678,1
WN,MKE,RSW,2022,3,1135,19,11,0.0,frozenset({2318}),2318,0.5789473684210527,True,2022-03,1,679,1
WN,PHX,DEN,2022,3,925,23,12,1.0,"frozenset({2104, 2594, 940, 4070})",2104,0.5217391304347826,True,2022-03,1,680,1
UA,EWR,DFW,2022,3,1240,26,15,0.0,"frozenset({2200, 2314, 2099, 1502})",2200,0.5769230769230769,True,2022-03,1,681,1
WN,DAL,MCO,2022,3,1275,13,10,0.0,"frozenset({3984, 4085})",3984,0.7692307692307693,True,2022-03,1,682,1
B6,PBI,BOS,2022,3,1232,27,18,0.0,"frozenset({1922, 2322})",1922,0.6666666666666666,True,2022-03,2,295,3
F9,LGA,MIA,2022,3,1362,11,6,1.0,frozenset({2879}),2879,0.5454545454545454,True,2022-03,2,279,2
WN,ORD,RSW,2022,3,950,20,12,1.0,"frozenset({2597, 3367})",2597,0.6,True,2022-03,1,683,1
WN,DEN,MCO,2022,3,1170,21,17,0.0,"frozenset({2537, 2770, 599})",599,0.8095238095238095,True,2022-03,1,684,1
B6,PBI,BOS,2022,3,1175,25,15,0.0,frozenset({2322}),2322,0.6,True,2022-03,2,297,2
B6,PBI,PVD,2022,3,867,26,14,0.0,frozenset({1288}),1288,0.5384615384615384,True,2022-03,1,685,1
WN,BWI,DAL,2022,3,950,19,10,2.0,"frozenset({1497, 2014})",1497,0.5263157894736842,True,2022-03,1,686,1
WN,AUS,PHX,2022,3,935,22,12,2.0,"frozenset({2808, 2657, 3024})",2657,0.5454545454545454,True,2022-03,1,687,1
WN,MIA,BNA,2022,3,1185,19,10,2.0,"frozenset({2296, 2823})",2296,0.5263157894736842,True,2022-03,1,688,1
B6,PBI,EWR,2022,3,918,31,17,1.0,frozenset({344}),344,0.5483870967741935,True,2022-03,1,689,2
WN,MIA,MDW,2022,3,1275,16,10,3.0,"frozenset({3772, 406})",406,0.625,True,2022-03,1,690,1
WN,ORD,TPA,2022,3,955,27,14,0.0,"frozenset({844, 1711})",844,0.5185185185185185,True,2022-03,1,691,1
F9,CLE,MIA,2022,3,1111,11,8,0.0,frozenset({2447}),2447,0.7272727272727273,True,2022-03,1,692,1
WN,BHM,DAL,2022,3,1120,19,10,0.0,"frozenset({2128, 3928})",2128,0.5263157894736842,True,2022-03,1,693,1
WN,BNA,ORD,2022,3,1040,13,7,0.0,frozenset({379}),379,0.5384615384615384,True,2022-03,1,694,1
WN,MKE,BWI,2022,3,1135,16,10,0.0,frozenset({102}),102,0.625,True,2022-03,1,695,1
F9,CLE,PHX,2022,3,1133,27,14,0.0,frozenset({2415}),2415,0.5185185185185185,True,2022-03,1,696,2
B6,PBI,LAX,2022,3,1206,11,8,0.0,frozenset({2009}),2009,0.7272727272727273,True,2022-03,1,697,1
WN,HOU,FLL,2022,3,1195,19,10,1.0,frozenset({479}),479,0.5263157894736842,True,2022-03,1,698,1
WN,BNA,PIT,2022,3,1205,19,10,1.0,"frozenset({2160, 3273})",2160,0.5263157894736842,True,2022-03,1,699,1
WN,PHX,BNA,2022,3,1225,18,10,0.0,"frozenset({2072, 3757})",2072,0.5555555555555556,True,2022-03,1,700,1
WN,BNA,VPS,2022,3,1330,19,10,1.0,frozenset({555}),555,0.5263157894736842,True,2022-03,1,701,1
WN,MIA,HOU,2022,3,1165,22,13,0.0,"frozenset({1698, 2467})",1698,0.5909090909090909,True,2022-03,1,702,1
DL,PBI,JFK,2022,3,1156,24,13,0.0,frozenset({1164}),1164,0.5416666666666666,True,2022-03,1,703,1
WN,AUS,PHX,2022,3,1135,22,12,0.0,"frozenset({3699, 2071})",2071,0.5454545454545454,True,2022-03,1,704,1
WN,MIA,DAL,2022,3,1070,23,14,2.0,"frozenset({835, 2389, 1078})",2389,0.6086956521739131,True,2022-03,1,705,1
WN,DAL,MCO,2022,3,1160,15,9,1.0,"frozenset({2941, 2407})",2407,0.6,True,2022-03,1,706,1
WN,PHX,ATL,2022,3,1135,13,7,0.0,frozenset({4035}),4035,0.5384615384615384,True,2022-03,1,707,1
WN,DAL,MDW,2022,3,1220,19,10,0.0,"frozenset({4136, 2141})",4136,0.5263157894736842,True,2022-03,1,708,1
B6,PBI,LGA,2022,3,1149,23,14,1.0,frozenset({1262}),1262,0.6086956521739131,True,2022-03,1,709,2
WN,MDW,SDF,2022,3,1180,19,11,0.0,frozenset({518}),518,0.5789473684210527,True,2022-03,1,710,1
WN,PHX,MCI,2022,3,985,17,12,0.0,frozenset({3972}),3972,0.7058823529411765,True,2022-03,1,711,1
WN,PHX,ELP,2022,3,1355,12,7,0.0,"frozenset({2308, 2766})",2308,0.5833333333333334,True,2022-03,1,712,1
WN,PHX,MCI,2022,3,1055,11,7,2.0,"frozenset({3972, 3561, 203, 173, 349})",349,0.6363636363636364,True,2022-03,1,713,1
WN,PHX,MCI,2022,3,1290,12,7,0.0,"frozenset({542, 3039})",542,0.5833333333333334,True,2022-03,1,714,1
WN,FLL,SJU,2022,3,1245,19,11,0.0,"frozenset({693, 2855})",693,0.5789473684210527,True,2022-03,1,715,1
WN,HOU,IND,2022,3,1260,19,11,0.0,"frozenset({51, 3197})",51,0.5789473684210527,True,2022-03,1,716,1
B6,PBI,HPN,2022,3,1095,26,14,0.0,frozenset({1968}),1968,0.5384615384615384,True,2022-03,1,717,2
YX,EYW,LGA,2022,3,902,25,13,2.0,frozenset({5599}),5599,0.52,True,2022-03,1,718,1
WN,AUS,BNA,2022,3,1240,19,10,1.0,"frozenset({577, 1829})",1829,0.5263157894736842,True,2022-03,1,719,1
F9,LGA,MCO,2022,3,1077,31,21,3.0,frozenset({1335}),1335,0.6774193548387096,True,2022-03,1,720,2
B6,RDU,EWR,2022,3,1141,21,16,2.0,frozenset({2428}),2428,0.7619047619047619,True,2022-03,2,309,3
WN,HOU,LAS,2022,3,1315,22,14,1.0,"frozenset({938, 3595})",938,0.6363636363636364,True,2022-03,1,721,1
B6,PBI,JFK,2022,3,1230,31,16,1.0,frozenset({1654}),1654,0.5161290322580645,True,2022-03,1,722,1
WN,BWI,ISP,2022,3,1370,19,12,0.0,frozenset({2410}),2410,0.631578947368421,True,2022-03,1,723,1
B6,PBI,JFK,2022,3,1094,26,17,0.0,frozenset({854}),854,0.6538461538461539,True,2022-03,1,724,2
NK,STL,TPA,2022,3,928,20,11,2.0,frozenset({1162}),1162,0.55,True,2022-03,1,725,1
WN,HOU,MEM,2022,3,1205,22,15,0.0,"frozenset({2573, 3558})",2573,0.6818181818181818,True,2022-03,1,726,1
WN,PHX,OKC,2022,3,1180,10,8,1.0,"frozenset({1323, 2719})",1323,0.8,True,2022-03,1,727,1
WN,FLL,MSY,2022,3,1085,22,12,1.0,"frozenset({793, 3396})",793,0.5454545454545454,True,2022-03,1,728,1
WN,MSY,FLL,2022,3,1120,13,7,1.0,frozenset({2696}),2696,0.5384615384615384,True,2022-03,1,729,1
WN,HNL,LIH,2022,3,885,19,10,0.0,frozenset({351}),351,0.5263157894736842,True,2022-03,1,730,1
DL,OGG,LAX,2022,3,763,19,10,3.0,frozenset({355}),355,0.5263157894736842,True,2022-03,1,731,1
WN,PHX,LAX,2022,3,1315,13,7,0.0,frozenset({3934}),3934,0.5384615384615384,True,2022-03,1,732,1
WN,MSY,ATL,2022,3,1040,19,10,1.0,frozenset({342}),342,0.5263157894736842,True,2022-03,1,733,1
B6,PHX,JFK,2022,3,1321,20,12,0.0,frozenset({136}),136,0.6,True,2022-03,1,734,2
WN,AUS,MCO,2022,3,1170,19,10,0.0,frozenset({1084}),1084,0.5263157894736842,True,2022-03,1,735,1
WN,DEN,BZN,2022,3,955,11,6,0.0,"frozenset({3109, 1550})",1550,0.5454545454545454,True,2022-03,1,736,1
G4,SFB,CVG,2022,3,1256,12,7,1.0,"frozenset({793, 691, 723, 797})",793,0.5833333333333334,True,2022-03,1,737,1
WN,BWI,BUF,2022,3,1360,22,12,2.0,"frozenset({673, 4050})",673,0.5454545454545454,True,2022-03,1,738,1
QX,DLG,ANC,2022,3,867,15,8,7.0,"frozenset({2232, 2239})",2232,0.5333333333333333,True,2022-03,1,739,1
G4,TOL,PGD,2022,3,1182,13,8,0.0,"frozenset({1707, 1647, 1552, 1556, 1749, 1752, 1565})",1749,0.6153846153846154,True,2022-03,1,740,1
AS,SAN,EWR,2022,3,560,31,16,0.0,frozenset({772}),772,0.5161290322580645,True,2022-03,1,741,1
YX,EWR,SDF,2022,3,1229,19,11,1.0,frozenset({3706}),3706,0.5789473684210527,True,2022-03,1,742,1
B6,SRQ,JFK,2022,4,946,30,18,3.0,frozenset({464}),464,0.6,True,2022-04,1,743,1
B6,PBI,EWR,2022,4,908,30,17,1.0,frozenset({344}),344,0.5666666666666667,True,2022-04,2,689,2
B6,PBI,HPN,2022,4,1199,30,16,8.0,frozenset({1052}),1052,0.5333333333333333,True,2022-04,1,744,1
B6,PBI,HPN,2022,4,1117,30,19,9.0,frozenset({1968}),1968,0.6333333333333333,True,2022-04,2,717,2
WN,DAL,MSY,2022,4,1350,25,15,3.0,"frozenset({1934, 6503})",1934,0.6,True,2022-04,1,745,2
B6,MCO,RIC,2022,4,1114,22,15,4.0,frozenset({2370}),2370,0.6818181818181818,True,2022-04,1,746,1
WN,LAS,OMA,2022,4,1260,25,14,0.0,"frozenset({3688, 382})",382,0.56,True,2022-04,1,747,1
B6,SMF,JFK,2022,4,1358,17,10,1.0,frozenset({162}),162,0.5882352941176471,True,2022-04,1,748,1
B6,SRQ,EWR,2022,4,1022,30,26,3.0,frozenset({348}),348,0.8666666666666667,True,2022-04,3,374,3
WN,DEN,SEA,2022,4,850,24,18,0.0,frozenset({679}),679,0.75,True,2022-04,1,749,1
WN,LAS,PHX,2022,4,1135,26,14,0.0,"frozenset({777, 2985, 974})",974,0.5384615384615384,True,2022-04,1,750,1
WN,DAL,LIT,2022,4,1300,24,13,0.0,frozenset({1548}),1548,0.5416666666666666,True,2022-04,1,751,2
B6,LAX,JAX,2022,4,1301,13,7,3.0,frozenset({2797}),2797,0.5384615384615384,True,2022-04,1,752,1
B6,LAX,MCO,2022,4,1335,15,11,5.0,frozenset({132}),132,0.7333333333333333,True,2022-04,1,753,1
B6,MCO,SJU,2022,4,870,30,16,2.0,frozenset({1133}),1133,0.5333333333333333,True,2022-04,1,754,1
WN,LAS,PIT,2022,4,975,24,15,0.0,frozenset({6516}),6516,0.625,True,2022-04,1,755,1
B6,LGA,FLL,2022,4,1275,30,18,3.0,frozenset({571}),571,0.6,True,2022-04,4,92,4
F9,MCO,SJU,2022,4,1403,29,19,1.0,frozenset({106}),106,0.6551724137931034,True,2022-04,1,756,1
B6,SRQ,LGA,2022,4,1140,28,17,5.0,frozenset({2332}),2332,0.6071428571428571,True,2022-04,2,657,4
WN,LAS,PDX,2022,4,1320,24,13,0.0,frozenset({640}),640,0.5416666666666666,True,2022-04,1,757,1
UA,EWR,MIA,2022,4,1050,21,11,0.0,frozenset({1592}),1592,0.5238095238095238,True,2022-04,1,758,1
F9,FLL,TTN,2022,4,1081,26,15,5.0,frozenset({810}),810,0.5769230769230769,True,2022-04,2,659,2
WN,DAL,MDW,2022,4,1315,25,13,2.0,"frozenset({2882, 2230})",2230,0.52,True,2022-04,1,759,1
B6,TPA,BOS,2022,4,960,30,16,5.0,frozenset({592}),592,0.5333333333333333,True,2022-04,1,760,1
WN,DEN,MSP,2022,4,880,28,15,0.0,"frozenset({1907, 805})",805,0.5357142857142857,True,2022-04,1,761,1
B6,MIA,JFK,2022,4,928,30,16,1.0,frozenset({2692}),2692,0.5333333333333333,True,2022-04,1,762,1
WN,DEN,MSY,2022,4,1200,25,13,0.0,"frozenset({2779, 1132})",1132,0.52,True,2022-04,1,763,2
F9,CLE,LAS,2022,4,1378,26,22,3.0,frozenset({2015}),2015,0.8461538461538461,True,2022-04,1,764,1
B6,MIA,JFK,2022,4,1129,29,17,4.0,frozenset({2092}),2092,0.5862068965517241,True,2022-04,1,765,1
B6,PBI,BDL,2022,4,1157,25,17,2.0,frozenset({1342}),1342,0.68,True,2022-04,1,766,1
F9,BOS,SJU,2022,4,640,15,10,0.0,frozenset({117}),117,0.6666666666666666,True,2022-04,2,456,3
B6,MIA,JFK,2022,4,1290,30,16,4.0,frozenset({2492}),2492,0.5333333333333333,True,2022-04,1,767,1
B6,ORH,JFK,2022,4,822,30,17,5.0,frozenset({1271}),1271,0.5666666666666667,True,2022-04,1,768,1
B6,JFK,TPA,2022,4,875,28,19,5.0,frozenset({425}),425,0.6785714285714286,True,2022-04,1,769,1
WN,LAS,SJC,2022,4,1130,24,14,0.0,frozenset({2150}),2150,0.5833333333333334,True,2022-04,1,770,1
B6,JFK,SMF,2022,4,1139,17,10,0.0,frozenset({161}),161,0.5882352941176471,True,2022-04,1,771,1
OO,MSP,MKE,2022,4,970,13,7,0.0,"frozenset({3722, 3509})",3722,0.5384615384615384,True,2022-04,1,772,1
WN,DEN,OKC,2022,4,1225,25,17,0.0,"frozenset({2126, 3511})",2126,0.68,True,2022-04,1,773,1
F9,DFW,MCO,2022,4,1239,11,8,1.0,frozenset({1248}),1248,0.7272727272727273,True,2022-04,1,774,1
F9,MCO,ATL,2022,4,1342,27,16,1.0,"frozenset({1011, 1015})",1011,0.5925925925925926,True,2022-04,2,674,2
F9,DTW,MCO,2022,4,1261,10,9,0.0,"frozenset({1073, 1071})",1073,0.9,True,2022-04,1,775,1
B6,MIA,LAX,2022,4,1279,30,17,1.0,frozenset({2886}),2886,0.5666666666666667,True,2022-04,1,776,1
B6,MSY,JFK,2022,4,1011,21,11,4.0,frozenset({576}),576,0.5238095238095238,True,2022-04,1,777,1
WN,LAS,SMF,2022,4,1300,24,17,0.0,frozenset({1657}),1657,0.7083333333333334,True,2022-04,1,778,1
F9,FLL,ALB,2022,4,842,11,7,0.0,frozenset({2668}),2668,0.6363636363636364,True,2022-04,2,630,2
B6,LAX,EWR,2022,4,735,15,10,0.0,frozenset({1374}),1374,0.6666666666666666,True,2022-04,1,779,1
B6,JFK,TPA,2022,4,1200,30,16,6.0,frozenset({2125}),2125,0.5333333333333333,True,2022-04,1,780,1
F9,MCO,TTN,2022,4,1269,30,19,2.0,frozenset({800}),800,0.6333333333333333,True,2022-04,1,781,1
B6,LAS,JFK,2022,4,1392,24,17,3.0,frozenset({2348}),2348,0.7083333333333334,True,2022-04,1,782,1
F9,FLL,SWF,2022,4,1000,11,7,1.0,frozenset({2634}),2634,0.6363636363636364,True,2022-04,2,640,2
F9,MCO,SYR,2022,4,1027,17,9,2.0,frozenset({1214}),1214,0.5294117647058824,True,2022-04,1,783,1
DL,LGA,MCO,2022,4,1019,25,19,1.0,"frozenset({1397, 1149})",1149,0.76,True,2022-04,1,784,1
B6,PBI,DCA,2022,4,1080,30,18,4.0,frozenset({2534}),2534,0.6,True,2022-04,1,785,1
B6,LAS,EWR,2022,4,1295,21,13,1.0,frozenset({956}),956,0.6190476190476191,True,2022-04,1,786,1
F9,BOS,MIA,2022,4,774,15,11,1.0,frozenset({2939}),2939,0.7333333333333333,True,2022-04,2,408,2
B6,TPA,JFK,2022,4,1105,29,22,4.0,frozenset({426}),426,0.7586206896551724,True,2022-04,1,787,1
B6,TPA,JFK,2022,4,1285,25,15,1.0,frozenset({2126}),2126,0.6,True,2022-04,3,370,3
OO,MSP,GRB,2022,4,955,11,6,0.0,frozenset({4163}),4163,0.5454545454545454,True,2022-04,1,788,1
B6,SLC,MCO,2022,4,992,30,16,1.0,frozenset({802}),802,0.5333333333333333,True,2022-04,1,789,1
F9,FLL,PHL,2022,4,1151,15,12,0.0,frozenset({2294}),2294,0.8,True,2022-04,2,613,2
B6,PBI,BOS,2022,4,1285,27,16,3.0,frozenset({1922}),1922,0.5925925925925926,True,2022-04,3,295,3
B6,PBI,BOS,2022,4,965,27,17,2.0,frozenset({522}),522,0.6296296296296297,True,2022-04,1,790,1
B6,MCO,SLC,2022,4,765,30,20,1.0,frozenset({801}),801,0.6666666666666666,True,2022-04,1,791,1
F9,MCO,TTN,2022,4,455,17,11,2.0,frozenset({804}),804,0.6470588235294118,True,2022-04,1,792,1
F9,FLL,MCO,2022,4,884,16,12,1.0,frozenset({1331}),1331,0.75,True,2022-04,2,616,3
F9,ALB,MCO,2022,4,1078,15,8,1.0,frozenset({1007}),1007,0.5333333333333333,True,2022-04,2,418,2
F9,FLL,ISP,2022,4,697,15,10,1.0,frozenset({2846}),2846,0.6666666666666666,True,2022-04,3,394,3
WN,DEN,PDX,2022,4,1320,24,15,0.0,frozenset({270}),270,0.625,True,2022-04,1,793,1
WN,DEN,MCI,2022,4,1230,25,14,1.0,"frozenset({2546, 2163})",2163,0.56,True,2022-04,1,794,1
B6,LGA,JAX,2022,4,930,30,17,3.0,frozenset({2339}),2339,0.5666666666666667,True,2022-04,1,795,1
B6,SJU,FLL,2022,4,1294,30,23,1.0,frozenset({2054}),2054,0.7666666666666667,True,2022-04,1,796,1
B6,MCO,PVD,2022,4,1334,30,18,1.0,frozenset({2376}),2376,0.6,True,2022-04,1,797,1
B6,MCO,EWR,2022,4,835,29,18,5.0,frozenset({1828}),1828,0.6206896551724138,True,2022-04,1,798,1
WN,LAS,FAT,2022,4,860,24,13,0.0,frozenset({197}),197,0.5416666666666666,True,2022-04,1,799,1
WN,DEN,BWI,2022,4,950,25,15,0.0,"frozenset({729, 3690, 1259})",1259,0.6,True,2022-04,1,800,2
B6,RSW,JFK,2022,4,757,30,16,6.0,frozenset({930}),930,0.5333333333333333,True,2022-04,1,801,1
B6,RSW,JFK,2022,4,1006,29,16,5.0,frozenset({2030}),2030,0.5517241379310345,True,2022-04,1,802,1
B6,RSW,JFK,2022,4,1143,25,17,4.0,frozenset({1630}),1630,0.68,True,2022-04,1,803,1
F9,ISP,TPA,2022,4,1103,25,14,2.0,frozenset({2519}),2519,0.56,True,2022-04,1,804,1
WN,LAS,GEG,2022,4,1290,25,13,0.0,"frozenset({3777, 899})",899,0.52,True,2022-04,1,805,1
B6,PHX,EWR,2022,4,1350,19,12,4.0,frozenset({840}),840,0.631578947368421,True,2022-04,1,806,1
WN,LAS,HOU,2022,4,1200,26,14,1.0,"frozenset({1660, 4031})",1660,0.5384615384615384,True,2022-04,1,807,1
B6,MCO,EWR,2022,4,1005,25,14,1.0,frozenset({928}),928,0.56,True,2022-04,1,808,2
F9,MCO,LGA,2022,4,872,29,17,2.0,frozenset({1334}),1334,0.5862068965517241,True,2022-04,2,464,2
B6,MCO,LGA,2022,4,1058,30,19,4.0,frozenset({798}),798,0.6333333333333333,True,2022-04,1,809,6
F9,BUF,RSW,2022,4,912,15,8,1.0,frozenset({911}),911,0.5333333333333333,True,2022-04,2,490,2
F9,BUF,RSW,2022,4,854,11,7,1.0,frozenset({911}),911,0.6363636363636364,True,2022-04,2,490,2
B6,MCO,LGA,2022,4,1231,30,16,4.0,frozenset({1998}),1998,0.5333333333333333,True,2022-04,1,810,2
F9,CLE,DEN,2022,4,1196,11,6,1.0,frozenset({525}),525,0.5454545454545454,True,2022-04,1,811,1
F9,MCO,MIA,2022,4,1366,17,13,1.0,"frozenset({1281, 1285, 1279})",1279,0.7647058823529411,True,2022-04,2,496,2
F9,MCO,CLE,2022,4,1345,30,21,0.0,frozenset({1044}),1044,0.7,True,2022-04,1,812,2
F9,MCO,CLE,2022,4,932,26,15,0.0,frozenset({1042}),1042,0.5769230769230769,True,2022-04,1,813,1
F9,MCO,BWI,2022,4,1335,30,18,2.0,"frozenset({1242, 1244})",1244,0.6,True,2022-04,2,521,2
B6,RSW,PVD,2022,4,1240,30,19,3.0,frozenset({1492}),1492,0.6333333333333333,True,2022-04,1,814,1
WN,DAL,LAS,2022,4,1035,24,13,1.0,frozenset({2150}),2150,0.5416666666666666,True,2022-04,1,815,1
DL,PBI,BOS,2022,4,1199,11,6,1.0,frozenset({1702}),1702,0.5454545454545454,True,2022-04,1,816,1
B6,RSW,HPN,2022,4,1155,30,22,5.0,frozenset({252}),252,0.7333333333333333,True,2022-04,1,817,1
B6,RSW,EWR,2022,4,906,29,18,5.0,frozenset({1712}),1712,0.6206896551724138,True,2022-04,3,260,3
F9,MCO,DTW,2022,4,1044,10,7,0.0,frozenset({1070}),1070,0.7,True,2022-04,1,818,1
B6,RDU,FLL,2022,4,1135,11,6,2.0,frozenset({2625}),2625,0.5454545454545454,True,2022-04,1,819,1
WN,FLL,MDW,2022,4,1200,28,16,0.0,"frozenset({3049, 2623})",2623,0.5714285714285714,True,2022-04,1,820,2
B6,RDU,EWR,2022,4,1141,18,15,5.0,frozenset({2428}),2428,0.8333333333333334,True,2022-04,3,309,3
F9,MCO,DEN,2022,4,1301,14,9,1.0,"frozenset({683, 679})",683,0.6428571428571429,True,2022-04,1,821,1
B6,RIC,MCO,2022,4,1280,22,16,4.0,frozenset({2569}),2569,0.7272727272727273,True,2022-04,1,822,1
B6,MCO,JFK,2022,4,1277,30,21,1.0,frozenset({284}),284,0.7,True,2022-04,1,823,6
B6,MCO,JFK,2022,4,1005,31,16,6.0,"frozenset({418, 2884, 84})",2884,0.5161290322580645,True,2022-04,1,824,1
B6,MCO,JFK,2022,4,825,32,18,4.0,"frozenset({784, 684})",784,0.5625,True,2022-04,1,825,1
B6,MCO,JFK,2022,4,715,31,18,2.0,"frozenset({1984, 84})",1984,0.5806451612903226,True,2022-04,1,826,1
B6,MCO,EWR,2022,4,1345,30,16,3.0,frozenset({2828}),2828,0.5333333333333333,True,2022-04,1,827,1
F9,LGA,MCO,2022,4,1078,29,20,2.0,frozenset({1335}),1335,0.6896551724137931,True,2022-04,2,720,2
B6,RSW,BDL,2022,4,871,25,15,1.0,frozenset({2004}),2004,0.6,True,2022-04,1,828,1
F9,MCO,ISP,2022,4,1325,30,18,3.0,"frozenset({1088, 1098})",1098,0.6,True,2022-04,2,534,2
B6,MCO,HPN,2022,4,1235,30,16,8.0,frozenset({2194}),2194,0.5333333333333333,True,2022-04,1,829,1
DL,MIA,LGA,2022,4,951,25,13,0.0,frozenset({729}),729,0.52,True,2022-04,1,830,1
UA,EWR,PWM,2022,4,1275,16,10,2.0,frozenset({1747}),1747,0.625,True,2022-04,1,831,3
B6,RSW,BOS,2022,4,840,28,15,1.0,frozenset({866}),866,0.5357142857142857,True,2022-04,1,832,1
B6,RSW,BOS,2022,4,980,14,8,0.0,frozenset({266}),266,0.5714285714285714,True,2022-04,1,833,1
B6,RSW,BOS,2022,4,1135,25,16,0.0,frozenset({1766}),1766,0.64,True,2022-04,2,590,2
B6,PHX,JFK,2022,4,1360,29,15,1.0,frozenset({136}),136,0.5172413793103449,True,2022-04,2,734,2
F9,MCO,LAS,2022,4,1367,15,15,0.0,frozenset({1103}),1103,1.0,True,2022-04,2,476,2
B6,PVD,RSW,2022,4,988,30,19,2.0,frozenset({1491}),1491,0.6333333333333333,True,2022-04,1,834,1
WN,DEN,SFO,2022,4,910,24,14,0.0,frozenset({2374}),2374,0.5833333333333334,True,2022-04,1,835,1
B6,MCO,BOS,2022,4,1160,30,16,0.0,frozenset({1152}),1152,0.5333333333333333,True,2022-04,1,836,2
B6,MCO,BOS,2022,4,1102,28,18,6.0,"frozenset({352, 2452, 2852})",352,0.6428571428571429,True,2022-04,1,837,1
B6,SJU,DCA,2022,4,1086,30,21,4.0,frozenset({1348}),1348,0.7,True,2022-04,1,838,1
B6,PBI,LGA,2022,4,665,31,17,3.0,"frozenset({2762, 62})",62,0.5483870967741935,True,2022-04,1,839,1
F9,MCO,PVD,2022,4,478,15,9,0.0,frozenset({1182}),1182,0.6,True,2022-04,1,840,1
F9,MCO,PWM,2022,4,992,12,8,2.0,frozenset({1186}),1186,0.6666666666666666,True,2022-04,2,479,2
B6,SJU,EWR,2022,4,80,28,15,5.0,frozenset({2890}),2890,0.5357142857142857,True,2022-04,1,841,1
B6,PBI,JFK,2022,4,1031,30,19,3.0,frozenset({854}),854,0.6333333333333333,True,2022-04,2,724,2
B6,LGA,MCO,2022,4,1319,30,20,5.0,frozenset({499}),499,0.6666666666666666,True,2022-04,1,842,1
F9,MCO,BUF,2022,4,1271,26,14,1.0,"frozenset({1040, 1036})",1040,0.5384615384615384,True,2022-04,1,843,1
B6,LGA,MCO,2022,4,815,30,16,1.0,frozenset({399}),399,0.5333333333333333,True,2022-04,1,844,1
B6,PBI,JFK,2022,4,855,30,18,2.0,frozenset({954}),954,0.6,True,2022-04,1,845,1
F9,BDL,MCO,2022,4,1253,28,16,2.0,"frozenset({1209, 1205, 1207})",1207,0.5714285714285714,True,2022-04,1,846,1
B6,SJU,JFK,2022,4,798,40,22,5.0,"frozenset({904, 704})",904,0.55,True,2022-04,1,847,1
B6,SJU,JFK,2022,4,1078,37,20,4.0,"frozenset({2404, 830})",2404,0.5405405405405406,True,2022-04,2,638,2
F9,MCO,BOS,2022,4,1260,25,15,1.0,frozenset({1240}),1240,0.6,True,2022-04,2,452,2
B6,SJU,MCO,2022,4,1101,30,23,1.0,frozenset({1134}),1134,0.7666666666666667,True,2022-04,1,848,1
F9,BDL,SJU,2022,4,630,11,6,0.0,frozenset({115}),115,0.5454545454545454,True,2022-04,1,849,2
F9,MCO,SJU,2022,4,1206,30,17,1.0,frozenset({104}),104,0.5666666666666667,True,2022-04,2,474,3
WN,DEN,SJC,2022,4,1285,25,15,0.0,"frozenset({2153, 2281})",2281,0.6,True,2022-04,1,850,1
WN,DEN,SJC,2022,4,995,25,14,0.0,"frozenset({955, 606})",606,0.56,True,2022-04,1,851,1
WN,DEN,MDW,2022,4,975,29,15,0.0,"frozenset({2544, 17, 3826})",2544,0.5172413793103449,True,2022-04,1,852,1
B6,LGA,JAX,2022,4,1289,30,20,3.0,frozenset({539}),539,0.6666666666666666,True,2022-04,1,853,1
F9,CVG,RSW,2022,4,911,19,11,2.0,frozenset({1745}),1745,0.5789473684210527,True,2022-04,1,854,1
WN,DEN,BZN,2022,4,1225,25,15,1.0,"frozenset({2575, 3709, 3871})",2575,0.6,True,2022-04,1,855,1
WN,HNL,KOA,2022,4,875,30,18,0.0,"frozenset({1387, 1301})",1301,0.6,True,2022-04,1,856,1
B6,PBI,LGA,2022,4,1196,30,23,2.0,frozenset({1262}),1262,0.7666666666666667,True,2022-04,2,709,2
F9,MCO,PHL,2022,4,1378,27,18,1.0,"frozenset({1168, 1164})",1168,0.6666666666666666,True,2022-04,2,491,2
B6,MCO,BOS,2022,4,710,22,12,3.0,"frozenset({1952, 2552})",1952,0.5454545454545454,True,2022-04,1,857,1
UA,EWR,PBI,2022,4,1187,30,16,1.0,frozenset({1697}),1697,0.5333333333333333,True,2022-04,1,858,1
WN,LAS,MAF,2022,4,1045,24,16,0.0,frozenset({934}),934,0.6666666666666666,True,2022-04,1,859,1
B6,MCO,BDL,2022,4,1250,23,14,5.0,frozenset({238}),238,0.6086956521739131,True,2022-04,1,860,1
B6,MCO,BDL,2022,4,1047,30,21,0.0,frozenset({438}),438,0.7,True,2022-04,3,251,3
DL,MCO,LGA,2022,4,1130,25,13,1.0,"frozenset({1649, 1188})",1188,0.52,True,2022-04,1,861,1
F9,CLE,PHX,2022,4,1133,26,19,0.0,frozenset({2415}),2415,0.7307692307692307,True,2022-04,2,696,2
F9,CVG,MCO,2022,4,1191,12,8,1.0,"frozenset({1065, 1061, 1063})",1063,0.6666666666666666,True,2022-04,1,862,1
B6,SAV,JFK,2022,4,1133,22,13,3.0,frozenset({342}),342,0.5909090909090909,True,2022-04,1,863,1
F9,MCO,ORD,2022,4,1363,23,12,1.0,"frozenset({1154, 1156})",1154,0.5217391304347826,True,2022-04,2,489,2
B6,LGA,PBI,2022,4,1170,28,17,6.0,frozenset({1061}),1061,0.6071428571428571,True,2022-04,1,864,1
F9,MCO,ORF,2022,4,1104,16,10,2.0,frozenset({1158}),1158,0.625,True,2022-04,1,865,1
F9,CVG,MIA,2022,4,1090,11,6,0.0,frozenset({1771}),1771,0.5454545454545454,True,2022-04,1,866,1
B6,LGA,SRQ,2022,4,909,28,15,5.0,frozenset({2331}),2331,0.5357142857142857,True,2022-04,2,501,4
WN,DEN,MCO,2022,4,930,25,17,1.0,"frozenset({3688, 1681, 3994})",1681,0.68,True,2022-04,1,867,1
F9,MCO,PHL,2022,4,1020,13,9,0.0,"frozenset({1194, 1178, 1172})",1178,0.6923076923076923,True,2022-04,2,487,2
B6,LGA,RSW,2022,4,900,30,22,2.0,frozenset({2061}),2061,0.7333333333333333,True,2022-04,1,868,1
B6,SEA,FLL,2022,4,1417,13,9,3.0,frozenset({414}),414,0.6923076923076923,True,2022-04,1,869,1
DL,MCO,DTW,2022,4,1259,14,8,1.0,frozenset({2840}),2840,0.5714285714285714,True,2022-04,1,870,1
WN,KOA,OGG,2022,4,970,30,17,1.0,"frozenset({1388, 1303})",1303,0.5666666666666667,True,2022-04,1,871,1
F9,ISP,FLL,2022,4,916,15,11,1.0,frozenset({2847}),2847,0.7333333333333333,True,2022-04,2,569,2
F9,MCO,PHL,2022,4,1205,15,8,1.0,"frozenset({1176, 1162, 1180})",1180,0.5333333333333333,True,2022-04,2,488,3
F9,ISP,MCO,2022,4,1039,12,7,1.0,"frozenset({1097, 1099, 1101})",1101,0.5833333333333334,True,2022-04,2,564,2
F9,MCO,ATL,2022,4,435,15,8,0.0,frozenset({1013}),1013,0.5333333333333333,True,2022-04,1,872,1
WN,LAS,ABQ,2022,4,1315,25,19,0.0,"frozenset({1626, 679})",679,0.76,True,2022-04,1,873,1
B6,JFK,SJU,2022,4,1379,30,22,3.0,frozenset({2103}),2103,0.7333333333333333,True,2022-04,1,874,1
NK,DFW,TPA,2022,4,1235,19,10,2.0,frozenset({812}),812,0.5263157894736842,True,2022-04,2,561,2
NK,DFW,PHX,2022,4,1335,13,8,3.0,frozenset({1971}),1971,0.6153846153846154,True,2022-04,2,557,2
NK,DFW,ORD,2022,4,1120,19,14,3.0,frozenset({186}),186,0.7368421052631579,True,2022-04,2,556,2
WN,SNA,SMF,2022,4,1075,24,13,0.0,frozenset({1302}),1302,0.5416666666666666,True,2022-04,1,875,1
NK,DFW,LGA,2022,4,1120,19,13,4.0,frozenset({2720}),2720,0.6842105263157895,True,2022-04,3,315,3
NK,DFW,LAS,2022,4,1259,26,15,1.0,"frozenset({360, 2954})",360,0.5769230769230769,True,2022-04,3,246,3
NK,DFW,FLL,2022,4,1150,10,8,1.0,frozenset({1972}),1972,0.8,True,2022-04,1,876,1
UA,EWR,AUS,2022,4,1216,25,14,1.0,frozenset({676}),676,0.56,True,2022-04,1,877,1
AA,ORD,EWR,2022,4,1079,30,17,1.0,"frozenset({552, 642})",552,0.5666666666666667,True,2022-04,1,878,3
NK,DFW,ATL,2022,4,1319,19,12,2.0,frozenset({163}),163,0.631578947368421,True,2022-04,1,879,1
NK,DTW,LAX,2022,4,1385,17,9,5.0,frozenset({706}),706,0.5294117647058824,True,2022-04,1,880,1
NK,DEN,MIA,2022,4,811,15,8,2.0,frozenset({3139}),3139,0.5333333333333333,True,2022-04,1,881,1
WN,SJC,LAS,2022,4,1180,25,20,0.0,"frozenset({1693, 679})",679,0.8,True,2022-04,1,882,1
AA,ORD,LGA,2022,4,990,29,16,1.0,"frozenset({868, 325})",325,0.5517241379310345,True,2022-04,1,883,2
NK,CMH,LAS,2022,4,850,19,15,5.0,frozenset({205}),205,0.7894736842105263,True,2022-04,1,884,1
NK,CMH,FLL,2022,4,775,16,10,2.0,frozenset({445}),445,0.625,True,2022-04,1,885,1
WN,SJC,BUR,2022,4,1255,26,14,0.0,"frozenset({146, 3910, 2151})",2151,0.5384615384615384,True,2022-04,1,886,1
WN,SFO,LAS,2022,4,1045,25,13,0.0,"frozenset({2101, 2375})",2375,0.52,True,2022-04,1,887,1
WN,SEA,SJC,2022,4,1005,24,16,0.0,frozenset({679}),679,0.6666666666666666,True,2022-04,1,888,1
NK,CLE,LAS,2022,4,783,19,11,3.0,frozenset({1069}),1069,0.5789473684210527,True,2022-04,1,889,1
NK,CAK,TPA,2022,4,1177,10,7,3.0,frozenset({273}),273,0.7,True,2022-04,2,598,2
NK,CAK,RSW,2022,4,1106,11,8,5.0,frozenset({2055}),2055,0.7272727272727273,True,2022-04,2,596,2
NK,DEN,FLL,2022,4,888,17,9,1.0,frozenset({1369}),1369,0.5294117647058824,True,2022-04,2,560,2
WN,SBA,OAK,2022,4,1025,26,15,0.0,"frozenset({761, 2156, 46})",761,0.5769230769230769,True,2022-04,1,890,1
NK,EWR,ATL,2022,4,1037,19,14,4.0,frozenset({1173}),1173,0.7368421052631579,True,2022-04,2,563,2
NK,EWR,FLL,2022,4,1198,15,9,0.0,frozenset({525}),525,0.6,True,2022-04,1,891,1
NK,IND,MCO,2022,4,360,13,7,6.0,frozenset({317}),317,0.5384615384615384,True,2022-04,1,892,1
NK,IND,LAS,2022,4,970,19,10,5.0,frozenset({533}),533,0.5263157894736842,True,2022-04,1,893,1
NK,IND,FLL,2022,4,1075,19,12,3.0,frozenset({2352}),2352,0.631578947368421,True,2022-04,1,894,1
NK,IAH,MCO,2022,4,1101,18,11,4.0,frozenset({1156}),1156,0.6111111111111112,True,2022-04,1,895,1
NK,IAH,EWR,2022,4,959,11,6,0.0,frozenset({1870}),1870,0.5454545454545454,True,2022-04,1,896,2
NK,IAH,EWR,2022,4,908,19,14,8.0,frozenset({712}),712,0.7368421052631579,True,2022-04,2,650,3
NK,IAH,EWR,2022,4,753,11,8,3.0,frozenset({684}),684,0.7272727272727273,True,2022-04,2,649,2
AA,LGA,DFW,2022,4,1109,25,13,3.0,"frozenset({541, 1445})",1445,0.52,True,2022-04,1,897,1
NK,FLL,PHL,2022,4,1352,18,10,4.0,frozenset({1810}),1810,0.5555555555555556,True,2022-04,1,898,1
NK,FLL,ORD,2022,4,997,30,18,2.0,frozenset({6}),6,0.6,True,2022-04,1,899,1
NK,EWR,BNA,2022,4,1230,10,9,4.0,frozenset({1174}),1174,0.9,True,2022-04,2,566,2
NK,FLL,MCO,2022,4,1320,30,17,1.0,frozenset({676}),676,0.5666666666666667,True,2022-04,2,645,3
NK,FLL,IAH,2022,4,1345,19,10,1.0,frozenset({257}),257,0.5263157894736842,True,2022-04,1,900,1
NK,FLL,EWR,2022,4,960,18,11,1.0,frozenset({1215}),1215,0.6111111111111112,True,2022-04,1,901,1
NK,FLL,DTW,2022,4,1135,18,12,1.0,frozenset({380}),380,0.6666666666666666,True,2022-04,1,902,1
WN,TPA,DAL,2022,4,1210,24,13,0.0,frozenset({2767}),2767,0.5416666666666666,True,2022-04,1,903,1
NK,FLL,DFW,2022,4,1015,30,17,1.0,"frozenset({971, 469, 1966})",971,0.5666666666666667,True,2022-04,1,904,1
NK,FLL,BOS,2022,4,1325,12,7,2.0,frozenset({610}),610,0.5833333333333334,True,2022-04,1,905,1
NK,EWR,MYR,2022,4,1070,11,9,3.0,frozenset({54}),54,0.8181818181818182,True,2022-04,2,576,2
WN,STL,MIA,2022,4,885,24,13,1.0,"frozenset({18, 2450})",18,0.5416666666666666,True,2022-04,1,906,1
NK,EWR,LAS,2022,4,580,14,8,5.0,frozenset({196}),196,0.5714285714285714,True,2022-04,1,907,1
NK,EWR,IAH,2022,4,682,19,10,6.0,frozenset({703}),703,0.5263157894736842,True,2022-04,1,908,2
WN,TPA,MDW,2022,4,1200,29,15,2.0,"frozenset({1296, 5606, 3223})",1296,0.5172413793103449,True,2022-04,1,909,1
NK,IND,TPA,2022,4,421,19,12,7.0,"frozenset({1920, 1881})",1920,0.631578947368421,True,2022-04,1,910,1
NK,CAK,MCO,2022,4,460,15,8,5.0,frozenset({387}),387,0.5333333333333333,True,2022-04,1,911,1
NK,BWI,MCO,2022,4,790,13,8,1.0,frozenset({2004}),2004,0.6153846153846154,True,2022-04,1,912,1
NK,ACY,PBI,2022,4,681,13,7,3.0,frozenset({151}),151,0.5384615384615384,True,2022-04,1,913,1
NK,ACY,MIA,2022,4,651,11,7,1.0,frozenset({3104}),3104,0.6363636363636364,True,2022-04,1,914,1
WN,PHX,IND,2022,4,1185,24,14,0.0,frozenset({2156}),2156,0.5833333333333334,True,2022-04,1,915,1
WN,AUS,LAS,2022,4,1110,25,15,1.0,"frozenset({2689, 1468})",2689,0.6,True,2022-04,1,916,1
WN,PHX,ELP,2022,4,1360,25,17,0.0,"frozenset({2308, 2733})",2733,0.68,True,2022-04,1,917,2
UA,ATL,EWR,2022,4,1064,25,15,0.0,frozenset({786}),786,0.6,True,2022-04,1,918,1
WN,PHX,DEN,2022,4,1170,25,14,0.0,"frozenset({801, 1596})",801,0.56,True,2022-04,1,919,1
UA,IAD,EWR,2022,4,1029,21,14,4.0,frozenset({1156}),1156,0.6666666666666666,True,2022-04,1,920,3
AS,EWR,SFO,2022,4,1185,29,15,0.0,frozenset({375}),375,0.5172413793103449,True,2022-04,1,921,2
WN,PDX,SJC,2022,4,1030,24,13,0.0,frozenset({2676}),2676,0.5416666666666666,True,2022-04,1,922,1
NK,ATL,DFW,2022,4,1317,19,10,2.0,frozenset({233}),233,0.5263157894736842,True,2022-04,1,923,1
WN,BNA,MIA,2022,4,1260,25,14,1.0,"frozenset({1195, 3991})",1195,0.56,True,2022-04,1,924,1
WN,BWI,ALB,2022,4,1305,25,14,0.0,"frozenset({154, 3446})",154,0.56,True,2022-04,1,925,2
WN,BWI,BDL,2022,4,1300,24,19,0.0,frozenset({444}),444,0.7916666666666666,True,2022-04,1,926,2
UA,EWR,BUF,2022,4,1185,30,16,1.0,frozenset({1928}),1928,0.5333333333333333,True,2022-04,1,927,1
AS,ORD,SEA,2022,4,430,18,12,5.0,frozenset({1011}),1011,0.6666666666666666,True,2022-04,1,928,1
WN,OAK,SAN,2022,4,1115,29,15,0.0,"frozenset({2365, 2517, 2686})",2686,0.5172413793103449,True,2022-04,1,929,2
AS,PDX,EWR,2022,4,650,30,18,2.0,frozenset({28}),28,0.6,True,2022-04,1,930,1
WN,OAK,LAX,2022,4,1130,25,13,0.0,"frozenset({4177, 1433})",1433,0.52,True,2022-04,1,931,1
WN,OAK,LAS,2022,4,1185,24,14,0.0,frozenset({4358}),4358,0.5833333333333334,True,2022-04,1,932,1
WN,OAK,GEG,2022,4,1255,24,13,0.0,frozenset({2545}),2545,0.5416666666666666,True,2022-04,1,933,1
WN,BWI,BUF,2022,4,1305,26,15,0.0,"frozenset({4050, 6954, 2695})",2695,0.5769230769230769,True,2022-04,1,934,2
WN,BUR,LAS,2022,4,990,29,17,1.0,"frozenset({3937, 148, 3349})",148,0.5862068965517241,True,2022-04,1,935,1
NK,BWI,MIA,2022,4,1275,19,11,3.0,frozenset({3110}),3110,0.5789473684210527,True,2022-04,1,936,1
NK,ATL,EWR,2022,4,594,19,10,5.0,frozenset({99}),99,0.5263157894736842,True,2022-04,1,937,1
NK,ATL,LAX,2022,4,395,19,10,6.0,frozenset({628}),628,0.5263157894736842,True,2022-04,1,938,1
UA,BOS,EWR,2022,4,1060,25,15,3.0,frozenset({792}),792,0.6,True,2022-04,1,939,2
NK,BWI,LAS,2022,4,1190,11,6,0.0,frozenset({691}),691,0.5454545454545454,True,2022-04,1,940,1
NK,BOS,TPA,2022,4,771,15,8,2.0,frozenset({297}),297,0.5333333333333333,True,2022-04,1,941,1
WN,RSW,MDW,2022,4,1145,29,15,2.0,"frozenset({1600, 356, 3494})",1600,0.5172413793103449,True,2022-04,1,942,1
AA,PIT,MIA,2022,4,1044,11,6,0.0,frozenset({1075}),1075,0.5454545454545454,True,2022-04,1,943,1
NK,BOS,LAS,2022,4,1095,25,14,4.0,frozenset({641}),641,0.56,True,2022-04,1,944,1
WN,RSW,BWI,2022,4,1275,24,14,0.0,frozenset({1488}),1488,0.5833333333333334,True,2022-04,1,945,1
WN,RNO,LAS,2022,4,1190,29,16,0.0,"frozenset({1656, 3490, 2932})",1656,0.5517241379310345,True,2022-04,1,946,1
NK,BNA,MCO,2022,4,1076,13,7,5.0,"frozenset({1945, 2961, 1947})",1947,0.5384615384615384,True,2022-04,1,947,1
NK,BNA,FLL,2022,4,1166,11,6,1.0,frozenset({1961}),1961,0.5454545454545454,True,2022-04,2,585,2
NK,ATL,LAS,2022,4,1284,17,11,3.0,frozenset({805}),805,0.6470588235294118,True,2022-04,1,948,1
NK,BDL,TPA,2022,4,1246,13,7,4.0,frozenset({455}),455,0.5384615384615384,True,2022-04,1,949,1
WN,PHX,SMF,2022,4,1305,25,18,1.0,"frozenset({2490, 743})",743,0.72,True,2022-04,1,950,2
NK,AUS,FLL,2022,4,1282,19,10,3.0,frozenset({512}),512,0.5263157894736842,True,2022-04,1,951,1
WN,PHX,SLC,2022,4,1340,25,13,1.0,"frozenset({2804, 1087})",2804,0.52,True,2022-04,1,952,1
NK,AUS,EWR,2022,4,979,11,7,0.0,frozenset({2308}),2308,0.6363636363636364,True,2022-04,1,953,2
NK,ATL,TPA,2022,4,985,19,11,4.0,frozenset({1104}),1104,0.5789473684210527,True,2022-04,1,954,1
NK,ATL,PHL,2022,4,1020,19,11,7.0,frozenset({600}),600,0.5789473684210527,True,2022-04,1,955,1
NK,ATL,ORD,2022,4,910,19,13,2.0,frozenset({762}),762,0.6842105263157895,True,2022-04,1,956,1
WN,PHX,OAK,2022,4,1090,24,13,0.0,frozenset({1727}),1727,0.5416666666666666,True,2022-04,1,957,1
NK,ATL,LAX,2022,4,1286,19,14,5.0,frozenset({1301}),1301,0.7368421052631579,True,2022-04,1,958,1
WN,PHX,MSY,2022,4,1195,24,14,0.0,frozenset({1070}),1070,0.5833333333333334,True,2022-04,1,959,1
NK,BDL,MYR,2022,4,1320,14,8,3.0,frozenset({2256}),2256,0.5714285714285714,True,2022-04,1,960,1
NK,LAS,ATL,2022,4,1330,19,13,5.0,frozenset({806}),806,0.6842105263157895,True,2022-04,1,961,1
YX,ATL,HHH,2022,4,915,10,6,0.0,frozenset({5835}),5835,0.6,True,2022-04,1,962,1
NK,LAS,CLE,2022,4,1360,19,10,3.0,frozenset({1168}),1168,0.5263157894736842,True,2022-04,1,963,1
NK,SDF,LAS,2022,4,820,19,10,5.0,frozenset({1201}),1201,0.5263157894736842,True,2022-04,1,964,1
NK,SAN,LAS,2022,4,1106,18,10,3.0,frozenset({260}),260,0.5555555555555556,True,2022-04,1,965,1
NK,RSW,SDF,2022,4,949,10,6,5.0,frozenset({1530}),1530,0.6,True,2022-04,1,966,1
NK,RSW,DTW,2022,4,1240,14,9,1.0,"frozenset({1195, 3316, 1533, 1159})",1533,0.6428571428571429,True,2022-04,1,967,1
NK,RSW,DTW,2022,4,1077,11,6,4.0,"frozenset({1533, 1150, 1159})",1159,0.5454545454545454,True,2022-04,1,968,1
NK,RSW,DTW,2022,4,780,15,8,3.0,frozenset({3316}),3316,0.5333333333333333,True,2022-04,1,969,1
NK,RSW,CLE,2022,4,989,15,10,7.0,frozenset({960}),960,0.6666666666666666,True,2022-04,2,580,2
NK,RSW,CAK,2022,4,879,11,9,4.0,frozenset({2054}),2054,0.8181818181818182,True,2022-04,2,586,2
NK,RSW,BDL,2022,4,1089,15,10,3.0,frozenset({1331}),1331,0.6666666666666666,True,2022-04,1,970,1
NK,PNS,MCO,2022,4,1115,18,11,5.0,frozenset({1312}),1312,0.6111111111111112,True,2022-04,1,971,1
NK,SDF,RSW,2022,4,1134,10,6,5.0,frozenset({1531}),1531,0.6,True,2022-04,1,972,1
NK,PIT,TPA,2022,4,1099,19,11,4.0,frozenset({291}),291,0.5789473684210527,True,2022-04,1,973,1
NK,PHL,SJU,2022,4,430,11,6,5.0,frozenset({1353}),1353,0.5454545454545454,True,2022-04,1,974,1
NK,PHL,MCO,2022,4,1285,19,12,4.0,frozenset({753}),753,0.631578947368421,True,2022-04,1,975,1
NK,PHL,LAX,2022,4,1180,11,9,4.0,frozenset({267}),267,0.8181818181818182,True,2022-04,1,976,1
NK,PHL,FLL,2022,4,1061,15,9,2.0,frozenset({1009}),1009,0.6,True,2022-04,1,977,1
NK,PBI,ACY,2022,4,881,13,7,3.0,frozenset({152}),152,0.5384615384615384,True,2022-04,1,978,1
NK,ORD,RSW,2022,4,845,14,8,3.0,"frozenset({923, 2159})",923,0.5714285714285714,True,2022-04,1,979,1
NK,ORD,PHX,2022,4,990,17,11,2.0,"frozenset({1000, 1167})",1167,0.6470588235294118,True,2022-04,1,980,1
NK,ORD,MSY,2022,4,980,11,6,0.0,frozenset({815}),815,0.5454545454545454,True,2022-04,1,981,1
YX,EWR,MYR,2022,4,1256,26,17,3.0,frozenset({3573}),3573,0.6538461538461539,True,2022-04,1,982,1
NK,ORD,LAS,2022,4,1314,19,12,3.0,frozenset({245}),245,0.631578947368421,True,2022-04,1,983,1
NK,PHX,ORD,2022,4,1152,15,8,2.0,"frozenset({1001, 1366})",1366,0.5333333333333333,True,2022-04,2,604,2
NK,ORD,DFW,2022,4,943,19,15,3.0,frozenset({903}),903,0.7894736842105263,True,2022-04,2,651,2
YX,EYW,EWR,2022,4,977,30,16,1.0,frozenset({3476}),3476,0.5333333333333333,True,2022-04,1,984,2
NK,STT,MCO,2022,4,818,11,7,1.0,frozenset({277}),277,0.6363636363636364,True,2022-04,1,985,2
9E,EWR,RDU,2022,4,1230,25,14,1.0,frozenset({5433}),5433,0.56,True,2022-04,1,986,1
YX,RDU,LGA,2022,4,1175,25,14,0.0,frozenset({5626}),5626,0.56,True,2022-04,1,987,1
9E,RDU,EWR,2022,4,1075,25,15,1.0,frozenset({5505}),5505,0.6,True,2022-04,1,988,1
YX,PWM,EWR,2022,4,1151,21,14,4.0,frozenset({3691}),3691,0.6666666666666666,True,2022-04,1,989,1
OH,PHL,PWM,2022,4,1130,26,15,4.0,frozenset({5083}),5083,0.5769230769230769,True,2022-04,1,990,1
UA,MIA,EWR,2022,4,933,30,18,0.0,frozenset({2147}),2147,0.6,True,2022-04,1,991,2
YX,ORF,EWR,2022,4,1031,25,15,5.0,frozenset({3659}),3659,0.6,True,2022-04,1,992,1
OH,DCA,PWM,2022,4,1334,27,16,4.0,"frozenset({5347, 5027})",5027,0.5925925925925926,True,2022-04,1,993,1
OH,DCA,PWM,2022,4,1025,22,12,4.0,frozenset({5621}),5621,0.5454545454545454,True,2022-04,1,994,1
YX,MYR,EWR,2022,4,1135,25,13,2.0,frozenset({3710}),3710,0.52,True,2022-04,1,995,1
NK,STL,LAS,2022,4,1185,19,12,3.0,frozenset({1145}),1145,0.631578947368421,True,2022-04,1,996,1
UA,PBI,EWR,2022,4,711,25,13,2.0,frozenset({1269}),1269,0.52,True,2022-04,1,997,1
YX,IND,EWR,2022,4,1063,25,14,3.0,frozenset({3665}),3665,0.56,True,2022-04,1,998,1
NK,TPA,PIT,2022,4,905,19,12,4.0,frozenset({280}),280,0.631578947368421,True,2022-04,1,999,1
NK,TPA,ORD,2022,4,661,19,10,3.0,frozenset({1685}),1685,0.5263157894736842,True,2022-04,1,1000,1
NK,TPA,MSY,2022,4,606,17,11,4.0,frozenset({1570}),1570,0.6470588235294118,True,2022-04,1,1001,1
NK,TPA,LGA,2022,4,445,19,10,5.0,frozenset({1639}),1639,0.5263157894736842,True,2022-04,1,1002,1
NK,TPA,IND,2022,4,690,11,7,1.0,frozenset({1923}),1923,0.6363636363636364,True,2022-04,1,1003,1
NK,TPA,DTW,2022,4,890,19,10,2.0,frozenset({650}),650,0.5263157894736842,True,2022-04,1,1004,1
NK,TPA,BDL,2022,4,1030,13,7,4.0,frozenset({406}),406,0.5384615384615384,True,2022-04,1,1005,1
NK,TPA,ATL,2022,4,1133,17,9,2.0,frozenset({383}),383,0.5294117647058824,True,2022-04,1,1006,1
NK,TPA,ACY,2022,4,1299,19,10,1.0,frozenset({348}),348,0.5263157894736842,True,2022-04,1,1007,1
UA,PBI,EWR,2022,4,1007,26,14,1.0,frozenset({2224}),2224,0.5384615384615384,True,2022-04,1,1008,1
AA,DCA,LGA,2022,4,1080,22,12,1.0,frozenset({2151}),2151,0.5454545454545454,True,2022-04,1,1009,2
NK,ORD,ATL,2022,4,683,19,10,1.0,frozenset({635}),635,0.5263157894736842,True,2022-04,1,1010,1
NK,MYR,FLL,2022,4,1230,11,6,1.0,frozenset({103}),103,0.5454545454545454,True,2022-04,2,655,2
NK,MCO,DTW,2022,4,1030,15,10,3.0,"frozenset({1909, 1222})",1222,0.6666666666666666,True,2022-04,1,1011,1
NK,MCO,DTW,2022,4,930,17,9,2.0,"frozenset({1222, 118})",118,0.5294117647058824,True,2022-04,1,1012,1
NK,MCO,DFW,2022,4,1050,16,13,0.0,"frozenset({2963, 2959})",2959,0.8125,True,2022-04,1,1013,1
NK,MCO,DFW,2022,4,930,15,8,3.0,"frozenset({2468, 2959})",2468,0.5333333333333333,True,2022-04,1,1014,1
NK,MCO,CAK,2022,4,1220,18,10,5.0,frozenset({386}),386,0.5555555555555556,True,2022-04,1,1015,1
NK,MCO,BWI,2022,4,1259,15,9,3.0,frozenset({2078}),2078,0.6,True,2022-04,1,1016,1
YX,CVG,EWR,2022,4,1119,25,21,4.0,frozenset({3453}),3453,0.84,True,2022-04,1,1017,1
YX,CMH,EWR,2022,4,1107,25,13,4.0,frozenset({3446}),3446,0.52,True,2022-04,1,1018,1
NK,LGA,TPA,2022,4,659,19,13,5.0,frozenset({921}),921,0.6842105263157895,True,2022-04,1,1019,1
NK,LGA,MIA,2022,4,1199,19,14,1.0,frozenset({3154}),3154,0.7368421052631579,True,2022-04,1,1020,1
NK,MCO,DTW,2022,4,1144,16,10,3.0,"frozenset({336, 1908})",1908,0.625,True,2022-04,1,1021,1
NK,LGA,MCO,2022,4,779,19,10,2.0,frozenset({629}),629,0.5263157894736842,True,2022-04,1,1022,1
NK,LGA,FLL,2022,4,1122,19,10,2.0,frozenset({779}),779,0.5263157894736842,True,2022-04,1,1023,1
NK,LAX,PHL,2022,4,981,11,6,4.0,frozenset({266}),266,0.5454545454545454,True,2022-04,1,1024,1
NK,LAX,AUS,2022,4,570,10,6,3.0,frozenset({598}),598,0.6,True,2022-04,1,1025,1
NK,LAX,ATL,2022,4,1375,18,11,4.0,"frozenset({1200, 2989})",1200,0.6111111111111112,True,2022-04,1,1026,1
NK,LAS,SAN,2022,4,983,18,11,3.0,frozenset({429}),429,0.6111111111111112,True,2022-04,1,1027,1
NK,LAS,ORD,2022,4,1165,19,10,2.0,frozenset({758}),758,0.5263157894736842,True,2022-04,2,664,2
NK,LAS,ORD,2022,4,59,19,11,4.0,frozenset({356}),356,0.5789473684210527,True,2022-04,1,1028,1
NK,LAS,MSY,2022,4,930,19,10,1.0,frozenset({1466}),1466,0.5263157894736842,True,2022-04,1,1029,1
NK,LAS,IAH,2022,4,1233,19,10,1.0,frozenset({932}),932,0.5263157894736842,True,2022-04,1,1030,1
NK,LAS,EWR,2022,4,776,14,12,5.0,frozenset({197}),197,0.8571428571428571,True,2022-04,2,663,2
YX,CLE,EWR,2022,4,1187,20,14,2.0,frozenset({3534}),3534,0.7,True,2022-04,1,1031,1
NK,MCO,EWR,2022,4,820,19,13,3.0,frozenset({59}),59,0.6842105263157895,True,2022-04,2,620,2
YX,EWR,CLE,2022,4,1037,20,11,3.0,frozenset({3654}),3654,0.55,True,2022-04,1,1032,1
UA,RSW,IAD,2022,4,1138,30,16,1.0,frozenset({1263}),1263,0.5333333333333333,True,2022-04,1,1033,1
NK,MYR,EWR,2022,4,1067,11,7,0.0,frozenset({1055}),1055,0.6363636363636364,True,2022-04,1,1034,2
NK,MSY,TPA,2022,4,701,16,10,4.0,frozenset({1505}),1505,0.625,True,2022-04,2,661,2
NK,MIA,ORD,2022,4,750,19,10,2.0,frozenset({3164}),3164,0.5263157894736842,True,2022-04,2,666,2
NK,MIA,MSP,2022,4,625,19,10,3.0,frozenset({3155}),3155,0.5263157894736842,True,2022-04,1,1035,1
NK,MIA,LGA,2022,4,1180,18,10,2.0,frozenset({3173}),3173,0.5555555555555556,True,2022-04,1,1036,2
UA,RSW,EWR,2022,4,930,30,20,0.0,frozenset({422}),422,0.6666666666666666,True,2022-04,1,1037,2
YX,EWR,GSP,2022,4,1254,25,14,2.0,frozenset({3550}),3550,0.56,True,2022-04,1,1038,1
NK,MIA,BWI,2022,4,1060,17,9,3.0,frozenset({3109}),3109,0.5294117647058824,True,2022-04,1,1039,1
NK,MIA,BOS,2022,4,1139,13,7,2.0,frozenset({3152}),3152,0.5384615384615384,True,2022-04,1,1040,1
NK,MIA,ACY,2022,4,871,11,7,3.0,frozenset({3115}),3115,0.6363636363636364,True,2022-04,1,1041,1
NK,MHT,RSW,2022,4,633,11,6,1.0,frozenset({2010}),2010,0.5454545454545454,True,2022-04,2,632,2
NK,MHT,FLL,2022,4,367,19,10,7.0,frozenset({2007}),2007,0.5263157894736842,True,2022-04,1,1042,1
NK,MCO,STL,2022,4,1370,13,8,3.0,frozenset({1131}),1131,0.6153846153846154,True,2022-04,1,1043,1
UA,RSW,EWR,2022,4,1026,23,13,0.0,frozenset({2267}),2267,0.5652173913043478,True,2022-04,1,1044,1
NK,MCO,SDF,2022,4,650,13,8,2.0,frozenset({1778}),1778,0.6153846153846154,True,2022-04,1,1045,1
NK,MCO,PNS,2022,4,1047,17,11,4.0,frozenset({1311}),1311,0.6470588235294118,True,2022-04,1,1046,1
NK,MCO,PIT,2022,4,967,10,7,2.0,frozenset({87}),87,0.7,True,2022-04,1,1047,1
YX,EWR,CMH,2022,4,1229,19,14,1.0,frozenset({3408}),3408,0.7368421052631579,True,2022-04,1,1048,1
NK,MCO,MSY,2022,4,970,11,6,3.0,frozenset({621}),621,0.5454545454545454,True,2022-04,1,1049,1
NK,MCO,MSY,2022,4,910,11,6,1.0,frozenset({555}),555,0.5454545454545454,True,2022-04,1,1050,1
NK,MCO,MHT,2022,4,970,11,6,1.0,frozenset({2009}),2009,0.5454545454545454,True,2022-04,2,629,2
NK,MCO,LBE,2022,4,1170,18,11,0.0,frozenset({878}),878,0.6111111111111112,True,2022-04,1,1051,1
YX,EWR,CLT,2022,4,1292,21,13,3.0,frozenset({3497}),3497,0.6190476190476191,True,2022-04,1,1052,1
WN,MSP,BWI,2022,4,1095,24,15,0.0,frozenset({805}),805,0.625,True,2022-04,1,1053,2
WN,BWI,CHS,2022,4,1290,24,13,2.0,frozenset({958}),958,0.5416666666666666,True,2022-04,1,1054,2
NK,ATL,EWR,2022,4,1237,19,14,3.0,frozenset({1146}),1146,0.7368421052631579,True,2022-04,1,1055,1
WN,MIA,MDW,2022,4,1290,25,15,0.0,"frozenset({765, 406})",765,0.6,True,2022-04,1,1056,2
F9,STT,MCO,2022,4,913,14,10,0.0,frozenset({131}),131,0.7142857142857143,True,2022-04,1,1057,5
F9,STL,LAS,2022,4,1077,26,14,2.0,frozenset({2095}),2095,0.5384615384615384,True,2022-04,1,1058,1
F9,SJU,PHL,2022,4,1132,20,12,1.0,frozenset({113}),113,0.6,True,2022-04,1,1059,1
WN,MDW,BWI,2022,4,1300,25,16,1.0,"frozenset({787, 3908})",787,0.64,True,2022-04,1,1060,1
B6,FLL,ORD,2022,4,1325,20,12,4.0,frozenset({566}),566,0.6,True,2022-04,3,243,3
F9,SJU,MCO,2022,4,1009,11,9,0.0,frozenset({111}),111,0.8181818181818182,True,2022-04,2,485,2
B6,FLL,PHX,2022,4,1260,20,11,0.0,frozenset({1157}),1157,0.55,True,2022-04,1,1061,1
B6,FLL,RDU,2022,4,966,11,6,2.0,frozenset({2626}),2626,0.5454545454545454,True,2022-04,1,1062,1
F9,SJU,MCO,2022,4,955,15,12,1.0,frozenset({111}),111,0.8,True,2022-04,2,485,2
WN,MDW,BUF,2022,4,1210,25,16,0.0,"frozenset({2783, 799})",2783,0.64,True,2022-04,1,1063,1
B6,FLL,SEA,2022,4,1160,13,10,3.0,frozenset({413}),413,0.7692307692307693,True,2022-04,1,1064,1
B6,HPN,FLL,2022,4,875,30,18,4.0,frozenset({813}),813,0.6,True,2022-04,1,1065,1
B6,HPN,FLL,2022,4,1185,25,13,6.0,frozenset({913}),913,0.52,True,2022-04,1,1066,1
B6,HPN,MCO,2022,4,840,30,16,4.0,frozenset({495}),495,0.5333333333333333,True,2022-04,1,1067,1
B6,IAH,JFK,2022,4,1160,30,16,7.0,frozenset({1882}),1882,0.5333333333333333,True,2022-04,1,1068,1
F9,SJU,BDL,2022,4,923,11,9,1.0,frozenset({114}),114,0.8181818181818182,True,2022-04,1,1069,1
B6,JAX,JFK,2022,4,1140,30,22,2.0,frozenset({1678}),1678,0.7333333333333333,True,2022-04,1,1070,1
WN,MDW,BHM,2022,4,1295,24,14,0.0,frozenset({970}),970,0.5833333333333334,True,2022-04,1,1071,1
B6,JAX,LAX,2022,4,421,10,6,3.0,frozenset({2798}),2798,0.6,True,2022-04,1,1072,1
B6,JAX,LGA,2022,4,1141,30,21,2.0,frozenset({2340}),2340,0.7,True,2022-04,1,1073,2
F9,RSW,SYR,2022,4,894,11,6,1.0,frozenset({958}),958,0.5454545454545454,True,2022-04,1,1074,1
WN,MDW,CVG,2022,4,1250,25,18,0.0,"frozenset({752, 4229})",752,0.72,True,2022-04,1,1075,2
F9,SWF,MCO,2022,4,1227,15,10,2.0,"frozenset({1299, 1301})",1299,0.6666666666666666,True,2022-04,2,460,2
B6,FLL,JFK,2022,4,1079,28,16,1.0,frozenset({2202}),2202,0.5714285714285714,True,2022-04,1,1076,1
B6,FLL,JFK,2022,4,790,38,21,5.0,"frozenset({2302, 1902, 302})",302,0.5526315789473685,True,2022-04,1,1077,1
B6,EWR,RSW,2022,4,675,24,13,5.0,frozenset({1711}),1711,0.5416666666666666,True,2022-04,1,1078,1
B6,EWR,RSW,2022,4,922,30,18,4.0,frozenset({1511}),1511,0.6,True,2022-04,2,533,2
B6,EWR,SJU,2022,4,1205,28,21,5.0,frozenset({689}),689,0.75,True,2022-04,1,1079,1
B6,EWR,SRQ,2022,4,793,30,16,3.0,frozenset({347}),347,0.5333333333333333,True,2022-04,2,532,2
B6,EWR,TPA,2022,4,1193,22,14,0.0,frozenset({1973}),1973,0.6363636363636364,True,2022-04,3,245,3
B6,EYW,JFK,2022,4,705,30,16,3.0,frozenset({2154}),2154,0.5333333333333333,True,2022-04,1,1080,1
B6,FLL,ALB,2022,4,790,21,13,2.0,frozenset({88}),88,0.6190476190476191,True,2022-04,1,1081,1
WN,MDW,DEN,2022,4,1215,26,15,0.0,"frozenset({1097, 1666, 3918})",1097,0.5769230769230769,True,2022-04,1,1082,2
B6,FLL,BOS,2022,4,855,23,20,3.0,frozenset({270}),270,0.8695652173913043,True,2022-04,1,1083,1
B6,FLL,BOS,2022,4,1086,20,13,0.0,frozenset({170}),170,0.65,True,2022-04,1,1084,2
F9,RSW,PVD,2022,4,943,10,8,1.0,frozenset({946}),946,0.8,True,2022-04,2,482,2
B6,FLL,BOS,2022,4,1146,12,7,1.0,frozenset({70}),70,0.5833333333333334,True,2022-04,1,1085,1
B6,FLL,BUF,2022,4,1300,30,17,6.0,frozenset({2466}),2466,0.5666666666666667,True,2022-04,1,1086,1
F9,SYR,RSW,2022,4,1239,15,9,2.0,frozenset({959}),959,0.6,True,2022-04,1,1087,1
B6,FLL,DCA,2022,4,1105,30,17,3.0,frozenset({1880}),1880,0.5666666666666667,True,2022-04,1,1088,1
B6,FLL,DCA,2022,4,1229,30,17,4.0,frozenset({2080}),2080,0.5666666666666667,True,2022-04,1,1089,1
B6,FLL,EWR,2022,4,944,12,7,2.0,frozenset({6}),6,0.5833333333333334,True,2022-04,1,1090,1
B6,FLL,EWR,2022,4,1035,18,14,2.0,frozenset({6}),6,0.7777777777777778,True,2022-04,1,1091,1
B6,FLL,EWR,2022,4,1200,28,18,1.0,frozenset({406}),406,0.6428571428571429,True,2022-04,1,1092,2
B6,FLL,EWR,2022,4,1300,29,18,3.0,frozenset({706}),706,0.6206896551724138,True,2022-04,1,1093,1
F9,SYR,MCO,2022,4,1123,11,9,1.0,frozenset({1215}),1215,0.8181818181818182,True,2022-04,1,1094,1
B6,FLL,JAX,2022,4,1345,20,13,6.0,frozenset({2618}),2618,0.65,True,2022-04,1,1095,1
F9,TPA,LAS,2022,4,1348,19,11,0.0,frozenset({2099}),2099,0.5789473684210527,True,2022-04,1,1096,1
B6,JFK,ATL,2022,4,1078,30,17,2.0,frozenset({219}),219,0.5666666666666667,True,2022-04,1,1097,1
B6,JFK,AUS,2022,4,1245,30,21,1.0,frozenset({1295}),1295,0.7,True,2022-04,1,1098,1
F9,RSW,MKE,2022,4,1020,11,8,1.0,frozenset({930}),930,0.7272727272727273,True,2022-04,1,1099,1
WN,BWI,ROC,2022,4,1315,25,22,2.0,"frozenset({4026, 1259, 3690})",1259,0.88,True,2022-04,1,1100,2
F9,PHL,MIA,2022,4,1020,11,8,1.0,frozenset({2291}),2291,0.7272727272727273,True,2022-04,1,1101,1
F9,PHL,MCO,2022,4,1307,25,14,1.0,"frozenset({1171, 1181, 1197})",1171,0.56,True,2022-04,1,1102,1
WN,LGA,TPA,2022,4,1105,25,13,0.0,"frozenset({1576, 726})",1576,0.52,True,2022-04,1,1103,1
B6,JFK,MIA,2022,4,885,30,17,4.0,frozenset({2593}),2593,0.5666666666666667,True,2022-04,1,1104,1
B6,JFK,MIA,2022,4,1280,30,18,3.0,frozenset({2893}),2893,0.6,True,2022-04,1,1105,1
F9,PHL,LAS,2022,4,1259,18,10,0.0,frozenset({2145}),2145,0.5555555555555556,True,2022-04,1,1106,1
WN,LAX,SJC,2022,4,1275,25,15,0.0,"frozenset({1448, 1684})",1448,0.6,True,2022-04,1,1107,1
B6,JFK,ORH,2022,4,1365,30,16,9.0,frozenset({676}),676,0.5333333333333333,True,2022-04,3,338,3
B6,JFK,PBI,2022,4,600,30,16,2.0,frozenset({1853}),1853,0.5333333333333333,True,2022-04,1,1108,1
B6,JFK,MCO,2022,4,1270,30,21,2.0,"frozenset({183, 1383})",1383,0.7,True,2022-04,1,1109,1
B6,JFK,PBI,2022,4,1250,30,17,3.0,frozenset({553}),553,0.5666666666666667,True,2022-04,1,1110,1
B6,JFK,PSE,2022,4,1379,30,16,3.0,frozenset({745}),745,0.5333333333333333,True,2022-04,1,1111,1
F9,ORF,MCO,2022,4,1266,16,9,2.0,"frozenset({1161, 1159})",1159,0.5625,True,2022-04,1,1112,1
B6,JFK,ROC,2022,4,1362,18,12,4.0,frozenset({486}),486,0.6666666666666666,True,2022-04,1,1113,1
B6,JFK,RSW,2022,4,895,30,20,1.0,frozenset({1729}),1729,0.6666666666666666,True,2022-04,1,1114,1
B6,JFK,RSW,2022,4,1305,30,16,3.0,frozenset({629}),629,0.5333333333333333,True,2022-04,1,1115,1
B6,JFK,SAV,2022,4,940,22,14,2.0,frozenset({341}),341,0.6363636363636364,True,2022-04,1,1116,1
F9,MKE,MCO,2022,4,1203,11,8,1.0,frozenset({1127}),1127,0.7272727272727273,True,2022-04,1,1117,1
WN,BWI,TPA,2022,4,1290,25,13,0.0,"frozenset({866, 1826})",1826,0.52,True,2022-04,1,1118,2
F9,MIA,PHL,2022,4,1291,11,6,0.0,frozenset({2290}),2290,0.5454545454545454,True,2022-04,1,1119,1
B6,JFK,SJU,2022,4,1244,30,17,5.0,frozenset({2503}),2503,0.5666666666666667,True,2022-04,1,1120,2
WN,LAX,OAK,2022,4,1250,25,13,0.0,"frozenset({1434, 1509})",1434,0.52,True,2022-04,1,1121,1
B6,EWR,PHX,2022,4,1142,19,14,4.0,frozenset({941}),941,0.7368421052631579,True,2022-04,1,1122,1
F9,PHL,RSW,2022,4,940,26,14,1.0,frozenset({2357}),2357,0.5384615384615384,True,2022-04,2,458,2
F9,PHX,MCO,2022,4,1419,11,7,1.0,frozenset({1286}),1286,0.6363636363636364,True,2022-04,2,508,2
WN,MCO,MKE,2022,4,1140,25,13,1.0,"frozenset({1744, 3307})",1744,0.52,True,2022-04,1,1123,1
F9,RSW,MCO,2022,4,878,11,7,1.0,frozenset({1302}),1302,0.6363636363636364,True,2022-04,1,1124,1
B6,JFK,BOS,2022,4,935,30,20,3.0,frozenset({718}),718,0.6666666666666666,True,2022-04,1,1125,1
F9,RSW,GRR,2022,4,993,15,8,2.0,frozenset({918}),918,0.5333333333333333,True,2022-04,1,1126,1
F9,RSW,CVG,2022,4,1107,19,12,3.0,frozenset({1744}),1744,0.631578947368421,True,2022-04,1,1127,1
F9,RSW,CLE,2022,4,1163,26,17,2.0,frozenset({2422}),2422,0.6538461538461539,True,2022-04,2,470,2
F9,PWM,RSW,2022,4,1221,11,9,2.0,frozenset({951}),951,0.8181818181818182,True,2022-04,2,475,2
B6,JFK,BUF,2022,4,1266,30,16,4.0,frozenset({102}),102,0.5333333333333333,True,2022-04,1,1128,1
B6,JFK,BUR,2022,4,990,28,16,3.0,frozenset({359}),359,0.5714285714285714,True,2022-04,1,1129,1
B6,JFK,CHS,2022,4,1319,30,20,3.0,frozenset({273}),273,0.6666666666666666,True,2022-04,1,1130,1
B6,JFK,LAS,2022,4,1146,24,18,2.0,frozenset({611}),611,0.75,True,2022-04,1,1131,1
WN,MCO,DAL,2022,4,1150,25,13,3.0,"frozenset({2345, 3019})",2345,0.52,True,2022-04,1,1132,1
B6,JFK,DTW,2022,4,1310,30,17,5.0,frozenset({1019}),1019,0.5666666666666667,True,2022-04,3,348,3
B6,JFK,FLL,2022,4,839,29,18,0.0,frozenset({1701}),1701,0.6206896551724138,True,2022-04,1,1133,1
B6,JFK,FLL,2022,4,1039,19,12,3.0,"frozenset({501, 1101})",1101,0.631578947368421,True,2022-04,1,1134,1
B6,JFK,FLL,2022,4,1319,29,18,5.0,frozenset({1201}),1201,0.6206896551724138,True,2022-04,2,529,2
WN,BWI,PWM,2022,4,1195,28,17,0.0,"frozenset({1529, 2212})",1529,0.6071428571428571,True,2022-04,1,1135,2
F9,PVD,MCO,2022,4,1162,11,7,1.0,frozenset({1183}),1183,0.6363636363636364,True,2022-04,2,543,3
F9,PVD,MCO,2022,4,1126,15,11,4.0,frozenset({1183}),1183,0.7333333333333333,True,2022-04,2,543,3
B6,JFK,IAH,2022,4,930,30,19,6.0,frozenset({1881}),1881,0.6333333333333333,True,2022-04,1,1136,1
B6,JFK,JAX,2022,4,930,30,17,2.0,frozenset({1677}),1677,0.5666666666666667,True,2022-04,1,1137,1
B6,JFK,JAX,2022,4,1200,30,16,6.0,frozenset({1277}),1277,0.5333333333333333,True,2022-04,1,1138,1
F9,PVD,TPA,2022,4,1083,11,6,2.0,frozenset({2535}),2535,0.5454545454545454,True,2022-04,2,531,2
B6,EWR,PBI,2022,4,1085,13,7,2.0,frozenset({643}),643,0.5384615384615384,True,2022-04,1,1139,2
B6,FLL,JFK,2022,4,958,32,18,2.0,"frozenset({1602, 2102})",2102,0.5625,True,2022-04,1,1140,1
B6,EYW,BOS,2022,4,775,30,16,4.0,frozenset({2064}),2064,0.5333333333333333,True,2022-04,1,1141,1
WN,MDW,OAK,2022,4,1325,25,19,0.0,"frozenset({1029, 1527})",1029,0.76,True,2022-04,1,1142,2
B6,BOS,FLL,2022,4,601,23,15,3.0,frozenset({269}),269,0.6521739130434783,True,2022-04,1,1143,1
G4,USA,FLL,2022,4,1077,12,10,0.0,"frozenset({427, 509, 462})",509,0.8333333333333334,True,2022-04,1,1144,1
G4,LAS,CVG,2022,4,944,12,7,1.0,"frozenset({736, 721})",721,0.5833333333333334,True,2022-04,1,1145,1
WN,MDW,MSP,2022,4,1295,25,17,0.0,"frozenset({2475, 869})",2475,0.68,True,2022-04,1,1146,2
WN,MDW,MSP,2022,4,1020,25,15,0.0,"frozenset({2473, 3255})",2473,0.6,True,2022-04,1,1147,2
B6,BOS,MCO,2022,4,855,29,16,4.0,frozenset({351}),351,0.5517241379310345,True,2022-04,1,1148,1
WN,MDW,MIA,2022,4,1260,25,13,0.0,"frozenset({400, 1918})",1918,0.52,True,2022-04,1,1149,1
WN,MDW,SDF,2022,4,1210,25,13,0.0,"frozenset({518, 599})",599,0.52,True,2022-04,1,1150,2
B6,BOS,MSP,2022,4,1262,12,9,1.0,frozenset({235}),235,0.75,True,2022-04,1,1151,1
WN,MDW,MEM,2022,4,1305,25,20,0.0,"frozenset({996, 1191})",996,0.8,True,2022-04,1,1152,1
B6,BOS,PBI,2022,4,705,27,16,0.0,frozenset({1221}),1221,0.5925925925925926,True,2022-04,1,1153,1
B6,BOS,PBI,2022,4,1026,28,16,3.0,frozenset({2321}),2321,0.5714285714285714,True,2022-04,1,1154,1
G4,FNT,PGD,2022,4,891,12,8,0.0,"frozenset({2873, 2867, 2845})",2867,0.6666666666666666,True,2022-04,2,401,2
B6,BOS,RSW,2022,4,565,27,14,2.0,frozenset({2765}),2765,0.5185185185185185,True,2022-04,1,1155,1
WN,MDW,PHX,2022,4,1270,24,15,0.0,frozenset({439}),439,0.625,True,2022-04,1,1156,1
B6,BOS,TPA,2022,4,1215,30,19,1.0,frozenset({791}),791,0.6333333333333333,True,2022-04,1,1157,1
G4,FLL,USA,2022,4,912,12,7,0.0,"frozenset({453, 447, 473, 412, 479})",447,0.5833333333333334,True,2022-04,1,1158,1
B6,BQN,MCO,2022,4,1250,28,17,4.0,frozenset({729}),729,0.6071428571428571,True,2022-04,3,321,3
WN,BWI,MCI,2022,4,1300,24,16,0.0,frozenset({594}),594,0.6666666666666666,True,2022-04,1,1159,1
WN,MDW,SLC,2022,4,1305,24,15,0.0,frozenset({4025}),4025,0.625,True,2022-04,1,1160,1
B6,BOS,DCA,2022,4,1140,30,16,6.0,frozenset({955}),955,0.5333333333333333,True,2022-04,1,1161,1
WN,BWI,IND,2022,4,1305,25,16,1.0,"frozenset({1937, 1974})",1937,0.64,True,2022-04,1,1162,2
B6,ALB,FLL,2022,4,1025,21,12,2.0,frozenset({87}),87,0.5714285714285714,True,2022-04,1,1163,1
G4,PSM,PGD,2022,4,689,18,10,1.0,"frozenset({1732, 1800, 1577, 1770, 1582, 1551, 1650, 1586, 1556, 1592, 1593, 1787, 1726})",1732,0.5555555555555556,True,2022-04,1,1164,1
G4,SFB,ABE,2022,4,946,12,7,0.0,"frozenset({352, 361, 326, 327})",326,0.5833333333333334,True,2022-04,1,1165,1
WN,BWI,JAX,2022,4,1295,24,16,0.0,frozenset({2432}),2432,0.6666666666666666,True,2022-04,1,1166,1
B6,AUS,EWR,2022,4,1145,10,6,0.0,frozenset({820}),820,0.6,True,2022-04,2,410,2
WN,BWI,LAS,2022,4,1270,25,16,1.0,"frozenset({2618, 327})",2618,0.64,True,2022-04,1,1167,2
B6,BDL,LAS,2022,4,1087,18,15,1.0,frozenset({2081}),2081,0.8333333333333334,True,2022-04,2,416,2
WN,MDW,OMA,2022,4,1370,24,16,0.0,frozenset({2623}),2623,0.6666666666666666,True,2022-04,1,1168,2
B6,BDL,MCO,2022,4,1259,26,17,1.0,frozenset({128}),128,0.6538461538461539,True,2022-04,1,1169,1
AS,SJC,OGG,2022,4,620,12,7,0.0,frozenset({803}),803,0.5833333333333334,True,2022-04,1,1170,1
AS,SFO,SEA,2022,4,1100,17,10,1.0,frozenset({1304}),1304,0.5882352941176471,True,2022-04,1,1171,1
B6,BDL,SFO,2022,4,1101,17,11,2.0,frozenset({2843}),2843,0.6470588235294118,True,2022-04,1,1172,1
B6,BDL,SJU,2022,4,1195,29,15,5.0,frozenset({275}),275,0.5172413793103449,True,2022-04,1,1173,1
B6,BNA,JFK,2022,4,633,17,10,4.0,frozenset({1174}),1174,0.5882352941176471,True,2022-04,1,1174,1
B6,BNA,JFK,2022,4,1195,13,7,4.0,frozenset({1174}),1174,0.5384615384615384,True,2022-04,1,1175,1
G4,SFB,ABE,2022,4,1225,13,8,0.0,"frozenset({329, 326, 366, 361})",366,0.6153846153846154,True,2022-04,1,1176,1
G4,SFB,AVL,2022,4,962,14,8,1.0,"frozenset({393, 339, 2860, 358})",358,0.5714285714285714,True,2022-04,1,1177,1
B6,EWR,PBI,2022,4,905,27,15,7.0,frozenset({1243}),1243,0.5555555555555556,True,2022-04,1,1178,1
B6,BNA,LGA,2022,4,1132,28,18,5.0,frozenset({2188}),2188,0.6428571428571429,True,2022-04,1,1179,3
WN,MDW,RDU,2022,4,1200,24,14,0.0,frozenset({876}),876,0.5833333333333334,True,2022-04,1,1180,1
AS,SEA,ORD,2022,4,1439,17,12,3.0,frozenset({718}),718,0.7058823529411765,True,2022-04,1,1181,1
B6,BOS,RSW,2022,4,1005,10,6,0.0,frozenset({1965}),1965,0.6,True,2022-04,1,1182,1
B6,DTW,BOS,2022,4,470,19,10,5.0,frozenset({1336}),1336,0.5263157894736842,True,2022-04,1,1183,1
B6,EWR,FLL,2022,4,1190,12,7,0.0,frozenset({305}),305,0.5833333333333334,True,2022-04,1,1184,1
WN,BWI,MHT,2022,4,1310,25,21,0.0,"frozenset({1801, 4252})",1801,0.84,True,2022-04,1,1185,2
G4,AVL,SFB,2022,4,1095,14,9,1.0,"frozenset({402, 373, 2871})",373,0.6428571428571429,True,2022-04,1,1186,1
B6,EWR,FLL,2022,4,1285,18,16,1.0,frozenset({305}),305,0.8888888888888888,True,2022-04,1,1187,1
B6,CHS,LGA,2022,4,1006,26,17,4.0,frozenset({2670}),2670,0.6538461538461539,True,2022-04,1,1188,5
B6,CHS,LGA,2022,4,755,27,14,0.0,frozenset({2855}),2855,0.5185185185185185,True,2022-04,1,1189,1
B6,DCA,PBI,2022,4,960,30,18,3.0,frozenset({1733}),1733,0.6,True,2022-04,1,1190,1
F9,TTN,RSW,2022,4,652,11,7,1.0,frozenset({823}),823,0.6363636363636364,True,2022-04,1,1191,1
WN,BWI,MDW,2022,4,915,24,14,0.0,frozenset({2473}),2473,0.5833333333333334,True,2022-04,1,1192,1
B6,EWR,LAS,2022,4,1220,13,9,1.0,frozenset({957}),957,0.6923076923076923,True,2022-04,1,1193,1
WN,MDW,GRR,2022,4,1215,24,13,0.0,frozenset({2334}),2334,0.5416666666666666,True,2022-04,1,1194,1
WN,BWI,CLE,2022,4,1340,26,22,1.0,"frozenset({3504, 2675, 1614})",1614,0.8461538461538461,True,2022-04,1,1195,2
B6,EWR,AUS,2022,4,919,10,6,0.0,frozenset({821}),821,0.6,True,2022-04,1,1196,1
WN,MDW,DTW,2022,4,1370,24,13,0.0,"frozenset({1136, 660})",1136,0.5416666666666666,True,2022-04,1,1197,1
B6,BUF,LAX,2022,4,1125,17,11,3.0,frozenset({491}),491,0.6470588235294118,True,2022-04,1,1198,1
WN,MDW,LAS,2022,4,1315,18,14,0.0,frozenset({762}),762,0.7777777777777778,True,2022-04,1,1199,1
G4,FLL,AVL,2022,4,1025,14,9,1.0,"frozenset({418, 482, 424, 486})",424,0.6428571428571429,True,2022-04,1,1200,1
G4,FLL,AVL,2022,4,1237,12,9,0.0,"frozenset({424, 418})",418,0.75,True,2022-04,1,1201,2
WN,MIA,HOU,2022,4,1135,26,16,3.0,"frozenset({1698, 2467, 2812, 235})",235,0.6153846153846154,True,2022-04,1,1202,1
B6,EWR,ATL,2022,4,1240,18,14,2.0,frozenset({2605}),2605,0.7777777777777778,True,2022-04,1,1203,1
B6,EWR,MCO,2022,4,1116,30,20,3.0,frozenset({227}),227,0.6666666666666666,True,2022-04,1,1204,1
F9,TTN,MCO,2022,4,1290,26,14,4.0,frozenset({801}),801,0.5384615384615384,True,2022-04,2,539,2
WN,MIA,BNA,2022,4,1140,24,13,0.0,frozenset({1194}),1194,0.5416666666666666,True,2022-04,1,1205,1
B6,EWR,FLL,2022,4,478,29,16,3.0,frozenset({205}),205,0.5517241379310345,True,2022-04,1,1206,1
UA,RDU,EWR,2022,5,1071,26,18,0.0,frozenset({1153}),1153,0.6923076923076923,True,2022-05,1,1207,2
WN,BWI,CLE,2022,5,1340,27,19,0.0,frozenset({1614}),1614,0.7037037037037037,True,2022-05,2,1195,2
UA,RDU,EWR,2022,5,1254,18,12,0.0,frozenset({1608}),1608,0.6666666666666666,True,2022-05,1,1208,1
WN,BWI,BOS,2022,5,1375,27,15,0.0,frozenset({2694}),2694,0.5555555555555556,True,2022-05,1,1209,1
UA,MCO,EWR,2022,5,920,31,17,2.0,"frozenset({1449, 2397})",2397,0.5483870967741935,True,2022-05,1,1210,2
WN,BWI,ROC,2022,5,1315,27,20,0.0,"frozenset({3690, 1259})",1259,0.7407407407407407,True,2022-05,2,1100,2
F9,PHL,RSW,2022,5,989,11,6,1.0,frozenset({2355}),2355,0.5454545454545454,True,2022-05,1,1211,1
UA,MCO,EWR,2022,5,871,42,23,2.0,"frozenset({1599, 1131, 2117, 591})",2117,0.5476190476190477,True,2022-05,1,1212,1
WN,BWI,BUF,2022,5,1305,27,14,0.0,frozenset({2695}),2695,0.5185185185185185,True,2022-05,2,934,2
F9,PHL,RSW,2022,5,1055,11,7,0.0,frozenset({2355}),2355,0.6363636363636364,True,2022-05,1,1213,2
WN,BWI,PWM,2022,5,1195,31,21,8.0,"frozenset({1529, 2212})",1529,0.6774193548387096,True,2022-05,2,1135,2
UA,LAS,EWR,2022,5,628,31,17,0.0,"frozenset({2001, 1975})",1975,0.5483870967741935,True,2022-05,1,1214,1
UA,JAX,EWR,2022,5,1027,22,16,1.0,frozenset({1806}),1806,0.7272727272727273,True,2022-05,1,1215,1
UA,IAD,EWR,2022,5,1040,30,23,6.0,frozenset({1156}),1156,0.7666666666666667,True,2022-05,2,920,3
UA,MCO,EWR,2022,5,1107,26,18,1.0,frozenset({2162}),2162,0.6923076923076923,True,2022-05,1,1216,2
UA,ORD,EWR,2022,5,1075,31,16,1.0,"frozenset({1600, 2132})",1600,0.5161290322580645,True,2022-05,1,1217,1
NK,STT,MCO,2022,5,852,23,12,0.0,frozenset({277}),277,0.5217391304347826,True,2022-05,2,985,2
WN,BWI,DTW,2022,5,1310,27,15,1.0,frozenset({146}),146,0.5555555555555556,True,2022-05,1,1218,1
UA,MSY,EWR,2022,5,919,29,20,0.0,"frozenset({1883, 2645})",2645,0.6896551724137931,True,2022-05,1,1219,1
UA,PBI,EWR,2022,5,807,31,17,3.0,"frozenset({2200, 2071})",2200,0.5483870967741935,True,2022-05,1,1220,1
UA,PBI,EWR,2022,5,922,31,16,1.0,"frozenset({1676, 2213})",1676,0.5161290322580645,True,2022-05,1,1221,1
UA,PBI,EWR,2022,5,1019,30,20,2.0,"frozenset({2224, 2209})",2209,0.6666666666666666,True,2022-05,1,1222,2
UA,PHX,EWR,2022,5,653,27,14,1.0,frozenset({2359}),2359,0.5185185185185185,True,2022-05,1,1223,1
UA,MSP,EWR,2022,5,1186,18,10,0.0,frozenset({1423}),1423,0.5555555555555556,True,2022-05,1,1224,1
F9,MCO,TTN,2022,5,1260,29,15,0.0,"frozenset({800, 798})",798,0.5172413793103449,True,2022-05,1,1225,1
UA,PIT,EWR,2022,5,1148,31,17,2.0,"frozenset({1435, 222})",222,0.5483870967741935,True,2022-05,1,1226,1
WN,BWI,BDL,2022,5,1300,27,15,3.0,frozenset({444}),444,0.5555555555555556,True,2022-05,2,926,2
UA,FLL,EWR,2022,5,1076,29,20,0.0,"frozenset({730, 1246, 1806})",1246,0.6896551724137931,True,2022-05,1,1227,1
WN,CMH,TPA,2022,5,1125,31,19,0.0,"frozenset({848, 1048})",848,0.6129032258064516,True,2022-05,1,1228,1
UA,MIA,EWR,2022,5,1132,17,9,3.0,"frozenset({2179, 2310})",2179,0.5294117647058824,True,2022-05,1,1229,1
G4,USA,FLL,2022,5,1080,10,7,0.0,"frozenset({509, 462})",462,0.7,True,2022-05,1,1230,1
F9,CLE,ATL,2022,5,1303,13,7,0.0,frozenset({2451}),2451,0.5384615384615384,True,2022-05,1,1231,1
UA,MIA,EWR,2022,5,1089,13,10,0.0,frozenset({2179}),2179,0.7692307692307693,True,2022-05,1,1232,1
UA,MIA,EWR,2022,5,1008,31,22,2.0,"frozenset({2147, 2455})",2147,0.7096774193548387,True,2022-05,2,991,2
WN,BWI,BOS,2022,5,1035,27,14,1.0,frozenset({2431}),2431,0.5185185185185185,True,2022-05,1,1233,1
UA,MIA,EWR,2022,5,893,26,18,1.0,frozenset({2191}),2191,0.6923076923076923,True,2022-05,1,1234,1
WN,BWI,ALB,2022,5,1305,27,14,2.0,frozenset({154}),154,0.5185185185185185,True,2022-05,2,925,2
UA,ORD,EWR,2022,5,941,31,18,1.0,frozenset({2138}),2138,0.5806451612903226,True,2022-05,1,1235,1
WN,BOS,BWI,2022,5,1150,27,15,1.0,frozenset({2432}),2432,0.5555555555555556,True,2022-05,1,1236,1
WN,BWI,IND,2022,5,1305,27,14,1.0,frozenset({1937}),1937,0.5185185185185185,True,2022-05,2,1162,2
UA,MCO,EWR,2022,5,1234,27,18,4.0,"frozenset({2184, 2226})",2184,0.6666666666666666,True,2022-05,1,1237,1
G4,SCK,LAS,2022,5,1318,10,8,1.0,"frozenset({90, 21})",90,0.8,True,2022-05,1,1238,1
NK,FLL,DFW,2022,5,1035,11,6,1.0,frozenset({1966}),1966,0.5454545454545454,True,2022-05,1,1239,1
WN,BWI,ISP,2022,5,1355,27,15,0.0,frozenset({785}),785,0.5555555555555556,True,2022-05,1,1240,1
F9,SJU,MCO,2022,5,1221,15,9,1.0,frozenset({121}),121,0.6,True,2022-05,1,1241,1
UA,STT,SJU,2022,5,850,15,12,0.0,frozenset({1784}),1784,0.8,True,2022-05,1,1242,1
F9,FLL,MCO,2022,5,897,13,8,1.0,frozenset({1331}),1331,0.6153846153846154,True,2022-05,3,616,3
NK,CLT,LAS,2022,5,461,22,16,1.0,frozenset({51}),51,0.7272727272727273,True,2022-05,1,1243,1
UA,TPA,EWR,2022,5,966,26,18,4.0,frozenset({2372}),2372,0.6923076923076923,True,2022-05,1,1244,1
UA,TPA,EWR,2022,5,1199,31,17,2.0,frozenset({642}),642,0.5483870967741935,True,2022-05,1,1245,1
F9,SJU,MIA,2022,5,800,31,18,0.0,frozenset({119}),119,0.5806451612903226,True,2022-05,1,1246,1
F9,STT,MCO,2022,5,893,12,10,1.0,frozenset({131}),131,0.8333333333333334,True,2022-05,2,1057,5
F9,ISP,MCO,2022,5,1107,31,18,3.0,frozenset({1089}),1089,0.5806451612903226,True,2022-05,1,1247,1
WN,BWI,CHS,2022,5,1290,27,16,4.0,frozenset({958}),958,0.5925925925925926,True,2022-05,2,1054,2
F9,MCO,CLE,2022,5,1340,31,16,0.0,frozenset({1044}),1044,0.5161290322580645,True,2022-05,2,812,2
WN,BWI,MHT,2022,5,1310,27,23,1.0,frozenset({1801}),1801,0.8518518518518519,True,2022-05,2,1185,2
G4,FLL,AVL,2022,5,1240,10,7,0.0,frozenset({418}),418,0.7,True,2022-05,2,1201,2
WN,BWI,MYR,2022,5,1275,27,14,4.0,frozenset({1738}),1738,0.5185185185185185,True,2022-05,1,1248,1
F9,TPA,PHL,2022,5,1038,11,8,0.0,"frozenset({2368, 2374})",2368,0.7272727272727273,True,2022-05,1,1249,1
WN,BWI,ORF,2022,5,1295,27,15,3.0,frozenset({1561}),1561,0.5555555555555556,True,2022-05,1,1250,1
NK,IAH,EWR,2022,5,954,24,17,1.0,"frozenset({3777, 1870})",1870,0.7083333333333334,True,2022-05,2,896,2
NK,IAH,EWR,2022,5,677,23,17,2.0,frozenset({712}),712,0.7391304347826086,True,2022-05,3,650,3
UA,IAH,EWR,2022,5,860,31,18,2.0,frozenset({2494}),2494,0.5806451612903226,True,2022-05,1,1251,2
UA,IAH,EWR,2022,5,755,31,17,0.0,frozenset({1429}),1429,0.5483870967741935,True,2022-05,1,1252,1
NK,FLL,MCO,2022,5,1340,31,17,1.0,frozenset({676}),676,0.5483870967741935,True,2022-05,3,645,3
NK,EWR,IAH,2022,5,990,23,12,3.0,frozenset({703}),703,0.5217391304347826,True,2022-05,2,908,2
NK,EWR,IAH,2022,5,1268,28,19,3.0,"frozenset({703, 1871})",1871,0.6785714285714286,True,2022-05,1,1253,1
NK,FLL,EWR,2022,5,851,22,12,2.0,frozenset({1520}),1520,0.5454545454545454,True,2022-05,1,1254,1
F9,ISP,ATL,2022,5,1155,13,7,0.0,frozenset({1501}),1501,0.5384615384615384,True,2022-05,1,1255,1
NK,FLL,DFW,2022,5,1350,28,15,1.0,frozenset({1815}),1815,0.5357142857142857,True,2022-05,1,1256,1
UA,IAH,EWR,2022,5,980,31,18,0.0,frozenset({1792}),1792,0.5806451612903226,True,2022-05,1,1257,1
WN,DEN,BWI,2022,5,950,27,15,1.0,"frozenset({3690, 1259})",1259,0.5555555555555556,True,2022-05,2,800,2
UA,SRQ,EWR,2022,5,1131,26,18,2.0,"frozenset({2625, 579})",2625,0.6923076923076923,True,2022-05,1,1258,1
UA,SRQ,EWR,2022,5,828,26,14,1.0,frozenset({750}),750,0.5384615384615384,True,2022-05,1,1259,1
F9,MCO,SJU,2022,5,1205,27,17,0.0,frozenset({104}),104,0.6296296296296297,True,2022-05,3,474,3
F9,PVD,MCO,2022,5,1200,13,7,2.0,frozenset({1183}),1183,0.5384615384615384,True,2022-05,3,543,3
WN,BWI,TPA,2022,5,1290,27,19,2.0,frozenset({1826}),1826,0.7037037037037037,True,2022-05,2,1118,2
NK,ATL,EWR,2022,5,1043,10,8,2.0,frozenset({1173}),1173,0.8,True,2022-05,1,1260,1
NK,ORD,MIA,2022,5,1100,11,6,0.0,frozenset({3165}),3165,0.5454545454545454,True,2022-05,1,1261,1
F9,LAS,SMF,2022,5,1182,10,6,0.0,frozenset({2093}),2093,0.6,True,2022-05,1,1262,1
WN,BWI,LAS,2022,5,1270,27,20,3.0,frozenset({2618}),2618,0.7407407407407407,True,2022-05,2,1167,2
NK,MYR,EWR,2022,5,1094,27,16,1.0,frozenset({1055}),1055,0.5925925925925926,True,2022-05,2,1034,2
WN,DAL,BWI,2022,5,1315,27,15,0.0,frozenset({277}),277,0.5555555555555556,True,2022-05,1,1263,1
UA,FLL,EWR,2022,5,865,26,16,1.0,frozenset({1167}),1167,0.6153846153846154,True,2022-05,1,1264,2
UA,EWR,SMF,2022,5,1170,31,19,1.0,frozenset({2477}),2477,0.6129032258064516,True,2022-05,1,1265,2
F9,RSW,ISP,2022,5,939,13,7,0.0,frozenset({926}),926,0.5384615384615384,True,2022-05,1,1266,1
WN,DAL,MSY,2022,5,1350,27,15,0.0,frozenset({1934}),1934,0.5555555555555556,True,2022-05,2,745,2
NK,MIA,LGA,2022,5,1045,31,17,4.0,frozenset({3173}),3173,0.5483870967741935,True,2022-05,2,1036,2
F9,MCO,PHL,2022,5,1160,16,9,0.0,frozenset({1180}),1180,0.5625,True,2022-05,3,488,3
UA,EWR,SRQ,2022,5,1227,26,20,1.0,frozenset({1574}),1574,0.7692307692307693,True,2022-05,1,1267,1
WN,DEN,ATL,2022,5,970,27,14,0.0,frozenset({166}),166,0.5185185185185185,True,2022-05,1,1268,1
UA,FLL,EWR,2022,5,998,31,24,2.0,frozenset({1411}),1411,0.7741935483870968,True,2022-05,1,1269,1
F9,SFO,ATL,2022,5,1,13,7,1.0,frozenset({1522}),1522,0.5384615384615384,True,2022-05,1,1270,1
F9,SFO,PHX,2022,5,1086,15,8,0.0,frozenset({2790}),2790,0.5333333333333333,True,2022-05,1,1271,1
UA,RSW,EWR,2022,5,905,31,20,1.0,frozenset({422}),422,0.6451612903225806,True,2022-05,2,1037,2
UA,FLL,EWR,2022,5,924,31,23,6.0,"frozenset({2627, 1167})",2627,0.7419354838709677,True,2022-05,1,1272,1
UA,RSW,EWR,2022,5,1114,31,24,4.0,"frozenset({1859, 1092})",1859,0.7741935483870968,True,2022-05,1,1273,1
UA,SAT,EWR,2022,5,731,27,15,0.0,"frozenset({1461, 1862})",1862,0.5555555555555556,True,2022-05,1,1274,1
UA,SNA,EWR,2022,5,759,31,18,2.0,"frozenset({1905, 1745})",1905,0.5806451612903226,True,2022-05,1,1275,1
NK,MCO,EWR,2022,5,1163,21,14,1.0,"frozenset({1400, 1909})",1400,0.6666666666666666,True,2022-05,1,1276,3
WN,DAL,LIT,2022,5,1300,27,17,0.0,frozenset({1548}),1548,0.6296296296296297,True,2022-05,2,751,2
NK,AUS,EWR,2022,5,982,23,14,0.0,frozenset({2308}),2308,0.6086956521739131,True,2022-05,2,953,2
YX,SYR,EWR,2022,5,847,26,15,3.0,frozenset({3469}),3469,0.5769230769230769,True,2022-05,1,1277,1
F9,BOS,SJU,2022,5,480,31,18,0.0,frozenset({117}),117,0.5806451612903226,True,2022-05,3,456,3
WN,PHX,SMF,2022,5,1305,27,14,0.0,frozenset({743}),743,0.5185185185185185,True,2022-05,2,950,2
UA,EWR,BNA,2022,5,1005,26,14,0.0,"frozenset({706, 1149})",1149,0.5384615384615384,True,2022-05,1,1278,1
UA,AUS,EWR,2022,5,949,15,8,0.0,frozenset({233}),233,0.5333333333333333,True,2022-05,1,1279,1
UA,AUS,EWR,2022,5,909,16,9,2.0,frozenset({233}),233,0.5625,True,2022-05,1,1280,1
UA,AUS,EWR,2022,5,665,27,14,1.0,frozenset({658}),658,0.5185185185185185,True,2022-05,1,1281,1
UA,EWR,BOS,2022,5,1019,25,19,3.0,"frozenset({419, 295})",295,0.76,True,2022-05,1,1282,1
UA,ATL,EWR,2022,5,1079,24,18,4.0,"frozenset({1177, 786})",1177,0.75,True,2022-05,1,1283,1
UA,ATL,EWR,2022,5,920,30,16,2.0,"frozenset({1209, 246})",246,0.5333333333333333,True,2022-05,1,1284,1
WN,PHX,ELP,2022,5,1360,27,14,0.0,frozenset({2733}),2733,0.5185185185185185,True,2022-05,2,917,2
AS,DCA,SFO,2022,5,1070,13,9,0.0,frozenset({1002}),1002,0.6923076923076923,True,2022-05,1,1285,1
UA,EWR,BOS,2022,5,1084,30,17,4.0,"frozenset({208, 2304})",208,0.5666666666666667,True,2022-05,1,1286,1
UA,EWR,BOS,2022,5,1251,31,19,2.0,"frozenset({602, 1807})",602,0.6129032258064516,True,2022-05,1,1287,1
AS,EWR,SFO,2022,5,1185,30,17,1.0,frozenset({375}),375,0.5666666666666667,True,2022-05,2,921,2
UA,EWR,BOS,2022,5,1322,26,15,2.0,"frozenset({768, 238})",768,0.5769230769230769,True,2022-05,1,1288,1
AS,IAD,SFO,2022,5,1075,18,12,2.0,frozenset({1080}),1080,0.6666666666666666,True,2022-05,1,1289,1
AS,LAX,EWR,2022,5,615,31,19,0.0,"frozenset({184, 49, 360})",184,0.6129032258064516,True,2022-05,1,1290,1
UA,EWR,BTV,2022,5,1319,31,22,2.0,"frozenset({1291, 1151})",1151,0.7096774193548387,True,2022-05,1,1291,1
UA,BNA,EWR,2022,5,910,26,16,1.0,frozenset({306}),306,0.6153846153846154,True,2022-05,1,1292,1
WN,OMA,DEN,2022,5,1130,27,14,0.0,frozenset({1132}),1132,0.5185185185185185,True,2022-05,1,1293,1
UA,BNA,EWR,2022,5,1142,27,18,1.0,"frozenset({2233, 2068})",2233,0.6666666666666666,True,2022-05,1,1294,1
UA,BOS,EWR,2022,5,929,29,19,3.0,"frozenset({382, 495})",382,0.6551724137931034,True,2022-05,1,1295,1
AA,EWR,ORD,2022,5,1066,30,16,6.0,frozenset({642}),642,0.5333333333333333,True,2022-05,1,1296,1
AA,FLL,CLT,2022,5,1164,16,9,0.0,frozenset({2010}),2010,0.5625,True,2022-05,1,1297,1
YX,ALB,EWR,2022,5,1085,25,13,8.0,"frozenset({3403, 3404})",3404,0.52,True,2022-05,1,1298,1
YV,PHX,MFR,2022,5,697,15,8,0.0,frozenset({5710}),5710,0.5333333333333333,True,2022-05,1,1299,1
AA,MCO,CLT,2022,5,1136,16,9,0.0,frozenset({1682}),1682,0.5625,True,2022-05,1,1300,2
UA,CLE,EWR,2022,5,1213,21,11,4.0,frozenset({438}),438,0.5238095238095238,True,2022-05,1,1301,1
AA,MIA,PIT,2022,5,1264,27,14,3.0,frozenset({857}),857,0.5185185185185185,True,2022-05,1,1302,1
UA,CLE,EWR,2022,5,1017,26,18,4.0,frozenset({1891}),1891,0.6923076923076923,True,2022-05,1,1303,2
UA,CLE,EWR,2022,5,861,21,12,4.0,frozenset({434}),434,0.5714285714285714,True,2022-05,1,1304,1
UA,BUF,EWR,2022,5,1164,16,11,4.0,"frozenset({2165, 2038, 1807})",2165,0.6875,True,2022-05,1,1305,1
AA,ORD,EWR,2022,5,828,30,21,5.0,"frozenset({642, 910})",642,0.7,True,2022-05,1,1306,1
AA,ORD,EWR,2022,5,1071,31,17,1.0,frozenset({552}),552,0.5483870967741935,True,2022-05,2,878,3
AA,ORD,LGA,2022,5,990,27,15,1.0,frozenset({325}),325,0.5555555555555556,True,2022-05,2,883,2
UA,BOS,EWR,2022,5,1230,30,19,3.0,frozenset({1178}),1178,0.6333333333333333,True,2022-05,1,1307,1
UA,BOS,EWR,2022,5,1155,25,21,3.0,frozenset({2396}),2396,0.84,True,2022-05,1,1308,1
WN,SDF,BWI,2022,5,1140,27,16,0.0,frozenset({1826}),1826,0.5925925925925926,True,2022-05,1,1309,1
UA,BOS,EWR,2022,5,1058,28,19,4.0,frozenset({792}),792,0.6785714285714286,True,2022-05,2,939,2
UA,BOS,EWR,2022,5,845,26,14,1.0,frozenset({2248}),2248,0.5384615384615384,True,2022-05,1,1310,1
UA,EWR,BUF,2022,5,1307,26,19,2.0,frozenset({675}),675,0.7307692307692307,True,2022-05,1,1311,1
UA,EWR,CLE,2022,5,960,31,16,2.0,frozenset({636}),636,0.5161290322580645,True,2022-05,1,1312,1
UA,EWR,CLE,2022,5,1121,31,20,5.0,"frozenset({444, 2079})",2079,0.6451612903225806,True,2022-05,1,1313,1
WN,MDW,DCA,2022,5,1090,31,16,1.0,"frozenset({2738, 2927})",2738,0.5161290322580645,True,2022-05,1,1314,1
B6,FLL,EWR,2022,5,1235,29,15,2.0,frozenset({406}),406,0.5172413793103449,True,2022-05,2,1092,2
B6,FLL,JFK,2022,5,1267,30,18,0.0,frozenset({1202}),1202,0.6,True,2022-05,1,1315,1
WN,MDW,CVG,2022,5,1250,27,14,0.0,frozenset({752}),752,0.5185185185185185,True,2022-05,2,1075,2
UA,EWR,IAD,2022,5,1079,30,17,2.0,frozenset({1169}),1169,0.5666666666666667,True,2022-05,1,1316,1
WN,MDW,CLT,2022,5,1195,27,16,0.0,frozenset({36}),36,0.5925925925925926,True,2022-05,1,1317,1
UA,EWR,IAD,2022,5,1188,30,19,5.0,frozenset({1701}),1701,0.6333333333333333,True,2022-05,1,1318,1
B6,JAX,LGA,2022,5,1097,28,16,3.0,frozenset({2340}),2340,0.5714285714285714,True,2022-05,2,1073,2
WN,MDW,BDL,2022,5,1200,27,14,0.0,frozenset({1074}),1074,0.5185185185185185,True,2022-05,1,1319,1
B6,JFK,FLL,2022,5,1005,31,16,0.0,"frozenset({1401, 1101})",1401,0.5161290322580645,True,2022-05,1,1320,2
WN,MCO,BWI,2022,5,1370,27,16,0.0,frozenset({4031}),4031,0.5925925925925926,True,2022-05,1,1321,1
UA,EWR,IAH,2022,5,1054,31,19,0.0,frozenset({1261}),1261,0.6129032258064516,True,2022-05,1,1322,1
UA,EWR,JAX,2022,5,1319,26,17,3.0,frozenset({1207}),1207,0.6538461538461539,True,2022-05,1,1323,1
UA,EWR,LAS,2022,5,1257,30,19,0.0,"frozenset({1153, 2117})",2117,0.6333333333333333,True,2022-05,1,1324,1
UA,EWR,LAX,2022,5,1040,31,16,0.0,frozenset({2674}),2674,0.5161290322580645,True,2022-05,1,1325,2
UA,EWR,LAX,2022,5,1235,19,12,0.0,frozenset({2215}),2215,0.631578947368421,True,2022-05,1,1326,2
B6,JFK,SJU,2022,5,1230,31,17,1.0,frozenset({2503}),2503,0.5483870967741935,True,2022-05,2,1120,2
B6,FLL,BOS,2022,5,985,27,15,0.0,"frozenset({170, 470})",170,0.5555555555555556,True,2022-05,2,1084,2
B6,EWR,PBI,2022,5,907,16,10,1.0,"frozenset({1243, 643})",643,0.625,True,2022-05,2,1139,2
WN,MDW,DEN,2022,5,1215,27,14,0.0,"frozenset({1097, 5097})",1097,0.5185185185185185,True,2022-05,2,1082,2
B6,CHS,LGA,2022,5,1006,27,18,1.0,frozenset({2670}),2670,0.6666666666666666,True,2022-05,2,1188,5
AS,SAN,EWR,2022,5,555,31,16,2.0,frozenset({772}),772,0.5161290322580645,True,2022-05,1,1327,1
WN,MSP,BWI,2022,5,1095,27,16,0.0,frozenset({805}),805,0.5925925925925926,True,2022-05,2,1053,2
WN,MIA,MDW,2022,5,1290,27,15,0.0,frozenset({765}),765,0.5555555555555556,True,2022-05,2,1056,2
WN,MIA,BWI,2022,5,1180,27,14,1.0,frozenset({175}),175,0.5185185185185185,True,2022-05,1,1328,1
UA,EWR,DEN,2022,5,1019,31,16,2.0,"frozenset({752, 2660})",752,0.5161290322580645,True,2022-05,1,1329,1
WN,MDW,SDF,2022,5,1210,27,14,0.0,frozenset({599}),599,0.5185185185185185,True,2022-05,2,1150,2
WN,MDW,RSW,2022,5,1205,27,14,0.0,frozenset({1981}),1981,0.5185185185185185,True,2022-05,1,1330,1
UA,EWR,DFW,2022,5,1200,27,14,2.0,frozenset({2099}),2099,0.5185185185185185,True,2022-05,1,1331,1
YX,BGR,EWR,2022,5,950,21,13,4.0,frozenset({3493}),3493,0.6190476190476191,True,2022-05,1,1332,1
AS,SFO,ANC,2022,5,765,13,7,1.0,frozenset({1023}),1023,0.5384615384615384,True,2022-05,1,1333,1
WN,MDW,ORF,2022,5,1290,27,14,0.0,frozenset({302}),302,0.5185185185185185,True,2022-05,1,1334,1
WN,MDW,OMA,2022,5,1370,27,18,0.0,frozenset({2623}),2623,0.6666666666666666,True,2022-05,2,1168,2
B6,BNA,BOS,2022,5,908,28,16,0.0,frozenset({106}),106,0.5714285714285714,True,2022-05,1,1335,1
B6,BNA,LGA,2022,5,1074,28,15,1.0,frozenset({2188}),2188,0.5357142857142857,True,2022-05,2,1179,3
WN,MDW,OAK,2022,5,1325,27,16,0.0,frozenset({1029}),1029,0.5925925925925926,True,2022-05,2,1142,2
WN,MDW,MSP,2022,5,1295,27,18,0.0,frozenset({2475}),2475,0.6666666666666666,True,2022-05,2,1146,2
WN,MDW,MSP,2022,5,1020,27,14,0.0,frozenset({2473}),2473,0.5185185185185185,True,2022-05,2,1147,2
WN,MDW,MCO,2022,5,1215,31,16,0.0,"frozenset({1041, 3082})",1041,0.5161290322580645,True,2022-05,1,1336,1
UA,EWR,FLL,2022,5,1169,31,21,4.0,"frozenset({1187, 431})",1187,0.6774193548387096,True,2022-05,1,1337,1
AA,EWR,CLT,2022,5,1170,16,11,2.0,frozenset({1373}),1373,0.6875,True,2022-05,1,1338,1
YX,BOS,BNA,2022,5,1199,22,12,2.0,frozenset({5833}),5833,0.5454545454545454,True,2022-05,1,1339,1
YX,BOS,EWR,2022,5,936,17,9,3.0,"frozenset({5688, 5818, 3635})",5688,0.5294117647058824,True,2022-05,1,1340,1
YX,IAD,SYR,2022,5,1339,26,14,0.0,frozenset({3584}),3584,0.5384615384615384,True,2022-05,1,1341,1
YX,HHH,EWR,2022,5,780,26,16,1.0,frozenset({3534}),3534,0.6153846153846154,True,2022-05,1,1342,1
YX,GSP,EWR,2022,5,1084,27,17,6.0,"frozenset({3642, 3684})",3684,0.6296296296296297,True,2022-05,1,1343,1
YX,GSO,EWR,2022,5,1165,22,17,5.0,frozenset({3573}),3573,0.7727272727272727,True,2022-05,1,1344,1
AA,CLT,EWR,2022,5,1000,24,13,1.0,frozenset({1373}),1373,0.5416666666666666,True,2022-05,1,1345,1
AA,CLT,EWR,2022,5,1108,31,16,0.0,frozenset({484}),484,0.5161290322580645,True,2022-05,1,1346,3
YX,GRR,EWR,2022,5,874,26,15,4.0,frozenset({3674}),3674,0.5769230769230769,True,2022-05,1,1347,1
YX,EYW,EWR,2022,5,982,31,19,5.0,frozenset({3476}),3476,0.6129032258064516,True,2022-05,2,984,2
YX,EYW,EWR,2022,5,728,30,18,0.0,frozenset({3616}),3616,0.6,True,2022-05,1,1348,1
YX,EWR,SDF,2022,5,1202,29,16,6.0,"frozenset({3706, 3691})",3691,0.5517241379310345,True,2022-05,1,1349,1
YX,EWR,SAV,2022,5,1199,26,18,9.0,frozenset({3622}),3622,0.6923076923076923,True,2022-05,1,1350,2
YX,EWR,ROC,2022,5,1289,22,14,7.0,frozenset({3672}),3672,0.6363636363636364,True,2022-05,1,1351,1
YX,EWR,RDU,2022,5,960,26,19,7.0,frozenset({3418}),3418,0.7307692307692307,True,2022-05,1,1352,1
YX,EWR,PWM,2022,5,1055,16,12,7.0,"frozenset({3539, 3717, 3718, 3639})",3718,0.75,True,2022-05,1,1353,1
YX,EWR,PVD,2022,5,1220,22,14,6.0,frozenset({3414}),3414,0.6363636363636364,True,2022-05,1,1354,1
YX,EWR,PIT,2022,5,1200,27,15,4.0,"frozenset({3585, 3575})",3575,0.5555555555555556,True,2022-05,1,1355,1
YX,EWR,PHL,2022,5,1241,26,20,5.0,frozenset({3551}),3551,0.7692307692307693,True,2022-05,1,1356,1
YX,ILM,EWR,2022,5,955,26,20,7.0,frozenset({3587}),3587,0.7692307692307693,True,2022-05,1,1357,1
UA,DFW,EWR,2022,5,1175,27,14,3.0,frozenset({1834}),1834,0.5185185185185185,True,2022-05,1,1358,1
YX,IND,EWR,2022,5,1160,19,11,4.0,frozenset({3578}),3578,0.5789473684210527,True,2022-05,1,1359,1
YX,JFK,ORF,2022,5,1043,31,16,6.0,frozenset({4608}),4608,0.5161290322580645,True,2022-05,1,1360,1
YX,SDF,EWR,2022,5,1159,24,17,7.0,frozenset({3694}),3694,0.7083333333333334,True,2022-05,1,1361,1
YX,SAV,EWR,2022,5,1089,30,21,4.0,"frozenset({3576, 3665})",3665,0.7,True,2022-05,1,1362,1
YX,ROC,EWR,2022,5,1028,31,20,8.0,"frozenset({3408, 3611})",3611,0.6451612903225806,True,2022-05,1,1363,1
YX,RDU,EWR,2022,5,1114,26,22,7.0,frozenset({3657}),3657,0.8461538461538461,True,2022-05,1,1364,1
YX,PWM,EWR,2022,5,1175,20,15,6.0,"frozenset({3496, 3691, 3662, 3539, 3643, 3516})",3662,0.75,True,2022-05,1,1365,1
YX,PWM,EWR,2022,5,1062,26,16,6.0,"frozenset({3705, 3623})",3705,0.6153846153846154,True,2022-05,1,1366,1
YX,PVD,EWR,2022,5,940,21,13,6.0,frozenset({3695}),3695,0.6190476190476191,True,2022-05,1,1367,1
YX,PIT,EWR,2022,5,900,22,12,4.0,frozenset({3663}),3663,0.5454545454545454,True,2022-05,1,1368,1
YX,EWR,PHL,2022,5,1122,23,19,9.0,"frozenset({3601, 3550})",3550,0.8260869565217391,True,2022-05,1,1369,1
YX,PHL,EWR,2022,5,1213,23,20,9.0,"frozenset({3696, 3484})",3696,0.8695652173913043,True,2022-05,1,1370,1
YX,ORD,JFK,2022,5,1139,31,16,1.0,"frozenset({5857, 5642})",5642,0.5161290322580645,True,2022-05,1,1371,1
AA,BOS,CLT,2022,5,1111,16,9,0.0,frozenset({2252}),2252,0.5625,True,2022-05,1,1372,3
YX,MYR,EWR,2022,5,1079,26,18,4.0,frozenset({3447}),3447,0.6923076923076923,True,2022-05,1,1373,1
YX,MKE,EWR,2022,5,720,26,16,7.0,frozenset({3680}),3680,0.6153846153846154,True,2022-05,1,1374,1
UA,DFW,EWR,2022,5,714,22,13,3.0,frozenset({1003}),1003,0.5909090909090909,True,2022-05,1,1375,1
YX,LGA,DCA,2022,5,1050,27,14,5.0,"frozenset({5817, 5631})",5631,0.5185185185185185,True,2022-05,1,1376,1
YX,LGA,BOS,2022,5,1140,27,15,6.0,"frozenset({5610, 5766})",5766,0.5555555555555556,True,2022-05,1,1377,1
UA,DFW,EWR,2022,5,981,31,21,1.0,"frozenset({1081, 499})",499,0.6774193548387096,True,2022-05,1,1378,1
YX,PBI,EWR,2022,5,1271,22,12,4.0,frozenset({3675}),3675,0.5454545454545454,True,2022-05,1,1379,1
UA,EWR,MCI,2022,5,1312,27,19,2.0,"frozenset({1504, 1945})",1945,0.7037037037037037,True,2022-05,1,1380,1
YX,EWR,PBI,2022,5,1043,22,13,7.0,frozenset({3509}),3509,0.5909090909090909,True,2022-05,1,1381,1
YX,EWR,MHT,2022,5,1288,31,20,5.0,"frozenset({3546, 3567})",3546,0.6451612903225806,True,2022-05,1,1382,1
YX,EWR,BGR,2022,5,1259,31,26,6.0,"frozenset({3653, 3439})",3653,0.8387096774193549,True,2022-05,1,1383,1
YX,EWR,ALB,2022,5,1318,27,15,4.0,"frozenset({3513, 3618})",3513,0.5555555555555556,True,2022-05,1,1384,1
YX,DTW,EWR,2022,5,1110,28,17,7.0,"frozenset({3402, 3459})",3402,0.6071428571428571,True,2022-05,1,1385,1
YX,DCA,LGA,2022,5,1080,31,16,6.0,"frozenset({5627, 5780})",5627,0.5161290322580645,True,2022-05,1,1386,1
YX,DCA,LGA,2022,5,960,31,16,3.0,frozenset({4718}),4718,0.5161290322580645,True,2022-05,1,1387,1
UA,EWR,ATL,2022,5,1289,26,16,5.0,"frozenset({608, 601})",608,0.6153846153846154,True,2022-05,1,1388,1
YX,CVG,EWR,2022,5,1110,27,19,8.0,"frozenset({3642, 3453})",3642,0.7037037037037037,True,2022-05,1,1389,1
YX,CVG,EWR,2022,5,985,27,16,6.0,"frozenset({3551, 3511})",3511,0.5925925925925926,True,2022-05,1,1390,1
YX,CMH,EWR,2022,5,1117,27,20,6.0,"frozenset({3437, 3446})",3437,0.7407407407407407,True,2022-05,1,1391,1
YX,CMH,EWR,2022,5,934,31,18,6.0,"frozenset({3436, 3445})",3436,0.5806451612903226,True,2022-05,1,1392,1
AA,DFW,SEA,2022,5,1132,31,16,0.0,frozenset({1241}),1241,0.5161290322580645,True,2022-05,1,1393,1
YX,CLT,EWR,2022,5,1074,31,22,6.0,"frozenset({3410, 3437})",3410,0.7096774193548387,True,2022-05,1,1394,1
YX,CLT,EWR,2022,5,949,22,16,8.0,frozenset({3427}),3427,0.7272727272727273,True,2022-05,1,1395,1
YX,CHS,EWR,2022,5,1182,26,19,5.0,frozenset({3400}),3400,0.7307692307692307,True,2022-05,1,1396,1
YX,BTV,EWR,2022,5,1106,22,14,8.0,frozenset({3421}),3421,0.6363636363636364,True,2022-05,1,1397,1
AA,DSM,DFW,2022,5,964,31,17,1.0,frozenset({2467}),2467,0.5483870967741935,True,2022-05,1,1398,1
YX,BOS,EWR,2022,5,1080,27,15,7.0,"frozenset({3712, 5859, 5751})",5751,0.5555555555555556,True,2022-05,1,1399,1
YX,EWR,BOS,2022,5,1063,17,11,4.0,"frozenset({5688, 3433, 5610})",5610,0.6470588235294118,True,2022-05,1,1400,1
UA,EWR,ATL,2022,5,1080,26,14,1.0,"frozenset({1264, 2113})",2113,0.5384615384615384,True,2022-05,1,1401,2
YX,EWR,BTV,2022,5,977,22,14,7.0,frozenset({3466}),3466,0.6363636363636364,True,2022-05,1,1402,1
YX,EWR,BUF,2022,5,1055,10,6,3.0,frozenset({3516}),3516,0.6,True,2022-05,1,1403,1
AA,DCA,LGA,2022,5,1080,27,16,2.0,frozenset({2151}),2151,0.5925925925925926,True,2022-05,2,1009,2
YX,EWR,MEM,2022,5,1277,31,20,9.0,frozenset({3484}),3484,0.6451612903225806,True,2022-05,1,1404,1
YX,EWR,IND,2022,5,1259,31,19,5.0,"frozenset({3435, 3623})",3435,0.6129032258064516,True,2022-05,1,1405,1
YX,EWR,IND,2022,5,1170,27,15,5.0,"frozenset({3522, 3508})",3522,0.5555555555555556,True,2022-05,1,1406,1
YX,EWR,IND,2022,5,989,24,13,1.0,frozenset({3433}),3433,0.5416666666666666,True,2022-05,1,1407,1
YX,EWR,ILM,2022,5,1220,27,20,8.0,"frozenset({3403, 3429})",3429,0.7407407407407407,True,2022-05,1,1408,1
YX,EWR,GSP,2022,5,1247,14,9,4.0,"frozenset({3416, 3550})",3416,0.6428571428571429,True,2022-05,1,1409,1
YX,EWR,GSP,2022,5,1066,16,9,3.0,frozenset({3416}),3416,0.5625,True,2022-05,1,1410,1
YX,EWR,MKE,2022,5,1281,30,22,7.0,"frozenset({3585, 3636})",3585,0.7333333333333333,True,2022-05,1,1411,1
YX,EWR,GSO,2022,5,1016,22,13,5.0,frozenset({3417}),3417,0.5909090909090909,True,2022-05,1,1412,1
YX,EWR,EYW,2022,5,1019,26,14,2.0,frozenset({3439}),3439,0.5384615384615384,True,2022-05,1,1413,1
YX,EWR,DTW,2022,5,1288,31,17,9.0,"frozenset({3504, 3519})",3504,0.5483870967741935,True,2022-05,1,1414,1
YX,EWR,DTW,2022,5,1157,26,15,8.0,frozenset({3610}),3610,0.5769230769230769,True,2022-05,1,1415,1
YX,EWR,CVG,2022,5,1259,24,16,8.0,"frozenset({3448, 3421, 3710})",3421,0.6666666666666666,True,2022-05,1,1416,1
AA,DFW,DSM,2022,5,807,31,18,1.0,frozenset({2467}),2467,0.5806451612903226,True,2022-05,1,1417,1
YX,EWR,CLT,2022,5,1290,29,16,6.0,"frozenset({3497, 3499})",3499,0.5517241379310345,True,2022-05,1,1418,1
YX,EWR,CLT,2022,5,1082,22,13,5.0,frozenset({3408}),3408,0.5909090909090909,True,2022-05,1,1419,1
YX,EWR,CHS,2022,5,1007,26,18,7.0,frozenset({3698}),3698,0.6923076923076923,True,2022-05,1,1420,1
YX,EWR,GRR,2022,5,1201,25,18,6.0,frozenset({3552}),3552,0.72,True,2022-05,1,1421,1
UA,EWR,MCO,2022,5,1175,25,16,3.0,"frozenset({397, 1591})",397,0.64,True,2022-05,1,1422,1
WN,OAK,SAN,2022,5,1115,31,16,0.0,"frozenset({2365, 2686})",2686,0.5161290322580645,True,2022-05,2,929,2
UA,JAX,EWR,2022,5,1217,29,15,1.0,"frozenset({1580, 2223})",1580,0.5172413793103449,True,2022-05,1,1423,1
UA,EWR,RDU,2022,5,1319,30,16,1.0,"frozenset({1139, 2621, 1083, 2221})",1083,0.5333333333333333,True,2022-05,1,1424,1
UA,EWR,ROC,2022,5,1139,26,21,2.0,frozenset({1209}),1209,0.8076923076923077,True,2022-05,1,1425,1
UA,EWR,RSW,2022,5,1252,30,18,3.0,"frozenset({2001, 298, 1411})",2001,0.6,True,2022-05,1,1426,1
B6,MCO,EWR,2022,5,1145,24,14,0.0,frozenset({928}),928,0.5833333333333334,True,2022-05,2,808,2
DL,EWR,ATL,2022,5,1065,22,12,2.0,"frozenset({1741, 1623})",1623,0.5454545454545454,True,2022-05,1,1427,1
UA,EWR,PBI,2022,5,1257,31,18,3.0,"frozenset({1450, 678})",1450,0.5806451612903226,True,2022-05,1,1428,1
OO,IAD,MSP,2022,5,1105,17,10,0.0,"frozenset({4048, 4031})",4031,0.5882352941176471,True,2022-05,1,1429,1
WN,DEN,MSY,2022,5,1200,27,17,0.0,frozenset({1132}),1132,0.6296296296296297,True,2022-05,2,763,2
UA,EWR,PBI,2022,5,1181,31,20,3.0,"frozenset({1697, 1038})",1038,0.6451612903225806,True,2022-05,1,1430,1
UA,EWR,SFO,2022,5,1235,17,10,0.0,"frozenset({1257, 1978})",1978,0.5882352941176471,True,2022-05,1,1431,1
B6,MCO,BOS,2022,5,1176,17,9,0.0,frozenset({1152}),1152,0.5294117647058824,True,2022-05,2,836,2
B6,MCO,BOS,2022,5,1115,28,15,1.0,"frozenset({352, 1652})",1652,0.5357142857142857,True,2022-05,1,1432,1
UA,EWR,ORF,2022,5,1319,22,17,3.0,frozenset({2448}),2448,0.7727272727272727,True,2022-05,1,1433,1
WN,DEN,MDW,2022,5,1205,24,14,1.0,frozenset({3155}),3155,0.5833333333333334,True,2022-05,1,1434,1
B6,LGA,SRQ,2022,5,920,27,15,1.0,frozenset({2331}),2331,0.5555555555555556,True,2022-05,3,501,4
UA,EWR,RDU,2022,5,1085,18,12,0.0,frozenset({2650}),2650,0.6666666666666666,True,2022-05,1,1435,1
B6,MCO,JFK,2022,5,1206,32,19,1.0,"frozenset({684, 884})",884,0.59375,True,2022-05,1,1436,4
B6,MCO,JFK,2022,5,1296,31,17,0.0,frozenset({284}),284,0.5483870967741935,True,2022-05,2,823,6
B6,SRQ,LGA,2022,5,1148,27,18,1.0,frozenset({2332}),2332,0.6666666666666666,True,2022-05,3,657,4
B6,PWM,JFK,2022,5,901,12,7,2.0,frozenset({407}),407,0.5833333333333334,True,2022-05,1,1437,1
B6,PBI,EWR,2022,5,1127,14,12,1.0,frozenset({1944}),1944,0.8571428571428571,True,2022-05,1,1438,1
B6,PBI,BOS,2022,5,1144,18,11,0.0,"frozenset({2722, 2322})",2722,0.6111111111111112,True,2022-05,1,1439,1
WN,HOU,LGA,2022,5,965,27,14,1.0,"frozenset({2336, 5336})",2336,0.5185185185185185,True,2022-05,1,1440,1
WN,JAX,BWI,2022,5,1145,28,15,2.0,"frozenset({6488, 340})",340,0.5357142857142857,True,2022-05,1,1441,1
UA,EWR,PWM,2022,5,1319,10,8,2.0,frozenset({1747}),1747,0.8,True,2022-05,2,831,3
UA,EWR,PWM,2022,5,1257,19,14,9.0,frozenset({1747}),1747,0.7368421052631579,True,2022-05,2,831,3
DL,PBI,JFK,2022,5,1174,31,16,6.0,frozenset({1164}),1164,0.5161290322580645,True,2022-05,1,1442,1
WN,FLL,MDW,2022,5,1200,31,16,1.0,"frozenset({3049, 2623})",2623,0.5161290322580645,True,2022-05,2,820,2
B6,MCO,LGA,2022,5,1125,28,17,0.0,frozenset({798}),798,0.6071428571428571,True,2022-05,2,809,6
B6,RSW,JFK,2022,5,1110,28,15,0.0,frozenset({1730}),1730,0.5357142857142857,True,2022-05,1,1443,4
WN,DEN,TPA,2022,5,1215,27,14,0.0,frozenset({2813}),2813,0.5185185185185185,True,2022-05,1,1444,1
B6,SEA,BOS,2022,5,1293,10,7,0.0,frozenset({498}),498,0.7,True,2022-05,1,1445,1
B6,SEA,JFK,2022,5,1383,10,6,0.0,frozenset({264}),264,0.6,True,2022-05,1,1446,1
WN,LAS,DAL,2022,5,925,31,16,2.0,"frozenset({3718, 2486})",2486,0.5161290322580645,True,2022-05,1,1447,1
B6,SMF,BOS,2022,5,1276,16,9,0.0,frozenset({130}),130,0.5625,True,2022-05,1,1448,1
B6,MCO,LGA,2022,5,1230,31,16,1.0,frozenset({1998}),1998,0.5161290322580645,True,2022-05,2,810,2
UA,EWR,MYR,2022,5,1260,20,16,1.0,frozenset({1273}),1273,0.8,True,2022-05,1,1449,1
B6,RDU,BOS,2022,5,1250,11,6,1.0,"frozenset({184, 1684})",1684,0.5454545454545454,True,2022-05,1,1450,1
F9,ATL,DEN,2022,5,1257,13,9,0.0,frozenset({419}),419,0.6923076923076923,True,2022-05,1,1451,1
WN,DEN,DTW,2022,5,890,27,14,0.0,frozenset({1793}),1793,0.5185185185185185,True,2022-05,1,1452,1
F9,BDL,SJU,2022,5,913,17,10,1.0,frozenset({115}),115,0.5882352941176471,True,2022-05,2,849,2
UA,EWR,MIA,2022,5,1115,32,18,2.0,"frozenset({1592, 626, 2205})",2205,0.5625,True,2022-05,1,1453,1
UA,EWR,MSP,2022,5,1007,18,12,0.0,frozenset({1987}),1987,0.6666666666666666,True,2022-05,1,1454,1
F9,ATL,SFO,2022,5,904,14,8,0.0,frozenset({1523}),1523,0.5714285714285714,True,2022-05,1,1455,1
NK,LGA,MCO,2022,6,1199,23,13,2.0,frozenset({475}),475,0.5652173913043478,True,2022-06,1,1456,2
YX,CLE,EWR,2022,6,1050,24,16,11.0,frozenset({3444}),3444,0.6666666666666666,True,2022-06,1,1457,1
YX,BUF,EWR,2022,6,1177,25,14,7.0,"frozenset({3438, 3639})",3438,0.56,True,2022-06,1,1458,1
B6,SEA,JFK,2022,6,850,19,10,1.0,frozenset({2864}),2864,0.5263157894736842,True,2022-06,1,1459,2
WN,ABQ,LAS,2022,6,1265,23,13,0.0,frozenset({1776}),1776,0.5652173913043478,True,2022-06,1,1460,1
AA,DFW,SMF,2022,6,1045,30,18,1.0,frozenset({2554}),2554,0.6,True,2022-06,1,1461,1
UA,CLT,EWR,2022,6,1085,17,13,7.0,frozenset({356}),356,0.7647058823529411,True,2022-06,1,1462,1
B6,SJU,EWR,2022,6,1025,22,12,1.0,frozenset({1990}),1990,0.5454545454545454,True,2022-06,1,1463,1
AA,DFW,TUS,2022,6,1370,28,16,3.0,frozenset({785}),785,0.5714285714285714,True,2022-06,1,1464,1
B6,SJU,JFK,2022,6,1070,23,13,1.0,frozenset({2404}),2404,0.5652173913043478,True,2022-06,1,1465,1
YX,PVD,EWR,2022,6,1110,23,14,10.0,"frozenset({3499, 3525, 3654})",3499,0.6086956521739131,True,2022-06,1,1466,1
AA,DFW,STL,2022,6,1249,28,15,1.0,frozenset({1010}),1010,0.5357142857142857,True,2022-06,1,1467,1
YX,BOS,EWR,2022,6,1079,26,14,4.0,"frozenset({5736, 5751})",5736,0.5384615384615384,True,2022-06,1,1468,1
YX,CLT,EWR,2022,6,1054,11,8,4.0,"frozenset({3410, 3676})",3676,0.7272727272727273,True,2022-06,1,1469,1
B6,SAV,JFK,2022,6,1145,22,15,4.0,frozenset({342}),342,0.6818181818181818,True,2022-06,1,1470,2
YX,PWM,EWR,2022,6,960,11,6,3.0,"frozenset({3664, 3561, 3642, 3602})",3561,0.5454545454545454,True,2022-06,1,1471,1
YX,BOS,DCA,2022,6,1280,26,14,3.0,frozenset({5798}),5798,0.5384615384615384,True,2022-06,1,1472,1
B6,RSW,JFK,2022,6,1115,30,17,0.0,frozenset({1730}),1730,0.5666666666666667,True,2022-06,2,1443,4
NK,LAS,DTW,2022,6,1014,26,15,0.0,frozenset({1188}),1188,0.5769230769230769,True,2022-06,1,1473,1
YX,PWM,EWR,2022,6,1102,26,16,10.0,frozenset({3691}),3691,0.6153846153846154,True,2022-06,1,1474,1
YX,BNA,EWR,2022,6,1031,28,19,11.0,frozenset({3559}),3559,0.6785714285714286,True,2022-06,1,1475,1
NK,LAS,DEN,2022,6,1065,15,8,1.0,frozenset({1285}),1285,0.5333333333333333,True,2022-06,1,1476,2
F9,ATL,TPA,2022,6,1212,10,6,0.0,frozenset({2551}),2551,0.6,True,2022-06,1,1477,1
AA,EWR,MIA,2022,6,1115,30,18,3.0,frozenset({2933}),2933,0.6,True,2022-06,1,1478,2
B6,RSW,BOS,2022,6,980,19,11,1.0,frozenset({2866}),2866,0.5789473684210527,True,2022-06,1,1479,1
9E,ILM,LGA,2022,6,709,22,12,4.0,frozenset({5272}),5272,0.5454545454545454,True,2022-06,1,1480,1
YX,BUF,EWR,2022,6,809,25,13,11.0,"frozenset({3440, 3420})",3440,0.52,True,2022-06,1,1481,1
UA,IAH,EWR,2022,6,880,30,19,9.0,frozenset({2494}),2494,0.6333333333333333,True,2022-06,2,1251,2
YX,MYR,EWR,2022,6,1122,19,11,1.0,frozenset({3581}),3581,0.5789473684210527,True,2022-06,1,1482,1
F9,LAS,CLE,2022,6,1373,11,7,0.0,frozenset({2014}),2014,0.6363636363636364,True,2022-06,1,1483,1
DL,BOS,MCO,2022,6,1245,30,18,1.0,"frozenset({1400, 1065})",1400,0.6,True,2022-06,1,1484,1
AA,DFW,LAS,2022,6,1145,30,17,2.0,"frozenset({1777, 1771, 2373})",1777,0.5666666666666667,True,2022-06,1,1485,1
YX,EWR,BUF,2022,6,1259,20,14,8.0,"frozenset({3584, 3533})",3584,0.7,True,2022-06,1,1486,1
AA,DFW,MCO,2022,6,1132,30,17,1.0,"frozenset({1336, 2186})",1336,0.5666666666666667,True,2022-06,1,1487,1
YX,EWR,BUF,2022,6,1050,26,16,12.0,"frozenset({3528, 3516})",3528,0.6153846153846154,True,2022-06,1,1488,1
UA,MCO,EWR,2022,6,910,32,17,3.0,"frozenset({2117, 2397})",2397,0.53125,True,2022-06,2,1210,2
NK,MCO,EWR,2022,6,1185,30,17,2.0,frozenset({1909}),1909,0.5666666666666667,True,2022-06,1,1489,1
NK,MCO,EWR,2022,6,1070,28,17,2.0,frozenset({1400}),1400,0.6071428571428571,True,2022-06,2,1276,3
DL,BOS,ATL,2022,6,1028,30,19,0.0,"frozenset({531, 1644})",1644,0.6333333333333333,True,2022-06,1,1490,1
UA,EWR,RDU,2022,6,1318,27,18,11.0,"frozenset({1083, 2446})",2446,0.6666666666666666,True,2022-06,1,1491,1
OH,ORF,DCA,2022,6,1222,22,14,3.0,"frozenset({5602, 5210})",5210,0.6363636363636364,True,2022-06,1,1492,1
YX,EWR,BGR,2022,6,1317,27,18,8.0,frozenset({3511}),3511,0.6666666666666666,True,2022-06,1,1493,1
DL,ATL,IAD,2022,6,1058,12,7,1.0,frozenset({2228}),2228,0.5833333333333334,True,2022-06,1,1494,1
AA,DFW,MSY,2022,6,1180,30,17,2.0,"frozenset({626, 1455})",1455,0.5666666666666667,True,2022-06,1,1495,1
UA,TPA,EWR,2022,6,1126,21,14,4.0,frozenset({2045}),2045,0.6666666666666666,True,2022-06,1,1496,1
YX,EWR,ALB,2022,6,1319,23,14,7.0,"frozenset({3513, 3466})",3466,0.6086956521739131,True,2022-06,1,1497,1
DL,ATL,EWR,2022,6,1090,25,13,2.0,frozenset({416}),416,0.52,True,2022-06,1,1498,1
YX,DTW,EWR,2022,6,854,29,16,12.0,"frozenset({3480, 3460})",3480,0.5517241379310345,True,2022-06,1,1499,1
YX,PHL,EWR,2022,6,1110,20,13,9.0,frozenset({3525}),3525,0.65,True,2022-06,1,1500,1
UA,EWR,PWM,2022,6,1229,10,6,1.0,frozenset({1747}),1747,0.6,True,2022-06,3,831,3
B6,TPA,JFK,2022,6,847,19,10,0.0,frozenset({126}),126,0.5263157894736842,True,2022-06,1,1501,1
UA,EWR,SLC,2022,6,1175,27,17,2.0,"frozenset({457, 2221})",2221,0.6296296296296297,True,2022-06,1,1502,3
B6,TPA,BOS,2022,6,1194,22,13,0.0,frozenset({392}),392,0.5909090909090909,True,2022-06,1,1503,1
B6,SRQ,LGA,2022,6,1152,30,21,4.0,frozenset({2332}),2332,0.7,True,2022-06,4,657,4
OH,PHL,BTV,2022,6,1242,11,6,0.0,frozenset({5032}),5032,0.5454545454545454,True,2022-06,1,1504,1
YX,PIT,EWR,2022,6,956,23,13,11.0,"frozenset({3425, 3572})",3425,0.5652173913043478,True,2022-06,1,1505,1
YX,CMH,EWR,2022,6,1110,25,17,12.0,"frozenset({3584, 3467, 3437})",3467,0.68,True,2022-06,1,1506,1
WN,DEN,SEA,2022,6,1350,26,14,1.0,"frozenset({1704, 215})",215,0.5384615384615384,True,2022-06,1,1507,1
B6,SRQ,JFK,2022,6,1028,22,14,3.0,frozenset({164}),164,0.6363636363636364,True,2022-06,1,1508,3
YX,PVD,EWR,2022,6,925,12,7,5.0,"frozenset({3474, 3690, 3695})",3474,0.5833333333333334,True,2022-06,1,1509,1
YX,EWR,ALB,2022,6,1079,21,13,8.0,frozenset({3424}),3424,0.6190476190476191,True,2022-06,1,1510,1
UA,LAX,EWR,2022,6,615,30,19,0.0,"frozenset({1807, 2335})",2335,0.6333333333333333,True,2022-06,1,1511,2
AA,IAH,MIA,2022,6,1004,30,18,2.0,"frozenset({1576, 1254})",1576,0.6,True,2022-06,1,1512,1
AA,IAH,MIA,2022,6,1086,26,14,5.0,frozenset({1451}),1451,0.5384615384615384,True,2022-06,1,1513,1
WN,STL,DTW,2022,6,1245,23,12,0.0,frozenset({360}),360,0.5217391304347826,True,2022-06,1,1514,1
AA,MIA,ATL,2022,6,1217,30,16,4.0,frozenset({1045}),1045,0.5333333333333333,True,2022-06,1,1515,1
AA,MIA,AUS,2022,6,1240,28,15,3.0,frozenset({2629}),2629,0.5357142857142857,True,2022-06,1,1516,1
AA,MIA,AUS,2022,6,1299,30,17,4.0,"frozenset({2444, 1077})",2444,0.5666666666666667,True,2022-06,1,1517,1
AA,MIA,BOS,2022,6,870,30,18,1.0,frozenset({618}),618,0.6,True,2022-06,1,1518,1
AA,MIA,DCA,2022,6,930,30,16,3.0,frozenset({1554}),1554,0.5333333333333333,True,2022-06,1,1519,1
AA,MIA,EWR,2022,6,885,28,15,1.0,frozenset({2933}),2933,0.5357142857142857,True,2022-06,1,1520,1
WN,ATL,MCO,2022,6,1140,29,16,2.0,"frozenset({1114, 4484, 1222})",1114,0.5517241379310345,True,2022-06,1,1521,1
AA,MIA,EWR,2022,6,1170,30,17,6.0,frozenset({322}),322,0.5666666666666667,True,2022-06,1,1522,1
F9,BUF,MCO,2022,6,1182,18,11,1.0,frozenset({1039}),1039,0.6111111111111112,True,2022-06,1,1523,1
AA,MIA,JAX,2022,6,1359,30,17,2.0,frozenset({2128}),2128,0.5666666666666667,True,2022-06,1,1524,1
YX,SRQ,CLT,2022,6,1186,24,14,4.0,frozenset({4785}),4785,0.5833333333333334,True,2022-06,1,1525,1
AA,MIA,JFK,2022,6,807,30,17,2.0,"frozenset({2225, 485})",485,0.5666666666666667,True,2022-06,1,1526,1
AA,MIA,JFK,2022,6,1170,30,16,3.0,frozenset({1922}),1922,0.5333333333333333,True,2022-06,1,1527,1
AA,MIA,JFK,2022,6,1260,30,18,2.0,frozenset({1357}),1357,0.6,True,2022-06,1,1528,1
AA,MIA,LGA,2022,6,963,30,17,6.0,frozenset({1462}),1462,0.5666666666666667,True,2022-06,1,1529,1
AA,MIA,LGA,2022,6,1020,30,17,4.0,frozenset({2178}),2178,0.5666666666666667,True,2022-06,1,1530,1
AA,MIA,LGA,2022,6,1105,26,14,5.0,"frozenset({1174, 1735})",1735,0.5384615384615384,True,2022-06,1,1531,1
AA,MIA,LGA,2022,6,1179,30,17,6.0,frozenset({1171}),1171,0.5666666666666667,True,2022-06,1,1532,1
WN,STL,DAL,2022,6,1315,29,18,0.0,"frozenset({2068, 4333, 4374})",2068,0.6206896551724138,True,2022-06,1,1533,1
WN,STL,DAL,2022,6,1180,23,12,0.0,frozenset({1704}),1704,0.5217391304347826,True,2022-06,1,1534,1
UA,EWR,TPA,2022,6,990,30,16,4.0,frozenset({1032}),1032,0.5333333333333333,True,2022-06,1,1535,1
AA,MIA,SFO,2022,6,1012,24,15,3.0,frozenset({2035}),2035,0.625,True,2022-06,1,1536,1
WN,ATL,MCO,2022,6,1320,26,14,0.0,"frozenset({1308, 1006})",1308,0.5384615384615384,True,2022-06,1,1537,1
AA,MSY,MIA,2022,6,967,25,14,3.0,"frozenset({1482, 1691})",1691,0.56,True,2022-06,1,1538,1
WN,SRQ,BWI,2022,6,1150,23,15,2.0,frozenset({2805}),2805,0.6521739130434783,True,2022-06,1,1539,1
WN,ATL,MDW,2022,6,1265,29,17,0.0,"frozenset({4281, 779, 2148})",779,0.5862068965517241,True,2022-06,1,1540,3
YX,STL,EWR,2022,6,957,21,13,8.0,frozenset({3514}),3514,0.6190476190476191,True,2022-06,1,1541,1
WN,DAL,MCO,2022,6,1185,23,14,0.0,frozenset({2627}),2627,0.6086956521739131,True,2022-06,1,1542,3
B6,RDU,JFK,2022,6,425,22,13,2.0,frozenset({2586}),2586,0.5909090909090909,True,2022-06,1,1543,1
AA,MCO,PHL,2022,6,879,30,16,2.0,frozenset({1300}),1300,0.5333333333333333,True,2022-06,1,1544,1
AA,MCO,ORD,2022,6,989,28,21,1.0,frozenset({1708}),1708,0.75,True,2022-06,1,1545,1
WN,STL,TUL,2022,6,1325,26,14,0.0,"frozenset({960, 605})",960,0.5384615384615384,True,2022-06,1,1546,1
YX,ALB,EWR,2022,6,916,23,12,10.0,frozenset({3406}),3406,0.5217391304347826,True,2022-06,1,1547,1
F9,LAS,DEN,2022,6,1285,11,6,0.0,"frozenset({778, 774})",778,0.5454545454545454,True,2022-06,1,1548,1
AA,IND,CLT,2022,6,1215,24,14,5.0,frozenset({2462}),2462,0.5833333333333334,True,2022-06,1,1549,1
WN,DEN,DAL,2022,6,1165,27,15,0.0,"frozenset({1847, 3190, 2111})",1847,0.5555555555555556,True,2022-06,1,1550,3
WN,FLL,MDW,2022,6,1185,30,16,2.0,"frozenset({2183, 3049, 3517, 2623})",2183,0.5333333333333333,True,2022-06,1,1551,1
AA,JFK,BOS,2022,6,1295,30,16,2.0,frozenset({1278}),1278,0.5333333333333333,True,2022-06,1,1552,1
YX,ROC,EWR,2022,6,1114,24,15,9.0,frozenset({3669}),3669,0.625,True,2022-06,1,1553,1
AA,JFK,DFW,2022,6,954,30,16,1.0,frozenset({2785}),2785,0.5333333333333333,True,2022-06,1,1554,1
AA,JFK,MIA,2022,6,1045,30,19,4.0,frozenset({466}),466,0.6333333333333333,True,2022-06,1,1555,2
AA,JFK,MIA,2022,6,1110,30,16,2.0,"frozenset({629, 485})",629,0.5333333333333333,True,2022-06,1,1556,1
AA,LAS,MIA,2022,6,732,30,16,2.0,frozenset({1524}),1524,0.5333333333333333,True,2022-06,1,1557,1
UA,CLE,EWR,2022,6,960,28,15,7.0,frozenset({1891}),1891,0.5357142857142857,True,2022-06,2,1303,2
AA,LAX,STL,2022,6,1080,28,17,3.0,frozenset({513}),513,0.6071428571428571,True,2022-06,1,1558,2
WN,TPA,SJU,2022,6,1200,23,12,0.0,frozenset({2427}),2427,0.5217391304347826,True,2022-06,1,1559,1
AA,DFW,GRR,2022,6,1140,30,16,0.0,frozenset({1555}),1555,0.5333333333333333,True,2022-06,1,1560,1
AA,LGA,MIA,2022,6,1200,30,16,10.0,frozenset({332}),332,0.5333333333333333,True,2022-06,1,1561,2
AA,LGA,ORD,2022,6,1170,26,15,8.0,frozenset({2566}),2566,0.5769230769230769,True,2022-06,1,1562,3
WN,TPA,PIT,2022,6,1105,23,12,0.0,frozenset({353}),353,0.5217391304347826,True,2022-06,1,1563,1
WN,TPA,IND,2022,6,1295,26,16,1.0,frozenset({824}),824,0.6153846153846154,True,2022-06,1,1564,1
WN,TPA,FLL,2022,6,1240,25,13,1.0,"frozenset({1138, 3115})",3115,0.52,True,2022-06,1,1565,1
B6,RDU,JFK,2022,6,1174,30,17,5.0,frozenset({386}),386,0.5666666666666667,True,2022-06,1,1566,3
AA,MCO,CLT,2022,6,1129,29,16,2.0,frozenset({1682}),1682,0.5517241379310345,True,2022-06,2,1300,2
AA,MCO,DCA,2022,6,952,30,22,0.0,frozenset({2509}),2509,0.7333333333333333,True,2022-06,1,1567,1
AA,MCO,DCA,2022,6,1094,26,17,1.0,frozenset({2503}),2503,0.6538461538461539,True,2022-06,1,1568,3
WN,TPA,BWI,2022,6,1315,26,14,1.0,"frozenset({1978, 914})",914,0.5384615384615384,True,2022-06,1,1569,1
WN,TPA,BWI,2022,6,1225,24,15,4.0,"frozenset({3945, 1557})",1557,0.625,True,2022-06,1,1570,1
AA,MCO,DFW,2022,6,1065,30,16,2.0,"frozenset({1356, 398})",1356,0.5333333333333333,True,2022-06,1,1571,1
AA,MCO,LAX,2022,6,1170,28,15,1.0,frozenset({2512}),2512,0.5357142857142857,True,2022-06,1,1572,1
AA,MCO,MIA,2022,6,1052,30,16,0.0,frozenset({457}),457,0.5333333333333333,True,2022-06,1,1573,1
WN,ATL,FLL,2022,6,1010,26,14,0.0,"frozenset({2883, 675})",2883,0.5384615384615384,True,2022-06,1,1574,1
AA,LGA,ORD,2022,6,1110,30,16,2.0,frozenset({359}),359,0.5333333333333333,True,2022-06,1,1575,1
UA,RSW,EWR,2022,6,1200,23,13,6.0,"frozenset({1587, 1923})",1587,0.5652173913043478,True,2022-06,1,1576,1
AA,DFW,GEG,2022,6,1193,23,13,2.0,frozenset({303}),303,0.5652173913043478,True,2022-06,1,1577,1
DL,BOS,MIA,2022,6,1210,25,15,1.0,frozenset({1079}),1079,0.6,True,2022-06,1,1578,1
YX,GSP,EWR,2022,6,1132,23,15,7.0,"frozenset({3684, 3701})",3701,0.6521739130434783,True,2022-06,1,1579,1
DL,MIA,JFK,2022,6,926,30,16,2.0,"frozenset({2776, 829})",829,0.5333333333333333,True,2022-06,1,1580,1
F9,COS,PHX,2022,6,1287,13,7,0.0,frozenset({2823}),2823,0.5384615384615384,True,2022-06,1,1581,1
YX,GRR,EWR,2022,6,1018,25,13,9.0,frozenset({3658}),3658,0.52,True,2022-06,1,1582,1
DL,MCO,LGA,2022,6,1139,27,16,7.0,"frozenset({2546, 2684})",2684,0.5925925925925926,True,2022-06,1,1583,1
DL,MCO,JFK,2022,6,1245,22,13,3.0,frozenset({1660}),1660,0.5909090909090909,True,2022-06,1,1584,1
AA,CLT,EWR,2022,6,1123,30,20,4.0,frozenset({484}),484,0.6666666666666666,True,2022-06,2,1346,3
F9,CVG,MCO,2022,6,1124,13,8,0.0,frozenset({1065}),1065,0.6153846153846154,True,2022-06,1,1585,1
AA,CLT,FLL,2022,6,987,29,15,0.0,frozenset({469}),469,0.5172413793103449,True,2022-06,1,1586,1
AA,CLT,FLL,2022,6,1350,27,14,5.0,frozenset({1861}),1861,0.5185185185185185,True,2022-06,1,1587,1
YX,EYW,EWR,2022,6,801,21,13,5.0,frozenset({3498}),3498,0.6190476190476191,True,2022-06,1,1588,1
DL,MCO,JFK,2022,6,943,25,16,3.0,frozenset({1536}),1536,0.64,True,2022-06,1,1589,1
F9,BWI,MCO,2022,6,1124,22,12,4.0,frozenset({1241}),1241,0.5454545454545454,True,2022-06,1,1590,1
AA,CLT,IND,2022,6,1080,24,14,4.0,frozenset({2462}),2462,0.5833333333333334,True,2022-06,1,1591,1
AA,CLT,IND,2022,6,1345,27,15,2.0,frozenset({1081}),1081,0.5555555555555556,True,2022-06,1,1592,2
DL,MCO,CVG,2022,6,1097,25,13,0.0,frozenset({2240}),2240,0.52,True,2022-06,1,1593,1
YX,EWR,SYR,2022,6,1255,26,16,12.0,"frozenset({3650, 3676, 3525, 3679})",3525,0.6153846153846154,True,2022-06,1,1594,1
YX,EWR,SDF,2022,6,1212,28,15,9.0,"frozenset({3691, 3420})",3420,0.5357142857142857,True,2022-06,1,1595,1
YX,EWR,SDF,2022,6,990,29,15,11.0,"frozenset({3567, 3655})",3655,0.5172413793103449,True,2022-06,1,1596,1
DL,MCO,BOS,2022,6,982,25,15,1.0,frozenset({1555}),1555,0.6,True,2022-06,1,1597,1
AA,CLT,LGA,2022,6,1090,30,16,4.0,frozenset({1893}),1893,0.5333333333333333,True,2022-06,1,1598,1
AA,CLT,LGA,2022,6,1230,30,16,7.0,frozenset({1942}),1942,0.5333333333333333,True,2022-06,1,1599,2
YX,EWR,SAV,2022,6,1283,21,12,4.0,frozenset({3622}),3622,0.5714285714285714,True,2022-06,2,1350,2
AA,CLT,LIT,2022,6,1235,30,16,4.0,frozenset({1780}),1780,0.5333333333333333,True,2022-06,1,1600,2
AA,BHM,CLT,2022,6,1034,23,14,2.0,frozenset({1365}),1365,0.6086956521739131,True,2022-06,1,1601,1
AA,CLT,MCO,2022,6,980,30,16,1.0,frozenset({1682}),1682,0.5333333333333333,True,2022-06,1,1602,1
AA,AUS,TPA,2022,6,1047,28,17,3.0,frozenset({986}),986,0.6071428571428571,True,2022-06,1,1603,1
YX,EWR,ROC,2022,6,1259,23,15,10.0,"frozenset({3672, 3654})",3654,0.6521739130434783,True,2022-06,1,1604,1
YX,EWR,ROC,2022,6,960,24,13,10.0,frozenset({3663}),3663,0.5416666666666666,True,2022-06,1,1605,1
AA,CLT,DFW,2022,6,1210,30,17,1.0,"frozenset({2602, 1870})",2602,0.5666666666666667,True,2022-06,1,1606,2
DL,MIA,JFK,2022,6,1185,30,19,4.0,"frozenset({2465, 2238})",2465,0.6333333333333333,True,2022-06,1,1607,1
F9,CLT,PHL,2022,6,773,10,6,0.0,frozenset({2312}),2312,0.6,True,2022-06,1,1608,1
DL,MIA,LGA,2022,6,1199,26,15,8.0,"frozenset({1004, 2342})",1004,0.5769230769230769,True,2022-06,1,1609,1
UA,MIA,EWR,2022,6,745,30,16,6.0,frozenset({2044}),2044,0.5333333333333333,True,2022-06,1,1610,1
DL,TPA,LGA,2022,6,1199,22,13,5.0,frozenset({1347}),1347,0.5909090909090909,True,2022-06,1,1611,1
UA,MIA,EWR,2022,6,1021,30,21,1.0,"frozenset({2147, 1779})",1779,0.7,True,2022-06,1,1612,1
UA,MIA,EWR,2022,6,1095,17,11,3.0,"frozenset({2179, 1428})",1428,0.6470588235294118,True,2022-06,1,1613,1
AA,BWI,CLT,2022,6,1109,28,16,5.0,frozenset({1232}),1232,0.5714285714285714,True,2022-06,1,1614,1
DL,TPA,JFK,2022,6,1169,30,16,3.0,"frozenset({1122, 1605})",1122,0.5333333333333333,True,2022-06,1,1615,1
AA,CHS,CLT,2022,6,1081,26,14,1.0,frozenset({2542}),2542,0.5384615384615384,True,2022-06,1,1616,1
YX,MKE,EWR,2022,6,1032,27,20,10.0,frozenset({3618}),3618,0.7407407407407407,True,2022-06,1,1617,1
AA,CLT,AUS,2022,6,1340,25,14,2.0,frozenset({764}),764,0.56,True,2022-06,1,1618,2
OH,DCA,BUF,2022,6,1340,26,14,4.0,frozenset({5467}),5467,0.5384615384615384,True,2022-06,1,1619,1
YX,MEM,EWR,2022,6,1014,18,12,8.0,frozenset({3690}),3690,0.6666666666666666,True,2022-06,1,1620,1
DL,SEA,HNL,2022,6,995,13,8,0.0,frozenset({2874}),2874,0.6153846153846154,True,2022-06,1,1621,1
UA,EWR,SFO,2022,6,1230,27,14,0.0,"frozenset({1257, 395})",395,0.5185185185185185,True,2022-06,1,1622,1
AA,CLT,BDL,2022,6,1174,24,15,0.0,frozenset({657}),657,0.625,True,2022-06,1,1623,3
AA,AUS,MIA,2022,6,1067,28,15,2.0,frozenset({1518}),1518,0.5357142857142857,True,2022-06,1,1624,1
AA,CLT,BDL,2022,6,1355,23,12,1.0,"frozenset({1840, 1062})",1062,0.5217391304347826,True,2022-06,1,1625,1
AA,CLT,BOS,2022,6,1245,30,16,1.0,frozenset({1843}),1843,0.5333333333333333,True,2022-06,1,1626,2
DL,PBI,JFK,2022,6,1190,30,16,5.0,"frozenset({1164, 893})",893,0.5333333333333333,True,2022-06,1,1627,1
AA,BNA,CLT,2022,6,1026,30,18,3.0,frozenset({2040}),2040,0.6,True,2022-06,1,1628,1
AA,CLT,BWI,2022,6,980,28,15,4.0,frozenset({887}),887,0.5357142857142857,True,2022-06,1,1629,1
AA,CLT,BWI,2022,6,1300,28,17,3.0,frozenset({2037}),2037,0.6071428571428571,True,2022-06,1,1630,2
UA,PBI,EWR,2022,6,956,38,20,2.0,"frozenset({587, 2131})",2131,0.5263157894736842,True,2022-06,1,1631,1
AA,CLT,BWI,2022,6,1355,29,15,1.0,frozenset({2799}),2799,0.5172413793103449,True,2022-06,1,1632,2
UA,PBI,EWR,2022,6,1135,30,16,3.0,"frozenset({2209, 1237, 2081})",2209,0.5333333333333333,True,2022-06,2,1222,2
YX,ITH,EWR,2022,6,1018,18,10,6.0,frozenset({3653}),3653,0.5555555555555556,True,2022-06,1,1633,1
YX,IND,EWR,2022,6,1053,26,18,7.0,frozenset({3579}),3579,0.6923076923076923,True,2022-06,1,1634,1
OH,BUF,DCA,2022,6,1051,26,15,2.0,frozenset({5138}),5138,0.5769230769230769,True,2022-06,1,1635,1
YX,IND,EWR,2022,6,930,23,14,10.0,frozenset({3709}),3709,0.6086956521739131,True,2022-06,1,1636,1
WN,DEN,MCO,2022,6,850,23,13,1.0,frozenset({2435}),2435,0.5652173913043478,True,2022-06,1,1637,1
F9,CLE,TPA,2022,6,1167,23,12,1.0,"frozenset({2433, 2437})",2437,0.5217391304347826,True,2022-06,1,1638,1
DL,PHX,JFK,2022,6,617,29,15,5.0,frozenset({707}),707,0.5172413793103449,True,2022-06,1,1639,1
AA,BOS,CLT,2022,6,1118,29,16,0.0,frozenset({2252}),2252,0.5517241379310345,True,2022-06,2,1372,3
AA,AUS,MIA,2022,6,762,26,14,2.0,"frozenset({665, 1326})",1326,0.5384615384615384,True,2022-06,1,1640,1
OH,DCA,TLH,2022,6,1233,25,14,5.0,frozenset({5597}),5597,0.56,True,2022-06,1,1641,1
OH,MCI,DCA,2022,6,1070,20,13,4.0,frozenset({5248}),5248,0.65,True,2022-06,1,1642,1
WN,DEN,MSY,2022,6,1255,23,12,0.0,frozenset({1917}),1917,0.5217391304347826,True,2022-06,1,1643,1
DL,JFK,ATL,2022,6,1215,26,15,0.0,"frozenset({2985, 877})",2985,0.5769230769230769,True,2022-06,1,1644,1
YX,EWR,GSP,2022,6,1319,21,11,7.0,"frozenset({3494, 3590})",3590,0.5238095238095238,True,2022-06,1,1645,1
F9,DFW,MCO,2022,6,1141,19,12,1.0,frozenset({1246}),1246,0.631578947368421,True,2022-06,1,1646,1
NK,MIA,MCO,2022,6,1015,26,14,0.0,frozenset({216}),216,0.5384615384615384,True,2022-06,1,1647,1
AA,DFW,AUS,2022,6,945,30,18,3.0,"frozenset({1186, 1607})",1607,0.6,True,2022-06,1,1648,1
DL,FLL,LGA,2022,6,1199,26,14,7.0,"frozenset({1033, 1461})",1033,0.5384615384615384,True,2022-06,1,1649,1
AA,DFW,BOS,2022,6,949,28,17,2.0,frozenset({849}),849,0.6071428571428571,True,2022-06,1,1650,1
NK,MIA,EWR,2022,6,1199,30,17,0.0,frozenset({3119}),3119,0.5666666666666667,True,2022-06,1,1651,1
YX,EWR,GSO,2022,6,1020,28,16,9.0,"frozenset({3417, 3587})",3587,0.5714285714285714,True,2022-06,1,1652,1
AA,ORD,BDL,2022,6,1065,28,15,4.0,frozenset({2689}),2689,0.5357142857142857,True,2022-06,1,1653,2
YX,EWR,GRR,2022,6,1229,15,12,9.0,"frozenset({3552, 3596})",3596,0.8,True,2022-06,1,1654,1
DL,FLL,BOS,2022,6,1225,30,16,1.0,"frozenset({1088, 2970, 302})",2970,0.5333333333333333,True,2022-06,1,1655,1
UA,MCO,EWR,2022,6,1032,21,15,1.0,frozenset({2162}),2162,0.7142857142857143,True,2022-06,2,1216,2
YX,EWR,DTW,2022,6,1259,19,16,11.0,"frozenset({3504, 3570})",3570,0.8421052631578947,True,2022-06,1,1656,1
YX,EWR,DTW,2022,6,1170,22,12,7.0,"frozenset({3610, 3507})",3507,0.5454545454545454,True,2022-06,1,1657,1
YX,EWR,DTW,2022,6,947,29,16,10.0,"frozenset({3576, 3503})",3576,0.5517241379310345,True,2022-06,1,1658,1
DL,DTW,SFO,2022,6,1009,27,14,4.0,"frozenset({2385, 2820})",2820,0.5185185185185185,True,2022-06,1,1659,1
UA,EWR,RSW,2022,6,1117,21,12,3.0,frozenset({1642}),1642,0.5714285714285714,True,2022-06,1,1660,1
OH,MGM,DCA,2022,6,1113,26,15,5.0,frozenset({5119}),5119,0.5769230769230769,True,2022-06,1,1661,1
F9,FLL,BUF,2022,6,925,18,10,1.0,frozenset({2662}),2662,0.5555555555555556,True,2022-06,1,1662,1
AA,DFW,DSM,2022,6,1260,30,18,7.0,frozenset({1371}),1371,0.6,True,2022-06,1,1663,1
YX,EWR,CMH,2022,6,1277,26,21,12.0,frozenset({3443}),3443,0.8076923076923077,True,2022-06,1,1664,1
YX,EWR,CLT,2022,6,1099,21,13,8.0,frozenset({3554}),3554,0.6190476190476191,True,2022-06,1,1665,1
YX,EWR,CLT,2022,6,1050,26,14,12.0,"frozenset({3408, 3550})",3550,0.5384615384615384,True,2022-06,1,1666,1
AA,DFW,ELP,2022,6,1130,30,16,1.0,"frozenset({555, 1931})",555,0.5333333333333333,True,2022-06,1,1667,2
YX,EWR,CLT,2022,6,869,11,6,3.0,"frozenset({3688, 3482})",3688,0.5454545454545454,True,2022-06,1,1668,1
WN,DEN,ORD,2022,6,875,26,15,0.0,"frozenset({2657, 967})",967,0.5769230769230769,True,2022-06,1,1669,1
AA,AUS,CLT,2022,6,1054,24,13,4.0,frozenset({434}),434,0.5416666666666666,True,2022-06,1,1670,1
AA,DCA,MIA,2022,6,1138,30,20,9.0,"frozenset({1554, 2293})",2293,0.6666666666666666,True,2022-06,1,1671,1
DL,JFK,LAX,2022,6,1290,27,17,2.0,frozenset({657}),657,0.6296296296296297,True,2022-06,1,1672,1
YX,EWR,IND,2022,6,1145,23,13,10.0,"frozenset({3522, 3566})",3566,0.5652173913043478,True,2022-06,1,1673,1
DL,LGA,MIA,2022,6,1199,22,14,4.0,frozenset({2780}),2780,0.6363636363636364,True,2022-06,1,1674,1
UA,RDU,EWR,2022,6,1097,29,19,8.0,"frozenset({1153, 1550})",1153,0.6551724137931034,True,2022-06,2,1207,2
YX,EWR,PWM,2022,6,1229,13,7,4.0,"frozenset({3449, 3505, 3590})",3449,0.5384615384615384,True,2022-06,1,1675,1
YX,EWR,PWM,2022,6,1060,28,17,11.0,"frozenset({3607, 3695})",3695,0.6071428571428571,True,2022-06,1,1676,1
AA,CLT,PBI,2022,6,1100,28,19,2.0,frozenset({794}),794,0.6785714285714286,True,2022-06,1,1677,1
AA,CLT,PHL,2022,6,1311,23,12,1.0,frozenset({1713}),1713,0.5217391304347826,True,2022-06,1,1678,1
AA,CLT,PHX,2022,6,1083,30,16,6.0,frozenset({540}),540,0.5333333333333333,True,2022-06,1,1679,1
DL,LGA,MIA,2022,6,915,29,17,5.0,frozenset({2342}),2342,0.5862068965517241,True,2022-06,1,1680,1
F9,DEN,MCO,2022,6,1417,22,13,0.0,frozenset({678}),678,0.5909090909090909,True,2022-06,1,1681,1
AA,CLT,RIC,2022,6,874,28,15,2.0,frozenset({2843}),2843,0.5357142857142857,True,2022-06,1,1682,1
YX,EWR,PIT,2022,6,1289,28,17,13.0,frozenset({3450}),3450,0.6071428571428571,True,2022-06,1,1683,1
YX,EWR,PIT,2022,6,1050,27,17,13.0,frozenset({3519}),3519,0.6296296296296297,True,2022-06,1,1684,1
DL,LGA,FLL,2022,6,895,25,13,5.0,frozenset({1461}),1461,0.52,True,2022-06,1,1685,1
DL,JFK,TPA,2022,6,1199,25,13,3.0,frozenset({2755}),2755,0.52,True,2022-06,1,1686,1
AA,CLT,MIA,2022,6,1098,29,16,2.0,frozenset({2700}),2700,0.5517241379310345,True,2022-06,1,1687,1
AA,CLT,SLC,2022,6,1155,28,16,7.0,frozenset({2742}),2742,0.5714285714285714,True,2022-06,1,1688,2
UA,EWR,SMF,2022,6,1143,29,15,4.0,frozenset({2477}),2477,0.5172413793103449,True,2022-06,2,1265,2
YX,EWR,ORF,2022,6,1138,27,16,13.0,"frozenset({3602, 3539, 3677})",3602,0.5925925925925926,True,2022-06,1,1689,1
YX,EWR,MSN,2022,6,1247,27,16,8.0,frozenset({3607}),3607,0.5925925925925926,True,2022-06,1,1690,1
YX,EWR,MKE,2022,6,1199,25,14,6.0,frozenset({3500}),3500,0.56,True,2022-06,1,1691,1
DL,JFK,MIA,2022,6,1169,30,20,3.0,frozenset({2243}),2243,0.6666666666666666,True,2022-06,1,1692,1
YX,EWR,MHT,2022,6,1289,29,19,12.0,"frozenset({3546, 3613})",3613,0.6551724137931034,True,2022-06,1,1693,1
AA,DCA,CLT,2022,6,1141,29,16,2.0,frozenset({548}),548,0.5517241379310345,True,2022-06,1,1694,1
AA,DCA,DFW,2022,6,1139,30,20,2.0,frozenset({1514}),1514,0.6666666666666666,True,2022-06,1,1695,1
YX,ORF,EWR,2022,6,868,25,13,8.0,frozenset({3711}),3711,0.52,True,2022-06,1,1696,1
F9,DEN,PHL,2022,6,22,21,11,1.0,frozenset({520}),520,0.5238095238095238,True,2022-06,1,1697,1
WN,DEN,ATL,2022,6,980,26,14,1.0,"frozenset({1486, 166})",1486,0.5384615384615384,True,2022-06,1,1698,2
YX,EWR,MEM,2022,6,1203,20,14,7.0,frozenset({3642}),3642,0.7,True,2022-06,1,1699,1
DL,JFK,MCO,2022,6,1195,25,15,5.0,frozenset({2187}),2187,0.6,True,2022-06,1,1700,1
YX,EWR,IND,2022,6,1229,27,19,13.0,"frozenset({3435, 3558})",3558,0.7037037037037037,True,2022-06,1,1701,1
WN,DEN,AUS,2022,6,1265,26,19,1.0,"frozenset({968, 2386})",968,0.7307692307692307,True,2022-06,1,1702,1
DL,FLL,JFK,2022,6,1155,25,14,3.0,frozenset({910}),910,0.56,True,2022-06,1,1703,1
WN,LAS,PDX,2022,6,1315,26,16,0.0,"frozenset({640, 230})",230,0.6153846153846154,True,2022-06,1,1704,1
AA,ORD,BTV,2022,6,1025,24,14,1.0,frozenset({2815}),2815,0.5833333333333334,True,2022-06,1,1705,1
B6,DEN,BOS,2022,6,1040,19,13,0.0,frozenset({394}),394,0.6842105263157895,True,2022-06,1,1706,1
B6,DEN,BOS,2022,6,1439,22,12,3.0,frozenset({994}),994,0.5454545454545454,True,2022-06,1,1707,1
WN,MDW,GRR,2022,6,1280,23,13,0.0,frozenset({1530}),1530,0.5652173913043478,True,2022-06,1,1708,1
WN,MDW,FLL,2022,6,1305,26,15,0.0,"frozenset({825, 746})",825,0.5769230769230769,True,2022-06,1,1709,1
B6,EWR,MCO,2022,6,1274,22,15,3.0,frozenset({1827}),1827,0.6818181818181818,True,2022-06,1,1710,1
WN,MDW,DEN,2022,6,1310,26,14,0.0,"frozenset({197, 3310})",197,0.5384615384615384,True,2022-06,1,1711,1
WN,LAS,MCI,2022,6,1265,29,17,0.0,"frozenset({1945, 437, 854})",437,0.5862068965517241,True,2022-06,1,1712,3
B6,FLL,BOS,2022,6,870,22,12,0.0,frozenset({860}),860,0.5454545454545454,True,2022-06,1,1713,1
WN,BWI,ORF,2022,6,1340,26,17,1.0,"frozenset({1224, 3570})",1224,0.6538461538461539,True,2022-06,1,1714,3
WN,MDW,DAL,2022,6,1280,26,18,0.0,"frozenset({4696, 1791})",1791,0.6923076923076923,True,2022-06,1,1715,3
F9,TPA,BUF,2022,6,1036,10,6,0.0,frozenset({2500}),2500,0.6,True,2022-06,1,1716,1
WN,MDW,DAL,2022,6,1160,27,15,1.0,"frozenset({1970, 1291, 3565})",1970,0.5555555555555556,True,2022-06,1,1717,3
B6,LGA,TPA,2022,6,1045,26,16,1.0,frozenset({47}),47,0.6153846153846154,True,2022-06,1,1718,2
WN,MDW,CVG,2022,6,1260,26,15,0.0,"frozenset({752, 189})",189,0.5769230769230769,True,2022-06,1,1719,1
B6,LGA,SRQ,2022,6,925,30,20,4.0,frozenset({2331}),2331,0.6666666666666666,True,2022-06,4,501,4
B6,FLL,JFK,2022,6,860,30,16,1.0,"frozenset({1902, 302})",1902,0.5333333333333333,True,2022-06,1,1720,1
WN,BWI,PHX,2022,6,1180,27,15,2.0,"frozenset({6900, 2733, 653})",653,0.5555555555555556,True,2022-06,1,1721,1
B6,FLL,PHL,2022,6,915,18,10,0.0,frozenset({976}),976,0.5555555555555556,True,2022-06,1,1722,1
B6,FLL,LGA,2022,6,1215,25,15,4.0,frozenset({572}),572,0.6,True,2022-06,1,1723,1
WN,MDW,BWI,2022,6,1320,29,19,1.0,"frozenset({1552, 787, 3846})",1552,0.6551724137931034,True,2022-06,1,1724,1
WN,MDW,CHS,2022,6,1235,26,14,0.0,"frozenset({934, 2495})",2495,0.5384615384615384,True,2022-06,1,1725,1
WN,MDW,CLE,2022,6,1370,23,14,0.0,frozenset({2010}),2010,0.6086956521739131,True,2022-06,1,1726,3
WN,BWI,PVD,2022,6,1340,26,16,3.0,"frozenset({1267, 2142})",1267,0.6153846153846154,True,2022-06,1,1727,3
B6,DCA,MCO,2022,6,990,30,18,2.0,frozenset({2323}),2323,0.6,True,2022-06,1,1728,1
WN,LAS,MDW,2022,6,1155,29,20,0.0,"frozenset({1217, 3309, 1063})",1063,0.6896551724137931,True,2022-06,1,1729,3
B6,LGA,SAV,2022,6,1139,19,15,3.0,frozenset({1747}),1747,0.7894736842105263,True,2022-06,1,1730,1
OO,SMF,SAN,2022,6,915,13,7,0.0,frozenset({3493}),3493,0.5384615384615384,True,2022-06,1,1731,1
F9,STT,MCO,2022,6,916,15,9,0.0,frozenset({131}),131,0.6,True,2022-06,3,1057,5
B6,FLL,JFK,2022,6,1295,30,21,2.0,"frozenset({1202, 1802})",1802,0.7,True,2022-06,1,1732,2
WN,BWI,PIT,2022,6,1335,29,22,3.0,"frozenset({3472, 962, 2805})",2805,0.7586206896551724,True,2022-06,1,1733,3
B6,FLL,JFK,2022,6,1076,30,19,3.0,frozenset({2202}),2202,0.6333333333333333,True,2022-06,1,1734,3
WN,LAS,MDW,2022,6,855,27,14,1.0,"frozenset({6565, 2822, 2663})",2663,0.5185185185185185,True,2022-06,1,1735,3
WN,MDW,HOU,2022,6,1275,26,15,0.0,"frozenset({2644, 3582})",2644,0.5769230769230769,True,2022-06,1,1736,3
WN,MDW,HOU,2022,6,1375,23,16,0.0,frozenset({782}),782,0.6956521739130435,True,2022-06,1,1737,2
B6,DCA,FLL,2022,6,1139,30,20,1.0,frozenset({1979}),1979,0.6666666666666666,True,2022-06,1,1738,2
B6,BOS,PDX,2022,6,1045,22,13,0.0,frozenset({1395}),1395,0.5909090909090909,True,2022-06,1,1739,1
WN,MDW,MCO,2022,6,1315,29,16,0.0,"frozenset({2330, 5411, 4620})",5411,0.5517241379310345,True,2022-06,1,1740,1
B6,BOS,PBI,2022,6,846,19,10,0.0,frozenset({2821}),2821,0.5263157894736842,True,2022-06,1,1741,1
B6,BOS,MIA,2022,6,848,22,14,2.0,frozenset({1319}),1319,0.6363636363636364,True,2022-06,1,1742,1
WN,MDW,MEM,2022,6,1360,23,15,0.0,frozenset({2470}),2470,0.6521739130434783,True,2022-06,1,1743,1
WN,BWI,MCO,2022,6,1155,22,12,3.0,frozenset({6514}),6514,0.5454545454545454,True,2022-06,1,1744,1
B6,BOS,SJU,2022,6,860,15,8,1.0,frozenset({561}),561,0.5333333333333333,True,2022-06,1,1745,1
WN,BWI,MCO,2022,6,1105,26,18,4.0,"frozenset({2384, 1701})",1701,0.6923076923076923,True,2022-06,1,1746,3
B6,BOS,DEN,2022,6,1243,22,12,3.0,frozenset({993}),993,0.5454545454545454,True,2022-06,1,1747,1
B6,BOS,DEN,2022,6,817,19,10,0.0,frozenset({393}),393,0.5263157894736842,True,2022-06,1,1748,2
F9,MCO,LGA,2022,6,863,30,19,1.0,"frozenset({1110, 1334})",1110,0.6333333333333333,True,2022-06,1,1749,1
G4,LCK,MYR,2022,6,1190,12,7,3.0,"frozenset({758, 799})",799,0.5833333333333334,True,2022-06,1,1750,1
G4,LCK,PGD,2022,6,912,12,8,0.0,"frozenset({1672, 1682, 1692})",1672,0.6666666666666666,True,2022-06,1,1751,1
UA,EWR,ATL,2022,6,1208,20,12,3.0,frozenset({2113}),2113,0.6,True,2022-06,2,1401,2
WN,MDW,MSP,2022,6,1200,23,14,0.0,frozenset({150}),150,0.6086956521739131,True,2022-06,1,1752,1
B6,FLL,RDU,2022,6,1260,22,15,1.0,frozenset({1126}),1126,0.6818181818181818,True,2022-06,1,1753,1
B6,BOS,SJU,2022,6,1095,19,12,0.0,frozenset({261}),261,0.631578947368421,True,2022-06,1,1754,1
G4,FLL,AVL,2022,6,1253,11,6,2.0,"frozenset({497, 453})",497,0.5454545454545454,True,2022-06,1,1755,1
WN,BWI,MIA,2022,6,1340,23,13,3.0,frozenset({2569}),2569,0.5652173913043478,True,2022-06,1,1756,1
WN,BWI,MIA,2022,6,1130,23,13,0.0,frozenset({2749}),2749,0.5652173913043478,True,2022-06,1,1757,1
WN,BWI,MHT,2022,6,1345,23,14,1.0,frozenset({1235}),1235,0.6086956521739131,True,2022-06,1,1758,1
WN,BWI,MHT,2022,6,930,23,12,0.0,frozenset({3092}),3092,0.5217391304347826,True,2022-06,1,1759,1
B6,DCA,BOS,2022,6,1170,30,16,2.0,frozenset({2354}),2354,0.5333333333333333,True,2022-06,1,1760,1
G4,CVG,VPS,2022,6,1110,10,7,0.0,"frozenset({738, 743})",743,0.7,True,2022-06,1,1761,1
WN,MDW,MCI,2022,6,1370,26,14,0.0,"frozenset({5393, 1914, 1393})",1914,0.5384615384615384,True,2022-06,1,1762,1
B6,CHS,LGA,2022,6,990,26,22,3.0,frozenset({2670}),2670,0.8461538461538461,True,2022-06,3,1188,5
B6,MCO,BOS,2022,6,1280,20,13,2.0,"frozenset({2352, 1522, 2152})",2152,0.65,True,2022-06,1,1763,1
WN,BWI,MDW,2022,6,1250,26,14,2.0,"frozenset({1408, 5393, 1393})",1408,0.5384615384615384,True,2022-06,1,1764,1
B6,CHS,JFK,2022,6,1100,21,12,0.0,frozenset({1274}),1274,0.5714285714285714,True,2022-06,1,1765,1
WN,MDW,LAS,2022,6,1320,29,23,1.0,"frozenset({4081, 762, 223})",223,0.7931034482758621,True,2022-06,1,1766,2
WN,MDW,LAX,2022,6,1315,23,17,0.0,frozenset({2869}),2869,0.7391304347826086,True,2022-06,1,1767,3
UA,EWR,GRR,2022,6,1229,12,8,1.0,"frozenset({1288, 793, 2484, 439})",439,0.6666666666666666,True,2022-06,1,1768,1
B6,CHS,LGA,2022,6,757,30,22,2.0,"frozenset({1470, 2855})",1470,0.7333333333333333,True,2022-06,1,1769,1
B6,HYA,JFK,2022,6,829,22,14,2.0,frozenset({1963}),1963,0.6363636363636364,True,2022-06,1,1770,1
WN,MDW,BOS,2022,6,1250,23,12,0.0,frozenset({938}),938,0.5217391304347826,True,2022-06,1,1771,1
WN,MDW,BHM,2022,6,1350,23,13,4.0,frozenset({1408}),1408,0.5652173913043478,True,2022-06,1,1772,1
UA,EWR,MIA,2022,6,1170,27,18,9.0,frozenset({1100}),1100,0.6666666666666666,True,2022-06,1,1773,1
UA,EWR,JAX,2022,6,1259,21,12,2.0,frozenset({401}),401,0.5714285714285714,True,2022-06,1,1774,1
WN,LAX,LAS,2022,6,1025,23,12,0.0,frozenset({1063}),1063,0.5217391304347826,True,2022-06,1,1775,3
B6,JFK,RDU,2022,6,1319,30,21,3.0,"frozenset({1985, 2585})",2585,0.7,True,2022-06,1,1776,5
B6,JFK,ORH,2022,6,1315,22,12,3.0,frozenset({676}),676,0.5454545454545454,True,2022-06,1,1777,1
B6,JFK,MSY,2022,6,1310,22,16,3.0,frozenset({675}),675,0.7272727272727273,True,2022-06,1,1778,3
B6,LGA,MCO,2022,6,1260,19,12,2.0,frozenset({499}),499,0.631578947368421,True,2022-06,1,1779,2
B6,JFK,MSP,2022,6,1299,22,13,3.0,frozenset({417}),417,0.5909090909090909,True,2022-06,1,1780,2
WN,LGA,MDW,2022,6,1280,29,16,6.0,"frozenset({2337, 2002, 4253})",2002,0.5517241379310345,True,2022-06,1,1781,1
B6,JFK,MIA,2022,6,1250,23,16,2.0,frozenset({2193}),2193,0.6956521739130435,True,2022-06,1,1782,3
WN,LGA,TPA,2022,6,1105,26,15,5.0,"frozenset({1576, 424})",424,0.5769230769230769,True,2022-06,1,1783,1
F9,PHL,MCO,2022,6,1190,13,7,1.0,"frozenset({1165, 1167, 1171, 1175, 1181})",1171,0.5384615384615384,True,2022-06,1,1784,1
UA,EWR,IAH,2022,6,1229,30,17,8.0,"frozenset({1027, 756})",1027,0.5666666666666667,True,2022-06,1,1785,1
WN,MCO,ATL,2022,6,1110,26,14,0.0,"frozenset({4776, 2218})",2218,0.5384615384615384,True,2022-06,1,1786,1
B6,JFK,MSP,2022,6,930,22,14,2.0,frozenset({617}),617,0.6363636363636364,True,2022-06,1,1787,1
WN,MCO,ATL,2022,6,1295,23,12,0.0,frozenset({948}),948,0.5217391304347826,True,2022-06,1,1788,1
B6,JFK,ROC,2022,6,1349,30,17,5.0,frozenset({486}),486,0.5666666666666667,True,2022-06,1,1789,1
B6,LGA,MCO,2022,6,1079,30,17,2.0,"frozenset({699, 1999})",699,0.5666666666666667,True,2022-06,1,1790,1
B6,LGA,FLL,2022,6,1019,19,10,0.0,frozenset({471}),471,0.5263157894736842,True,2022-06,1,1791,1
F9,MCO,STL,2022,6,1230,15,10,0.0,frozenset({1211}),1211,0.6666666666666666,True,2022-06,1,1792,2
B6,LGA,FLL,2022,6,930,30,17,1.0,frozenset({371}),371,0.5666666666666667,True,2022-06,1,1793,1
WN,LAS,RNO,2022,6,1045,27,15,0.0,"frozenset({3392, 3916, 3119})",3119,0.5555555555555556,True,2022-06,1,1794,1
UA,EWR,MCI,2022,6,1259,28,18,2.0,frozenset({1229}),1229,0.6428571428571429,True,2022-06,1,1795,1
UA,EWR,MIA,2022,6,989,21,16,3.0,frozenset({1705}),1705,0.7619047619047619,True,2022-06,1,1796,1
B6,JFK,SAV,2022,6,957,22,12,3.0,frozenset({341}),341,0.5454545454545454,True,2022-06,1,1797,2
B6,JFK,SYR,2022,6,1379,22,19,2.0,frozenset({2516}),2516,0.8636363636363636,True,2022-06,1,1798,1
UA,EWR,LAX,2022,6,1230,30,18,2.0,frozenset({2215}),2215,0.6,True,2022-06,2,1326,2
B6,JFK,SJU,2022,6,1349,22,16,2.0,frozenset({2103}),2103,0.7272727272727273,True,2022-06,1,1799,3
B6,JFK,SJU,2022,6,1265,22,22,1.0,frozenset({903}),903,1.0,True,2022-06,1,1800,2
B6,JFK,SJU,2022,6,780,23,12,0.0,"frozenset({803, 2703})",803,0.5217391304347826,True,2022-06,1,1801,1
F9,MCO,RDU,2022,6,1320,17,11,0.0,frozenset({1192}),1192,0.6470588235294118,True,2022-06,1,1802,1
UA,EWR,LAX,2022,6,1010,30,16,0.0,frozenset({2674}),2674,0.5333333333333333,True,2022-06,2,1325,2
B6,JFK,SRQ,2022,6,795,23,14,2.0,frozenset({163}),163,0.6086956521739131,True,2022-06,1,1803,1
WN,BWI,LGA,2022,6,1340,26,14,1.0,"frozenset({2368, 479, 5479})",2368,0.5384615384615384,True,2022-06,1,1804,2
B6,JFK,MCO,2022,6,1046,32,19,2.0,"frozenset({1283, 283})",283,0.59375,True,2022-06,1,1805,3
B6,JFK,LAS,2022,6,1020,26,15,0.0,frozenset({711}),711,0.5769230769230769,True,2022-06,1,1806,1
WN,MCO,MDW,2022,6,1310,23,12,2.0,frozenset({428}),428,0.5217391304347826,True,2022-06,1,1807,1
UA,EWR,IAD,2022,6,1197,20,16,6.0,"frozenset({1701, 1255})",1255,0.8,True,2022-06,1,1808,1
B6,JFK,BOS,2022,6,1375,30,23,2.0,frozenset({1318}),1318,0.7666666666666667,True,2022-06,1,1809,1
B6,JFK,BOS,2022,6,1185,22,13,1.0,"frozenset({1918, 918})",918,0.5909090909090909,True,2022-06,1,1810,1
B6,JFK,BNA,2022,6,1289,22,14,2.0,frozenset({1073}),1073,0.6363636363636364,True,2022-06,1,1811,1
B6,JFK,AUS,2022,6,1239,30,17,0.0,frozenset({1295}),1295,0.5666666666666667,True,2022-06,1,1812,1
B6,JFK,BQN,2022,6,1139,22,14,0.0,frozenset({839}),839,0.6363636363636364,True,2022-06,1,1813,1
WN,MCO,SJU,2022,6,1300,29,18,0.0,"frozenset({2599, 1701, 2463})",1701,0.6206896551724138,True,2022-06,1,1814,3
F9,RSW,PHL,2022,6,1301,12,7,0.0,"frozenset({2354, 2356})",2356,0.5833333333333334,True,2022-06,1,1815,1
B6,JFK,ATL,2022,6,1319,30,22,2.0,"frozenset({819, 919})",919,0.7333333333333333,True,2022-06,1,1816,3
WN,MDW,AUS,2022,6,1350,23,14,1.0,frozenset({2927}),2927,0.6086956521739131,True,2022-06,1,1817,1
F9,MCO,PHL,2022,6,1380,20,11,0.0,"frozenset({1168, 1164})",1168,0.55,True,2022-06,1,1818,1
WN,MDW,BDL,2022,6,1285,26,16,0.0,"frozenset({928, 547})",547,0.6153846153846154,True,2022-06,1,1819,1
UA,EWR,ORD,2022,6,1200,30,17,4.0,"frozenset({1234, 628})",1234,0.5666666666666667,True,2022-06,1,1820,1
WN,MDW,ALB,2022,6,1230,23,15,0.0,frozenset({2663}),2663,0.6521739130434783,True,2022-06,1,1821,3
WN,MCO,BDL,2022,6,1225,26,19,4.0,"frozenset({4785, 2876})",2876,0.7307692307692307,True,2022-06,1,1822,3
WN,MCO,MCI,2022,6,1255,23,15,3.0,frozenset({2722}),2722,0.6521739130434783,True,2022-06,1,1823,1
B6,JFK,CHS,2022,6,1319,22,15,1.0,frozenset({2773}),2773,0.6818181818181818,True,2022-06,1,1824,3
WN,DAL,BWI,2022,6,1185,26,17,2.0,"frozenset({1266, 4099})",1266,0.6538461538461539,True,2022-06,1,1825,3
F9,PHL,RSW,2022,6,1066,13,8,0.0,frozenset({2355}),2355,0.6153846153846154,True,2022-06,2,1213,2
F9,PHX,COS,2022,6,1079,13,7,0.0,frozenset({2822}),2822,0.5384615384615384,True,2022-06,1,1826,1
WN,MCO,BWI,2022,6,1125,30,16,3.0,"frozenset({184, 3569, 146, 2586})",184,0.5333333333333333,True,2022-06,1,1827,1
WN,MCO,BWI,2022,6,1205,23,12,3.0,frozenset({178}),178,0.5217391304347826,True,2022-06,1,1828,1
B6,JFK,JAX,2022,6,1200,30,20,3.0,frozenset({1277}),1277,0.6666666666666666,True,2022-06,1,1829,3
B6,JFK,BTV,2022,6,1349,30,17,5.0,"frozenset({2234, 234})",234,0.5666666666666667,True,2022-06,1,1830,1
B6,JFK,HYA,2022,6,726,22,13,1.0,frozenset({1964}),1964,0.5909090909090909,True,2022-06,1,1831,1
UA,EWR,IAD,2022,6,1319,10,6,1.0,"frozenset({282, 659})",659,0.6,True,2022-06,1,1832,1
WN,MCO,CMH,2022,6,1310,23,12,0.0,frozenset({2906}),2906,0.5217391304347826,True,2022-06,1,1833,2
B6,JFK,FLL,2022,6,1285,22,14,3.0,frozenset({1701}),1701,0.6363636363636364,True,2022-06,1,1834,1
B6,JFK,FLL,2022,6,1019,30,16,2.0,frozenset({1401}),1401,0.5333333333333333,True,2022-06,2,1320,2
B6,LGA,PBI,2022,6,1170,26,17,5.0,"frozenset({1761, 1061})",1761,0.6538461538461539,True,2022-06,1,1835,2
B6,JFK,DFW,2022,6,1229,22,14,3.0,frozenset({809}),809,0.6363636363636364,True,2022-06,1,1836,2
WN,MCO,BWI,2022,6,1350,29,18,2.0,"frozenset({3890, 2134, 4031})",2134,0.6206896551724138,True,2022-06,1,1837,2
WN,MDW,OAK,2022,6,1325,26,19,1.0,"frozenset({1029, 1767})",1767,0.7307692307692307,True,2022-06,1,1838,3
G4,LEX,PGD,2022,6,922,11,10,1.0,"frozenset({1590, 1633, 1782, 1791})",1791,0.9090909090909091,True,2022-06,1,1839,1
B6,BNA,LGA,2022,6,1119,19,10,0.0,frozenset({2188}),2188,0.5263157894736842,True,2022-06,3,1179,3
AA,SJU,MIA,2022,6,1143,30,16,2.0,frozenset({967}),967,0.5333333333333333,True,2022-06,1,1840,1
WN,PHX,OMA,2022,6,1125,26,15,1.0,"frozenset({432, 1456})",432,0.5769230769230769,True,2022-06,1,1841,1
B6,MIA,JFK,2022,6,825,22,13,1.0,frozenset({2392}),2392,0.5909090909090909,True,2022-06,1,1842,1
AA,STL,LAX,2022,6,1130,28,15,3.0,frozenset({2936}),2936,0.5357142857142857,True,2022-06,1,1843,2
WN,PHX,MSP,2022,6,1140,23,12,0.0,frozenset({1468}),1468,0.5217391304347826,True,2022-06,1,1844,1
WN,PHX,MDW,2022,6,1005,27,14,0.0,"frozenset({3890, 755, 4686})",755,0.5185185185185185,True,2022-06,1,1845,1
B6,MIA,BOS,2022,6,1117,22,15,2.0,frozenset({1720}),1720,0.6818181818181818,True,2022-06,1,1846,1
WN,PHX,MCO,2022,6,830,23,14,0.0,frozenset({2429}),2429,0.6086956521739131,True,2022-06,1,1847,2
F9,MCO,BDL,2022,6,875,22,13,0.0,frozenset({1206}),1206,0.5909090909090909,True,2022-06,1,1848,1
AA,TPA,MIA,2022,6,1233,30,16,4.0,frozenset({516}),516,0.5333333333333333,True,2022-06,1,1849,1
WN,PHX,MCI,2022,6,1140,26,14,1.0,"frozenset({4417, 1479})",1479,0.5384615384615384,True,2022-06,1,1850,3
B6,MCO,SJU,2022,6,1175,22,14,0.0,frozenset({1433}),1433,0.6363636363636364,True,2022-06,1,1851,1
WN,IND,BWI,2022,6,1200,23,13,3.0,frozenset({2569}),2569,0.5652173913043478,True,2022-06,1,1852,1
WN,PHX,LAX,2022,6,1185,26,18,0.0,"frozenset({4825, 335})",335,0.6923076923076923,True,2022-06,1,1853,3
WN,PHX,HOU,2022,6,1135,26,15,1.0,"frozenset({1923, 4519})",1923,0.5769230769230769,True,2022-06,1,1854,3
UA,IAD,EWR,2022,6,1054,27,18,7.0,frozenset({1156}),1156,0.6666666666666666,True,2022-06,3,920,3
AS,BOS,SFO,2022,6,1100,15,9,0.0,frozenset({1352}),1352,0.6,True,2022-06,1,1855,1
G4,MYR,LCK,2022,6,1057,12,8,2.0,"frozenset({794, 701})",701,0.6666666666666666,True,2022-06,1,1856,2
WN,ORD,PHX,2022,6,1045,26,17,0.0,"frozenset({1307, 253})",1307,0.6538461538461539,True,2022-06,1,1857,1
WN,BNA,MDW,2022,6,1230,23,13,0.0,frozenset({1175}),1175,0.5652173913043478,True,2022-06,1,1858,1
WN,BNA,LAS,2022,6,1305,26,15,0.0,"frozenset({1284, 2901})",2901,0.5769230769230769,True,2022-06,1,1859,1
WN,ORD,TPA,2022,6,955,26,15,1.0,"frozenset({3048, 1932})",3048,0.5769230769230769,True,2022-06,1,1860,1
WN,BHM,MCO,2022,6,910,26,15,2.0,"frozenset({4577, 2395})",2395,0.5769230769230769,True,2022-06,1,1861,1
WN,HOU,MEM,2022,6,1310,26,14,0.0,"frozenset({3446, 2982})",2982,0.5384615384615384,True,2022-06,1,1862,1
B6,MCO,LGA,2022,6,1070,22,15,3.0,frozenset({798}),798,0.6818181818181818,True,2022-06,3,809,6
WN,PHX,BUR,2022,6,1180,26,19,0.0,"frozenset({1307, 3699})",1307,0.7307692307692307,True,2022-06,1,1863,1
B6,MCO,LGA,2022,6,1165,27,18,1.0,"frozenset({798, 998})",998,0.6666666666666666,True,2022-06,1,1864,4
WN,AUS,ORD,2022,6,1015,22,12,0.0,"frozenset({1592, 244})",1592,0.5454545454545454,True,2022-06,1,1865,1
WN,PHX,COS,2022,6,1130,26,14,1.0,"frozenset({992, 3951})",992,0.5384615384615384,True,2022-06,1,1866,1
WN,PHX,DAL,2022,6,1105,29,16,1.0,"frozenset({1131, 2109, 4781})",1131,0.5517241379310345,True,2022-06,1,1867,2
UA,JAX,EWR,2022,6,940,24,13,1.0,frozenset({1659}),1659,0.5416666666666666,True,2022-06,1,1868,1
WN,DAL,LAX,2022,6,1340,23,14,1.0,frozenset({1970}),1970,0.6086956521739131,True,2022-06,1,1869,1
WN,PHX,SLC,2022,6,1110,23,13,0.0,frozenset({474}),474,0.5652173913043478,True,2022-06,1,1870,1
AA,SAN,CLT,2022,6,695,29,15,2.0,"frozenset({1786, 2935})",1786,0.5172413793103449,True,2022-06,1,1871,1
B6,MSP,JFK,2022,6,1100,22,16,3.0,frozenset({618}),618,0.7272727272727273,True,2022-06,1,1872,2
B6,PBI,LGA,2022,6,1145,19,10,2.0,frozenset({1262}),1262,0.5263157894736842,True,2022-06,1,1873,3
WN,SJC,BUR,2022,6,1185,30,16,1.0,"frozenset({249, 2242, 1207, 2815})",2242,0.5333333333333333,True,2022-06,1,1874,2
UA,BOS,EWR,2022,6,880,21,13,10.0,frozenset({499}),499,0.6190476190476191,True,2022-06,1,1875,1
AA,ORD,LGA,2022,6,1110,30,17,3.0,frozenset({774}),774,0.5666666666666667,True,2022-06,1,1876,1
B6,PDX,BOS,2022,6,1290,22,13,1.0,frozenset({1396}),1396,0.5909090909090909,True,2022-06,1,1877,1
AA,ORD,LAX,2022,6,500,30,16,5.0,frozenset({2882}),2882,0.5333333333333333,True,2022-06,1,1878,1
WN,HNL,LIH,2022,6,825,26,14,1.0,frozenset({1567}),1567,0.5384615384615384,True,2022-06,1,1879,2
AA,ORD,LAS,2022,6,1230,30,16,4.0,frozenset({2654}),2654,0.5333333333333333,True,2022-06,1,1880,1
AA,ORD,EWR,2022,6,1080,22,13,1.0,frozenset({552}),552,0.5909090909090909,True,2022-06,3,878,3
AA,ORD,EWR,2022,6,970,30,19,2.0,frozenset({2276}),2276,0.6333333333333333,True,2022-06,1,1881,3
B6,PHL,FLL,2022,6,1125,18,11,0.0,frozenset({375}),375,0.6111111111111112,True,2022-06,1,1882,1
F9,LGA,MCO,2022,6,1079,30,18,1.0,"frozenset({1111, 1335})",1111,0.6,True,2022-06,1,1883,1
AA,ORD,CLT,2022,6,1245,26,15,2.0,frozenset({2488}),2488,0.5769230769230769,True,2022-06,1,1884,1
UA,CHS,EWR,2022,6,1177,24,13,7.0,frozenset({657}),657,0.5416666666666666,True,2022-06,1,1885,1
UA,EWR,MCO,2022,6,1008,31,17,13.0,"frozenset({2120, 2244})",2244,0.5483870967741935,True,2022-06,1,1886,1
WN,ORD,LAS,2022,6,895,26,17,0.0,"frozenset({1507, 3119})",3119,0.6538461538461539,True,2022-06,1,1887,1
AA,ORD,PHL,2022,6,1257,30,19,8.0,"frozenset({1177, 490})",1177,0.6333333333333333,True,2022-06,1,1888,1
B6,PBI,BOS,2022,6,1084,18,11,0.0,frozenset({2822}),2822,0.6111111111111112,True,2022-06,1,1889,1
F9,MCO,ATL,2022,6,1334,28,18,3.0,frozenset({1011}),1011,0.6428571428571429,True,2022-06,1,1890,3
AA,RIC,CLT,2022,6,994,28,15,2.0,frozenset({2843}),2843,0.5357142857142857,True,2022-06,1,1891,1
B6,MSY,JFK,2022,6,1103,30,20,2.0,frozenset({576}),576,0.6666666666666666,True,2022-06,1,1892,1
WN,PHX,TUL,2022,6,1135,26,16,0.0,"frozenset({1785, 2540})",1785,0.6153846153846154,True,2022-06,1,1893,3
UA,BNA,EWR,2022,6,851,18,10,4.0,frozenset({2303}),2303,0.5555555555555556,True,2022-06,1,1894,1
WN,PIT,DEN,2022,6,1200,23,12,1.0,frozenset({597}),597,0.5217391304347826,True,2022-06,1,1895,1
WN,SEA,OAK,2022,6,1165,26,14,0.0,"frozenset({2096, 1243})",2096,0.5384615384615384,True,2022-06,1,1896,2
WN,PIT,MCO,2022,6,1280,23,12,1.0,frozenset({2997}),2997,0.5217391304347826,True,2022-06,1,1897,1
WN,RSW,BWI,2022,6,1155,23,12,3.0,frozenset({2826}),2826,0.5217391304347826,True,2022-06,1,1898,1
AA,PHL,ORD,2022,6,1110,30,17,4.0,frozenset({490}),490,0.5666666666666667,True,2022-06,1,1899,1
WN,RSW,STL,2022,6,1185,26,15,0.0,"frozenset({960, 416})",960,0.5769230769230769,True,2022-06,1,1900,1
AA,ORD,STL,2022,6,1215,30,16,3.0,"frozenset({1073, 1062})",1073,0.5333333333333333,True,2022-06,1,1901,1
AA,ORD,SMF,2022,6,1215,28,16,3.0,frozenset({2814}),2814,0.5714285714285714,True,2022-06,1,1902,1
AA,ORD,SAT,2022,6,1050,28,16,1.0,frozenset({1974}),1974,0.5714285714285714,True,2022-06,1,1903,1
WN,RNO,SJC,2022,6,1160,23,12,0.0,frozenset({3119}),3119,0.5217391304347826,True,2022-06,1,1904,1
UA,EWR,BOS,2022,6,1065,14,9,7.0,"frozenset({208, 2676})",2676,0.6428571428571429,True,2022-06,1,1905,1
WN,ORD,MCO,2022,6,825,27,14,0.0,"frozenset({697, 2860, 12})",2860,0.5185185185185185,True,2022-06,1,1906,1
B6,MCO,HPN,2022,6,1276,30,18,2.0,frozenset({2194}),2194,0.6,True,2022-06,1,1907,1
G4,SFB,ABE,2022,6,1193,10,6,1.0,"frozenset({343, 351})",351,0.6,True,2022-06,1,1908,1
B6,MCO,EWR,2022,6,1155,30,18,5.0,"frozenset({928, 828})",828,0.6,True,2022-06,1,1909,3
WN,LAS,ELP,2022,6,1290,26,14,0.0,"frozenset({1752, 3604})",1752,0.5384615384615384,True,2022-06,1,1910,2
G4,SFB,CVG,2022,6,1046,12,7,1.0,frozenset({677}),677,0.5833333333333334,True,2022-06,1,1911,1
G4,SFB,CVG,2022,6,1265,12,7,1.0,"frozenset({677, 759})",759,0.5833333333333334,True,2022-06,1,1912,1
WN,BWI,IND,2022,6,1375,23,13,1.0,frozenset({380}),380,0.5652173913043478,True,2022-06,1,1913,1
WN,MDW,PHX,2022,6,1315,26,17,0.0,"frozenset({5950, 4576, 2942})",5950,0.6538461538461539,True,2022-06,1,1914,1
WN,MDW,PIT,2022,6,1285,26,17,0.0,"frozenset({1648, 3905})",1648,0.6538461538461539,True,2022-06,1,1915,3
WN,MDW,PVD,2022,6,1180,23,12,0.0,frozenset({2492}),2492,0.5217391304347826,True,2022-06,1,1916,1
UA,EWR,PBI,2022,6,1165,27,14,3.0,"frozenset({1690, 1038})",1690,0.5185185185185185,True,2022-06,1,1917,1
WN,DAL,ELP,2022,6,1360,26,17,0.0,"frozenset({565, 54})",565,0.6538461538461539,True,2022-06,1,1918,3
WN,MDW,SAN,2022,6,1250,26,15,0.0,"frozenset({4544, 1196})",1196,0.5769230769230769,True,2022-06,1,1919,1
WN,MDW,SAT,2022,6,1325,23,13,1.0,frozenset({2444}),2444,0.5652173913043478,True,2022-06,1,1920,1
WN,ORD,DEN,2022,6,1130,26,17,0.0,"frozenset({1024, 968})",968,0.6538461538461539,True,2022-06,1,1921,1
G4,SRQ,PIT,2022,6,1254,13,9,0.0,"frozenset({2112, 2125})",2112,0.6923076923076923,True,2022-06,1,1922,2
WN,MDW,PHX,2022,6,1170,30,17,0.0,"frozenset({417, 2794, 1834, 3881})",2794,0.5666666666666667,True,2022-06,1,1923,1
G4,SCK,LAS,2022,6,1282,10,6,1.0,"frozenset({25, 22})",25,0.6,True,2022-06,1,1924,1
UA,EWR,FLL,2022,6,659,27,14,3.0,frozenset({441}),441,0.5185185185185185,True,2022-06,1,1925,1
UA,EWR,PBI,2022,6,899,29,15,7.0,frozenset({374}),374,0.5172413793103449,True,2022-06,1,1926,1
UA,EWR,FLL,2022,6,1109,22,15,8.0,"frozenset({1101, 494})",494,0.6818181818181818,True,2022-06,1,1927,1
B6,MCO,DCA,2022,6,964,30,21,2.0,"frozenset({2424, 2334})",2424,0.7,True,2022-06,1,1928,1
WN,MDW,OKC,2022,6,1340,23,12,0.0,frozenset({2726}),2726,0.5217391304347826,True,2022-06,1,1929,1
B6,BDL,MCO,2022,6,1130,19,10,1.0,frozenset({37}),37,0.5263157894736842,True,2022-06,1,1930,1
B6,AUS,JFK,2022,6,1085,23,12,2.0,frozenset({1094}),1094,0.5217391304347826,True,2022-06,1,1931,1
WN,LAS,FAT,2022,6,1335,26,14,0.0,"frozenset({1776, 2359})",1776,0.5384615384615384,True,2022-06,1,1932,1
WN,MDW,OMA,2022,6,1375,26,20,0.0,"frozenset({1645, 2623})",1645,0.7692307692307693,True,2022-06,1,1933,1
B6,ATL,JFK,2022,6,1168,22,13,2.0,frozenset({1320}),1320,0.5909090909090909,True,2022-06,1,1934,3
G4,PIT,SRQ,2022,6,1064,13,8,0.0,"frozenset({2080, 2086})",2080,0.6153846153846154,True,2022-06,1,1935,1
B6,ALB,MCO,2022,6,1068,19,10,1.0,frozenset({119}),119,0.5263157894736842,True,2022-06,1,1936,1
G4,PVD,PGD,2022,6,667,10,7,0.0,"frozenset({1763, 1686, 1679})",1679,0.7,True,2022-06,1,1937,1
WN,BWI,JAN,2022,6,1075,23,13,1.0,frozenset({1520}),1520,0.5652173913043478,True,2022-06,1,1938,1
WN,MDW,ORF,2022,6,1305,26,18,0.0,"frozenset({4494, 302})",4494,0.6923076923076923,True,2022-06,1,1939,1
WN,MDW,PDX,2022,6,1280,23,19,0.0,frozenset({679}),679,0.8260869565217391,True,2022-06,1,1940,3
G4,VPS,CVG,2022,6,1203,10,7,0.0,"frozenset({768, 792, 763})",768,0.7,True,2022-06,1,1941,1
WN,MDW,SJC,2022,6,1000,24,16,1.0,"frozenset({2242, 5507})",2242,0.6666666666666666,True,2022-06,1,1942,1
UA,BOS,EWR,2022,6,1210,14,9,9.0,"frozenset({688, 1178})",688,0.6428571428571429,True,2022-06,1,1943,1
UA,EWR,DEN,2022,6,1019,30,16,2.0,"frozenset({752, 2660})",2660,0.5333333333333333,True,2022-06,1,1944,1
UA,EWR,CLE,2022,6,1080,23,12,8.0,frozenset({279}),279,0.5217391304347826,True,2022-06,1,1945,1
B6,MCO,JFK,2022,6,1300,29,22,2.0,frozenset({284}),284,0.7586206896551724,True,2022-06,3,823,6
UA,EWR,PHX,2022,6,1229,29,16,6.0,frozenset({759}),759,0.5517241379310345,True,2022-06,1,1946,1
UA,EWR,CHS,2022,6,989,18,12,6.0,frozenset({2638}),2638,0.6666666666666666,True,2022-06,1,1947,1
F9,BUF,FLL,2022,6,685,18,10,3.0,frozenset({2663}),2663,0.5555555555555556,True,2022-06,1,1948,1
WN,LAS,BUR,2022,6,1250,26,14,0.0,"frozenset({106, 979})",979,0.5384615384615384,True,2022-06,1,1949,1
UA,FLL,EWR,2022,6,940,13,10,2.0,"frozenset({378, 2627, 1167})",1167,0.7692307692307693,True,2022-06,2,1264,2
F9,MCO,CLE,2022,6,485,12,7,0.0,frozenset({1042}),1042,0.5833333333333334,True,2022-06,1,1950,1
UA,FLL,EWR,2022,6,1049,15,11,3.0,"frozenset({378, 1246})",378,0.7333333333333333,True,2022-06,1,1951,1
WN,OMA,PHX,2022,6,1080,23,12,1.0,frozenset({2774}),2774,0.5217391304347826,True,2022-06,1,1952,1
UA,EWR,BOS,2022,6,1289,28,16,8.0,"frozenset({768, 1550})",1550,0.5714285714285714,True,2022-06,1,1953,1
WN,BUR,OAK,2022,6,1285,26,17,1.0,"frozenset({2243, 860})",2243,0.6538461538461539,True,2022-06,1,1954,1
WN,ORD,AUS,2022,6,1170,26,14,0.0,"frozenset({2213, 1822})",1822,0.5384615384615384,True,2022-06,1,1955,1
WN,BUF,MCO,2022,6,985,23,14,4.0,frozenset({1639}),1639,0.6086956521739131,True,2022-06,1,1956,1
AS,MCO,SEA,2022,6,1135,15,8,1.0,frozenset({16}),16,0.5333333333333333,True,2022-06,1,1957,1
WN,MDW,SLC,2022,6,1350,23,14,0.0,frozenset({2203}),2203,0.6086956521739131,True,2022-06,1,1958,3
UA,EWR,CLT,2022,6,1291,18,11,5.0,frozenset({2335}),2335,0.6111111111111112,True,2022-06,1,1959,1
B6,MCO,JFK,2022,6,1184,30,20,0.0,frozenset({884}),884,0.6666666666666666,True,2022-06,2,1436,4
WN,BWI,BUF,2022,6,1345,23,12,1.0,frozenset({1258}),1258,0.5217391304347826,True,2022-06,1,1960,1
WN,MDW,STL,2022,6,1370,26,19,0.0,"frozenset({755, 351})",755,0.7307692307692307,True,2022-06,1,1961,1
B6,MCO,JFK,2022,6,1120,22,14,1.0,frozenset({384}),384,0.6363636363636364,True,2022-06,1,1962,3
WN,MIA,MDW,2022,6,1340,23,16,0.0,frozenset({2750}),2750,0.6956521739130435,True,2022-06,1,1963,1
B6,MCO,JFK,2022,6,960,30,21,2.0,frozenset({2884}),2884,0.7,True,2022-06,1,1964,1
UA,FLL,EWR,2022,6,890,23,18,9.0,frozenset({1167}),1167,0.782608695652174,True,2022-06,2,1264,2
WN,MIA,BWI,2022,6,1120,23,12,4.0,frozenset({2556}),2556,0.5217391304347826,True,2022-06,1,1965,1
WN,BWI,CLE,2022,6,1335,29,19,1.0,"frozenset({2556, 4165, 1614})",2556,0.6551724137931034,True,2022-06,1,1966,3
WN,MDW,TPA,2022,6,1320,26,20,0.0,"frozenset({538, 1676})",538,0.7692307692307693,True,2022-06,1,1967,3
WN,MSP,MDW,2022,6,1330,23,12,1.0,frozenset({874}),874,0.5217391304347826,True,2022-06,1,1968,1
WN,MHT,MCO,2022,6,1055,23,12,1.0,frozenset({769}),769,0.5217391304347826,True,2022-06,1,1969,1
WN,BWI,CVG,2022,6,1335,26,14,1.0,"frozenset({1794, 3191})",1794,0.5384615384615384,True,2022-06,1,1970,1
WN,BWI,CMH,2022,6,1335,29,15,3.0,"frozenset({1184, 888, 4646})",888,0.5172413793103449,True,2022-06,1,1971,1
UA,FLL,EWR,2022,7,940,24,15,2.0,frozenset({2215}),2215,0.625,True,2022-07,1,1972,1
UA,DEN,ORF,2022,7,1055,31,17,1.0,frozenset({685}),685,0.5483870967741935,True,2022-07,1,1973,1
UA,EWR,SFO,2022,7,1245,19,12,1.0,frozenset({1257}),1257,0.631578947368421,True,2022-07,1,1974,1
UA,EWR,SJU,2022,7,1197,31,16,0.0,frozenset({1543}),1543,0.5161290322580645,True,2022-07,1,1975,1
UA,EWR,SLC,2022,7,1195,28,15,2.0,frozenset({2221}),2221,0.5357142857142857,True,2022-07,2,1502,3
UA,IAD,LAX,2022,7,1065,31,16,3.0,frozenset({2276}),2276,0.5161290322580645,True,2022-07,1,1976,1
UA,IAD,MCO,2022,7,1028,31,16,1.0,frozenset({2268}),2268,0.5161290322580645,True,2022-07,1,1977,1
UA,DSM,DEN,2022,7,1030,31,17,0.0,frozenset({1974}),1974,0.5483870967741935,True,2022-07,1,1978,1
WN,ELP,LAS,2022,7,1025,26,16,0.0,frozenset({1516}),1516,0.6153846153846154,True,2022-07,1,1979,2
UA,LAX,EWR,2022,7,620,17,12,0.0,frozenset({2335}),2335,0.7058823529411765,True,2022-07,2,1511,2
WN,MDW,CLE,2022,7,1370,26,15,0.0,frozenset({2010}),2010,0.5769230769230769,True,2022-07,2,1726,3
WN,MDW,CLT,2022,7,975,26,17,0.0,frozenset({2368}),2368,0.6538461538461539,True,2022-07,1,1980,1
WN,MDW,CMH,2022,7,1360,26,14,0.0,frozenset({164}),164,0.5384615384615384,True,2022-07,1,1981,1
WN,MDW,DAL,2022,7,1160,31,17,0.0,"frozenset({1970, 3565})",1970,0.5483870967741935,True,2022-07,2,1717,3
WN,MDW,DAL,2022,7,1280,29,15,0.0,"frozenset({4696, 1791})",1791,0.5172413793103449,True,2022-07,2,1715,3
WN,MDW,DTW,2022,7,1290,31,18,1.0,"frozenset({4780, 1892})",1892,0.5806451612903226,True,2022-07,1,1982,2
WN,MDW,HOU,2022,7,1275,31,20,1.0,"frozenset({2644, 3582})",2644,0.6451612903225806,True,2022-07,2,1736,3
WN,MDW,HOU,2022,7,1375,26,16,1.0,frozenset({782}),782,0.6153846153846154,True,2022-07,2,1737,2
WN,MDW,LAS,2022,7,920,26,18,3.0,frozenset({2698}),2698,0.6923076923076923,True,2022-07,1,1983,1
WN,MDW,LAS,2022,7,1320,31,23,1.0,"frozenset({4081, 223})",223,0.7419354838709677,True,2022-07,2,1766,2
WN,MDW,LAX,2022,7,1315,26,19,0.0,frozenset({2869}),2869,0.7307692307692307,True,2022-07,2,1767,3
WN,MDW,OAK,2022,7,1325,26,17,0.0,frozenset({1767}),1767,0.6538461538461539,True,2022-07,2,1838,3
WN,MDW,PDX,2022,7,1280,26,15,1.0,frozenset({679}),679,0.5769230769230769,True,2022-07,2,1940,3
WN,MDW,PHX,2022,7,1315,31,18,1.0,"frozenset({4576, 2942, 5950})",2942,0.5806451612903226,True,2022-07,1,1984,2
WN,MDW,PIT,2022,7,1285,31,16,1.0,"frozenset({1648, 3905})",1648,0.5161290322580645,True,2022-07,2,1915,3
WN,MDW,RDU,2022,7,1215,26,15,0.0,frozenset({145}),145,0.5769230769230769,True,2022-07,1,1985,1
WN,MDW,ROC,2022,7,1235,26,14,0.0,frozenset({1617}),1617,0.5384615384615384,True,2022-07,1,1986,2
WN,MDW,SDF,2022,7,1270,31,19,0.0,"frozenset({2290, 2070})",2290,0.6129032258064516,True,2022-07,1,1987,2
WN,MDW,SLC,2022,7,1350,26,14,2.0,frozenset({2203}),2203,0.5384615384615384,True,2022-07,2,1958,3
WN,MDW,TPA,2022,7,1320,26,23,2.0,frozenset({538}),538,0.8846153846153846,True,2022-07,2,1967,3
WN,MSY,BWI,2022,7,1220,26,20,0.0,frozenset({1093}),1093,0.7692307692307693,True,2022-07,1,1988,2
WN,MSY,MCO,2022,7,1105,26,14,0.0,frozenset({2906}),2906,0.5384615384615384,True,2022-07,1,1989,1
WN,OAK,HOU,2022,7,1185,26,15,0.0,frozenset({655}),655,0.5769230769230769,True,2022-07,1,1990,1
WN,MDW,ALB,2022,7,1230,26,20,1.0,frozenset({2663}),2663,0.7692307692307693,True,2022-07,2,1821,3
WN,OAK,LAS,2022,7,1335,26,16,2.0,frozenset({2096}),2096,0.6153846153846154,True,2022-07,1,1991,1
WN,MCO,SJU,2022,7,1300,31,21,0.0,"frozenset({1701, 2599})",1701,0.6774193548387096,True,2022-07,2,1814,3
WN,MCO,MDW,2022,7,1135,28,16,3.0,frozenset({4780}),4780,0.5714285714285714,True,2022-07,1,1992,2
WN,LAS,SEA,2022,7,1100,31,16,1.0,"frozenset({3153, 2605})",2605,0.5161290322580645,True,2022-07,1,1993,1
WN,LAS,SJC,2022,7,855,26,16,1.0,frozenset({1117}),1117,0.6153846153846154,True,2022-07,1,1994,1
WN,LAS,SJC,2022,7,965,26,17,0.0,frozenset({1587}),1587,0.6538461538461539,True,2022-07,1,1995,1
WN,LAS,SJC,2022,7,1290,26,18,2.0,frozenset({3080}),3080,0.6923076923076923,True,2022-07,1,1996,1
WN,LAS,SMF,2022,7,1040,28,18,4.0,"frozenset({3646, 6503})",6503,0.6428571428571429,True,2022-07,1,1997,2
WN,LAS,SMF,2022,7,1110,26,17,1.0,frozenset({1516}),1516,0.6538461538461539,True,2022-07,1,1998,2
WN,LAS,SNA,2022,7,950,26,15,2.0,frozenset({1494}),1494,0.5769230769230769,True,2022-07,1,1999,1
WN,LAS,STL,2022,7,1190,26,17,1.0,frozenset({114}),114,0.6538461538461539,True,2022-07,1,2000,2
WN,LAX,DEN,2022,7,915,31,18,1.0,"frozenset({1441, 4130})",1441,0.5806451612903226,True,2022-07,1,2001,1
WN,LAX,HOU,2022,7,1155,31,18,0.0,"frozenset({2959, 2335})",2335,0.5806451612903226,True,2022-07,1,2002,1
WN,LAX,LAS,2022,7,1025,26,15,2.0,frozenset({1063}),1063,0.5769230769230769,True,2022-07,2,1775,3
WN,LAX,SJC,2022,7,1300,26,16,1.0,frozenset({335}),335,0.6153846153846154,True,2022-07,1,2003,2
WN,LGA,MDW,2022,7,1010,26,14,1.0,frozenset({1669}),1669,0.5384615384615384,True,2022-07,1,2004,2
WN,LGB,PHX,2022,7,980,26,14,0.0,"frozenset({5741, 2063})",5741,0.5384615384615384,True,2022-07,1,2005,2
WN,MCI,DAL,2022,7,1275,29,15,0.0,"frozenset({2513, 2267})",2267,0.5172413793103449,True,2022-07,1,2006,1
WN,MCI,DEN,2022,7,1130,26,14,1.0,frozenset({204}),204,0.5384615384615384,True,2022-07,1,2007,1
WN,MCI,LAS,2022,7,1300,26,15,1.0,frozenset({1863}),1863,0.5769230769230769,True,2022-07,1,2008,1
WN,MCI,MCO,2022,7,1090,31,16,1.0,"frozenset({829, 3117})",3117,0.5161290322580645,True,2022-07,1,2009,1
WN,MCO,BDL,2022,7,1225,31,18,0.0,"frozenset({4785, 2876})",2876,0.5806451612903226,True,2022-07,2,1822,3
WN,MCO,BWI,2022,7,1350,31,19,0.0,"frozenset({3890, 2134})",2134,0.6129032258064516,True,2022-07,2,1837,2
WN,MCO,CMH,2022,7,1310,26,15,0.0,frozenset({2906}),2906,0.5769230769230769,True,2022-07,2,1833,2
WN,MCO,DAL,2022,7,1230,31,18,0.0,"frozenset({3368, 565})",565,0.5806451612903226,True,2022-07,1,2010,2
WN,MCO,ISP,2022,7,1220,31,16,0.0,"frozenset({3624, 103})",103,0.5161290322580645,True,2022-07,1,2011,2
WN,MCO,MDW,2022,7,1375,31,18,2.0,"frozenset({1732, 174})",174,0.5806451612903226,True,2022-07,1,2012,2
WN,LAS,SBA,2022,7,915,26,14,2.0,frozenset({2101}),2101,0.5384615384615384,True,2022-07,1,2013,1
WN,OAK,PDX,2022,7,1165,31,17,0.0,"frozenset({3681, 1494})",1494,0.5483870967741935,True,2022-07,1,2014,2
WN,OAK,SAN,2022,7,1070,26,14,0.0,frozenset({2620}),2620,0.5384615384615384,True,2022-07,1,2015,1
WN,SJC,BUR,2022,7,1185,26,14,0.0,frozenset({2242}),2242,0.5384615384615384,True,2022-07,2,1874,2
WN,SJC,LAS,2022,7,1310,31,16,3.0,"frozenset({2616, 4585})",2616,0.5161290322580645,True,2022-07,1,2016,1
WN,SLC,DEN,2022,7,1015,31,17,5.0,"frozenset({3339, 2093})",2093,0.5483870967741935,True,2022-07,1,2017,2
WN,SLC,DEN,2022,7,1140,26,15,1.0,frozenset({110}),110,0.5769230769230769,True,2022-07,1,2018,1
WN,SLC,PHX,2022,7,1160,26,14,0.0,frozenset({407}),407,0.5384615384615384,True,2022-07,1,2019,1
WN,SMF,LAS,2022,7,1155,23,17,2.0,frozenset({6504}),6504,0.7391304347826086,True,2022-07,1,2020,2
WN,SMF,ONT,2022,7,1240,24,16,1.0,frozenset({1517}),1517,0.6666666666666666,True,2022-07,1,2021,2
WN,SNA,LAS,2022,7,865,26,14,2.0,frozenset({278}),278,0.5384615384615384,True,2022-07,1,2022,2
WN,SNA,LAS,2022,7,990,26,15,2.0,frozenset({2605}),2605,0.5769230769230769,True,2022-07,1,2023,2
WN,SNA,OAK,2022,7,1050,26,17,2.0,frozenset({1494}),1494,0.6538461538461539,True,2022-07,1,2024,2
WN,STL,OMA,2022,7,1360,26,14,0.0,frozenset({2797}),2797,0.5384615384615384,True,2022-07,1,2025,2
YV,DFW,HOU,2022,7,1289,22,14,1.0,frozenset({5723}),5723,0.6363636363636364,True,2022-07,1,2026,2
YX,CAE,CLT,2022,7,1170,17,10,1.0,frozenset({4785}),4785,0.5882352941176471,True,2022-07,1,2027,1
YX,DCA,JFK,2022,7,1176,31,18,5.0,frozenset({4901}),4901,0.5806451612903226,True,2022-07,1,2028,1
YX,EWR,BOS,2022,7,1079,13,7,3.0,"frozenset({5688, 5794})",5794,0.5384615384615384,True,2022-07,1,2029,1
YX,EYW,LGA,2022,7,940,31,16,1.0,frozenset({5594}),5594,0.5161290322580645,True,2022-07,1,2030,1
YX,GSO,LGA,2022,7,1124,25,13,5.0,frozenset({4711}),4711,0.52,True,2022-07,1,2031,2
YX,ILM,LGA,2022,7,1001,25,13,2.0,frozenset({4715}),4715,0.52,True,2022-07,1,2032,1
YX,JFK,RDU,2022,7,1065,31,17,5.0,frozenset({4588}),4588,0.5483870967741935,True,2022-07,1,2033,1
YX,LGA,BNA,2022,7,1135,23,12,1.0,frozenset({4863}),4863,0.5217391304347826,True,2022-07,1,2034,1
YX,LGA,RDU,2022,7,1265,25,13,4.0,frozenset({4742}),4742,0.52,True,2022-07,1,2035,2
YX,RDU,JFK,2022,7,1213,31,20,3.0,frozenset({4755}),4755,0.6451612903225806,True,2022-07,1,2036,2
YX,STL,LGA,2022,7,1005,19,10,4.0,frozenset({4815}),4815,0.5263157894736842,True,2022-07,1,2037,2
WN,SJC,AUS,2022,7,1105,26,17,1.0,frozenset({1587}),1587,0.6538461538461539,True,2022-07,1,2038,1
WN,OAK,PDX,2022,7,1290,26,19,1.0,frozenset({2922}),2922,0.7307692307692307,True,2022-07,1,2039,1
WN,SEA,OAK,2022,7,1165,26,16,0.0,frozenset({2096}),2096,0.6153846153846154,True,2022-07,2,1896,2
WN,SAN,MDW,2022,7,1190,26,17,0.0,frozenset({2620}),2620,0.6538461538461539,True,2022-07,1,2040,2
WN,OMA,LAS,2022,7,1210,26,14,0.0,frozenset({3080}),3080,0.5384615384615384,True,2022-07,1,2041,1
WN,ONT,PHX,2022,7,1350,26,15,1.0,frozenset({1517}),1517,0.5769230769230769,True,2022-07,1,2042,1
WN,ONT,SMF,2022,7,1260,29,18,0.0,"frozenset({2838, 4727})",2838,0.6206896551724138,True,2022-07,1,2043,1
WN,ORD,DEN,2022,7,950,31,16,2.0,frozenset({2724}),2724,0.5161290322580645,True,2022-07,1,2044,1
WN,PHX,BOI,2022,7,1345,26,15,0.0,frozenset({653}),653,0.5769230769230769,True,2022-07,1,2045,1
WN,PHX,BWI,2022,7,1075,31,17,1.0,"frozenset({1197, 2583})",2583,0.5483870967741935,True,2022-07,1,2046,1
WN,PHX,DAL,2022,7,1105,31,16,0.0,"frozenset({1131, 4781})",1131,0.5161290322580645,True,2022-07,2,1867,2
WN,PHX,DEN,2022,7,810,26,14,2.0,frozenset({1830}),1830,0.5384615384615384,True,2022-07,1,2047,1
WN,PHX,HOU,2022,7,1135,31,17,3.0,"frozenset({1923, 4519})",1923,0.5483870967741935,True,2022-07,2,1854,3
WN,PHX,LAX,2022,7,1185,31,21,0.0,"frozenset({4825, 335})",335,0.6774193548387096,True,2022-07,2,1853,3
WN,PHX,LAX,2022,7,1310,31,16,0.0,"frozenset({1497, 493})",493,0.5161290322580645,True,2022-07,1,2048,1
WN,PHX,MCI,2022,7,1140,31,20,3.0,"frozenset({4417, 1479})",1479,0.6451612903225806,True,2022-07,2,1850,3
WN,PHX,MCO,2022,7,830,26,15,0.0,frozenset({2429}),2429,0.5769230769230769,True,2022-07,2,1847,2
WN,PHX,OKC,2022,7,1190,26,15,0.0,frozenset({2159}),2159,0.5769230769230769,True,2022-07,1,2049,2
WN,PHX,PDX,2022,7,1315,31,19,2.0,"frozenset({2794, 1501})",2794,0.6129032258064516,True,2022-07,1,2050,2
WN,PHX,SAN,2022,7,1340,26,15,1.0,frozenset({2059}),2059,0.5769230769230769,True,2022-07,1,2051,2
WN,PHX,SFO,2022,7,1310,26,15,0.0,frozenset({1707}),1707,0.5769230769230769,True,2022-07,1,2052,1
WN,PHX,SJC,2022,7,1260,31,18,2.0,"frozenset({4560, 2146})",2146,0.5806451612903226,True,2022-07,1,2053,1
WN,PHX,SMF,2022,7,1315,31,16,0.0,"frozenset({2233, 885})",885,0.5161290322580645,True,2022-07,1,2054,2
WN,PHX,STL,2022,7,1135,31,17,0.0,"frozenset({4249, 2142})",2142,0.5483870967741935,True,2022-07,1,2055,2
WN,PHX,TUL,2022,7,1135,31,18,0.0,"frozenset({1785, 2540})",1785,0.5806451612903226,True,2022-07,2,1893,3
WN,SAN,DAL,2022,7,1090,31,19,0.0,"frozenset({2226, 3741})",2226,0.6129032258064516,True,2022-07,1,2056,2
WN,SAN,LAS,2022,7,925,23,13,4.0,frozenset({6503}),6503,0.5652173913043478,True,2022-07,1,2057,2
WN,SAN,SJC,2022,7,960,26,14,0.0,frozenset({1931}),1931,0.5384615384615384,True,2022-07,1,2058,1
UA,JAX,EWR,2022,7,916,30,18,1.0,frozenset({1159}),1159,0.6,True,2022-07,1,2059,1
WN,LAS,SAT,2022,7,1000,26,14,1.0,frozenset({1769}),1769,0.5384615384615384,True,2022-07,1,2060,2
WN,LAS,SAN,2022,7,845,49,32,6.0,"frozenset({1931, 6502})",1931,0.6530612244897959,True,2022-07,1,2061,1
WN,BWI,MCO,2022,7,1195,31,19,0.0,"frozenset({5154, 4428, 271})",5154,0.6129032258064516,True,2022-07,1,2062,2
WN,BWI,ORF,2022,7,1340,31,19,1.0,"frozenset({1224, 3570})",1224,0.6129032258064516,True,2022-07,2,1714,3
WN,BWI,PIT,2022,7,1335,31,20,0.0,"frozenset({3472, 2805})",2805,0.6451612903225806,True,2022-07,2,1733,3
WN,BWI,PVD,2022,7,1340,26,15,1.0,frozenset({1267}),1267,0.5769230769230769,True,2022-07,2,1727,3
WN,BWI,ROC,2022,7,1375,31,20,1.0,"frozenset({178, 4084})",178,0.6451612903225806,True,2022-07,1,2063,2
WN,BWI,SDF,2022,7,1305,31,16,1.0,"frozenset({2281, 3898})",2281,0.5161290322580645,True,2022-07,1,2064,1
WN,BZN,DEN,2022,7,990,26,14,3.0,frozenset({2035}),2035,0.5384615384615384,True,2022-07,1,2065,1
WN,CLT,BWI,2022,7,1190,31,22,2.0,"frozenset({2368, 6})",2368,0.7096774193548387,True,2022-07,1,2066,2
WN,CLT,MDW,2022,7,1210,26,17,0.0,frozenset({2869}),2869,0.6538461538461539,True,2022-07,1,2067,1
WN,DAL,BWI,2022,7,1185,31,16,0.0,"frozenset({1266, 4099})",1266,0.5161290322580645,True,2022-07,2,1825,3
WN,DAL,ELP,2022,7,1360,26,14,0.0,frozenset({565}),565,0.5384615384615384,True,2022-07,2,1918,3
WN,DAL,MCO,2022,7,1185,26,15,1.0,frozenset({2627}),2627,0.5769230769230769,True,2022-07,2,1542,3
WN,DEN,ATL,2022,7,980,26,14,0.0,frozenset({1486}),1486,0.5384615384615384,True,2022-07,2,1698,2
WN,DEN,ATL,2022,7,1255,26,16,0.0,frozenset({1274}),1274,0.6153846153846154,True,2022-07,1,2068,1
WN,DEN,AUS,2022,7,1040,26,18,1.0,frozenset({464}),464,0.6923076923076923,True,2022-07,1,2069,1
WN,DEN,AUS,2022,7,1165,26,17,2.0,frozenset({1158}),1158,0.6538461538461539,True,2022-07,1,2070,1
WN,DEN,DAL,2022,7,1165,26,15,1.0,frozenset({1847}),1847,0.5769230769230769,True,2022-07,2,1550,3
WN,DEN,IAH,2022,7,1270,26,15,0.0,frozenset({2463}),2463,0.5769230769230769,True,2022-07,1,2071,1
WN,DEN,LAS,2022,7,940,26,16,5.0,frozenset({2462}),2462,0.6153846153846154,True,2022-07,1,2072,2
WN,DEN,LAS,2022,7,1160,26,15,2.0,frozenset({3049}),3049,0.5769230769230769,True,2022-07,1,2073,1
WN,DEN,LAS,2022,7,1275,31,17,2.0,"frozenset({930, 3070})",3070,0.5483870967741935,True,2022-07,1,2074,1
WN,DEN,LAX,2022,7,1015,26,17,1.0,frozenset({2334}),2334,0.6538461538461539,True,2022-07,1,2075,1
WN,DEN,MCI,2022,7,1075,26,16,1.0,frozenset({2265}),2265,0.6153846153846154,True,2022-07,1,2076,1
WN,BWI,MCO,2022,7,1105,26,16,3.0,frozenset({1701}),1701,0.6153846153846154,True,2022-07,2,1746,3
WN,DEN,MCO,2022,7,1180,31,21,3.0,"frozenset({650, 2964})",2964,0.6774193548387096,True,2022-07,1,2077,2
WN,BWI,LGA,2022,7,1340,26,14,1.0,frozenset({2368}),2368,0.5384615384615384,True,2022-07,2,1804,2
WN,BWI,DTW,2022,7,1345,26,15,0.0,frozenset({1676}),1676,0.5769230769230769,True,2022-07,1,2078,1
UA,MCI,DEN,2022,7,1027,26,15,0.0,frozenset({1951}),1951,0.5769230769230769,True,2022-07,1,2079,1
UA,OMA,DEN,2022,7,1036,21,12,0.0,frozenset({2655}),2655,0.5714285714285714,True,2022-07,1,2080,1
UA,ORD,IAD,2022,7,895,31,16,1.0,frozenset({1936}),1936,0.5161290322580645,True,2022-07,1,2081,1
UA,PHX,DEN,2022,7,915,31,16,1.0,frozenset({1895}),1895,0.5161290322580645,True,2022-07,1,2082,1
WN,ABQ,DEN,2022,7,1045,26,15,0.0,frozenset({1158}),1158,0.5769230769230769,True,2022-07,1,2083,1
WN,ABQ,PHX,2022,7,1250,26,16,0.0,frozenset({1707}),1707,0.6153846153846154,True,2022-07,1,2084,1
WN,ATL,AUS,2022,7,1200,31,17,0.0,"frozenset({3064, 3254})",3064,0.5483870967741935,True,2022-07,1,2085,1
WN,ATL,BWI,2022,7,1190,26,14,1.0,frozenset({1623}),1623,0.5384615384615384,True,2022-07,1,2086,1
WN,ATL,IND,2022,7,1200,26,14,0.0,frozenset({2887}),2887,0.5384615384615384,True,2022-07,1,2087,1
WN,ATL,MCI,2022,7,1200,26,14,0.0,frozenset({1863}),1863,0.5384615384615384,True,2022-07,1,2088,1
WN,ATL,MDW,2022,7,1265,31,17,0.0,"frozenset({4281, 779})",779,0.5483870967741935,True,2022-07,2,1540,3
WN,ATL,TPA,2022,7,1330,26,14,0.0,frozenset({1486}),1486,0.5384615384615384,True,2022-07,1,2089,1
WN,AUS,ATL,2022,7,1265,26,18,0.0,frozenset({464}),464,0.6923076923076923,True,2022-07,1,2090,1
WN,AUS,LAS,2022,7,1315,26,16,0.0,frozenset({3064}),3064,0.6153846153846154,True,2022-07,1,2091,2
WN,AUS,MCO,2022,7,1205,26,15,0.0,frozenset({784}),784,0.5769230769230769,True,2022-07,1,2092,2
WN,AUS,MSY,2022,7,1250,26,15,0.0,frozenset({3037}),3037,0.5769230769230769,True,2022-07,1,2093,1
WN,BNA,DEN,2022,7,985,26,15,4.0,frozenset({1697}),1697,0.5769230769230769,True,2022-07,1,2094,1
WN,BOI,SJC,2022,7,995,26,14,1.0,frozenset({2535}),2535,0.5384615384615384,True,2022-07,1,2095,1
WN,BWI,ATL,2022,7,1065,26,14,1.0,frozenset({1871}),1871,0.5384615384615384,True,2022-07,1,2096,1
WN,BWI,AUS,2022,7,1235,26,15,2.0,frozenset({3065}),3065,0.5769230769230769,True,2022-07,1,2097,2
WN,BWI,BDL,2022,7,1355,26,17,1.0,frozenset({1623}),1623,0.6538461538461539,True,2022-07,1,2098,2
WN,BWI,CLE,2022,7,1335,31,17,1.0,"frozenset({2556, 4165})",2556,0.5483870967741935,True,2022-07,2,1966,3
WN,BWI,DEN,2022,7,985,26,14,2.0,frozenset({369}),369,0.5384615384615384,True,2022-07,1,2099,2
WN,BWI,LAS,2022,7,1325,26,17,1.0,frozenset({2460}),2460,0.6538461538461539,True,2022-07,1,2100,1
WN,LAS,SAN,2022,7,1040,31,18,1.0,"frozenset({2985, 4133})",2985,0.5806451612903226,True,2022-07,1,2101,1
WN,DEN,MDW,2022,7,1025,26,15,2.0,frozenset({1830}),1830,0.5769230769230769,True,2022-07,1,2102,2
WN,DEN,OAK,2022,7,1155,31,20,2.0,"frozenset({2922, 375})",2922,0.6451612903225806,True,2022-07,1,2103,1
WN,LAS,DEN,2022,7,955,26,18,4.0,frozenset({2956}),2956,0.6923076923076923,True,2022-07,1,2104,2
WN,LAS,DEN,2022,7,1045,26,17,2.0,frozenset({2463}),2463,0.6538461538461539,True,2022-07,1,2105,1
WN,LAS,DEN,2022,7,1375,26,15,4.0,frozenset({1448}),1448,0.5769230769230769,True,2022-07,1,2106,1
WN,LAS,ELP,2022,7,1290,31,16,0.0,"frozenset({1752, 3604})",1752,0.5161290322580645,True,2022-07,2,1910,2
WN,LAS,HOU,2022,7,850,26,14,0.0,frozenset({341}),341,0.5384615384615384,True,2022-07,1,2107,1
WN,LAS,HOU,2022,7,965,26,14,2.0,frozenset({2623}),2623,0.5384615384615384,True,2022-07,1,2108,1
WN,LAS,IND,2022,7,1105,31,19,2.0,"frozenset({1771, 3243})",1771,0.6129032258064516,True,2022-07,1,2109,1
WN,LAS,LAX,2022,7,795,26,14,1.0,frozenset({538}),538,0.5384615384615384,True,2022-07,1,2110,1
WN,LAS,LAX,2022,7,1375,31,17,2.0,"frozenset({1595, 3767})",1595,0.5483870967741935,True,2022-07,1,2111,2
WN,LAS,MCI,2022,7,1265,31,18,1.0,"frozenset({1945, 437})",437,0.5806451612903226,True,2022-07,2,1712,3
WN,LAS,MDW,2022,7,855,26,18,2.0,frozenset({2663}),2663,0.6923076923076923,True,2022-07,2,1735,3
WN,LAS,MDW,2022,7,1155,31,18,3.0,"frozenset({3309, 1063})",1063,0.5806451612903226,True,2022-07,2,1729,3
WN,LAS,MDW,2022,7,1215,31,19,1.0,"frozenset({1932, 1076})",1932,0.6129032258064516,True,2022-07,1,2112,2
WN,LAS,MKE,2022,7,1110,26,16,1.0,frozenset({2958}),2958,0.6153846153846154,True,2022-07,1,2113,2
WN,LAS,MSY,2022,7,850,26,18,0.0,frozenset({1093}),1093,0.6923076923076923,True,2022-07,1,2114,2
WN,LAS,OAK,2022,7,945,23,13,1.0,frozenset({6509}),6509,0.5652173913043478,True,2022-07,1,2115,1
WN,LAS,OAK,2022,7,1050,26,15,3.0,frozenset({655}),655,0.5769230769230769,True,2022-07,1,2116,1
WN,LAS,OAK,2022,7,1230,23,12,3.0,frozenset({2039}),2039,0.5217391304347826,True,2022-07,1,2117,1
WN,LAS,OMA,2022,7,1135,31,16,1.0,"frozenset({1249, 3385})",1249,0.5161290322580645,True,2022-07,1,2118,2
WN,LAS,ONT,2022,7,900,31,16,2.0,"frozenset({3404, 2141})",2141,0.5161290322580645,True,2022-07,1,2119,1
WN,LAS,ONT,2022,7,1170,26,14,0.0,frozenset({2838}),2838,0.5384615384615384,True,2022-07,1,2120,1
WN,LAS,PHX,2022,7,1190,26,17,3.0,frozenset({2288}),2288,0.6538461538461539,True,2022-07,1,2121,1
WN,LAS,RNO,2022,7,1375,26,14,0.0,frozenset({1950}),1950,0.5384615384615384,True,2022-07,1,2122,2
WN,LAS,DEN,2022,7,785,26,14,2.0,frozenset({2333}),2333,0.5384615384615384,True,2022-07,1,2123,1
WN,DEN,MDW,2022,7,1095,31,17,1.0,"frozenset({4331, 2725})",2725,0.5483870967741935,True,2022-07,1,2124,1
WN,LAS,DAL,2022,7,955,26,14,2.0,frozenset({2932}),2932,0.5384615384615384,True,2022-07,1,2125,1
WN,LAS,BWI,2022,7,1075,26,18,1.0,frozenset({2699}),2699,0.6923076923076923,True,2022-07,1,2126,1
WN,DEN,OAK,2022,7,1340,31,19,1.0,"frozenset({2665, 4750})",2665,0.6129032258064516,True,2022-07,1,2127,1
WN,DEN,OKC,2022,7,1010,26,14,2.0,frozenset({1659}),1659,0.5384615384615384,True,2022-07,1,2128,1
WN,DEN,OMA,2022,7,1185,26,14,0.0,frozenset({166}),166,0.5384615384615384,True,2022-07,1,2129,2
WN,DEN,ORD,2022,7,1145,31,17,1.0,"frozenset({2093, 4790})",2093,0.5483870967741935,True,2022-07,1,2130,1
WN,DEN,PDX,2022,7,990,26,14,2.0,frozenset({2326}),2326,0.5384615384615384,True,2022-07,1,2131,1
WN,DEN,PHX,2022,7,975,26,14,1.0,frozenset({2583}),2583,0.5384615384615384,True,2022-07,1,2132,1
WN,DEN,RDU,2022,7,1140,26,17,1.0,frozenset({371}),371,0.6538461538461539,True,2022-07,1,2133,2
WN,DEN,SAN,2022,7,1010,26,15,2.0,frozenset({3069}),3069,0.5769230769230769,True,2022-07,1,2134,1
WN,DEN,SAN,2022,7,1135,26,14,4.0,frozenset({1697}),1697,0.5384615384615384,True,2022-07,1,2135,1
WN,DEN,SAT,2022,7,955,26,14,1.0,frozenset({1192}),1192,0.5384615384615384,True,2022-07,1,2136,1
WN,DEN,SAT,2022,7,1185,26,16,0.0,frozenset({1370}),1370,0.6153846153846154,True,2022-07,1,2137,1
WN,DEN,STL,2022,7,1135,31,16,2.0,"frozenset({3651, 2035})",2035,0.5161290322580645,True,2022-07,1,2138,1
WN,DEN,TPA,2022,7,1185,31,16,1.0,"frozenset({3376, 761})",761,0.5161290322580645,True,2022-07,1,2139,1
WN,DEN,TUL,2022,7,1190,26,14,1.0,frozenset({2956}),2956,0.5384615384615384,True,2022-07,1,2140,2
UA,DEN,MSY,2022,7,1062,31,16,0.0,frozenset({1220}),1220,0.5161290322580645,True,2022-07,1,2141,1
WN,HNL,LIH,2022,7,825,31,19,0.0,frozenset({1567}),1567,0.6129032258064516,True,2022-07,2,1879,2
WN,JAX,BWI,2022,7,1170,31,17,0.0,"frozenset({138, 4675})",138,0.5483870967741935,True,2022-07,1,2142,2
WN,KOA,HNL,2022,7,945,31,16,1.0,frozenset({2587}),2587,0.5161290322580645,True,2022-07,1,2143,1
WN,LAS,ABQ,2022,7,1155,26,15,0.0,frozenset({134}),134,0.5769230769230769,True,2022-07,1,2144,1
WN,LAS,ATL,2022,7,800,26,19,0.0,frozenset({779}),779,0.7307692307692307,True,2022-07,1,2145,2
WN,LAS,AUS,2022,7,1065,31,16,0.0,"frozenset({3710, 1574})",1574,0.5161290322580645,True,2022-07,1,2146,1
WN,LAS,AUS,2022,7,1190,26,17,0.0,frozenset({1170}),1170,0.6538461538461539,True,2022-07,1,2147,1
WN,LAS,BUR,2022,7,845,26,15,2.0,frozenset({2908}),2908,0.5769230769230769,True,2022-07,1,2148,1
WN,LAS,DAL,2022,7,840,31,18,2.0,"frozenset({2376, 2754})",2754,0.5806451612903226,True,2022-07,1,2149,1
UA,DEN,MCI,2022,7,1061,31,18,0.0,frozenset({628}),628,0.5806451612903226,True,2022-07,1,2150,1
OH,CLT,BHM,2022,7,1219,31,18,0.0,frozenset({5601}),5601,0.5806451612903226,True,2022-07,1,2151,1
B6,JFK,SJU,2022,7,1275,31,23,1.0,frozenset({903}),903,0.7419354838709677,True,2022-07,2,1800,2
AA,SAN,DFW,2022,7,1139,17,12,4.0,frozenset({2410}),2410,0.7058823529411765,True,2022-07,1,2152,1
AA,RSW,DCA,2022,7,904,27,15,1.0,frozenset({1014}),1014,0.5555555555555556,True,2022-07,1,2153,1
AA,RIC,CLT,2022,7,1215,22,13,2.0,frozenset({1909}),1909,0.5909090909090909,True,2022-07,1,2154,1
AA,RDU,TPA,2022,7,1140,31,17,1.0,frozenset({2608}),2608,0.5483870967741935,True,2022-07,1,2155,1
AA,RDU,LGA,2022,7,1175,25,14,2.0,frozenset({366}),366,0.56,True,2022-07,1,2156,2
AA,PVD,ORD,2022,7,1079,25,14,5.0,frozenset({2167}),2167,0.56,True,2022-07,1,2157,1
AA,PVD,CLT,2022,7,1038,26,14,2.0,frozenset({1449}),1449,0.5384615384615384,True,2022-07,1,2158,1
AA,PHX,DEN,2022,7,1205,30,16,1.0,frozenset({2315}),2315,0.5333333333333333,True,2022-07,1,2159,1
AA,PHX,DEN,2022,7,911,31,21,0.0,frozenset({1329}),1329,0.6774193548387096,True,2022-07,1,2160,1
AA,PHL,CLT,2022,7,1075,31,17,1.0,frozenset({415}),415,0.5483870967741935,True,2022-07,1,2161,1
AA,ORD,SLC,2022,7,615,10,7,1.0,frozenset({2069}),2069,0.7,True,2022-07,1,2162,1
AA,ORD,RDU,2022,7,900,26,14,2.0,frozenset({2712}),2712,0.5384615384615384,True,2022-07,1,2163,1
NK,BOS,FLL,2022,7,1043,23,12,1.0,frozenset({615}),615,0.5217391304347826,True,2022-07,1,2164,1
AA,ORD,PHX,2022,7,1065,31,16,0.0,frozenset({2826}),2826,0.5161290322580645,True,2022-07,1,2165,1
AA,ORD,PHL,2022,7,1050,31,16,4.0,frozenset({1359}),1359,0.5161290322580645,True,2022-07,1,2166,2
AA,ORD,MCO,2022,7,630,31,17,0.0,frozenset({2359}),2359,0.5483870967741935,True,2022-07,1,2167,1
NK,DFW,LAS,2022,7,1008,31,18,1.0,frozenset({360}),360,0.5806451612903226,True,2022-07,1,2168,1
AA,SAV,CLT,2022,7,1112,31,19,0.0,frozenset({2402}),2402,0.6129032258064516,True,2022-07,1,2169,2
AA,ORD,LGA,2022,7,930,31,17,2.0,frozenset({2566}),2566,0.5483870967741935,True,2022-07,1,2170,2
AA,SDF,CLT,2022,7,1097,30,16,4.0,frozenset({1796}),1796,0.5333333333333333,True,2022-07,1,2171,1
DL,MCO,ATL,2022,7,1216,27,14,0.0,"frozenset({2824, 1373})",2824,0.5185185185185185,True,2022-07,1,2172,1
B6,BQN,MCO,2022,7,1086,29,15,0.0,frozenset({629}),629,0.5172413793103449,True,2022-07,1,2173,2
G4,SFB,CVG,2022,7,1260,14,10,0.0,"frozenset({771, 677, 759})",771,0.7142857142857143,True,2022-07,1,2174,1
G4,SRQ,PIT,2022,7,1223,11,7,0.0,"frozenset({2112, 2083, 2123, 2125, 2127})",2112,0.6363636363636364,True,2022-07,2,1922,2
G4,TOL,PIE,2022,7,956,10,6,0.0,"frozenset({1954, 1859, 2012, 1855})",1954,0.6,True,2022-07,1,2175,1
G4,VPS,CVG,2022,7,1191,15,10,2.0,"frozenset({787, 763, 749})",749,0.6666666666666666,True,2022-07,1,2176,1
HA,AUS,HNL,2022,7,580,13,8,0.0,frozenset({81}),81,0.6153846153846154,True,2022-07,1,2177,4
B6,BOS,MCO,2022,7,960,19,12,0.0,frozenset({1951}),1951,0.631578947368421,True,2022-07,1,2178,2
B6,BOS,DEN,2022,7,817,26,14,0.0,frozenset({393}),393,0.5384615384615384,True,2022-07,2,1748,2
B6,ATL,JFK,2022,7,1168,31,25,0.0,frozenset({1320}),1320,0.8064516129032258,True,2022-07,2,1934,3
B6,ACK,LGA,2022,7,1295,19,10,6.0,frozenset({210}),210,0.5263157894736842,True,2022-07,1,2179,1
AS,BRW,ANC,2022,7,1027,31,16,6.0,frozenset({50}),50,0.5161290322580645,True,2022-07,1,2180,2
AS,AKN,ANC,2022,7,1110,31,21,0.0,frozenset({198}),198,0.6774193548387096,True,2022-07,1,2181,1
AS,AKN,ANC,2022,7,760,31,24,0.0,frozenset({520}),520,0.7741935483870968,True,2022-07,1,2182,1
AA,TPA,CLT,2022,7,1165,22,12,0.0,frozenset({1901}),1901,0.5454545454545454,True,2022-07,1,2183,1
AA,TPA,CLT,2022,7,1074,31,16,1.0,frozenset({2905}),2905,0.5161290322580645,True,2022-07,1,2184,2
AA,SYR,CLT,2022,7,1194,22,12,1.0,frozenset({1825}),1825,0.5454545454545454,True,2022-07,1,2185,1
AA,STL,LAX,2022,7,1130,31,17,2.0,frozenset({2936}),2936,0.5483870967741935,True,2022-07,2,1843,2
AA,SLC,DFW,2022,7,975,31,16,1.0,frozenset({2065}),2065,0.5161290322580645,True,2022-07,1,2186,1
AA,ORD,JFK,2022,7,1084,31,18,2.0,frozenset({2518}),2518,0.5806451612903226,True,2022-07,1,2187,2
AA,ORD,IAH,2022,7,1229,30,16,1.0,frozenset({414}),414,0.5333333333333333,True,2022-07,1,2188,1
AA,ORD,EWR,2022,7,970,31,17,3.0,frozenset({2276}),2276,0.5483870967741935,True,2022-07,2,1881,3
OH,CLT,PNS,2022,7,1215,26,14,1.0,frozenset({5429}),5429,0.5384615384615384,True,2022-07,1,2189,1
OH,CRW,CLT,2022,7,1084,29,16,3.0,frozenset({5207}),5207,0.5517241379310345,True,2022-07,1,2190,1
OH,DCA,BHM,2022,7,1206,25,14,2.0,frozenset({5561}),5561,0.56,True,2022-07,1,2191,1
OH,DCA,CLE,2022,7,1344,30,16,5.0,frozenset({5376}),5376,0.5333333333333333,True,2022-07,1,2192,1
AA,LAS,LAX,2022,7,925,31,17,1.0,frozenset({2388}),2388,0.5483870967741935,True,2022-07,1,2193,1
OH,DCA,HPN,2022,7,1328,25,13,7.0,frozenset({5181}),5181,0.52,True,2022-07,1,2194,1
AA,LAS,DFW,2022,7,1071,13,7,0.0,frozenset({2471}),2471,0.5384615384615384,True,2022-07,1,2195,1
OH,DCA,ILM,2022,7,1085,25,14,5.0,frozenset({5419}),5419,0.56,True,2022-07,1,2196,1
AA,JFK,MIA,2022,7,1045,31,17,4.0,frozenset({466}),466,0.5483870967741935,True,2022-07,2,1555,2
OH,DCA,JAN,2022,7,1234,30,16,2.0,frozenset({5025}),5025,0.5333333333333333,True,2022-07,1,2197,1
AA,JFK,CLT,2022,7,1139,31,18,0.0,frozenset({2038}),2038,0.5806451612903226,True,2022-07,1,2198,1
OH,DCA,PIT,2022,7,1150,21,11,3.0,frozenset({5274}),5274,0.5238095238095238,True,2022-07,1,2199,2
OH,DCA,PNS,2022,7,1159,25,13,1.0,frozenset({5544}),5544,0.52,True,2022-07,1,2200,1
OH,DCA,RDU,2022,7,1079,24,15,4.0,"frozenset({5529, 5547})",5529,0.625,True,2022-07,1,2201,2
OH,GSP,DCA,2022,7,1024,21,11,0.0,frozenset({5358}),5358,0.5238095238095238,True,2022-07,1,2202,1
OH,HPN,CLT,2022,7,1049,31,18,1.0,frozenset({5070}),5070,0.5806451612903226,True,2022-07,1,2203,1
OH,ILM,DCA,2022,7,1211,25,14,6.0,frozenset({5174}),5174,0.56,True,2022-07,1,2204,1
OH,CLT,ORF,2022,7,1233,28,15,3.0,frozenset({5505}),5505,0.5357142857142857,True,2022-07,1,2205,1
OH,CLT,HSV,2022,7,1225,24,13,0.0,frozenset({5629}),5629,0.5416666666666666,True,2022-07,1,2206,1
OH,CLT,GSP,2022,7,1106,27,15,1.0,frozenset({5626}),5626,0.5555555555555556,True,2022-07,1,2207,1
AA,LAX,LAS,2022,7,800,26,15,1.0,frozenset({1986}),1986,0.5769230769230769,True,2022-07,1,2208,1
AA,ORD,CLT,2022,7,1113,27,16,1.0,"frozenset({1984, 404})",404,0.5925925925925926,True,2022-07,1,2209,1
AA,ORD,CLT,2022,7,967,31,19,2.0,frozenset({406}),406,0.6129032258064516,True,2022-07,1,2210,1
NK,LAS,DEN,2022,7,940,13,8,0.0,frozenset({1285}),1285,0.6153846153846154,True,2022-07,2,1476,2
NK,LGA,MCO,2022,7,1199,26,14,0.0,frozenset({475}),475,0.5384615384615384,True,2022-07,2,1456,2
AA,ORD,BDL,2022,7,1065,31,18,1.0,frozenset({2689}),2689,0.5806451612903226,True,2022-07,2,1653,2
NK,MCO,EWR,2022,7,1070,31,16,1.0,frozenset({1400}),1400,0.5161290322580645,True,2022-07,3,1276,3
AA,MHT,CLT,2022,7,1036,31,18,2.0,frozenset({1677}),1677,0.5806451612903226,True,2022-07,1,2211,1
AA,MEM,CLT,2022,7,1125,22,12,2.0,frozenset({2552}),2552,0.5454545454545454,True,2022-07,1,2212,1
B6,CHS,LGA,2022,7,1005,26,19,3.0,frozenset({2670}),2670,0.7307692307692307,True,2022-07,4,1188,5
AA,MCO,DCA,2022,7,1094,26,15,0.0,frozenset({2503}),2503,0.5769230769230769,True,2022-07,2,1568,3
AA,LGA,RDU,2022,7,1155,25,13,1.0,frozenset({1934}),1934,0.52,True,2022-07,1,2213,1
AA,LGA,RDU,2022,7,1030,25,15,3.0,frozenset({1093}),1093,0.6,True,2022-07,1,2214,1
AA,LGA,ORD,2022,7,1170,25,15,3.0,frozenset({2566}),2566,0.6,True,2022-07,2,1562,3
AA,LGA,MIA,2022,7,1200,31,18,4.0,frozenset({332}),332,0.5806451612903226,True,2022-07,2,1561,2
AA,LGA,IAH,2022,7,1139,25,17,4.0,frozenset({738}),738,0.68,True,2022-07,1,2215,1
AA,LGA,CLT,2022,7,1139,31,20,3.0,frozenset({1722}),1722,0.6451612903225806,True,2022-07,1,2216,1
OH,CAE,CLT,2022,7,1087,24,13,0.0,frozenset({5033}),5033,0.5416666666666666,True,2022-07,1,2217,1
AA,LAX,STL,2022,7,1080,31,17,2.0,frozenset({513}),513,0.5483870967741935,True,2022-07,2,1558,2
AA,MCO,CLT,2022,7,1047,31,18,1.0,frozenset({1638}),1638,0.5806451612903226,True,2022-07,1,2218,1
G4,PIE,BNA,2022,7,1320,13,9,1.0,"frozenset({642, 581, 646})",581,0.6923076923076923,True,2022-07,1,2219,1
G4,PIE,BLV,2022,7,1100,11,8,0.0,"frozenset({1824, 1990, 1901, 1940, 1915})",1940,0.7272727272727273,True,2022-07,1,2220,1
B6,DCA,FLL,2022,7,1139,31,17,0.0,frozenset({1979}),1979,0.5483870967741935,True,2022-07,2,1738,2
F9,COS,LAS,2022,7,1374,12,7,1.0,frozenset({2019}),2019,0.5833333333333334,True,2022-07,1,2221,1
B6,MCO,LGA,2022,7,1165,26,16,0.0,frozenset({998}),998,0.6153846153846154,True,2022-07,2,1864,4
B6,MCO,LGA,2022,7,1079,31,18,0.0,frozenset({798}),798,0.5806451612903226,True,2022-07,4,809,6
B6,MCO,JFK,2022,7,1317,31,22,1.0,frozenset({284}),284,0.7096774193548387,True,2022-07,4,823,6
B6,MCO,JFK,2022,7,1184,30,21,1.0,frozenset({884}),884,0.7,True,2022-07,3,1436,4
B6,MCO,JFK,2022,7,1125,31,16,2.0,frozenset({384}),384,0.5161290322580645,True,2022-07,2,1962,3
B6,MCO,EWR,2022,7,1202,24,15,0.0,frozenset({828}),828,0.625,True,2022-07,2,1909,3
B6,MCO,BQN,2022,7,856,29,17,0.0,frozenset({430}),430,0.5862068965517241,True,2022-07,1,2222,2
F9,DFW,ATL,2022,7,999,14,8,0.0,frozenset({1550}),1550,0.5714285714285714,True,2022-07,1,2223,1
B6,LGA,TPA,2022,7,1049,26,14,1.0,frozenset({47}),47,0.5384615384615384,True,2022-07,2,1718,2
B6,LGA,TPA,2022,7,805,31,16,0.0,frozenset({46}),46,0.5161290322580645,True,2022-07,1,2224,1
B6,LGA,PBI,2022,7,1170,22,12,3.0,frozenset({1761}),1761,0.5454545454545454,True,2022-07,2,1835,2
B6,LGA,MCO,2022,7,1260,26,17,0.0,frozenset({499}),499,0.6538461538461539,True,2022-07,2,1779,2
B6,LGA,JAX,2022,7,1290,27,20,1.0,frozenset({940}),940,0.7407407407407407,True,2022-07,1,2225,2
B6,LGA,FLL,2022,7,1260,26,15,2.0,frozenset({571}),571,0.5769230769230769,True,2022-07,1,2226,3
F9,LGA,MCO,2022,7,1079,31,19,0.0,"frozenset({1335, 1111})",1335,0.6129032258064516,True,2022-07,1,2227,3
F9,MCO,ATL,2022,7,1337,19,15,0.0,"frozenset({1011, 1015})",1011,0.7894736842105263,True,2022-07,2,1890,3
B6,MCO,SJU,2022,7,975,26,14,0.0,frozenset({433}),433,0.5384615384615384,True,2022-07,1,2228,1
B6,MIA,JFK,2022,7,1108,30,17,0.0,frozenset({2692}),2692,0.5666666666666667,True,2022-07,1,2229,1
B6,MSP,JFK,2022,7,1100,31,17,1.0,frozenset({618}),618,0.5483870967741935,True,2022-07,2,1872,2
F9,BDL,SJU,2022,7,518,31,16,0.0,"frozenset({115, 117})",115,0.5161290322580645,True,2022-07,1,2230,1
DL,MCO,ATL,2022,7,1090,31,18,0.0,frozenset({1546}),1546,0.5806451612903226,True,2022-07,1,2231,1
DL,LGA,MCO,2022,7,1199,29,19,2.0,frozenset({2155}),2155,0.6551724137931034,True,2022-07,1,2232,1
DL,LAS,ATL,2022,7,998,20,13,0.0,"frozenset({497, 1061})",497,0.65,True,2022-07,1,2233,1
DL,RDU,BOS,2022,7,1090,18,12,0.0,frozenset({2343}),2343,0.6666666666666666,True,2022-07,1,2234,1
DL,BOS,RDU,2022,7,1270,21,16,0.0,frozenset({2933}),2933,0.7619047619047619,True,2022-07,1,2235,1
DL,BOS,RDU,2022,7,915,18,10,0.0,frozenset({2836}),2836,0.5555555555555556,True,2022-07,1,2236,1
DL,BOS,ATL,2022,7,1095,25,13,1.0,frozenset({504}),504,0.52,True,2022-07,1,2237,1
DL,ATL,MKE,2022,7,1382,10,6,0.0,frozenset({1335}),1335,0.6,True,2022-07,1,2238,1
B6,JFK,TPA,2022,7,1125,31,18,0.0,frozenset({225}),225,0.5806451612903226,True,2022-07,1,2239,1
DL,ATL,LIT,2022,7,1435,21,11,1.0,frozenset({1043}),1043,0.5238095238095238,True,2022-07,1,2240,1
B6,TPA,LGA,2022,7,1040,26,16,1.0,frozenset({2810}),2810,0.6153846153846154,True,2022-07,1,2241,1
B6,SRQ,JFK,2022,7,1030,31,18,2.0,frozenset({164}),164,0.5806451612903226,True,2022-07,2,1508,3
B6,SEA,JFK,2022,7,850,26,19,0.0,frozenset({2864}),2864,0.7307692307692307,True,2022-07,2,1459,2
B6,SAV,JFK,2022,7,1145,31,20,3.0,frozenset({342}),342,0.6451612903225806,True,2022-07,2,1470,2
B6,SAN,FLL,2022,7,1299,31,18,0.0,frozenset({530}),530,0.5806451612903226,True,2022-07,1,2242,1
B6,RSW,JFK,2022,7,1115,31,18,3.0,frozenset({1730}),1730,0.5806451612903226,True,2022-07,3,1443,4
B6,RDU,JFK,2022,7,1175,31,23,5.0,frozenset({386}),386,0.7419354838709677,True,2022-07,2,1566,3
B6,PBI,LGA,2022,7,1145,26,15,1.0,frozenset({1262}),1262,0.5769230769230769,True,2022-07,2,1873,3
DL,ATL,CHA,2022,7,1424,21,11,2.0,frozenset({2762}),2762,0.5238095238095238,True,2022-07,1,2243,1
AA,ICT,DFW,2022,7,1166,22,12,2.0,frozenset({1865}),1865,0.5454545454545454,True,2022-07,1,2244,1
B6,JFK,SJU,2022,7,1349,31,21,1.0,frozenset({2103}),2103,0.6774193548387096,True,2022-07,2,1799,3
F9,MCO,ISP,2022,7,876,11,7,0.0,frozenset({1096}),1096,0.6363636363636364,True,2022-07,1,2245,1
B6,FLL,JFK,2022,7,1146,26,15,1.0,"frozenset({1644, 2902})",2902,0.5769230769230769,True,2022-07,1,2246,2
B6,FLL,JFK,2022,7,1076,31,18,0.0,frozenset({2202}),2202,0.5806451612903226,True,2022-07,2,1734,3
G4,BLV,PIE,2022,7,1215,13,11,0.0,"frozenset({1825, 1926, 2030, 1811, 1978, 1982})",1926,0.8461538461538461,True,2022-07,1,2247,1
G4,CVG,PGD,2022,7,898,11,6,1.0,"frozenset({1570, 1594, 1586, 1559})",1570,0.5454545454545454,True,2022-07,1,2248,1
G4,CVG,PGD,2022,7,1290,13,7,2.0,"frozenset({1568, 1573, 1710, 1614, 1559})",1710,0.5384615384615384,True,2022-07,1,2249,1
G4,CVG,VPS,2022,7,1102,15,10,2.0,"frozenset({737, 738, 771, 684, 787})",738,0.6666666666666666,True,2022-07,1,2250,1
G4,FAT,LAS,2022,7,524,11,6,1.0,"frozenset({2, 67})",2,0.5454545454545454,True,2022-07,1,2251,1
G4,FAT,LAS,2022,7,1348,11,9,2.0,frozenset({69}),69,0.8181818181818182,True,2022-07,1,2252,1
G4,FLL,MEM,2022,7,1076,10,6,0.0,"frozenset({898, 947})",898,0.6,True,2022-07,1,2253,1
G4,FWA,PGD,2022,7,1280,12,9,0.0,"frozenset({1785, 1722, 1678, 1574})",1574,0.75,True,2022-07,1,2254,1
G4,FWA,PIE,2022,7,984,12,7,0.0,"frozenset({1953, 1826, 1883, 1934})",1826,0.5833333333333334,True,2022-07,1,2255,1
G4,HGR,PIE,2022,7,957,10,7,0.0,"frozenset({1976, 1921, 1957})",1976,0.7,True,2022-07,1,2256,1
G4,HTS,SFB,2022,7,957,10,6,0.0,"frozenset({2349, 2517, 2463})",2517,0.6,True,2022-07,1,2257,1
G4,LAS,FAT,2022,7,1234,11,9,1.0,"frozenset({66, 68})",68,0.8181818181818182,True,2022-07,1,2258,1
G4,MEM,FLL,2022,7,1205,10,6,0.0,"frozenset({923, 894})",923,0.6,True,2022-07,1,2259,1
G4,MYR,LCK,2022,7,1048,23,12,2.0,"frozenset({728, 753, 739, 701})",701,0.5217391304347826,True,2022-07,2,1856,2
G4,PGD,FWA,2022,7,1091,12,8,0.0,"frozenset({1704, 1719, 1748, 1735})",1704,0.6666666666666666,True,2022-07,1,2260,1
B6,FLL,JFK,2022,7,1295,31,16,3.0,frozenset({1802}),1802,0.5161290322580645,True,2022-07,2,1732,2
F9,TTN,MCO,2022,7,1135,11,7,0.0,frozenset({803}),803,0.6363636363636364,True,2022-07,1,2261,1
F9,STT,MCO,2022,7,916,14,12,0.0,frozenset({131}),131,0.8571428571428571,True,2022-07,4,1057,5
B6,JAX,JFK,2022,7,1180,31,23,4.0,frozenset({1678}),1678,0.7419354838709677,True,2022-07,1,2262,1
B6,JFK,RDU,2022,7,1319,31,22,1.0,frozenset({2585}),2585,0.7096774193548387,True,2022-07,2,1776,5
B6,JFK,RDU,2022,7,1015,31,23,5.0,frozenset({1185}),1185,0.7419354838709677,True,2022-07,1,2263,2
B6,JFK,MSY,2022,7,1310,31,22,1.0,frozenset({675}),675,0.7096774193548387,True,2022-07,2,1778,3
F9,MCO,STL,2022,7,1235,22,13,0.0,frozenset({1211}),1211,0.5909090909090909,True,2022-07,2,1792,2
F9,MCO,TTN,2022,7,930,11,6,0.0,frozenset({802}),802,0.5454545454545454,True,2022-07,1,2264,1
B6,JFK,MSP,2022,7,1310,31,19,1.0,frozenset({417}),417,0.6129032258064516,True,2022-07,2,1780,2
B6,JFK,MIA,2022,7,1260,31,19,2.0,frozenset({2193}),2193,0.6129032258064516,True,2022-07,2,1782,3
B6,JFK,MCO,2022,7,1230,31,21,2.0,frozenset({1183}),1183,0.6774193548387096,True,2022-07,1,2265,3
B6,JFK,SAV,2022,7,957,31,16,2.0,frozenset({341}),341,0.5161290322580645,True,2022-07,2,1797,2
B6,JFK,MCO,2022,7,1110,23,14,1.0,frozenset({283}),283,0.6086956521739131,True,2022-07,2,1805,3
B6,JFK,JAX,2022,7,1200,31,22,4.0,frozenset({1277}),1277,0.7096774193548387,True,2022-07,2,1829,3
B6,JFK,JAX,2022,7,950,31,19,2.0,frozenset({1677}),1677,0.6129032258064516,True,2022-07,1,2266,2
B6,JFK,DFW,2022,7,1229,31,17,1.0,frozenset({809}),809,0.5483870967741935,True,2022-07,2,1836,2
B6,JFK,CHS,2022,7,1319,31,23,3.0,frozenset({2773}),2773,0.7419354838709677,True,2022-07,2,1824,3
B6,JFK,BOS,2022,7,1295,30,17,2.0,frozenset({128}),128,0.5666666666666667,True,2022-07,1,2267,1
B6,JFK,ATL,2022,7,1320,31,26,1.0,frozenset({919}),919,0.8387096774193549,True,2022-07,2,1816,3
B6,JFK,ATL,2022,7,969,31,16,0.0,frozenset({1719}),1719,0.5161290322580645,True,2022-07,1,2268,2
B6,JAX,LGA,2022,7,1120,26,14,1.0,frozenset({2340}),2340,0.5384615384615384,True,2022-07,1,2269,1
B6,JFK,MCO,2022,7,952,31,16,1.0,frozenset({883}),883,0.5161290322580645,True,2022-07,1,2270,2
AA,EWR,MIA,2022,7,1115,31,18,1.0,frozenset({2933}),2933,0.5806451612903226,True,2022-07,2,1478,2
AA,SMF,CLT,2022,7,1337,31,16,3.0,frozenset({2083}),2083,0.5161290322580645,True,2022-07,1,2271,1
AA,CLT,LAS,2022,7,1095,31,16,3.0,frozenset({1031}),1031,0.5161290322580645,True,2022-07,1,2272,1
OO,DEN,TUS,2022,7,950,31,16,0.0,frozenset({5424}),5424,0.5161290322580645,True,2022-07,1,2273,1
AA,CLT,SMF,2022,7,1139,31,18,3.0,frozenset({2083}),2083,0.5806451612903226,True,2022-07,1,2274,1
AA,CLT,SLC,2022,7,1155,31,16,2.0,frozenset({2742}),2742,0.5161290322580645,True,2022-07,2,1688,2
AA,CLT,SEA,2022,7,1217,30,18,3.0,frozenset({2964}),2964,0.6,True,2022-07,1,2275,1
AA,CLT,SAT,2022,7,1220,23,14,2.0,frozenset({2441}),2441,0.6086956521739131,True,2022-07,1,2276,1
AA,CLT,AUS,2022,7,1340,17,12,3.0,frozenset({764}),764,0.7058823529411765,True,2022-07,2,1618,2
AA,CLT,RSW,2022,7,1330,22,14,5.0,frozenset({2273}),2273,0.6363636363636364,True,2022-07,1,2277,1
AA,CLT,RIC,2022,7,1242,31,17,0.0,frozenset({1946}),1946,0.5483870967741935,True,2022-07,1,2278,1
AA,CLT,RIC,2022,7,1097,31,17,2.0,frozenset({1909}),1909,0.5483870967741935,True,2022-07,1,2279,1
AA,CLT,RDU,2022,7,1089,23,12,1.0,frozenset({1904}),1904,0.5217391304347826,True,2022-07,1,2280,1
AA,CLT,PIT,2022,7,1235,29,17,3.0,frozenset({1962}),1962,0.5862068965517241,True,2022-07,1,2281,1
AA,CLT,PHX,2022,7,1228,18,13,0.0,frozenset({1222}),1222,0.7222222222222222,True,2022-07,1,2282,1
OO,DRO,DEN,2022,7,917,29,16,1.0,frozenset({4748}),4748,0.5517241379310345,True,2022-07,1,2283,1
AA,CLT,ORD,2022,7,1357,22,13,2.0,frozenset({689}),689,0.5909090909090909,True,2022-07,1,2284,1
AA,CLT,AVP,2022,7,1230,26,14,1.0,frozenset({1109}),1109,0.5384615384615384,True,2022-07,1,2285,1
AA,CLT,AUS,2022,7,1215,31,18,2.0,frozenset({1860}),1860,0.5806451612903226,True,2022-07,1,2286,1
AA,CLT,BDL,2022,7,1174,26,16,2.0,frozenset({657}),657,0.6153846153846154,True,2022-07,2,1623,3
AA,CLT,ATL,2022,7,1084,26,17,1.0,frozenset({1323}),1323,0.6538461538461539,True,2022-07,1,2287,1
OO,DEN,PSP,2022,7,1138,31,16,1.0,frozenset({4695}),4695,0.5161290322580645,True,2022-07,1,2288,1
AA,DEN,PHX,2022,7,1125,30,19,0.0,frozenset({1329}),1329,0.6333333333333333,True,2022-07,1,2289,2
OO,BIS,DEN,2022,7,1022,31,16,3.0,frozenset({4656}),4656,0.5161290322580645,True,2022-07,1,2290,1
AA,DCA,MCO,2022,7,1027,31,19,2.0,frozenset({2497}),2497,0.6129032258064516,True,2022-07,1,2291,1
OO,CPR,DEN,2022,7,917,31,18,4.0,frozenset({5809}),5809,0.5806451612903226,True,2022-07,1,2292,1
AA,DCA,LGA,2022,7,1080,31,18,7.0,frozenset({2151}),2151,0.5806451612903226,True,2022-07,1,2293,1
AA,DCA,LGA,2022,7,1020,26,14,3.0,frozenset({2103}),2103,0.5384615384615384,True,2022-07,1,2294,2
AA,BOS,CLT,2022,7,1118,22,15,1.0,frozenset({2252}),2252,0.6818181818181818,True,2022-07,3,1372,3
AA,CLT,VPS,2022,7,1215,31,18,3.0,frozenset({2197}),2197,0.5806451612903226,True,2022-07,1,2295,1
AA,CLT,TPA,2022,7,1086,31,18,1.0,frozenset({503}),503,0.5806451612903226,True,2022-07,1,2296,1
OO,DEN,COS,2022,7,1065,31,18,0.0,frozenset({5861}),5861,0.5806451612903226,True,2022-07,1,2297,1
AA,CLT,STL,2022,7,1355,22,13,1.0,frozenset({1038}),1038,0.5909090909090909,True,2022-07,1,2298,1
AA,CLT,SRQ,2022,7,1223,23,15,3.0,frozenset({2172}),2172,0.6521739130434783,True,2022-07,1,2299,1
OO,DEN,LIT,2022,7,1065,30,18,3.0,frozenset({4732}),4732,0.6,True,2022-07,1,2300,1
OO,DEN,MKE,2022,7,1060,31,16,2.0,frozenset({5525}),5525,0.5161290322580645,True,2022-07,1,2301,1
OO,DEN,OKC,2022,7,1044,31,19,1.0,frozenset({4801}),4801,0.6129032258064516,True,2022-07,1,2302,1
AA,CLT,DSM,2022,7,1342,25,13,1.0,frozenset({1325}),1325,0.52,True,2022-07,1,2303,1
AA,ATL,CLT,2022,7,1199,17,9,0.0,frozenset({1323}),1323,0.5294117647058824,True,2022-07,1,2304,1
OO,XWA,DEN,2022,7,1022,31,17,1.0,frozenset({5551}),5551,0.5483870967741935,True,2022-07,1,2305,1
OO,STL,DEN,2022,7,978,31,16,2.0,frozenset({5221}),5221,0.5161290322580645,True,2022-07,1,2306,1
AA,CLT,JFK,2022,7,1087,26,17,2.0,frozenset({790}),790,0.6538461538461539,True,2022-07,1,2307,2
OO,ICT,DEN,2022,7,1039,29,17,2.0,frozenset({5867}),5867,0.5862068965517241,True,2022-07,1,2308,1
AA,CLT,DEN,2022,7,1050,30,17,1.0,frozenset({1636}),1636,0.5666666666666667,True,2022-07,1,2309,2
OO,MTJ,DEN,2022,7,917,31,16,0.0,frozenset({5643}),5643,0.5161290322580645,True,2022-07,1,2310,1
AA,CLT,IND,2022,7,1345,22,12,2.0,frozenset({1081}),1081,0.5454545454545454,True,2022-07,2,1592,2
AA,CLT,ILM,2022,7,1354,22,12,3.0,frozenset({1284}),1284,0.5454545454545454,True,2022-07,1,2311,1
AA,CLT,ILM,2022,7,1235,31,19,1.0,frozenset({1999}),1999,0.6129032258064516,True,2022-07,1,2312,1
AA,CLT,IAD,2022,7,1230,31,17,1.0,frozenset({2741}),2741,0.5483870967741935,True,2022-07,1,2313,1
OO,JLN,DEN,2022,7,1015,30,16,1.0,frozenset({5070}),5070,0.5333333333333333,True,2022-07,1,2314,1
AA,CLT,GRR,2022,7,1166,31,16,4.0,frozenset({2686}),2686,0.5161290322580645,True,2022-07,1,2315,1
AA,CLT,EWR,2022,7,1244,31,18,4.0,frozenset({2794}),2794,0.5806451612903226,True,2022-07,1,2316,1
AA,CLT,EWR,2022,7,1143,31,21,2.0,frozenset({484}),484,0.6774193548387096,True,2022-07,3,1346,3
AA,CLT,EWR,2022,7,1002,31,16,4.0,frozenset({1373}),1373,0.5161290322580645,True,2022-07,1,2317,1
OO,LBF,DEN,2022,7,1089,21,13,3.0,"frozenset({5040, 5053})",5040,0.6190476190476191,True,2022-07,1,2318,1
AA,CLT,DFW,2022,7,1210,31,19,1.0,frozenset({2602}),2602,0.6129032258064516,True,2022-07,2,1606,2
AA,CLT,JFK,2022,7,1209,31,18,1.0,frozenset({1727}),1727,0.5806451612903226,True,2022-07,1,2319,1
OO,TUL,DEN,2022,7,1015,31,17,1.0,frozenset({5405}),5405,0.5483870967741935,True,2022-07,1,2320,1
OO,OKC,ORD,2022,7,454,31,17,1.0,frozenset({5364}),5364,0.5483870967741935,True,2022-07,1,2321,1
OH,ORF,CLT,2022,7,1214,17,10,1.0,frozenset({5214}),5214,0.5882352941176471,True,2022-07,1,2322,1
AA,CLT,BOS,2022,7,1245,31,16,2.0,frozenset({1843}),1843,0.5161290322580645,True,2022-07,2,1626,2
AA,CLT,BWI,2022,7,1300,22,12,2.0,frozenset({2037}),2037,0.5454545454545454,True,2022-07,2,1630,2
AA,CLT,OKC,2022,7,1170,31,16,0.0,frozenset({768}),768,0.5161290322580645,True,2022-07,1,2323,1
AA,CLT,MSP,2022,7,1345,22,12,1.0,frozenset({2041}),2041,0.5454545454545454,True,2022-07,1,2324,1
AA,CLT,BWI,2022,7,1357,22,12,2.0,frozenset({2799}),2799,0.5454545454545454,True,2022-07,2,1632,2
AA,CLT,CHS,2022,7,1245,31,19,0.0,frozenset({2354}),2354,0.6129032258064516,True,2022-07,1,2325,1
AA,CLT,MSN,2022,7,1231,31,22,0.0,frozenset({1217}),1217,0.7096774193548387,True,2022-07,1,2326,1
AA,CLT,MEM,2022,7,1036,23,13,1.0,frozenset({2552}),2552,0.5652173913043478,True,2022-07,1,2327,1
AA,CLT,CMH,2022,7,1236,31,18,0.0,frozenset({788}),788,0.5806451612903226,True,2022-07,1,2328,1
AA,CLT,MCO,2022,7,1343,22,12,1.0,frozenset({2092}),2092,0.5454545454545454,True,2022-07,1,2329,1
AA,CLT,LIT,2022,7,1235,31,18,3.0,frozenset({1780}),1780,0.5806451612903226,True,2022-07,2,1600,2
OO,GJT,DEN,2022,7,917,31,16,0.0,frozenset({4759}),4759,0.5161290322580645,True,2022-07,1,2330,1
OO,GUC,DEN,2022,7,921,31,17,2.0,frozenset({4737}),4737,0.5483870967741935,True,2022-07,1,2331,1
OO,HPN,ATL,2022,7,1136,18,10,1.0,frozenset({3948}),3948,0.5555555555555556,True,2022-07,1,2332,1
AA,CLT,LGA,2022,7,1250,31,18,5.0,frozenset({1942}),1942,0.5806451612903226,True,2022-07,2,1599,2
AA,CLT,DCA,2022,7,1209,31,16,1.0,frozenset({545}),545,0.5161290322580645,True,2022-07,1,2333,1
AA,DFW,ATL,2022,7,899,31,17,0.0,frozenset({1051}),1051,0.5483870967741935,True,2022-07,1,2334,1
AA,CLT,DTW,2022,7,1165,31,16,2.0,frozenset({1297}),1297,0.5161290322580645,True,2022-07,1,2335,2
9E,PHL,BOS,2022,7,1085,20,11,3.0,frozenset({4945}),4945,0.55,True,2022-07,1,2336,1
9E,BOS,RIC,2022,7,1245,21,11,2.0,frozenset({5354}),5354,0.5238095238095238,True,2022-07,1,2337,1
UA,DEN,FLL,2022,7,1055,31,17,1.0,frozenset({501}),501,0.5483870967741935,True,2022-07,1,2338,1
AA,DFW,SLC,2022,7,1040,31,17,0.0,frozenset({1456}),1456,0.5483870967741935,True,2022-07,1,2339,1
AA,DFW,SFO,2022,7,951,31,17,0.0,frozenset({1742}),1742,0.5483870967741935,True,2022-07,1,2340,1
9E,CLT,JFK,2022,7,950,31,16,4.0,frozenset({4715}),4715,0.5161290322580645,True,2022-07,1,2341,1
9E,CHO,LGA,2022,7,1121,26,14,5.0,frozenset({4850}),4850,0.5384615384615384,True,2022-07,1,2342,1
AA,DFW,DEN,2022,7,1365,22,12,1.0,frozenset({662}),662,0.5454545454545454,True,2022-07,1,2343,1
AA,DFW,RSW,2022,7,900,23,12,0.0,frozenset({2736}),2736,0.5217391304347826,True,2022-07,1,2344,1
AA,DFW,CMH,2022,7,1050,18,11,0.0,frozenset({641}),641,0.6111111111111112,True,2022-07,1,2345,2
AA,DFW,MSP,2022,7,1260,22,12,0.0,frozenset({2806}),2806,0.5454545454545454,True,2022-07,1,2346,1
OO,ATL,SGF,2022,7,946,21,11,1.0,frozenset({4116}),4116,0.5238095238095238,True,2022-07,1,2347,1
UA,DEN,ATL,2022,7,1070,31,20,1.0,frozenset({1596}),1596,0.6451612903225806,True,2022-07,1,2348,1
9E,RDU,EWR,2022,7,1025,20,13,5.0,frozenset({5505}),5505,0.65,True,2022-07,1,2349,1
AA,DFW,CHS,2022,7,1188,31,19,3.0,frozenset({1422}),1422,0.6129032258064516,True,2022-07,1,2350,2
UA,DEN,BDL,2022,7,1075,31,17,0.0,frozenset({1887}),1887,0.5483870967741935,True,2022-07,1,2351,1
OO,AMA,DEN,2022,7,986,23,12,0.0,frozenset({4633}),4633,0.5217391304347826,True,2022-07,1,2352,1
9E,RDU,JFK,2022,7,1105,21,11,6.0,frozenset({4882}),4882,0.5238095238095238,True,2022-07,1,2353,1
UA,DEN,ICT,2022,7,1068,31,20,1.0,frozenset({1630}),1630,0.6451612903225806,True,2022-07,1,2354,1
OH,RDU,DCA,2022,7,1200,24,18,2.0,frozenset({5529}),5529,0.75,True,2022-07,1,2355,2
9E,AVL,LGA,2022,7,1199,26,14,6.0,frozenset({4856}),4856,0.5384615384615384,True,2022-07,1,2356,1
9E,SAV,LGA,2022,7,1100,28,15,4.0,"frozenset({4664, 4727})",4664,0.5357142857142857,True,2022-07,1,2357,1
AA,EWR,CLT,2022,7,1170,22,12,3.0,frozenset({1373}),1373,0.5454545454545454,True,2022-07,1,2358,1
9E,LGA,PWM,2022,7,1050,12,9,9.0,frozenset({5361}),5361,0.75,True,2022-07,1,2359,1
AA,DFW,ELP,2022,7,1130,31,17,1.0,frozenset({555}),555,0.5483870967741935,True,2022-07,2,1667,2
UA,DEN,JAX,2022,7,1050,31,18,0.0,frozenset({1081}),1081,0.5806451612903226,True,2022-07,1,2360,1
9E,EWR,CVG,2022,7,1180,20,12,5.0,frozenset({5092}),5092,0.6,True,2022-07,1,2361,1
WN,MCO,BDL,2022,8,1225,31,16,1.0,"frozenset({4785, 2876})",2876,0.5161290322580645,True,2022-08,3,1822,3
B6,JFK,JAX,2022,8,950,31,16,0.0,frozenset({1677}),1677,0.5161290322580645,True,2022-08,2,2266,2
B6,SRQ,JFK,2022,8,1030,31,17,0.0,frozenset({164}),164,0.5483870967741935,True,2022-08,3,1508,3
B6,JFK,JAX,2022,8,1229,31,19,5.0,frozenset({1277}),1277,0.6129032258064516,True,2022-08,3,1829,3
YX,SDF,LGA,2022,8,975,22,12,6.0,frozenset({5764}),5764,0.5454545454545454,True,2022-08,1,2362,1
AA,CLT,BWI,2022,8,1147,31,16,1.0,frozenset({1318}),1318,0.5161290322580645,True,2022-08,1,2363,1
WN,DEN,SDF,2022,8,1225,27,15,2.0,frozenset({205}),205,0.5555555555555556,True,2022-08,1,2364,1
WN,MCO,BWI,2022,8,1205,27,14,1.0,frozenset({178}),178,0.5185185185185185,True,2022-08,1,2365,1
WN,MCO,AUS,2022,8,965,27,14,0.0,frozenset({899}),899,0.5185185185185185,True,2022-08,1,2366,1
WN,LAX,LAS,2022,8,1025,27,15,2.0,frozenset({1063}),1063,0.5555555555555556,True,2022-08,3,1775,3
WN,LAX,OAK,2022,8,1170,27,15,1.0,frozenset({1760}),1760,0.5555555555555556,True,2022-08,1,2367,1
9E,CLT,JFK,2022,8,1085,27,14,7.0,frozenset({5257}),5257,0.5185185185185185,True,2022-08,1,2368,1
YX,LGA,ATL,2022,8,1049,13,7,2.0,frozenset({4885}),4885,0.5384615384615384,True,2022-08,1,2369,1
WN,LGA,DAL,2022,8,985,27,19,1.0,frozenset({1736}),1736,0.7037037037037037,True,2022-08,1,2370,1
B6,JFK,MIA,2022,8,1270,30,17,4.0,frozenset({2193}),2193,0.5666666666666667,True,2022-08,3,1782,3
WN,LGA,MDW,2022,8,1010,27,15,6.0,frozenset({1669}),1669,0.5555555555555556,True,2022-08,2,2004,2
WN,LGA,MDW,2022,8,1135,27,14,7.0,frozenset({2689}),2689,0.5185185185185185,True,2022-08,1,2371,1
WN,LGA,BWI,2022,8,1040,27,14,6.0,frozenset({766}),766,0.5185185185185185,True,2022-08,1,2372,1
WN,LGA,ATL,2022,8,1075,27,14,3.0,frozenset({716}),716,0.5185185185185185,True,2022-08,1,2373,1
WN,LGA,MDW,2022,8,1280,31,17,2.0,"frozenset({2002, 4253})",2002,0.5483870967741935,True,2022-08,1,2374,1
AA,CLT,BDL,2022,8,1201,29,15,1.0,frozenset({657}),657,0.5172413793103449,True,2022-08,3,1623,3
DL,ATL,BOS,2022,8,915,31,16,0.0,frozenset({422}),422,0.5161290322580645,True,2022-08,1,2375,1
WN,LGB,PHX,2022,8,980,27,24,3.0,frozenset({5741}),5741,0.8888888888888888,True,2022-08,2,2005,2
WN,LAX,SJC,2022,8,1300,27,18,0.0,frozenset({335}),335,0.6666666666666666,True,2022-08,2,2003,2
B6,RSW,LGA,2022,8,1120,27,14,0.0,frozenset({2060}),2060,0.5185185185185185,True,2022-08,1,2376,3
B6,JFK,MCO,2022,8,1230,31,16,2.0,frozenset({1183}),1183,0.5161290322580645,True,2022-08,2,2265,3
B6,JFK,MCO,2022,8,1110,31,16,1.0,frozenset({283}),283,0.5161290322580645,True,2022-08,3,1805,3
B6,JFK,MCO,2022,8,952,31,17,3.0,frozenset({883}),883,0.5483870967741935,True,2022-08,2,2270,2
B6,JFK,MSY,2022,8,1290,31,23,0.0,frozenset({675}),675,0.7419354838709677,True,2022-08,3,1778,3
9E,CHS,LGA,2022,8,1048,27,14,4.0,frozenset({4704}),4704,0.5185185185185185,True,2022-08,1,2377,1
9E,SAV,LGA,2022,8,1050,23,13,3.0,frozenset({4802}),4802,0.5652173913043478,True,2022-08,1,2378,1
WN,MCO,DAL,2022,8,1230,31,17,0.0,"frozenset({3368, 565})",565,0.5483870967741935,True,2022-08,2,2010,2
WN,MDW,BDL,2022,8,1285,31,17,3.0,"frozenset({928, 547})",547,0.5483870967741935,True,2022-08,1,2379,1
WN,DEN,OMA,2022,8,1185,27,14,0.0,frozenset({166}),166,0.5185185185185185,True,2022-08,2,2129,2
B6,JAX,BOS,2022,8,1040,31,16,1.0,frozenset({10}),10,0.5161290322580645,True,2022-08,1,2380,1
YX,STL,EWR,2022,8,960,31,16,10.0,frozenset({3622}),3622,0.5161290322580645,True,2022-08,1,2381,1
DL,DFW,LGA,2022,8,930,21,11,1.0,frozenset({925}),925,0.5238095238095238,True,2022-08,1,2382,1
DL,JFK,DFW,2022,8,1105,31,16,1.0,frozenset({1426}),1426,0.5161290322580645,True,2022-08,1,2383,1
WN,MDW,BOS,2022,8,1250,27,14,1.0,frozenset({938}),938,0.5185185185185185,True,2022-08,1,2384,1
AA,CLT,DEN,2022,8,1050,15,8,1.0,frozenset({1636}),1636,0.5333333333333333,True,2022-08,2,2309,2
B6,FLL,RIC,2022,8,1250,31,16,0.0,frozenset({1146}),1146,0.5161290322580645,True,2022-08,1,2385,1
WN,MDW,BUF,2022,8,1195,27,14,3.0,frozenset({781}),781,0.5185185185185185,True,2022-08,1,2386,1
WN,MDW,BWI,2022,8,1060,27,14,5.0,frozenset({582}),582,0.5185185185185185,True,2022-08,1,2387,1
WN,DEN,MSP,2022,8,910,27,17,3.0,frozenset({390}),390,0.6296296296296297,True,2022-08,1,2388,1
WN,MDW,BWI,2022,8,1330,27,14,1.0,frozenset({1552}),1552,0.5185185185185185,True,2022-08,1,2389,1
WN,MDW,CLE,2022,8,1370,27,20,0.0,frozenset({2010}),2010,0.7407407407407407,True,2022-08,3,1726,3
B6,FLL,JFK,2022,8,1161,31,19,1.0,frozenset({2902}),2902,0.6129032258064516,True,2022-08,2,2246,2
B6,FLL,JFK,2022,8,1063,31,16,0.0,frozenset({2202}),2202,0.5161290322580645,True,2022-08,3,1734,3
WN,DEN,MDW,2022,8,1025,27,17,1.0,frozenset({1830}),1830,0.6296296296296297,True,2022-08,2,2102,2
WN,MDW,ALB,2022,8,1230,27,24,2.0,frozenset({2663}),2663,0.8888888888888888,True,2022-08,3,1821,3
B6,JFK,CHS,2022,8,1320,31,20,4.0,frozenset({2773}),2773,0.6451612903225806,True,2022-08,3,1824,3
DL,BOS,MCO,2022,8,1220,31,17,0.0,frozenset({1400}),1400,0.5483870967741935,True,2022-08,1,2390,1
DL,BOS,CVG,2022,8,1190,27,16,1.0,frozenset({952}),952,0.5925925925925926,True,2022-08,1,2391,1
WN,DEN,RDU,2022,8,1140,27,17,1.0,frozenset({371}),371,0.6296296296296297,True,2022-08,2,2133,2
WN,MCO,DCA,2022,8,1180,27,17,1.0,frozenset({1159}),1159,0.6296296296296297,True,2022-08,1,2392,1
AA,CLT,CLE,2022,8,1132,15,8,1.0,frozenset({1043}),1043,0.5333333333333333,True,2022-08,1,2393,1
WN,MCO,ISP,2022,8,1220,31,19,1.0,"frozenset({3624, 103})",103,0.6129032258064516,True,2022-08,2,2011,2
WN,MCO,MCI,2022,8,1255,27,18,1.0,frozenset({2722}),2722,0.6666666666666666,True,2022-08,1,2394,1
B6,JFK,BOS,2022,8,1110,31,16,2.0,frozenset({1030}),1030,0.5161290322580645,True,2022-08,1,2395,1
YX,LGA,DCA,2022,8,1140,27,14,4.0,frozenset({5821}),5821,0.5185185185185185,True,2022-08,1,2396,1
WN,MCO,MDW,2022,8,1135,31,16,2.0,frozenset({4780}),4780,0.5161290322580645,True,2022-08,2,1992,2
WN,DEN,PIT,2022,8,1245,31,16,0.0,"frozenset({2818, 4157})",2818,0.5161290322580645,True,2022-08,1,2397,1
WN,DEN,PHX,2022,8,1080,31,16,2.0,"frozenset({2294, 2566})",2566,0.5161290322580645,True,2022-08,1,2398,1
WN,MCO,MDW,2022,8,1375,31,18,4.0,"frozenset({1732, 174})",174,0.5806451612903226,True,2022-08,2,2012,2
B6,JFK,AUS,2022,8,835,27,17,3.0,frozenset({295}),295,0.6296296296296297,True,2022-08,1,2399,1
WN,MCO,PIT,2022,8,1305,27,16,1.0,frozenset({2429}),2429,0.5925925925925926,True,2022-08,1,2400,1
B6,JFK,ATL,2022,8,1260,26,15,2.0,frozenset({919}),919,0.5769230769230769,True,2022-08,3,1816,3
B6,JFK,ATL,2022,8,974,31,21,0.0,frozenset({1719}),1719,0.6774193548387096,True,2022-08,2,2268,2
WN,MCO,SJU,2022,8,1300,31,20,0.0,"frozenset({1701, 2599})",1701,0.6451612903225806,True,2022-08,3,1814,3
DL,BOS,ATL,2022,8,1035,31,16,0.0,"frozenset({504, 1644})",1644,0.5161290322580645,True,2022-08,1,2401,1
DL,BOS,DTW,2022,8,1210,23,13,0.0,frozenset({2401}),2401,0.5652173913043478,True,2022-08,1,2402,1
B6,JFK,RDU,2022,8,1015,31,17,1.0,frozenset({1185}),1185,0.5483870967741935,True,2022-08,2,2263,2
WN,LAS,SMF,2022,8,1110,27,14,2.0,frozenset({1516}),1516,0.5185185185185185,True,2022-08,2,1998,2
B6,JFK,RDU,2022,8,1319,31,23,3.0,frozenset({2585}),2585,0.7419354838709677,True,2022-08,3,1776,5
B6,MCO,BOS,2022,8,992,31,20,1.0,frozenset({2252}),2252,0.6451612903225806,True,2022-08,1,2403,1
AA,BHM,DFW,2022,8,1060,27,14,1.0,frozenset({1168}),1168,0.5185185185185185,True,2022-08,1,2404,1
WN,LAS,LAX,2022,8,1065,27,14,1.0,frozenset({1760}),1760,0.5185185185185185,True,2022-08,1,2405,1
WN,LAS,LAX,2022,8,1375,31,16,2.0,"frozenset({1595, 3767})",1595,0.5161290322580645,True,2022-08,2,2111,2
B6,MCO,BDL,2022,8,918,31,16,0.0,frozenset({438}),438,0.5161290322580645,True,2022-08,1,2406,1
WN,IAH,BNA,2022,8,1105,27,15,0.0,frozenset({459}),459,0.5555555555555556,True,2022-08,1,2407,1
AA,BTV,ORD,2022,8,1070,16,9,1.0,frozenset({520}),520,0.5625,True,2022-08,1,2408,1
WN,LAS,MCI,2022,8,1265,31,18,0.0,"frozenset({1945, 437})",437,0.5806451612903226,True,2022-08,3,1712,3
B6,LGA,SAV,2022,8,1229,26,14,3.0,frozenset({1747}),1747,0.5384615384615384,True,2022-08,1,2409,2
WN,HOU,STL,2022,8,1315,31,18,3.0,"frozenset({595, 2639})",595,0.5806451612903226,True,2022-08,1,2410,1
B6,LGA,PBI,2022,8,913,31,16,0.0,frozenset({761}),761,0.5161290322580645,True,2022-08,1,2411,1
AA,BWI,ORD,2022,8,1026,13,7,3.0,frozenset({1428}),1428,0.5384615384615384,True,2022-08,1,2412,1
WN,LAS,MDW,2022,8,855,27,17,0.0,frozenset({2663}),2663,0.6296296296296297,True,2022-08,3,1735,3
B6,MIA,BOS,2022,8,1122,27,14,1.0,frozenset({1720}),1720,0.5185185185185185,True,2022-08,1,2413,1
WN,LAS,MDW,2022,8,1155,31,18,2.0,"frozenset({3309, 1063})",1063,0.5806451612903226,True,2022-08,3,1729,3
WN,LAS,MDW,2022,8,1215,31,21,0.0,"frozenset({1932, 1076})",1932,0.6774193548387096,True,2022-08,2,2112,2
YX,MKE,EWR,2022,8,1041,31,18,11.0,frozenset({3618}),3618,0.5806451612903226,True,2022-08,1,2414,1
WN,LAS,MKE,2022,8,1110,27,19,1.0,frozenset({2958}),2958,0.7037037037037037,True,2022-08,2,2113,2
WN,LAS,MSY,2022,8,850,27,18,0.0,frozenset({1093}),1093,0.6666666666666666,True,2022-08,2,2114,2
WN,IND,BWI,2022,8,1205,27,16,2.0,frozenset({2569}),2569,0.5925925925925926,True,2022-08,1,2415,1
B6,LGA,JAX,2022,8,1290,27,17,1.0,frozenset({940}),940,0.6296296296296297,True,2022-08,2,2225,2
WN,LAS,HOU,2022,8,1255,31,16,2.0,"frozenset({1768, 953})",953,0.5161290322580645,True,2022-08,1,2416,1
AA,AUS,ORD,2022,8,1007,16,9,0.0,frozenset({1165}),1165,0.5625,True,2022-08,1,2417,1
WN,LAS,BWI,2022,8,815,27,18,3.0,frozenset({2320}),2320,0.6666666666666666,True,2022-08,1,2418,1
B6,MCO,JFK,2022,8,1317,31,21,0.0,frozenset({284}),284,0.6774193548387096,True,2022-08,5,823,6
B6,MCO,JFK,2022,8,1184,31,20,3.0,frozenset({884}),884,0.6451612903225806,True,2022-08,4,1436,4
B6,MCO,JFK,2022,8,1114,31,18,1.0,frozenset({384}),384,0.5806451612903226,True,2022-08,3,1962,3
YX,PIT,EWR,2022,8,1000,26,14,10.0,frozenset({3425}),3425,0.5384615384615384,True,2022-08,1,2419,1
9E,RIC,LGA,2022,8,995,11,6,2.0,frozenset({4990}),4990,0.5454545454545454,True,2022-08,1,2420,1
B6,MCO,LGA,2022,8,1079,31,19,0.0,frozenset({798}),798,0.6129032258064516,True,2022-08,5,809,6
AA,AUS,BOS,2022,8,550,13,7,2.0,frozenset({1413}),1413,0.5384615384615384,True,2022-08,1,2421,1
WN,LAS,ATL,2022,8,800,27,15,0.0,frozenset({779}),779,0.5555555555555556,True,2022-08,2,2145,2
B6,MCO,EWR,2022,8,1210,26,17,0.0,frozenset({828}),828,0.6538461538461539,True,2022-08,3,1909,3
B6,MCO,LGA,2022,8,1165,31,27,1.0,frozenset({998}),998,0.8709677419354839,True,2022-08,3,1864,4
B6,MCO,EWR,2022,8,915,27,14,1.0,frozenset({28}),28,0.5185185185185185,True,2022-08,1,2422,1
WN,LAS,DEN,2022,8,955,27,19,2.0,frozenset({2956}),2956,0.7037037037037037,True,2022-08,2,2104,2
B6,MCO,EWR,2022,8,780,15,8,2.0,frozenset({2128}),2128,0.5333333333333333,True,2022-08,1,2423,1
WN,LAS,ABQ,2022,8,890,27,15,0.0,frozenset({2989}),2989,0.5555555555555556,True,2022-08,1,2424,1
YX,ORF,EWR,2022,8,1095,28,16,10.0,frozenset({3718}),3718,0.5714285714285714,True,2022-08,1,2425,1
B6,MCO,DCA,2022,8,964,31,16,2.0,frozenset({2424}),2424,0.5161290322580645,True,2022-08,1,2426,1
WN,LAS,FAT,2022,8,1335,27,14,1.0,frozenset({1776}),1776,0.5185185185185185,True,2022-08,1,2427,1
B6,MCO,BQN,2022,8,856,31,19,0.0,frozenset({430}),430,0.6129032258064516,True,2022-08,2,2222,2
WN,JAX,BWI,2022,8,1170,31,16,5.0,"frozenset({138, 4675})",138,0.5161290322580645,True,2022-08,2,2142,2
AA,CHS,DFW,2022,8,1143,14,8,2.0,frozenset({1459}),1459,0.5714285714285714,True,2022-08,1,2428,1
WN,LAS,OAK,2022,8,995,27,14,3.0,frozenset({304}),304,0.5185185185185185,True,2022-08,1,2429,1
B6,MSY,LGA,2022,8,995,27,17,2.0,frozenset({1920}),1920,0.6296296296296297,True,2022-08,1,2430,1
WN,LAS,RNO,2022,8,1045,31,19,0.0,"frozenset({3916, 3119})",3119,0.6129032258064516,True,2022-08,1,2431,1
WN,LAS,RNO,2022,8,1375,27,15,2.0,frozenset({1950}),1950,0.5555555555555556,True,2022-08,2,2122,2
WN,LAS,SAN,2022,8,1095,27,16,2.0,frozenset({507}),507,0.5925925925925926,True,2022-08,1,2432,1
WN,LAS,SAT,2022,8,1000,27,15,0.0,frozenset({1769}),1769,0.5555555555555556,True,2022-08,2,2060,2
WN,ELP,AUS,2022,8,1275,27,15,1.0,frozenset({2527}),2527,0.5555555555555556,True,2022-08,1,2433,1
WN,DEN,TUS,2022,8,1375,27,14,1.0,frozenset({1824}),1824,0.5185185185185185,True,2022-08,1,2434,1
B6,LAS,BOS,2022,8,1290,24,14,0.0,frozenset({778}),778,0.5833333333333334,True,2022-08,1,2435,1
YX,LGA,RDU,2022,8,1265,13,8,4.0,frozenset({4742}),4742,0.6153846153846154,True,2022-08,2,2035,2
B6,JFK,SJU,2022,8,1349,31,21,1.0,frozenset({2103}),2103,0.6774193548387096,True,2022-08,3,1799,3
WN,DEN,TUL,2022,8,1190,27,15,0.0,frozenset({2956}),2956,0.5555555555555556,True,2022-08,2,2140,2
B6,JFK,SJU,2022,8,1019,31,19,0.0,frozenset({703}),703,0.6129032258064516,True,2022-08,1,2436,1
YX,RDU,JFK,2022,8,1230,31,16,4.0,"frozenset({4658, 4755})",4755,0.5161290322580645,True,2022-08,2,2036,2
WN,LAS,SLC,2022,8,1360,27,15,2.0,frozenset({323}),323,0.5555555555555556,True,2022-08,1,2437,1
AA,CLT,AUS,2022,8,1115,31,16,1.0,frozenset({2419}),2419,0.5161290322580645,True,2022-08,1,2438,1
YX,LGA,IND,2022,8,1139,27,15,6.0,"frozenset({4521, 4891})",4891,0.5555555555555556,True,2022-08,1,2439,1
B6,RSW,JFK,2022,8,1145,31,18,2.0,frozenset({1730}),1730,0.5806451612903226,True,2022-08,4,1443,4
WN,LAS,SMF,2022,8,1040,31,18,3.0,"frozenset({3646, 6503})",6503,0.5806451612903226,True,2022-08,2,1997,2
YX,LGA,DTW,2022,8,1200,13,8,3.0,frozenset({4598}),4598,0.6153846153846154,True,2022-08,1,2440,1
WN,LAS,SNA,2022,8,1095,27,14,6.0,frozenset({489}),489,0.5185185185185185,True,2022-08,1,2441,1
WN,LAS,RNO,2022,8,915,31,17,1.0,"frozenset({600, 1421})",600,0.5483870967741935,True,2022-08,1,2442,1
WN,LAS,RNO,2022,8,815,27,14,0.0,frozenset({761}),761,0.5185185185185185,True,2022-08,1,2443,1
B6,RNO,LAX,2022,8,1120,17,10,0.0,frozenset({943}),943,0.5882352941176471,True,2022-08,1,2444,1
B6,LGA,BNA,2022,8,1005,31,16,3.0,frozenset({2187}),2187,0.5161290322580645,True,2022-08,1,2445,1
WN,HOU,LAS,2022,8,1135,27,14,3.0,frozenset({43}),43,0.5185185185185185,True,2022-08,1,2446,1
WN,LAS,OAK,2022,8,1335,31,17,2.0,"frozenset({3417, 2103})",2103,0.5483870967741935,True,2022-08,1,2447,1
B6,ORD,BOS,2022,8,1199,31,17,4.0,frozenset({1012}),1012,0.5483870967741935,True,2022-08,1,2448,1
WN,LAS,OKC,2022,8,920,27,16,0.0,frozenset({179}),179,0.5925925925925926,True,2022-08,1,2449,1
WN,LAS,OMA,2022,8,1135,31,19,0.0,"frozenset({1249, 3385})",1249,0.6129032258064516,True,2022-08,2,2118,2
9E,ORF,LGA,2022,8,1040,27,15,3.0,frozenset({4795}),4795,0.5555555555555556,True,2022-08,1,2450,1
B6,PBI,BOS,2022,8,940,27,16,1.0,frozenset({2822}),2822,0.5925925925925926,True,2022-08,1,2451,1
B6,LGA,FLL,2022,8,1109,27,17,2.0,frozenset({471}),471,0.6296296296296297,True,2022-08,1,2452,1
WN,LAS,ORD,2022,8,580,31,16,1.0,"frozenset({3048, 3490})",3048,0.5161290322580645,True,2022-08,1,2453,1
WN,LAS,STL,2022,8,1190,27,14,1.0,frozenset({114}),114,0.5185185185185185,True,2022-08,2,2000,2
B6,LGA,FLL,2022,8,955,31,19,1.0,frozenset({371}),371,0.6129032258064516,True,2022-08,1,2454,1
9E,MKE,LGA,2022,8,885,27,15,6.0,frozenset({4780}),4780,0.5555555555555556,True,2022-08,1,2455,1
B6,PBI,LGA,2022,8,1145,31,18,1.0,frozenset({1262}),1262,0.5806451612903226,True,2022-08,3,1873,3
WN,LAS,PDX,2022,8,1315,27,15,2.0,frozenset({230}),230,0.5555555555555556,True,2022-08,1,2456,1
B6,PHX,JFK,2022,8,1270,31,18,1.0,frozenset({136}),136,0.5806451612903226,True,2022-08,1,2457,1
9E,LGA,SAV,2022,8,1080,14,8,4.0,frozenset({5030}),5030,0.5714285714285714,True,2022-08,1,2458,1
WN,LAS,PHX,2022,8,845,27,15,1.0,frozenset({2601}),2601,0.5555555555555556,True,2022-08,1,2459,1
B6,RDU,JFK,2022,8,1175,31,21,4.0,frozenset({386}),386,0.6774193548387096,True,2022-08,3,1566,3
WN,LAS,PHX,2022,8,1075,27,18,2.0,frozenset({334}),334,0.6666666666666666,True,2022-08,1,2460,1
WN,ELP,LAS,2022,8,1025,27,15,1.0,frozenset({1516}),1516,0.5555555555555556,True,2022-08,2,1979,2
B6,PBI,EWR,2022,8,1115,31,16,0.0,frozenset({1244}),1244,0.5161290322580645,True,2022-08,1,2461,1
B6,LGA,FLL,2022,8,1260,27,16,3.0,frozenset({571}),571,0.5925925925925926,True,2022-08,2,2226,3
YX,BGR,EWR,2022,8,1151,31,16,10.0,frozenset({3421}),3421,0.5161290322580645,True,2022-08,1,2462,1
B6,FLL,EWR,2022,8,925,27,14,3.0,frozenset({606}),606,0.5185185185185185,True,2022-08,1,2463,1
WN,SMF,BUR,2022,8,1205,31,17,6.0,"frozenset({1169, 1757})",1757,0.5483870967741935,True,2022-08,1,2464,1
AA,DEN,PHX,2022,8,1125,23,12,0.0,frozenset({1329}),1329,0.5217391304347826,True,2022-08,2,2289,2
AA,ORD,BWI,2022,8,810,13,7,3.0,frozenset({1428}),1428,0.5384615384615384,True,2022-08,1,2465,1
WN,SMF,LAS,2022,8,1155,27,16,3.0,frozenset({6504}),6504,0.5925925925925926,True,2022-08,2,2020,2
WN,SMF,ONT,2022,8,1240,27,14,0.0,frozenset({1517}),1517,0.5185185185185185,True,2022-08,2,2021,2
WN,SNA,AUS,2022,8,865,27,16,0.0,frozenset({784}),784,0.5925925925925926,True,2022-08,1,2466,1
WN,SNA,BNA,2022,8,825,27,14,0.0,frozenset({1631}),1631,0.5185185185185185,True,2022-08,1,2467,1
AA,ORD,BOS,2022,8,1044,28,15,2.0,frozenset({777}),777,0.5357142857142857,True,2022-08,1,2468,1
WN,SNA,DEN,2022,8,940,27,16,2.0,frozenset({2964}),2964,0.5925925925925926,True,2022-08,1,2469,1
YX,EWR,GSP,2022,8,1258,27,15,9.0,frozenset({3590}),3590,0.5555555555555556,True,2022-08,1,2470,1
WN,SNA,LAS,2022,8,865,27,14,2.0,frozenset({278}),278,0.5185185185185185,True,2022-08,2,2022,2
WN,SNA,LAS,2022,8,990,27,16,1.0,frozenset({2605}),2605,0.5925925925925926,True,2022-08,2,2023,2
WN,SNA,OAK,2022,8,1050,27,14,0.0,frozenset({1494}),1494,0.5185185185185185,True,2022-08,2,2024,2
WN,SRQ,BWI,2022,8,1150,27,16,5.0,frozenset({2805}),2805,0.5925925925925926,True,2022-08,1,2471,1
WN,STL,BWI,2022,8,1240,27,14,0.0,frozenset({1087}),1087,0.5185185185185185,True,2022-08,1,2472,1
AA,DFW,BUF,2022,8,1180,15,8,2.0,frozenset({1050}),1050,0.5333333333333333,True,2022-08,1,2473,1
WN,STL,CLE,2022,8,1245,27,15,3.0,frozenset({2109}),2109,0.5555555555555556,True,2022-08,1,2474,1
AA,MIA,LGA,2022,8,960,31,18,2.0,frozenset({1462}),1462,0.5806451612903226,True,2022-08,1,2475,1
AA,MIA,LGA,2022,8,874,15,8,2.0,frozenset({1457}),1457,0.5333333333333333,True,2022-08,1,2476,1
WN,STL,DAL,2022,8,1180,27,15,1.0,frozenset({1704}),1704,0.5555555555555556,True,2022-08,1,2477,1
WN,STL,DAL,2022,8,1315,31,16,1.0,"frozenset({2068, 4374})",2068,0.5161290322580645,True,2022-08,1,2478,1
WN,SLC,DEN,2022,8,1350,27,14,0.0,frozenset({1382}),1382,0.5185185185185185,True,2022-08,1,2479,1
WN,SLC,DEN,2022,8,1015,31,19,4.0,"frozenset({3339, 2093})",2093,0.6129032258064516,True,2022-08,2,2017,2
AA,ORD,DFW,2022,8,1125,31,18,3.0,frozenset({1559}),1559,0.5806451612903226,True,2022-08,1,2480,1
AA,ORD,EWR,2022,8,971,31,21,6.0,frozenset({2276}),2276,0.6774193548387096,True,2022-08,3,1881,3
WN,SAN,LAS,2022,8,985,27,14,0.0,frozenset({1771}),1771,0.5185185185185185,True,2022-08,1,2481,1
AA,ORD,PWM,2022,8,1024,16,9,1.0,frozenset({567}),567,0.5625,True,2022-08,1,2482,1
WN,SAN,MDW,2022,8,975,27,15,0.0,frozenset({2010}),2010,0.5555555555555556,True,2022-08,1,2483,1
WN,SAN,MDW,2022,8,1190,27,17,0.0,frozenset({2620}),2620,0.6296296296296297,True,2022-08,2,2040,2
WN,SAN,OAK,2022,8,1105,27,17,1.0,frozenset({1835}),1835,0.6296296296296297,True,2022-08,1,2484,1
AA,ORD,PVD,2022,8,1234,31,16,5.0,frozenset({1711}),1711,0.5161290322580645,True,2022-08,1,2485,1
WN,SAN,SJC,2022,8,1200,31,17,0.0,"frozenset({673, 507})",507,0.5483870967741935,True,2022-08,1,2486,1
WN,SBA,LAS,2022,8,845,27,14,1.0,frozenset({2145}),2145,0.5185185185185185,True,2022-08,1,2487,1
AA,ORD,PHL,2022,8,1075,31,18,4.0,frozenset({1359}),1359,0.5806451612903226,True,2022-08,2,2166,2
WN,SEA,DEN,2022,8,1290,27,14,1.0,frozenset({2606}),2606,0.5185185185185185,True,2022-08,1,2488,1
WN,STL,MCI,2022,8,1320,31,16,0.0,"frozenset({3194, 1795})",1795,0.5161290322580645,True,2022-08,1,2489,1
AA,DCA,BOS,2022,8,1080,25,13,4.0,frozenset({2148}),2148,0.52,True,2022-08,1,2490,1
AA,ORD,LGA,2022,8,1050,29,15,6.0,frozenset({562}),562,0.5172413793103449,True,2022-08,1,2491,1
WN,SFO,LAS,2022,8,945,31,19,4.0,"frozenset({4133, 334})",334,0.6129032258064516,True,2022-08,1,2492,1
AA,ORD,LGA,2022,8,990,27,17,7.0,frozenset({325}),325,0.6296296296296297,True,2022-08,1,2493,1
AA,ORD,LGA,2022,8,930,29,19,6.0,frozenset({2566}),2566,0.6551724137931034,True,2022-08,2,2170,2
AA,ORD,LGA,2022,8,870,29,16,7.0,"frozenset({2288, 2370})",2370,0.5517241379310345,True,2022-08,1,2494,1
AA,ORD,JFK,2022,8,1125,16,10,3.0,frozenset({2518}),2518,0.625,True,2022-08,2,2187,2
AA,DCA,LGA,2022,8,1020,27,18,3.0,frozenset({2103}),2103,0.6666666666666666,True,2022-08,2,2294,2
WN,SJC,ONT,2022,8,1255,27,15,0.0,frozenset({645}),645,0.5555555555555556,True,2022-08,1,2495,1
WN,SJC,PHX,2022,8,950,31,16,2.0,frozenset({2540}),2540,0.5161290322580645,True,2022-08,1,2496,1
AA,ORD,EWR,2022,8,1076,28,16,5.0,frozenset({552}),552,0.5714285714285714,True,2022-08,1,2497,1
AA,DCA,DFW,2022,8,1139,31,16,3.0,"frozenset({1514, 1158})",1158,0.5161290322580645,True,2022-08,1,2498,1
WN,SAN,LAS,2022,8,925,27,15,0.0,frozenset({6503}),6503,0.5555555555555556,True,2022-08,2,2057,2
WN,STL,MCO,2022,8,985,31,17,0.0,"frozenset({1288, 102})",102,0.5483870967741935,True,2022-08,1,2499,1
YX,EWR,GRR,2022,8,1229,31,16,11.0,frozenset({3596}),3596,0.5161290322580645,True,2022-08,1,2500,1
AA,DFW,OMA,2022,8,1270,31,22,4.0,frozenset({2628}),2628,0.7096774193548387,True,2022-08,1,2501,1
YV,DFW,SDF,2022,8,1111,31,17,4.0,frozenset({5759}),5759,0.5483870967741935,True,2022-08,1,2502,1
YV,DFW,SDF,2022,8,1240,29,15,2.0,frozenset({5710}),5710,0.5172413793103449,True,2022-08,1,2503,1
YV,ECP,DFW,2022,8,932,31,19,0.0,frozenset({5775}),5775,0.6129032258064516,True,2022-08,1,2504,1
AA,DFW,RNO,2022,8,1255,15,8,2.0,frozenset({1273}),1273,0.5333333333333333,True,2022-08,1,2505,1
YX,DCA,BOS,2022,8,1130,27,14,4.0,frozenset({5813}),5813,0.5185185185185185,True,2022-08,1,2506,1
YX,CMH,EWR,2022,8,1082,31,18,9.0,frozenset({3467}),3467,0.5806451612903226,True,2022-08,1,2507,1
AA,DFW,SAV,2022,8,1155,31,16,1.0,frozenset({330}),330,0.5161290322580645,True,2022-08,1,2508,1
YV,HOU,DFW,2022,8,1220,19,11,4.0,frozenset({5825}),5825,0.5789473684210527,True,2022-08,1,2509,1
AA,JFK,LAX,2022,8,1125,15,8,0.0,frozenset({302}),302,0.5333333333333333,True,2022-08,1,2510,1
YX,CLE,EWR,2022,8,1042,27,16,8.0,frozenset({3444}),3444,0.5925925925925926,True,2022-08,1,2511,1
AA,DFW,TPA,2022,8,1050,15,8,1.0,frozenset({2401}),2401,0.5333333333333333,True,2022-08,1,2512,1
AA,JAX,CLT,2022,8,1154,16,10,1.0,frozenset({1594}),1594,0.625,True,2022-08,1,2513,1
YX,BOS,ORD,2022,8,1240,27,14,3.0,frozenset({5679}),5679,0.5185185185185185,True,2022-08,1,2514,1
YV,MAF,DFW,2022,8,1224,21,12,3.0,frozenset({5738}),5738,0.5714285714285714,True,2022-08,1,2515,1
YV,MEM,DFW,2022,8,910,16,9,4.0,frozenset({5880}),5880,0.5625,True,2022-08,1,2516,1
YX,BOS,EWR,2022,8,1184,31,16,9.0,frozenset({3404}),3404,0.5161290322580645,True,2022-08,1,2517,1
YX,BNA,EWR,2022,8,1055,31,16,9.0,frozenset({3559}),3559,0.5161290322580645,True,2022-08,1,2518,1
YV,MGM,DFW,2022,8,967,28,15,0.0,frozenset({5846}),5846,0.5357142857142857,True,2022-08,1,2519,1
AA,JAX,CLT,2022,8,1070,29,15,0.0,frozenset({1522}),1522,0.5172413793103449,True,2022-08,1,2520,1
AA,EWR,ORD,2022,8,1185,31,17,8.0,frozenset({2632}),2632,0.5483870967741935,True,2022-08,1,2521,1
YX,EWR,AVL,2022,8,1310,27,15,11.0,frozenset({3512}),3512,0.5555555555555556,True,2022-08,1,2522,1
YV,DFW,MGM,2022,8,1265,14,8,2.0,frozenset({5869}),5869,0.5714285714285714,True,2022-08,1,2523,1
YV,DFW,MAF,2022,8,1114,21,12,3.0,frozenset({5738}),5738,0.5714285714285714,True,2022-08,1,2524,1
YV,DFW,HOU,2022,8,1345,16,9,2.0,frozenset({5723}),5723,0.5625,True,2022-08,2,2026,2
WN,STL,OMA,2022,8,1360,27,15,1.0,frozenset({2797}),2797,0.5555555555555556,True,2022-08,2,2025,2
AA,MCO,ORD,2022,8,989,15,8,1.0,frozenset({1708}),1708,0.5333333333333333,True,2022-08,1,2525,1
AA,MCO,LAX,2022,8,1133,16,9,2.0,frozenset({2512}),2512,0.5625,True,2022-08,1,2526,1
AA,MCO,DCA,2022,8,1092,29,16,1.0,frozenset({2503}),2503,0.5517241379310345,True,2022-08,3,1568,3
AA,MCO,DCA,2022,8,951,31,18,2.0,frozenset({2509}),2509,0.5806451612903226,True,2022-08,1,2527,1
WN,TPA,BWI,2022,8,1225,27,15,3.0,frozenset({1557}),1557,0.5555555555555556,True,2022-08,1,2528,1
AA,DFW,CHS,2022,8,1130,16,9,1.0,frozenset({1422}),1422,0.5625,True,2022-08,2,2350,2
AA,DFW,CLT,2022,8,1249,19,12,2.0,frozenset({2561}),2561,0.631578947368421,True,2022-08,1,2529,1
AA,LGA,ORD,2022,8,1170,29,15,7.0,frozenset({2566}),2566,0.5172413793103449,True,2022-08,3,1562,3
AA,LGA,ORD,2022,8,1110,27,17,10.0,frozenset({359}),359,0.6296296296296297,True,2022-08,1,2530,1
AA,MFE,DFW,2022,8,1165,16,9,2.0,frozenset({985}),985,0.5625,True,2022-08,1,2531,1
AA,DFW,CMH,2022,8,1050,27,14,2.0,frozenset({641}),641,0.5185185185185185,True,2022-08,2,2345,2
WN,TPA,SJU,2022,8,1200,27,15,1.0,frozenset({2427}),2427,0.5555555555555556,True,2022-08,1,2532,1
AA,DFW,DTW,2022,8,1125,31,16,5.0,frozenset({2753}),2753,0.5161290322580645,True,2022-08,1,2533,1
YX,EWR,CLT,2022,8,1146,27,14,11.0,frozenset({3549}),3549,0.5185185185185185,True,2022-08,1,2534,1
YV,BFL,DFW,2022,8,738,13,7,0.0,frozenset({5819}),5819,0.5384615384615384,True,2022-08,1,2535,1
YV,DFW,CRP,2022,8,995,13,7,0.0,frozenset({5791}),5791,0.5384615384615384,True,2022-08,1,2536,1
AA,DFW,FLL,2022,8,1240,19,10,1.0,frozenset({934}),934,0.5263157894736842,True,2022-08,1,2537,1
AA,DFW,ICT,2022,8,1305,13,7,3.0,frozenset({2863}),2863,0.5384615384615384,True,2022-08,1,2538,1
YX,EWR,BUF,2022,8,1259,31,19,12.0,frozenset({3413}),3413,0.6129032258064516,True,2022-08,1,2539,1
AA,DFW,MFE,2022,8,1035,16,9,1.0,frozenset({985}),985,0.5625,True,2022-08,1,2540,1
YV,DFW,HOU,2022,8,1116,21,11,4.0,frozenset({5825}),5825,0.5238095238095238,True,2022-08,1,2541,1
AA,DFW,DSM,2022,8,1260,31,16,3.0,frozenset({1371}),1371,0.5161290322580645,True,2022-08,1,2542,1
YX,GSO,LGA,2022,8,1123,27,16,5.0,frozenset({4711}),4711,0.5925925925925926,True,2022-08,2,2031,2
WN,SAN,DAL,2022,8,1090,31,17,0.0,"frozenset({2226, 3741})",2226,0.5483870967741935,True,2022-08,2,2056,2
WN,RNO,OAK,2022,8,1030,27,14,0.0,frozenset({600}),600,0.5185185185185185,True,2022-08,1,2543,1
WN,MDW,MCO,2022,8,1240,27,16,5.0,frozenset({5301}),5301,0.5925925925925926,True,2022-08,1,2544,1
B6,BOS,ORD,2022,8,1030,31,17,4.0,frozenset({811}),811,0.5483870967741935,True,2022-08,1,2545,1
WN,MDW,MEM,2022,8,1360,27,15,1.0,frozenset({2470}),2470,0.5555555555555556,True,2022-08,1,2546,1
B6,BOS,MCO,2022,8,959,21,13,0.0,frozenset({1951}),1951,0.6190476190476191,True,2022-08,2,2178,2
WN,MDW,MSP,2022,8,1365,31,17,2.0,"frozenset({858, 4686})",858,0.5483870967741935,True,2022-08,1,2547,1
WN,MDW,MSY,2022,8,1135,27,14,0.0,frozenset({558}),558,0.5185185185185185,True,2022-08,1,2548,1
B6,BNA,LGA,2022,8,1150,31,16,4.0,frozenset({2188}),2188,0.5161290322580645,True,2022-08,1,2549,1
B6,BNA,LGA,2022,8,910,31,16,0.0,frozenset({2088}),2088,0.5161290322580645,True,2022-08,1,2550,1
B6,BNA,BOS,2022,8,975,22,13,1.0,frozenset({206}),206,0.5909090909090909,True,2022-08,1,2551,1
WN,MDW,OAK,2022,8,1325,27,17,0.0,frozenset({1767}),1767,0.6296296296296297,True,2022-08,3,1838,3
B6,BDL,MCO,2022,8,1141,31,20,0.0,frozenset({37}),37,0.6451612903225806,True,2022-08,1,2552,1
B6,ATL,JFK,2022,8,1173,31,25,2.0,frozenset({1320}),1320,0.8064516129032258,True,2022-08,3,1934,3
WN,MDW,OMA,2022,8,1375,27,15,2.0,frozenset({1645}),1645,0.5555555555555556,True,2022-08,1,2553,1
WN,MDW,PDX,2022,8,1280,27,15,0.0,frozenset({679}),679,0.5555555555555556,True,2022-08,3,1940,3
WN,MDW,PHL,2022,8,1240,27,14,2.0,frozenset({1841}),1841,0.5185185185185185,True,2022-08,1,2554,1
WN,MDW,PHX,2022,8,1170,31,21,3.0,"frozenset({3881, 2794})",2794,0.6774193548387096,True,2022-08,1,2555,1
WN,MDW,PHX,2022,8,1315,31,18,1.0,"frozenset({4576, 2942})",2942,0.5806451612903226,True,2022-08,2,1984,2
WN,MDW,PIT,2022,8,1285,31,21,4.0,"frozenset({1648, 3905})",1648,0.6774193548387096,True,2022-08,3,1915,3
WN,MDW,ROC,2022,8,1235,27,15,1.0,frozenset({1617}),1617,0.5555555555555556,True,2022-08,2,1986,2
WN,MDW,SDF,2022,8,1270,31,17,0.0,"frozenset({2290, 2070})",2290,0.5483870967741935,True,2022-08,2,1987,2
WN,MDW,SLC,2022,8,1350,27,14,0.0,frozenset({2203}),2203,0.5185185185185185,True,2022-08,3,1958,3
WN,MDW,MCO,2022,8,905,27,16,3.0,frozenset({594}),594,0.5925925925925926,True,2022-08,1,2556,1
B6,BOS,TPA,2022,8,1240,23,18,1.0,frozenset({2591}),2591,0.782608695652174,True,2022-08,1,2557,1
WN,MDW,MCI,2022,8,1370,27,14,0.0,frozenset({1914}),1914,0.5185185185185185,True,2022-08,1,2558,1
B6,BQN,JFK,2022,8,769,14,8,0.0,frozenset({2038}),2038,0.5714285714285714,True,2022-08,1,2559,1
AA,CLT,DTW,2022,8,1165,15,8,0.0,frozenset({1297}),1297,0.5333333333333333,True,2022-08,2,2335,2
WN,MDW,CVG,2022,8,1260,27,14,1.0,frozenset({189}),189,0.5185185185185185,True,2022-08,1,2560,1
B6,FLL,BOS,2022,8,1245,29,15,1.0,frozenset({170}),170,0.5172413793103449,True,2022-08,1,2561,2
WN,MDW,DAL,2022,8,1160,31,21,3.0,"frozenset({1970, 3565})",1970,0.6774193548387096,True,2022-08,3,1717,3
WN,MDW,DAL,2022,8,1280,31,20,0.0,"frozenset({4696, 1791})",1791,0.6451612903225806,True,2022-08,3,1715,3
B6,FLL,BOS,2022,8,906,27,16,0.0,frozenset({860}),860,0.5925925925925926,True,2022-08,1,2562,1
WN,MDW,DCA,2022,8,1200,27,17,6.0,frozenset({126}),126,0.6296296296296297,True,2022-08,1,2563,1
WN,MDW,DCA,2022,8,1270,31,18,3.0,"frozenset({4147, 1782})",1782,0.5806451612903226,True,2022-08,1,2564,1
WN,MDW,DEN,2022,8,1310,31,16,0.0,"frozenset({197, 3310})",197,0.5161290322580645,True,2022-08,1,2565,1
WN,MDW,DTW,2022,8,1290,31,23,1.0,"frozenset({4780, 1892})",1892,0.7419354838709677,True,2022-08,2,1982,2
WN,MDW,STL,2022,8,1370,27,16,2.0,frozenset({755}),755,0.5925925925925926,True,2022-08,1,2566,1
B6,DEN,LGA,2022,8,853,27,17,1.0,frozenset({153}),153,0.6296296296296297,True,2022-08,1,2567,1
B6,DEN,BOS,2022,8,1050,27,14,0.0,frozenset({394}),394,0.5185185185185185,True,2022-08,1,2568,1
WN,MDW,GRR,2022,8,1280,27,14,0.0,frozenset({1530}),1530,0.5185185185185185,True,2022-08,1,2569,1
AA,CLT,JAX,2022,8,1029,26,14,1.0,frozenset({1594}),1594,0.5384615384615384,True,2022-08,1,2570,1
B6,CHS,LGA,2022,8,1095,22,15,4.0,frozenset({2670}),2670,0.6818181818181818,True,2022-08,5,1188,5
AA,CLT,JFK,2022,8,1087,29,15,3.0,frozenset({790}),790,0.5172413793103449,True,2022-08,2,2307,2
WN,MDW,HOU,2022,8,1275,31,20,6.0,"frozenset({2644, 3582})",2644,0.6451612903225806,True,2022-08,3,1736,3
B6,BQN,MCO,2022,8,1086,31,18,0.0,frozenset({629}),629,0.5806451612903226,True,2022-08,2,2173,2
AA,CLT,LGA,2022,8,975,31,17,3.0,frozenset({1722}),1722,0.5483870967741935,True,2022-08,1,2571,1
WN,MDW,LAX,2022,8,1315,27,14,0.0,frozenset({2869}),2869,0.5185185185185185,True,2022-08,3,1767,3
WN,MDW,LGA,2022,8,975,27,15,8.0,frozenset({2681}),2681,0.5555555555555556,True,2022-08,1,2572,1
AA,CLT,JAX,2022,8,921,13,8,0.0,frozenset({1522}),1522,0.6153846153846154,True,2022-08,1,2573,1
AA,CLT,STL,2022,8,1100,29,16,1.0,frozenset({439}),439,0.5517241379310345,True,2022-08,1,2574,1
WN,MDW,TPA,2022,8,1320,27,18,1.0,frozenset({538}),538,0.6666666666666666,True,2022-08,3,1967,3
WN,MSP,DEN,2022,8,1135,27,16,4.0,frozenset({391}),391,0.5925925925925926,True,2022-08,1,2575,1
WN,PHX,MCI,2022,8,1140,31,17,0.0,"frozenset({4417, 1479})",1479,0.5483870967741935,True,2022-08,3,1850,3
AA,TPA,CLT,2022,8,1070,31,16,1.0,frozenset({2905}),2905,0.5161290322580645,True,2022-08,2,2184,2
WN,PHX,MDW,2022,8,1235,31,19,0.0,"frozenset({4605, 3261})",3261,0.6129032258064516,True,2022-08,1,2576,1
WN,PHX,MSP,2022,8,1140,27,14,1.0,frozenset({1468}),1468,0.5185185185185185,True,2022-08,1,2577,1
YX,EWR,PIT,2022,8,1289,31,18,13.0,frozenset({3450}),3450,0.5806451612903226,True,2022-08,1,2578,1
WN,PHX,MSY,2022,8,955,27,14,0.0,frozenset({2601}),2601,0.5185185185185185,True,2022-08,1,2579,1
AA,STL,DFW,2022,8,1175,29,15,3.0,frozenset({2901}),2901,0.5172413793103449,True,2022-08,1,2580,1
WN,PHX,OKC,2022,8,1190,27,17,0.0,frozenset({2159}),2159,0.6296296296296297,True,2022-08,2,2049,2
WN,PHX,OMA,2022,8,1125,31,19,1.0,"frozenset({432, 1456})",432,0.6129032258064516,True,2022-08,1,2581,1
WN,PHX,PDX,2022,8,1315,31,17,0.0,"frozenset({2794, 1501})",2794,0.5483870967741935,True,2022-08,2,2050,2
WN,PHX,SAN,2022,8,1340,27,16,0.0,frozenset({2059}),2059,0.5925925925925926,True,2022-08,2,2051,2
AA,SAV,CLT,2022,8,1119,12,8,0.0,frozenset({2402}),2402,0.6666666666666666,True,2022-08,2,2169,2
WN,PHX,SLC,2022,8,1110,27,14,1.0,frozenset({474}),474,0.5185185185185185,True,2022-08,1,2582,1
WN,PHX,SMF,2022,8,1315,31,19,1.0,"frozenset({2233, 885})",885,0.6129032258064516,True,2022-08,2,2054,2
YX,EWR,ORF,2022,8,961,28,16,6.0,frozenset({3447}),3447,0.5714285714285714,True,2022-08,1,2583,1
WN,PHX,STL,2022,8,1135,31,18,0.0,"frozenset({4249, 2142})",2142,0.5806451612903226,True,2022-08,2,2055,2
WN,PHX,TUL,2022,8,1135,31,17,0.0,"frozenset({1785, 2540})",1785,0.5483870967741935,True,2022-08,3,1893,3
AA,RDU,LGA,2022,8,1158,27,14,6.0,frozenset({366}),366,0.5185185185185185,True,2022-08,2,2156,2
WN,PIT,DEN,2022,8,1200,27,14,2.0,frozenset({597}),597,0.5185185185185185,True,2022-08,1,2584,1
AA,PWM,DCA,2022,8,1038,16,9,0.0,frozenset({2961}),2961,0.5625,True,2022-08,1,2585,1
WN,RNO,DEN,2022,8,945,27,15,0.0,frozenset({761}),761,0.5555555555555556,True,2022-08,1,2586,1
AA,TPA,DFW,2022,8,1092,31,16,5.0,frozenset({898}),898,0.5161290322580645,True,2022-08,1,2587,1
WN,PHX,LAX,2022,8,1185,31,20,0.0,"frozenset({4825, 335})",335,0.6451612903225806,True,2022-08,3,1853,3
WN,PHX,LAS,2022,8,905,27,14,1.0,frozenset({1293}),1293,0.5185185185185185,True,2022-08,1,2588,1
WN,PHX,IND,2022,8,1140,31,20,1.0,"frozenset({4699, 396})",396,0.6451612903225806,True,2022-08,1,2589,1
WN,MSY,BWI,2022,8,1220,27,17,0.0,frozenset({1093}),1093,0.6296296296296297,True,2022-08,2,1988,2
WN,MSY,DAL,2022,8,1295,31,16,0.0,"frozenset({4185, 2602})",2602,0.5161290322580645,True,2022-08,1,2590,1
WN,OAK,BUR,2022,8,1230,27,17,2.0,frozenset({210}),210,0.6296296296296297,True,2022-08,1,2591,1
WN,OAK,DEN,2022,8,1105,27,16,0.0,frozenset({401}),401,0.5925925925925926,True,2022-08,1,2592,1
WN,OAK,PDX,2022,8,1165,31,17,0.0,"frozenset({3681, 1494})",1494,0.5483870967741935,True,2022-08,2,2014,2
WN,OAK,SAN,2022,8,1285,27,15,0.0,frozenset({3093}),3093,0.5555555555555556,True,2022-08,1,2593,1
WN,OKC,DEN,2022,8,1215,27,15,2.0,frozenset({194}),194,0.5555555555555556,True,2022-08,1,2594,1
WN,OMA,DEN,2022,8,1180,27,15,4.0,frozenset({2951}),2951,0.5555555555555556,True,2022-08,1,2595,1
WN,ONT,LAS,2022,8,1240,27,14,1.0,frozenset({1452}),1452,0.5185185185185185,True,2022-08,1,2596,1
WN,ONT,PHX,2022,8,1010,27,18,3.0,frozenset({2142}),2142,0.6666666666666666,True,2022-08,1,2597,1
WN,MIA,BWI,2022,8,1120,27,15,3.0,frozenset({2556}),2556,0.5555555555555556,True,2022-08,1,2598,1
WN,ORD,BNA,2022,8,1075,27,16,2.0,frozenset({2256}),2256,0.5925925925925926,True,2022-08,1,2599,1
WN,ORD,PHX,2022,8,1045,27,14,2.0,frozenset({1307}),1307,0.5185185185185185,True,2022-08,1,2600,1
WN,ORD,TPA,2022,8,955,27,14,1.0,frozenset({3048}),3048,0.5185185185185185,True,2022-08,1,2601,1
WN,PDX,OAK,2022,8,1295,27,15,1.0,frozenset({2532}),2532,0.5555555555555556,True,2022-08,1,2602,1
WN,PHX,ABQ,2022,8,1100,31,23,0.0,"frozenset({4600, 5741})",5741,0.7419354838709677,True,2022-08,1,2603,1
WN,PHX,BNA,2022,8,1145,27,15,1.0,frozenset({406}),406,0.5555555555555556,True,2022-08,1,2604,1
WN,PHX,BUR,2022,8,1180,27,18,0.0,frozenset({1307}),1307,0.6666666666666666,True,2022-08,1,2605,1
WN,PHX,CMH,2022,8,1130,27,16,1.0,frozenset({2260}),2260,0.5925925925925926,True,2022-08,1,2606,1
AS,BRW,ANC,2022,8,1027,31,17,8.0,frozenset({50}),50,0.5483870967741935,True,2022-08,2,2180,2
WN,PHX,DEN,2022,8,1160,31,17,3.0,"frozenset({1809, 2086})",1809,0.5483870967741935,True,2022-08,1,2607,1
WN,PHX,HOU,2022,8,1135,31,21,1.0,"frozenset({1923, 4519})",1923,0.6774193548387096,True,2022-08,3,1854,3
WN,ORD,BWI,2022,8,1020,31,17,5.0,"frozenset({4723, 2925})",2925,0.5483870967741935,True,2022-08,1,2608,1
DL,MCO,BOS,2022,8,990,31,17,1.0,frozenset({1555}),1555,0.5483870967741935,True,2022-08,1,2609,1
9E,ALB,LGA,2022,8,1137,11,6,3.0,frozenset({5311}),5311,0.5454545454545454,True,2022-08,1,2610,1
DL,MCO,LGA,2022,8,960,31,16,2.0,frozenset({1260}),1260,0.5161290322580645,True,2022-08,1,2611,1
WN,DCA,BNA,2022,8,1160,27,18,6.0,frozenset({2449}),2449,0.6666666666666666,True,2022-08,1,2612,1
WN,AUS,ELP,2022,8,1215,31,17,0.0,"frozenset({4313, 2526})",2526,0.5483870967741935,True,2022-08,1,2613,1
WN,BWI,DEN,2022,8,985,27,15,0.0,frozenset({369}),369,0.5555555555555556,True,2022-08,2,2099,2
G4,TYS,SFB,2022,8,1053,10,6,0.0,"frozenset({338, 3059, 1415})",338,0.6,True,2022-08,1,2614,1
WN,AUS,BWI,2022,8,1025,27,15,5.0,frozenset({888}),888,0.5555555555555556,True,2022-08,1,2615,1
WN,DAL,STL,2022,8,1355,27,15,4.0,frozenset({2734}),2734,0.5555555555555556,True,2022-08,1,2616,1
G4,RNO,LAS,2022,8,1090,13,7,0.0,"frozenset({532, 286})",532,0.5384615384615384,True,2022-08,1,2617,1
WN,ATL,MEM,2022,8,1205,27,14,0.0,frozenset({727}),727,0.5185185185185185,True,2022-08,1,2618,1
WN,ATL,MDW,2022,8,1265,31,18,0.0,"frozenset({4281, 779})",779,0.5806451612903226,True,2022-08,3,1540,3
NK,EWR,FLL,2022,8,1040,22,12,0.0,frozenset({1776}),1776,0.5454545454545454,True,2022-08,1,2619,2
WN,BWI,ISP,2022,8,1365,27,14,1.0,frozenset({2811}),2811,0.5185185185185185,True,2022-08,1,2620,1
WN,BWI,JAX,2022,8,1245,27,15,6.0,frozenset({2925}),2925,0.5555555555555556,True,2022-08,1,2621,1
WN,ATL,HOU,2022,8,1250,27,14,0.0,frozenset({2218}),2218,0.5185185185185185,True,2022-08,1,2622,1
HA,AUS,HNL,2022,8,575,13,7,0.0,frozenset({81}),81,0.5384615384615384,True,2022-08,2,2177,4
NK,FLL,EWR,2022,8,795,26,14,0.0,"frozenset({1420, 1215})",1420,0.5384615384615384,True,2022-08,1,2623,1
WN,ABQ,LAS,2022,8,1265,27,21,0.0,frozenset({1776}),1776,0.7777777777777778,True,2022-08,1,2624,1
WN,DAL,ORD,2022,8,885,27,14,2.0,frozenset({28}),28,0.5185185185185185,True,2022-08,1,2625,1
G4,LAS,BLI,2022,8,1211,13,7,0.0,"frozenset({513, 273})",513,0.5384615384615384,True,2022-08,1,2626,1
WN,BWI,MCO,2022,8,1105,27,14,3.0,frozenset({1701}),1701,0.5185185185185185,True,2022-08,3,1746,3
WN,BWI,MCO,2022,8,1195,31,19,6.0,"frozenset({5154, 4428})",5154,0.6129032258064516,True,2022-08,2,2062,2
WN,DAL,MDW,2022,8,990,31,17,2.0,"frozenset({2571, 3172})",2571,0.5483870967741935,True,2022-08,1,2627,1
WN,BWI,MDW,2022,8,1250,27,15,6.0,frozenset({1408}),1408,0.5555555555555556,True,2022-08,1,2628,1
G4,CVG,SAV,2022,8,529,11,6,0.0,"frozenset({2154, 2205})",2154,0.5454545454545454,True,2022-08,1,2629,1
WN,DAL,MCO,2022,8,1185,27,15,2.0,frozenset({2627}),2627,0.5555555555555556,True,2022-08,3,1542,3
WN,DAL,MCO,2022,8,1000,27,16,0.0,frozenset({2721}),2721,0.5925925925925926,True,2022-08,1,2630,1
F9,LGA,MCO,2022,8,1079,31,17,2.0,frozenset({1335}),1335,0.5483870967741935,True,2022-08,2,2227,3
WN,BWI,ORF,2022,8,1340,31,16,1.0,"frozenset({1224, 3570})",1224,0.5161290322580645,True,2022-08,3,1714,3
OH,BNA,CLT,2022,8,1124,31,18,3.0,frozenset({5660}),5660,0.5806451612903226,True,2022-08,1,2631,1
WN,ALB,MDW,2022,8,1190,31,17,5.0,"frozenset({3259, 197})",197,0.5483870967741935,True,2022-08,1,2632,1
WN,DCA,MDW,2022,8,1090,27,14,6.0,frozenset({873}),873,0.5185185185185185,True,2022-08,1,2633,1
WN,DEN,DSM,2022,8,1200,27,14,1.0,frozenset({2272}),2272,0.5185185185185185,True,2022-08,1,2634,1
WN,DEN,DAL,2022,8,1165,27,16,0.0,frozenset({1847}),1847,0.5925925925925926,True,2022-08,3,1550,3
WN,DEN,BWI,2022,8,1140,27,14,0.0,frozenset({3031}),3031,0.5185185185185185,True,2022-08,1,2635,1
WN,BNA,VPS,2022,8,1250,27,14,2.0,frozenset({2449}),2449,0.5185185185185185,True,2022-08,1,2636,1
HA,PDX,HNL,2022,8,545,31,16,1.0,frozenset({25}),25,0.5161290322580645,True,2022-08,1,2637,1
WN,BWI,ATL,2022,8,1230,27,15,5.0,frozenset({1833}),1833,0.5555555555555556,True,2022-08,1,2638,1
WN,BNA,PNS,2022,8,1250,27,14,1.0,frozenset({1491}),1491,0.5185185185185185,True,2022-08,1,2639,1
WN,BNA,ORD,2022,8,1020,27,14,4.0,frozenset({1822}),1822,0.5185185185185185,True,2022-08,1,2640,1
WN,BNA,MKE,2022,8,1230,27,14,0.0,frozenset({1631}),1631,0.5185185185185185,True,2022-08,1,2641,1
WN,BNA,MDW,2022,8,1230,27,14,2.0,frozenset({1175}),1175,0.5185185185185185,True,2022-08,1,2642,1
WN,BWI,AUS,2022,8,1235,27,15,5.0,frozenset({3065}),3065,0.5555555555555556,True,2022-08,2,2097,2
WN,BNA,MCI,2022,8,1370,27,14,0.0,frozenset({278}),278,0.5185185185185185,True,2022-08,1,2643,1
WN,BNA,LAS,2022,8,1305,27,15,0.0,frozenset({2901}),2901,0.5555555555555556,True,2022-08,1,2644,1
MQ,CHS,MIA,2022,8,1135,11,6,0.0,frozenset({3620}),3620,0.5454545454545454,True,2022-08,1,2645,1
WN,BWI,BDL,2022,8,1355,27,16,2.0,frozenset({1623}),1623,0.5925925925925926,True,2022-08,2,2098,2
WN,AUS,SNA,2022,8,1060,27,14,0.0,frozenset({644}),644,0.5185185185185185,True,2022-08,1,2646,1
WN,AUS,PHX,2022,8,1255,27,14,0.0,frozenset({885}),885,0.5185185185185185,True,2022-08,1,2647,1
WN,BWI,BOS,2022,8,1225,27,14,3.0,frozenset({124}),124,0.5185185185185185,True,2022-08,1,2648,1
WN,BWI,BUF,2022,8,1345,27,16,2.0,frozenset({1258}),1258,0.5925925925925926,True,2022-08,1,2649,1
WN,BWI,CHS,2022,8,1270,27,15,5.0,frozenset({582}),582,0.5555555555555556,True,2022-08,1,2650,1
WN,BWI,CLE,2022,8,1335,31,18,0.0,"frozenset({2556, 4165})",2556,0.5806451612903226,True,2022-08,3,1966,3
MQ,MIA,CHS,2022,8,999,11,6,0.0,frozenset({3620}),3620,0.5454545454545454,True,2022-08,1,2651,1
WN,AUS,MCO,2022,8,1205,27,17,0.0,frozenset({784}),784,0.6296296296296297,True,2022-08,2,2092,2
WN,DEN,ABQ,2022,8,1315,31,16,2.0,"frozenset({4456, 597})",597,0.5161290322580645,True,2022-08,1,2652,1
WN,AUS,MAF,2022,8,1195,27,17,2.0,frozenset({1010}),1010,0.6296296296296297,True,2022-08,1,2653,1
WN,AUS,LAX,2022,8,1325,27,14,1.0,frozenset({226}),226,0.5185185185185185,True,2022-08,1,2654,1
WN,AUS,LAS,2022,8,1315,27,14,1.0,frozenset({3064}),3064,0.5185185185185185,True,2022-08,2,2091,2
WN,BWI,CMH,2022,8,1335,31,19,2.0,"frozenset({888, 4646})",888,0.6129032258064516,True,2022-08,1,2655,1
WN,DCA,MDW,2022,8,1255,27,16,4.0,frozenset({694}),694,0.5925925925925926,True,2022-08,1,2656,1
WN,BWI,CVG,2022,8,1335,31,18,1.0,"frozenset({1794, 3191})",1794,0.5806451612903226,True,2022-08,1,2657,1
WN,BWI,DAL,2022,8,1265,31,17,2.0,"frozenset({1101, 5822})",1101,0.5483870967741935,True,2022-08,1,2658,1
YX,STL,LGA,2022,8,1005,13,9,2.0,frozenset({4815}),4815,0.6923076923076923,True,2022-08,2,2037,2
F9,MCO,ATL,2022,8,1337,15,8,0.0,"frozenset({1011, 1015})",1011,0.5333333333333333,True,2022-08,3,1890,3
WN,DAL,AMA,2022,8,1310,31,16,1.0,"frozenset({1704, 701})",1704,0.5161290322580645,True,2022-08,1,2659,1
UA,IAD,EWR,2022,8,1031,31,20,2.0,frozenset({1156}),1156,0.6451612903225806,True,2022-08,1,2660,1
WN,DEN,MCO,2022,8,1180,31,17,1.0,"frozenset({650, 2964})",2964,0.5483870967741935,True,2022-08,2,2077,2
WN,DAL,LAX,2022,8,1340,27,18,2.0,frozenset({1970}),1970,0.6666666666666666,True,2022-08,1,2661,1
OH,RDU,DCA,2022,8,1200,13,8,1.0,frozenset({5529}),5529,0.6153846153846154,True,2022-08,2,2355,2
WN,DAL,ELP,2022,8,1360,27,16,1.0,frozenset({565}),565,0.5925925925925926,True,2022-08,3,1918,3
OH,STL,CLT,2022,8,992,15,8,1.0,frozenset({5029}),5029,0.5333333333333333,True,2022-08,1,2662,1
F9,PHL,MCO,2022,8,1055,11,6,0.0,"frozenset({1167, 1175})",1167,0.5454545454545454,True,2022-08,1,2663,1
WN,BWI,STL,2022,8,1210,27,14,3.0,frozenset({923}),923,0.5185185185185185,True,2022-08,1,2664,1
WN,BWI,ROC,2022,8,1375,31,22,1.0,"frozenset({178, 4084})",178,0.7096774193548387,True,2022-08,2,2063,2
WN,DEN,LAS,2022,8,940,27,14,2.0,frozenset({2462}),2462,0.5185185185185185,True,2022-08,2,2072,2
WN,DEN,LGA,2022,8,965,27,14,2.0,frozenset({161}),161,0.5185185185185185,True,2022-08,1,2665,1
UA,JAX,EWR,2022,8,918,31,16,1.0,frozenset({1659}),1659,0.5161290322580645,True,2022-08,1,2666,1
OO,MTJ,DFW,2022,8,884,16,9,1.0,frozenset({3003}),3003,0.5625,True,2022-08,1,2667,1
UA,EWR,LAX,2022,8,1110,31,17,2.0,frozenset({1190}),1190,0.5483870967741935,True,2022-08,1,2668,1
OO,DFW,FWA,2022,8,1120,31,17,0.0,frozenset({3134}),3134,0.5483870967741935,True,2022-08,1,2669,1
UA,EWR,ORD,2022,8,1195,27,17,9.0,frozenset({1234}),1234,0.6296296296296297,True,2022-08,1,2670,1
OO,LFT,DFW,2022,8,1148,17,9,1.0,frozenset({3202}),3202,0.5294117647058824,True,2022-08,1,2671,1
WN,BWI,TPA,2022,8,1005,27,16,0.0,frozenset({2427}),2427,0.5925925925925926,True,2022-08,1,2672,1
UA,EWR,SLC,2022,8,1199,31,16,3.0,frozenset({2221}),2221,0.5161290322580645,True,2022-08,3,1502,3
UA,EWR,ORD,2022,8,1116,31,16,3.0,frozenset({1232}),1232,0.5161290322580645,True,2022-08,1,2673,1
OH,MDT,CLT,2022,8,1043,13,7,0.0,"frozenset({5361, 5179})",5361,0.5384615384615384,True,2022-08,1,2674,1
F9,MCO,PHL,2022,8,1072,12,8,0.0,"frozenset({1160, 1162, 1170})",1162,0.6666666666666666,True,2022-08,1,2675,1
UA,ORD,LGA,2022,8,960,27,14,5.0,frozenset({246}),246,0.5185185185185185,True,2022-08,1,2676,1
UA,DCA,IAH,2022,8,891,22,12,0.0,frozenset({2337}),2337,0.5454545454545454,True,2022-08,1,2677,1
OH,DCA,BNA,2022,8,1028,31,16,2.0,frozenset({5056}),5056,0.5161290322580645,True,2022-08,1,2678,1
UA,MYR,EWR,2022,8,1115,25,14,3.0,frozenset({1153}),1153,0.56,True,2022-08,1,2679,1
OH,DCA,PIT,2022,8,1150,11,7,2.0,frozenset({5274}),5274,0.6363636363636364,True,2022-08,2,2199,2
UA,AUS,EWR,2022,8,846,28,16,4.0,"frozenset({728, 658})",728,0.5714285714285714,True,2022-08,1,2680,1
WN,DAL,LGA,2022,8,1050,27,14,4.0,frozenset({2073}),2073,0.5185185185185185,True,2022-08,1,2681,1
OH,DCA,STL,2022,8,1335,13,7,2.0,frozenset({5202}),5202,0.5384615384615384,True,2022-08,1,2682,1
OH,DCA,RDU,2022,8,1079,13,9,2.0,frozenset({5529}),5529,0.6923076923076923,True,2022-08,2,2201,2
WN,DAL,BWI,2022,8,1185,31,16,2.0,"frozenset({1266, 4099})",1266,0.5161290322580645,True,2022-08,3,1825,3
F9,STT,MCO,2022,8,887,18,12,0.0,frozenset({131}),131,0.6666666666666666,True,2022-08,5,1057,5
OO,SHV,DFW,2022,8,1101,14,9,3.0,frozenset({3135}),3135,0.6428571428571429,True,2022-08,1,2683,1
WN,BWI,PIT,2022,8,1335,31,16,1.0,"frozenset({3472, 2805})",2805,0.5161290322580645,True,2022-08,3,1733,3
WN,CLT,BWI,2022,8,1190,31,17,4.0,"frozenset({2368, 6})",2368,0.5483870967741935,True,2022-08,2,2066,2
WN,BWI,PVD,2022,8,1340,27,17,0.0,frozenset({1267}),1267,0.6296296296296297,True,2022-08,3,1727,3
UA,EWR,MYR,2022,8,929,27,14,3.0,frozenset({1442}),1442,0.5185185185185185,True,2022-08,1,2684,1
B6,BOS,FLL,2022,9,1190,24,13,0.0,frozenset({769}),769,0.5416666666666666,True,2022-09,1,2685,1
WN,MCO,BDL,2022,9,955,19,10,2.0,frozenset({2029}),2029,0.5263157894736842,True,2022-09,1,2686,1
F9,MIA,ATL,2022,9,360,10,6,0.0,frozenset({1515}),1515,0.6,True,2022-09,1,2687,1
B6,BOS,LAS,2022,9,1106,23,12,0.0,frozenset({447}),447,0.5217391304347826,True,2022-09,1,2688,1
F9,SWF,MCO,2022,9,701,13,9,2.0,frozenset({1299}),1299,0.6923076923076923,True,2022-09,1,2689,1
B6,MCO,HPN,2022,9,1020,30,16,3.0,frozenset({2194}),2194,0.5333333333333333,True,2022-09,1,2690,1
WN,LAS,DAL,2022,9,1075,11,6,0.0,"frozenset({2536, 2194, 1907, 1333, 183})",183,0.5454545454545454,True,2022-09,1,2691,1
B6,MCO,JFK,2022,9,1090,30,20,2.0,"frozenset({384, 1284})",1284,0.6666666666666666,True,2022-09,1,2692,1
B6,MCO,JFK,2022,9,1285,24,17,2.0,frozenset({284}),284,0.7083333333333334,True,2022-09,6,823,6
WN,MDW,TPA,2022,9,1155,10,8,0.0,"frozenset({991, 1789, 2815})",2815,0.8,True,2022-09,1,2693,1
B6,JFK,RDU,2022,9,1315,30,16,0.0,frozenset({2585}),2585,0.5333333333333333,True,2022-09,4,1776,5
WN,MIA,BWI,2022,9,1070,20,11,2.0,"frozenset({2482, 494})",494,0.55,True,2022-09,1,2694,1
WN,LAX,LAS,2022,9,1145,20,11,0.0,"frozenset({2136, 978, 2322, 6518})",6518,0.55,True,2022-09,1,2695,1
DL,MCO,BOS,2022,9,983,11,6,0.0,"frozenset({2920, 1555})",2920,0.5454545454545454,True,2022-09,1,2696,1
B6,JFK,MCO,2022,9,1200,34,18,2.0,"frozenset({1283, 1183})",1183,0.5294117647058824,True,2022-09,3,2265,3
WN,LGB,LAS,2022,9,1030,19,10,1.0,frozenset({2050}),2050,0.5263157894736842,True,2022-09,1,2697,1
B6,JFK,MIA,2022,9,880,25,13,2.0,frozenset({2693}),2693,0.52,True,2022-09,1,2698,1
B6,MCO,EWR,2022,9,1075,30,18,4.0,frozenset({494}),494,0.6,True,2022-09,1,2699,1
WN,LAX,LAS,2022,9,815,14,9,1.0,"frozenset({3033, 1326})",1326,0.6428571428571429,True,2022-09,1,2700,1
WN,MCO,DEN,2022,9,955,19,10,4.0,frozenset({1159}),1159,0.5263157894736842,True,2022-09,1,2701,1
B6,JFK,FLL,2022,9,1305,30,16,0.0,frozenset({1701}),1701,0.5333333333333333,True,2022-09,1,2702,2
WN,MCO,MDW,2022,9,975,25,15,2.0,frozenset({1336}),1336,0.6,True,2022-09,1,2703,1
WN,MCO,MKE,2022,9,1150,22,12,2.0,frozenset({964}),964,0.5454545454545454,True,2022-09,1,2704,1
WN,MCO,STL,2022,9,1205,19,10,2.0,frozenset({2829}),2829,0.5263157894736842,True,2022-09,1,2705,1
B6,DCA,FLL,2022,9,1135,30,16,1.0,frozenset({1979}),1979,0.5333333333333333,True,2022-09,1,2706,1
B6,LAS,BOS,2022,9,762,24,13,0.0,frozenset({1578}),1578,0.5416666666666666,True,2022-09,1,2707,1
B6,LAS,FLL,2022,9,1297,24,15,1.0,frozenset({608}),608,0.625,True,2022-09,1,2708,1
WN,MDW,LAX,2022,9,1095,19,11,0.0,frozenset({3696}),3696,0.5789473684210527,True,2022-09,1,2709,1
F9,ISP,MCO,2022,9,1111,11,6,2.0,frozenset({1093}),1093,0.5454545454545454,True,2022-09,1,2710,1
B6,FLL,BOS,2022,9,805,24,13,1.0,frozenset({170}),170,0.5416666666666666,True,2022-09,2,2561,2
B6,FLL,LAS,2022,9,1092,24,15,1.0,frozenset({607}),607,0.625,True,2022-09,1,2711,1
B6,LGA,FLL,2022,9,1260,26,14,1.0,frozenset({571}),571,0.5384615384615384,True,2022-09,3,2226,3
F9,LAS,TPA,2022,9,1423,11,6,2.0,"frozenset({2098, 2100})",2098,0.5454545454545454,True,2022-09,1,2712,1
B6,FLL,JFK,2022,9,872,30,19,2.0,frozenset({1902}),1902,0.6333333333333333,True,2022-09,1,2713,1
F9,LGA,MCO,2022,9,1075,30,19,3.0,frozenset({1335}),1335,0.6333333333333333,True,2022-09,3,2227,3
B6,MCO,LGA,2022,9,1075,30,17,2.0,frozenset({798}),798,0.5666666666666667,True,2022-09,6,809,6
B6,LGA,SAV,2022,9,1190,21,13,2.0,frozenset({1747}),1747,0.6190476190476191,True,2022-09,2,2409,2
WN,BWI,FLL,2022,9,930,23,12,2.0,"frozenset({736, 1971})",736,0.5217391304347826,True,2022-09,1,2714,1
B6,JFK,BQN,2022,9,1375,15,8,2.0,frozenset({839}),839,0.5333333333333333,True,2022-09,1,2715,1
B6,JFK,FLL,2022,9,869,30,17,1.0,"frozenset({1945, 2901})",1945,0.5666666666666667,True,2022-09,1,2716,1
HA,AUS,HNL,2022,9,570,12,8,0.0,frozenset({81}),81,0.6666666666666666,True,2022-09,3,2177,4
WN,LAS,SMF,2022,9,940,18,10,1.0,"frozenset({138, 5971, 1430})",138,0.5555555555555556,True,2022-09,1,2717,1
B6,MCO,BOS,2022,9,1110,21,16,2.0,frozenset({1652}),1652,0.7619047619047619,True,2022-09,1,2718,1
WN,MCO,CMH,2022,9,1120,20,11,2.0,"frozenset({235, 3774})",235,0.55,True,2022-09,1,2719,1
WN,LAS,PHX,2022,9,795,23,12,1.0,"frozenset({2578, 2635})",2578,0.5217391304347826,True,2022-09,1,2720,1
B6,BOS,TPA,2022,9,690,24,14,3.0,frozenset({591}),591,0.5833333333333334,True,2022-09,1,2721,1
WN,LAS,LGB,2022,9,930,23,12,2.0,"frozenset({257, 4401})",257,0.5217391304347826,True,2022-09,1,2722,1
WN,MCO,IND,2022,9,985,25,14,2.0,frozenset({643}),643,0.56,True,2022-09,1,2723,1
B6,BOS,TPA,2022,9,1095,24,17,3.0,frozenset({2105}),2105,0.7083333333333334,True,2022-09,1,2724,1
WN,MDW,MCI,2022,9,1300,23,12,0.0,"frozenset({787, 1267, 2029})",2029,0.5217391304347826,True,2022-09,1,2725,1
F9,DFW,MDW,2022,9,689,14,9,0.0,frozenset({1370}),1370,0.6428571428571429,True,2022-09,1,2726,1
B6,LGA,TPA,2022,9,1040,26,14,3.0,frozenset({47}),47,0.5384615384615384,True,2022-09,1,2727,1
F9,MCO,CVG,2022,9,1284,30,17,2.0,"frozenset({1064, 1066})",1064,0.5666666666666667,True,2022-09,1,2728,1
WN,MCO,ISP,2022,9,1185,21,11,3.0,"frozenset({3624, 298, 1487})",298,0.5238095238095238,True,2022-09,1,2729,1
WN,MCO,BWI,2022,9,1225,28,15,2.0,"frozenset({178, 972})",972,0.5357142857142857,True,2022-09,1,2730,1
WN,BWI,MCO,2022,9,1020,23,12,2.0,"frozenset({1330, 2550})",1330,0.5217391304347826,True,2022-09,1,2731,1
B6,MCO,LGA,2022,9,1165,27,16,3.0,frozenset({998}),998,0.5925925925925926,True,2022-09,4,1864,4
AS,MCO,SEA,2022,9,1060,24,15,3.0,frozenset({17}),17,0.625,True,2022-09,1,2732,1
OH,CLT,PGV,2022,9,779,22,13,13.0,frozenset({5577}),5577,0.5909090909090909,True,2022-09,1,2733,1
NK,MIA,EWR,2022,9,947,14,8,0.0,frozenset({69}),69,0.5714285714285714,True,2022-09,1,2734,1
B6,RSW,LGA,2022,9,1115,26,14,5.0,frozenset({2060}),2060,0.5384615384615384,True,2022-09,2,2376,3
AA,MCO,MIA,2022,9,1047,18,12,1.0,frozenset({457}),457,0.6666666666666666,True,2022-09,1,2735,1
WN,DEN,TPA,2022,9,975,22,13,3.0,frozenset({2754}),2754,0.5909090909090909,True,2022-09,1,2736,1
F9,CLE,MCO,2022,9,1027,11,6,4.0,"frozenset({1049, 1047})",1047,0.5454545454545454,True,2022-09,1,2737,1
OH,CLT,PGV,2022,9,1360,13,8,8.0,frozenset({5596}),5596,0.6153846153846154,True,2022-09,1,2738,1
NK,MCO,EWR,2022,9,1050,24,15,2.0,frozenset({1400}),1400,0.625,True,2022-09,1,2739,1
WN,SMF,LAS,2022,9,1060,21,12,0.0,"frozenset({3875, 145, 139, 2291})",139,0.5714285714285714,True,2022-09,1,2740,1
NK,LAS,BOI,2022,9,905,24,14,1.0,frozenset({2512}),2512,0.5833333333333334,True,2022-09,1,2741,1
NK,EWR,MCO,2022,9,1268,24,14,2.0,frozenset({1908}),1908,0.5833333333333334,True,2022-09,1,2742,1
NK,EWR,FLL,2022,9,1125,24,13,1.0,frozenset({1776}),1776,0.5416666666666666,True,2022-09,2,2619,2
WN,RSW,MDW,2022,9,1020,22,13,4.0,"frozenset({610, 2075})",2075,0.5909090909090909,True,2022-09,1,2743,2
WN,RSW,MCO,2022,9,1065,19,13,4.0,frozenset({1294}),1294,0.6842105263157895,True,2022-09,1,2744,2
NK,MCO,BDL,2022,9,984,17,9,2.0,frozenset({1228}),1228,0.5294117647058824,True,2022-09,1,2745,1
F9,BDL,MCO,2022,9,1150,20,13,2.0,frozenset({1207}),1207,0.65,True,2022-09,1,2746,1
B6,SJU,MCO,2022,9,1091,24,13,4.0,frozenset({1134}),1134,0.5416666666666666,True,2022-09,1,2747,1
B6,SYR,MCO,2022,9,867,17,11,3.0,frozenset({655}),655,0.6470588235294118,True,2022-09,1,2748,1
AA,AUS,DFW,2022,9,1026,15,8,2.0,"frozenset({1064, 411})",411,0.5333333333333333,True,2022-09,1,2749,1
QX,DLG,ANC,2022,9,775,30,18,1.0,frozenset({2232}),2232,0.6,True,2022-09,1,2750,1
QX,AKN,ANC,2022,9,1010,24,15,0.0,frozenset({2432}),2432,0.625,True,2022-09,1,2751,1
WN,DEN,MCO,2022,9,1110,11,8,1.0,"frozenset({2226, 2730})",2226,0.7272727272727273,True,2022-09,1,2752,1
OO,ATL,AGS,2022,9,1020,11,6,0.0,frozenset({4489}),4489,0.5454545454545454,True,2022-09,1,2753,1
AA,DFW,CHS,2022,9,896,18,10,3.0,frozenset({1459}),1459,0.5555555555555556,True,2022-09,1,2754,1
UA,MCO,EWR,2022,9,1020,16,15,2.0,"frozenset({1234, 2162})",2162,0.9375,True,2022-09,1,2755,1
AA,DFW,IND,2022,9,1121,20,11,0.0,frozenset({2620}),2620,0.55,True,2022-09,1,2756,1
AA,DFW,TPA,2022,9,926,15,8,2.0,"frozenset({1450, 1826})",1450,0.5333333333333333,True,2022-09,1,2757,1
OH,PGV,CLT,2022,9,876,22,15,13.0,frozenset({5577}),5577,0.6818181818181818,True,2022-09,1,2758,1
OH,PGV,CLT,2022,9,300,13,8,8.0,frozenset({5542}),5542,0.6153846153846154,True,2022-09,1,2759,1
B6,TPA,BOS,2022,9,930,29,16,3.0,frozenset({592}),592,0.5517241379310345,True,2022-09,1,2760,1
AA,EWR,MIA,2022,9,1113,30,16,1.0,frozenset({2933}),2933,0.5333333333333333,True,2022-09,1,2761,1
F9,ATL,MDW,2022,9,883,13,7,0.0,frozenset({1354}),1354,0.5384615384615384,True,2022-09,1,2762,1
UA,JAX,EWR,2022,9,972,13,7,2.0,"frozenset({2433, 621})",621,0.5384615384615384,True,2022-09,1,2763,1
B6,MVY,LGA,2022,9,1085,26,14,0.0,frozenset({2565}),2565,0.5384615384615384,True,2022-09,1,2764,1
AA,MIA,MCO,2022,9,932,18,11,2.0,"frozenset({457, 583})",457,0.6111111111111112,True,2022-09,1,2765,1
F9,MCO,STL,2022,9,1323,21,12,2.0,frozenset({1211}),1211,0.5714285714285714,True,2022-09,1,2766,1
B6,MCO,PSE,2022,9,888,17,9,6.0,frozenset({767}),767,0.5294117647058824,True,2022-09,1,2767,1
WN,PHX,MCO,2022,9,890,19,10,2.0,frozenset({291}),291,0.5263157894736842,True,2022-09,1,2768,1
WN,PHX,TPA,2022,9,1010,19,10,3.0,frozenset({2097}),2097,0.5263157894736842,True,2022-09,1,2769,1
WN,DEN,CHS,2022,9,1095,19,10,2.0,frozenset({5057}),5057,0.5263157894736842,True,2022-09,1,2770,1
WN,PVD,MCO,2022,9,965,22,13,2.0,"frozenset({600, 385})",385,0.5909090909090909,True,2022-09,1,2771,1
B6,MCO,SJU,2022,9,855,24,13,5.0,frozenset({1133}),1133,0.5416666666666666,True,2022-09,1,2772,1
MQ,AUS,BNA,2022,9,1082,21,12,0.0,frozenset({3710}),3710,0.5714285714285714,True,2022-09,1,2773,1
B6,MIA,JFK,2022,9,1105,26,19,1.0,frozenset({2692}),2692,0.7307692307692307,True,2022-09,1,2774,1
B6,RSW,LGA,2022,10,1115,26,15,9.0,frozenset({2060}),2060,0.5769230769230769,True,2022-10,3,2376,3
F9,ATL,LAS,2022,10,1168,11,8,0.0,frozenset({2005}),2005,0.7272727272727273,True,2022-10,1,2775,1
MQ,CHA,DFW,2022,10,976,12,8,0.0,frozenset({3650}),3650,0.6666666666666666,True,2022-10,1,2776,1
F9,ATL,LGA,2022,10,1196,31,17,1.0,frozenset({1512}),1512,0.5483870967741935,True,2022-10,1,2777,1
F9,LGA,ATL,2022,10,1377,31,16,2.0,frozenset({1513}),1513,0.5161290322580645,True,2022-10,1,2778,1
B6,LAS,BOS,2022,10,1410,23,13,0.0,frozenset({1078}),1078,0.5652173913043478,True,2022-10,1,2779,1
F9,DEN,MCO,2022,10,1409,31,16,1.0,"frozenset({682, 678})",678,0.5161290322580645,True,2022-10,1,2780,3
B6,JAX,LGA,2022,10,1129,26,14,2.0,frozenset({2340}),2340,0.5384615384615384,True,2022-10,1,2781,2
HA,LIH,HNL,2022,10,900,62,34,1.0,"frozenset({304, 294})",294,0.5483870967741935,True,2022-10,1,2782,1
HA,OGG,HNL,2022,10,850,31,18,1.0,frozenset({285}),285,0.5806451612903226,True,2022-10,1,2783,1
F9,MCO,ATL,2022,10,1283,10,7,0.0,"frozenset({1011, 1015})",1011,0.7,True,2022-10,1,2784,1
HA,LIH,HNL,2022,10,860,31,17,0.0,frozenset({284}),284,0.5483870967741935,True,2022-10,1,2785,1
WN,MDW,RSW,2022,10,1180,10,10,10.0,frozenset({769}),769,1.0,True,2022-10,1,2786,1
WN,MDW,RSW,2022,10,910,10,10,10.0,frozenset({1751}),1751,1.0,True,2022-10,1,2787,1
WN,MDW,RSW,2022,10,515,10,10,10.0,frozenset({1101}),1101,1.0,True,2022-10,1,2788,1
WN,BWI,RSW,2022,10,375,14,14,14.0,"frozenset({344, 354, 2854, 1294})",2854,1.0,True,2022-10,1,2789,1
WN,BWI,RSW,2022,10,875,12,12,12.0,frozenset({1294}),1294,1.0,True,2022-10,1,2790,1
WN,BWI,RSW,2022,10,1270,10,10,10.0,"frozenset({984, 1771})",1771,1.0,True,2022-10,1,2791,1
DL,LGA,RSW,2022,10,1165,15,10,10.0,frozenset({1498}),1498,0.6666666666666666,True,2022-10,1,2792,1
WN,LGB,LAS,2022,10,815,26,15,0.0,"frozenset({1020, 2863})",1020,0.5769230769230769,True,2022-10,1,2793,1
DL,LGA,BOS,2022,10,1319,14,8,0.0,"frozenset({2856, 573})",573,0.5714285714285714,True,2022-10,1,2794,1
AA,CLT,EYW,2022,10,1093,15,13,1.0,frozenset({1553}),1553,0.8666666666666667,True,2022-10,1,2795,1
UA,EWR,RSW,2022,10,1172,29,15,11.0,frozenset({1779}),1779,0.5172413793103449,True,2022-10,1,2796,1
AA,DCA,LGA,2022,10,1080,27,14,0.0,frozenset({2151}),2151,0.5185185185185185,True,2022-10,1,2797,1
F9,MCO,LAS,2022,10,1257,13,7,0.0,"frozenset({1105, 1103})",1103,0.5384615384615384,True,2022-10,1,2798,2
HA,OGG,LIH,2022,10,820,31,17,0.0,frozenset({249}),249,0.5483870967741935,True,2022-10,1,2799,1
B6,JFK,RDU,2022,10,1315,31,17,0.0,"frozenset({2585, 1385})",2585,0.5483870967741935,True,2022-10,5,1776,5
HA,LIH,HNL,2022,10,820,31,18,0.0,frozenset({264}),264,0.5806451612903226,True,2022-10,1,2800,1
B6,JFK,FLL,2022,10,1305,29,18,0.0,frozenset({1701}),1701,0.6206896551724138,True,2022-10,2,2702,2
WN,BNA,RSW,2022,10,800,12,12,12.0,"frozenset({2361, 1406})",1406,1.0,True,2022-10,1,2801,1
DL,RSW,ATL,2022,10,440,15,10,10.0,frozenset({1490}),1490,0.6666666666666666,True,2022-10,1,2802,1
DL,RSW,ATL,2022,10,516,23,12,11.0,frozenset({1475}),1475,0.5217391304347826,True,2022-10,1,2803,1
DL,RSW,LGA,2022,10,430,12,9,9.0,frozenset({1556}),1556,0.75,True,2022-10,1,2804,1
WN,IND,RSW,2022,10,725,10,10,10.0,frozenset({3112}),3112,1.0,True,2022-10,1,2805,1
AA,DFW,RSW,2022,10,923,14,8,5.0,frozenset({2736}),2736,0.5714285714285714,True,2022-10,1,2806,1
AA,DFW,RSW,2022,10,1168,29,16,10.0,frozenset({2474}),2474,0.5517241379310345,True,2022-10,1,2807,1
DL,ATL,RSW,2022,10,1365,14,11,10.0,frozenset({2918}),2918,0.7857142857142857,True,2022-10,1,2808,1
DL,ATL,RSW,2022,10,1250,16,10,10.0,frozenset({2237}),2237,0.625,True,2022-10,1,2809,1
DL,RSW,ATL,2022,10,349,15,10,10.0,frozenset({2259}),2259,0.6666666666666666,True,2022-10,1,2810,1
G4,BIS,AZA,2022,10,1348,10,6,0.0,"frozenset({2264, 657})",2264,0.6,True,2022-10,1,2811,1
WN,PIT,RSW,2022,10,980,10,10,10.0,frozenset({2564}),2564,1.0,True,2022-10,1,2812,1
WN,STL,RSW,2022,10,1180,10,10,10.0,frozenset({255}),255,1.0,True,2022-10,1,2813,1
WN,SAV,DAL,2022,10,925,10,6,0.0,"frozenset({1968, 2811})",2811,0.6,True,2022-10,1,2814,1
WN,ATL,RSW,2022,10,630,10,10,10.0,frozenset({206}),206,1.0,True,2022-10,1,2815,1
B6,LGA,RSW,2022,10,869,31,18,11.0,frozenset({2061}),2061,0.5806451612903226,True,2022-10,1,2816,1
F9,LAS,PHL,2022,10,1395,14,8,0.0,"frozenset({2144, 2142})",2142,0.5714285714285714,True,2022-10,1,2817,1
WN,RSW,STL,2022,10,1160,10,10,10.0,frozenset({1305}),1305,1.0,True,2022-10,1,2818,1
B6,PVD,MCO,2022,10,850,11,6,0.0,frozenset({375}),375,0.5454545454545454,True,2022-10,1,2819,1
WN,RSW,MDW,2022,10,1020,13,13,13.0,"frozenset({610, 2075})",2075,1.0,True,2022-10,2,2743,2
WN,RSW,MDW,2022,10,580,10,10,10.0,frozenset({2255}),2255,1.0,True,2022-10,1,2820,1
WN,RSW,MDW,2022,10,375,15,15,15.0,"frozenset({2253, 2413, 2255})",2253,1.0,True,2022-10,1,2821,1
HA,HNL,LIH,2022,10,935,31,16,1.0,frozenset({343}),343,0.5161290322580645,True,2022-10,1,2822,1
WN,RSW,MCO,2022,10,1065,10,10,10.0,frozenset({1294}),1294,1.0,True,2022-10,2,2744,2
HA,HNL,LIH,2022,10,855,31,17,1.0,frozenset({323}),323,0.5483870967741935,True,2022-10,1,2823,1
WN,RSW,IND,2022,10,775,10,10,10.0,frozenset({2198}),2198,1.0,True,2022-10,1,2824,1
WN,RSW,BWI,2022,10,1195,13,13,13.0,frozenset({2187}),2187,1.0,True,2022-10,1,2825,1
WN,RSW,BWI,2022,10,915,10,10,10.0,frozenset({2746}),2746,1.0,True,2022-10,1,2826,1
WN,RSW,BWI,2022,10,335,10,10,10.0,frozenset({304}),304,1.0,True,2022-10,1,2827,1
WN,RSW,BNA,2022,10,765,12,12,12.0,"frozenset({1724, 103})",103,1.0,True,2022-10,1,2828,1
WN,RSW,ATL,2022,10,1030,12,12,12.0,"frozenset({1162, 370, 1407})",1407,1.0,True,2022-10,1,2829,1
WN,RSW,ATL,2022,10,360,12,12,12.0,"frozenset({1570, 36})",36,1.0,True,2022-10,1,2830,1
HA,AUS,HNL,2022,10,560,13,9,0.0,frozenset({81}),81,0.6923076923076923,True,2022-10,4,2177,4
HA,HNL,ITO,2022,10,850,31,18,0.0,frozenset({302}),302,0.5806451612903226,True,2022-10,1,2831,1
HA,HNL,LIH,2022,10,975,31,16,0.0,frozenset({353}),353,0.5161290322580645,True,2022-10,1,2832,1
G4,PVU,AZA,2022,10,1392,17,9,0.0,frozenset({701}),701,0.5294117647058824,True,2022-10,1,2833,1
WN,ATL,RSW,2022,10,1335,12,12,12.0,"frozenset({2481, 274, 6510})",274,1.0,True,2022-10,1,2834,1
AA,LGA,DCA,2022,10,1200,26,14,0.0,frozenset({2151}),2151,0.5384615384615384,True,2022-10,1,2835,1
B6,RSW,JFK,2022,10,1139,29,18,10.0,frozenset({1730}),1730,0.6206896551724138,True,2022-10,1,2836,1
HA,ITO,HNL,2022,10,935,34,18,0.0,"frozenset({311, 271})",271,0.5294117647058824,True,2022-10,1,2837,1
HA,HNL,SJC,2022,10,735,31,17,0.0,frozenset({44}),44,0.5483870967741935,True,2022-10,1,2838,1
WN,BWI,MCO,2022,10,1275,24,13,0.0,"frozenset({699, 2158})",2158,0.5416666666666666,True,2022-10,1,2839,1
WN,PHX,SMF,2022,10,1135,21,12,0.0,frozenset({1795}),1795,0.5714285714285714,True,2022-10,1,2840,1
B6,EWR,FLL,2022,10,1130,15,8,0.0,frozenset({305}),305,0.5333333333333333,True,2022-10,1,2841,1
AA,RSW,DFW,2022,10,1184,14,8,5.0,frozenset({2736}),2736,0.5714285714285714,True,2022-10,1,2842,1
B6,LGA,JAX,2022,10,1305,24,16,0.0,frozenset({1839}),1839,0.6666666666666666,True,2022-10,1,2843,1
B6,JFK,FLL,2022,11,959,12,10,0.0,frozenset({2901}),2901,0.8333333333333334,True,2022-11,1,2844,1
F9,ONT,LAS,2022,11,1339,11,9,0.0,frozenset({2186}),2186,0.8181818181818182,True,2022-11,1,2845,2
OO,BIS,DFW,2022,11,885,26,14,1.0,frozenset({3161}),3161,0.5384615384615384,True,2022-11,1,2846,1
AA,PNS,DFW,2022,11,967,29,16,1.0,"frozenset({1048, 2671})",2671,0.5517241379310345,True,2022-11,1,2847,1
NK,MCO,EWR,2022,11,1093,22,12,1.0,"frozenset({1400, 1909})",1909,0.5454545454545454,True,2022-11,1,2848,2
AS,OGG,SFO,2022,11,1020,13,7,0.0,frozenset({710}),710,0.5384615384615384,True,2022-11,1,2849,2
NK,PSE,MCO,2022,11,855,25,13,2.0,frozenset({3027}),3027,0.52,True,2022-11,1,2850,1
AA,SAV,DFW,2022,11,1055,22,13,1.0,frozenset({509}),509,0.5909090909090909,True,2022-11,1,2851,1
F9,TPA,GRR,2022,11,993,11,6,2.0,frozenset({2510}),2510,0.5454545454545454,True,2022-11,1,2852,1
F9,MCO,TTN,2022,11,930,10,6,2.0,frozenset({798}),798,0.6,True,2022-11,1,2853,1
AS,OGG,PDX,2022,11,975,12,9,0.0,frozenset({898}),898,0.75,True,2022-11,1,2854,2
B6,JFK,MCO,2022,11,1310,24,18,2.0,frozenset({2583}),2583,0.75,True,2022-11,1,2855,2
B6,BOS,MCO,2022,11,1285,10,6,1.0,frozenset({651}),651,0.6,True,2022-11,1,2856,1
HA,SMF,HNL,2022,11,480,30,16,0.0,frozenset({19}),19,0.5333333333333333,True,2022-11,1,2857,2
YX,ILM,EWR,2022,11,1068,29,16,1.0,"frozenset({3466, 3435})",3466,0.5517241379310345,True,2022-11,1,2858,1
B6,BOS,PBI,2022,11,574,13,9,0.0,frozenset({2421}),2421,0.6923076923076923,True,2022-11,1,2859,1
AA,RDU,LGA,2022,11,1018,24,13,0.0,"frozenset({1096, 1859})",1859,0.5416666666666666,True,2022-11,1,2860,2
NK,SJU,MCO,2022,11,925,10,6,2.0,"frozenset({2837, 111})",111,0.6,True,2022-11,1,2861,1
WN,MDW,ALB,2022,11,1135,11,9,0.0,"frozenset({2851, 1477})",2851,0.8181818181818182,True,2022-11,1,2862,1
F9,PHX,LAS,2022,11,1215,25,14,0.0,frozenset({2161}),2161,0.56,True,2022-11,1,2863,1
B6,BQN,MCO,2022,11,202,13,7,0.0,"frozenset({729, 629})",629,0.5384615384615384,True,2022-11,1,2864,2
NK,MCO,AUS,2022,11,936,13,8,1.0,frozenset({1878}),1878,0.6153846153846154,True,2022-11,1,2865,1
AA,DFW,SMF,2022,11,1260,27,15,0.0,frozenset({456}),456,0.5555555555555556,True,2022-11,1,2866,1
AA,DFW,SFO,2022,11,797,23,13,0.0,"frozenset({2802, 219})",219,0.5652173913043478,True,2022-11,1,2867,1
NK,MCO,CMH,2022,11,1160,23,12,3.0,frozenset({1672}),1672,0.5217391304347826,True,2022-11,1,2868,1
WN,AUS,BNA,2022,11,1300,11,6,0.0,frozenset({1318}),1318,0.5454545454545454,True,2022-11,1,2869,1
B6,FLL,JFK,2022,11,1215,13,8,0.0,frozenset({1802}),1802,0.6153846153846154,True,2022-11,1,2870,1
WN,AUS,BUR,2022,11,940,18,10,0.0,"frozenset({3309, 165})",165,0.5555555555555556,True,2022-11,1,2871,1
F9,SWF,FLL,2022,11,1243,11,6,1.0,frozenset({2635}),2635,0.5454545454545454,True,2022-11,1,2872,1
AA,DFW,PNS,2022,11,824,30,16,1.0,"frozenset({2779, 2671})",2671,0.5333333333333333,True,2022-11,1,2873,2
F9,PBI,ATL,2022,11,1254,15,9,1.0,frozenset({1351}),1351,0.6,True,2022-11,1,2874,1
B6,EWR,MCO,2022,11,1125,29,16,3.0,frozenset({1827}),1827,0.5517241379310345,True,2022-11,1,2875,1
AA,DFW,GEG,2022,11,1145,29,16,0.0,frozenset({303}),303,0.5517241379310345,True,2022-11,1,2876,1
MQ,IAD,AUS,2022,11,1048,15,8,2.0,frozenset({4223}),4223,0.5333333333333333,True,2022-11,1,2877,1
B6,FLL,BNA,2022,11,1350,12,10,0.0,frozenset({181}),181,0.8333333333333334,True,2022-11,1,2878,1
B6,JAX,LGA,2022,11,1115,27,16,1.0,frozenset({2340}),2340,0.5925925925925926,True,2022-11,2,2781,2
AA,SNA,AUS,2022,11,796,27,15,0.0,frozenset({2458}),2458,0.5555555555555556,True,2022-11,1,2879,1
NK,MCO,EWR,2022,11,925,23,12,3.0,frozenset({1400}),1400,0.5217391304347826,True,2022-11,1,2880,1
HA,OGG,HNL,2022,11,915,30,16,0.0,frozenset({305}),305,0.5333333333333333,True,2022-11,1,2881,1
F9,CLT,MCO,2022,11,1339,26,15,2.0,"frozenset({1051, 1053})",1051,0.5769230769230769,True,2022-11,1,2882,1
B6,PBI,EWR,2022,11,1100,29,16,4.0,frozenset({1244}),1244,0.5517241379310345,True,2022-11,1,2883,2
B6,PBI,LGA,2022,11,1090,29,15,1.0,frozenset({1262}),1262,0.5172413793103449,True,2022-11,1,2884,1
B6,LGA,BNA,2022,11,1320,25,13,1.0,frozenset({887}),887,0.52,True,2022-11,1,2885,1
B6,LGA,BNA,2022,11,959,10,6,0.0,frozenset({2187}),2187,0.6,True,2022-11,1,2886,1
B6,MCO,SJU,2022,11,1200,25,14,1.0,frozenset({933}),933,0.56,True,2022-11,1,2887,1
B6,MCO,JFK,2022,11,1107,26,14,2.0,frozenset({1284}),1284,0.5384615384615384,True,2022-11,1,2888,1
F9,DEN,PHL,2022,11,10,20,13,0.0,frozenset({518}),518,0.65,True,2022-11,1,2889,2
B6,LGA,MCO,2022,11,1270,21,13,2.0,frozenset({499}),499,0.6190476190476191,True,2022-11,1,2890,2
B6,MCO,JFK,2022,11,949,29,17,2.0,frozenset({2884}),2884,0.5862068965517241,True,2022-11,1,2891,2
F9,BWI,LAS,2022,11,453,12,7,0.0,"frozenset({1947, 1949})",1947,0.5833333333333334,True,2022-11,1,2892,1
B6,MCO,DCA,2022,11,939,29,16,2.0,frozenset({2424}),2424,0.5517241379310345,True,2022-11,1,2893,1
B6,LGA,PBI,2022,11,885,29,15,2.0,frozenset({761}),761,0.5172413793103449,True,2022-11,1,2894,1
F9,MCO,BWI,2022,11,1346,26,14,2.0,"frozenset({1242, 1244})",1244,0.5384615384615384,True,2022-11,1,2895,1
B6,MCO,BUF,2022,11,1020,19,11,4.0,frozenset({1586}),1586,0.5789473684210527,True,2022-11,1,2896,1
B6,MCO,LGA,2022,11,1135,30,17,2.0,frozenset({798}),798,0.5666666666666667,True,2022-11,1,2897,2
B6,RIC,MCO,2022,11,939,10,7,0.0,frozenset({969}),969,0.7,True,2022-11,1,2898,1
F9,LAS,ONT,2022,11,1278,11,6,0.0,frozenset({2187}),2187,0.5454545454545454,True,2022-11,1,2899,1
F9,MCO,CLT,2022,11,1182,26,14,2.0,frozenset({1050}),1050,0.5384615384615384,True,2022-11,1,2900,1
F9,MCO,LAS,2022,11,1188,26,15,2.0,"frozenset({1105, 1103})",1103,0.5769230769230769,True,2022-11,2,2798,2
B6,LGA,JAX,2022,11,900,27,15,1.0,frozenset({2339}),2339,0.5555555555555556,True,2022-11,1,2901,1
B6,LAS,FLL,2022,11,1410,30,18,0.0,frozenset({608}),608,0.6,True,2022-11,1,2902,2
F9,MCO,PHL,2022,11,1005,26,16,2.0,frozenset({1162}),1162,0.6153846153846154,True,2022-11,1,2903,2
F9,DEN,MCO,2022,11,11,11,6,2.0,"frozenset({684, 678})",678,0.5454545454545454,True,2022-11,2,2780,3
B6,LGA,FLL,2022,11,1305,15,10,0.0,"frozenset({571, 1971})",571,0.6666666666666666,True,2022-11,1,2904,1
B6,LGA,FLL,2022,11,959,27,14,0.0,frozenset({371}),371,0.5185185185185185,True,2022-11,1,2905,1
F9,BUF,MCO,2022,11,775,25,14,3.0,frozenset({1039}),1039,0.56,True,2022-11,1,2906,2
B6,PBI,DCA,2022,11,1120,29,16,1.0,frozenset({2534}),2534,0.5517241379310345,True,2022-11,1,2907,1
B6,MCO,EWR,2022,11,1279,17,11,2.0,"frozenset({2728, 2194})",2194,0.6470588235294118,True,2022-11,1,2908,1
B6,MCO,SJU,2022,11,1400,10,6,0.0,frozenset({2933}),2933,0.6,True,2022-11,1,2909,1
B6,MCO,LGA,2022,11,1054,28,15,3.0,frozenset({1798}),1798,0.5357142857142857,True,2022-11,1,2910,2
F9,BQN,MCO,2022,11,1285,20,11,2.0,frozenset({139}),139,0.55,True,2022-11,1,2911,2
F9,BWI,LAS,2022,11,1244,18,10,0.0,"frozenset({1947, 1949})",1947,0.5555555555555556,True,2022-11,1,2912,1
B6,SJU,MCO,2022,11,870,25,15,2.0,frozenset({934}),934,0.6,True,2022-11,1,2913,1
F9,GRR,TPA,2022,11,1211,11,6,2.0,frozenset({2511}),2511,0.5454545454545454,True,2022-11,1,2914,1
WN,SMF,SNA,2022,12,1230,13,9,7.0,frozenset({1560}),1560,0.6923076923076923,True,2022-12,1,2915,1
WN,DEN,HDN,2022,12,765,13,8,5.0,"frozenset({145, 4823})",145,0.6153846153846154,True,2022-12,1,2916,1
WN,SMF,LGB,2022,12,1040,14,8,5.0,"frozenset({2297, 143})",2297,0.5714285714285714,True,2022-12,1,2917,1
WN,STL,CLE,2022,12,1225,14,9,4.0,frozenset({4814}),4814,0.6428571428571429,True,2022-12,1,2918,1
WN,SMF,LAX,2022,12,1180,19,10,7.0,"frozenset({923, 3269})",3269,0.5263157894736842,True,2022-12,1,2919,1
WN,DEN,HDN,2022,12,960,13,10,7.0,"frozenset({3377, 2723, 437})",3377,0.7692307692307693,True,2022-12,1,2920,1
WN,SMF,LAS,2022,12,810,14,9,1.0,frozenset({1825}),1825,0.6428571428571429,True,2022-12,1,2921,1
WN,SMF,SNA,2022,12,1120,39,21,14.0,"frozenset({2088, 102})",102,0.5384615384615384,True,2022-12,1,2922,1
WN,SMF,SEA,2022,12,320,13,7,6.0,frozenset({866}),866,0.5384615384615384,True,2022-12,1,2923,1
WN,DEN,TPA,2022,12,1180,20,12,6.0,"frozenset({2435, 253})",2435,0.6,True,2022-12,1,2924,1
WN,ELP,DEN,2022,12,1115,14,8,7.0,"frozenset({3080, 3491})",3080,0.5714285714285714,True,2022-12,1,2925,1
F9,ATL,PHX,2022,12,1259,31,20,4.0,frozenset({1563}),1563,0.6451612903225806,True,2022-12,1,2926,1
UA,SLC,EWR,2022,12,809,17,11,1.0,frozenset({2054}),2054,0.6470588235294118,True,2022-12,1,2927,1
UA,SLC,EWR,2022,12,38,16,11,2.0,frozenset({1332}),1332,0.6875,True,2022-12,1,2928,1
WN,STL,DAL,2022,12,1255,13,7,3.0,frozenset({222}),222,0.5384615384615384,True,2022-12,1,2929,1
AA,MIA,DEN,2022,12,1185,14,8,0.0,frozenset({2191}),2191,0.5714285714285714,True,2022-12,1,2930,1
NK,MCO,DTW,2022,12,1255,31,16,3.0,frozenset({1222}),1222,0.5161290322580645,True,2022-12,1,2931,1
AA,MIA,SEA,2022,12,1260,15,8,2.0,frozenset({305}),305,0.5333333333333333,True,2022-12,1,2932,1
WN,DEN,GEG,2022,12,1335,26,16,7.0,"frozenset({5544, 2790})",2790,0.6153846153846154,True,2022-12,1,2933,1
WN,DEN,HDN,2022,12,565,13,8,5.0,"frozenset({1296, 682})",1296,0.6153846153846154,True,2022-12,1,2934,1
WN,SMF,ONT,2022,12,1130,14,10,5.0,"frozenset({351, 3127})",351,0.7142857142857143,True,2022-12,1,2935,1
NK,MCO,ACY,2022,12,1304,25,13,2.0,frozenset({2158}),2158,0.52,True,2022-12,1,2936,1
WN,DTW,MDW,2022,12,1240,14,8,6.0,"frozenset({1740, 1349})",1740,0.5714285714285714,True,2022-12,1,2937,1
WN,SNA,DEN,2022,12,1140,13,8,8.0,frozenset({3188}),3188,0.6153846153846154,True,2022-12,1,2938,1
UA,SFO,OGG,2022,12,673,19,10,1.0,"frozenset({1273, 308, 2623})",1273,0.5263157894736842,True,2022-12,1,2939,1
AA,ORD,BNA,2022,12,1171,12,8,1.0,frozenset({356}),356,0.6666666666666666,True,2022-12,1,2940,1
NK,MCO,BQN,2022,12,1341,31,16,0.0,frozenset({164}),164,0.5161290322580645,True,2022-12,1,2941,1
UA,TPA,EWR,2022,12,1082,17,10,0.0,frozenset({599}),599,0.5882352941176471,True,2022-12,1,2942,1
NK,MCO,ATL,2022,12,1260,31,22,0.0,frozenset({770}),770,0.7096774193548387,True,2022-12,1,2943,1
UA,SRQ,EWR,2022,12,1160,15,9,2.0,frozenset({329}),329,0.6,True,2022-12,1,2944,1
UA,SRQ,EWR,2022,12,992,17,13,1.0,frozenset({2455}),2455,0.7647058823529411,True,2022-12,1,2945,1
AA,ORD,AUS,2022,12,1050,17,9,1.0,frozenset({985}),985,0.5294117647058824,True,2022-12,1,2946,1
NK,MCO,CLE,2022,12,1230,23,14,5.0,frozenset({707}),707,0.6086956521739131,True,2022-12,1,2947,1
WN,SNA,OAK,2022,12,1055,14,9,6.0,"frozenset({938, 375})",938,0.6428571428571429,True,2022-12,1,2948,1
WN,SMF,PHX,2022,12,895,14,8,4.0,"frozenset({2715, 2598})",2598,0.5714285714285714,True,2022-12,1,2949,1
AA,ORD,ATL,2022,12,1155,12,7,1.0,frozenset({2366}),2366,0.5833333333333334,True,2022-12,1,2950,1
WN,SRQ,BNA,2022,12,675,13,7,4.0,"frozenset({2650, 2491})",2650,0.5384615384615384,True,2022-12,1,2951,1
AA,MTJ,DFW,2022,12,767,15,8,0.0,"frozenset({665, 2950})",665,0.5333333333333333,True,2022-12,1,2952,1
AA,ORD,BOS,2022,12,1200,11,6,0.0,frozenset({2682}),2682,0.5454545454545454,True,2022-12,1,2953,1
WN,SRQ,BWI,2022,12,910,13,7,4.0,"frozenset({3251, 3503})",3251,0.5384615384615384,True,2022-12,1,2954,1
F9,MCO,SJU,2022,12,1389,31,18,2.0,frozenset({104}),104,0.5806451612903226,True,2022-12,1,2955,1
NK,MCO,EWR,2022,12,876,18,13,0.0,frozenset({3500}),3500,0.7222222222222222,True,2022-12,1,2956,1
WN,DEN,SMF,2022,12,1270,10,7,5.0,"frozenset({1114, 3394})",1114,0.7,True,2022-12,1,2957,1
F9,ATL,PHL,2022,12,864,22,15,1.0,frozenset({2384}),2384,0.6818181818181818,True,2022-12,1,2958,1
WN,DEN,SLC,2022,12,1365,14,9,4.0,frozenset({298}),298,0.6428571428571429,True,2022-12,1,2959,1
OH,BUF,PHL,2022,12,975,11,6,4.0,frozenset({5226}),5226,0.5454545454545454,True,2022-12,1,2960,1
UA,PBI,EWR,2022,12,1145,17,12,4.0,frozenset({2300}),2300,0.7058823529411765,True,2022-12,1,2961,1
YV,BFL,PHX,2022,12,715,15,9,0.0,"frozenset({5805, 5750})",5805,0.6,True,2022-12,1,2962,1
UA,PBI,EWR,2022,12,1077,28,17,1.0,frozenset({2209}),2209,0.6071428571428571,True,2022-12,1,2963,1
UA,PBI,EWR,2022,12,841,17,10,3.0,frozenset({2081}),2081,0.5882352941176471,True,2022-12,1,2964,1
B6,SAV,JFK,2022,12,1175,29,15,0.0,frozenset({342}),342,0.5172413793103449,True,2022-12,1,2965,1
B6,SEA,BOS,2022,12,1439,31,17,0.0,frozenset({498}),498,0.5483870967741935,True,2022-12,1,2966,1
F9,ATL,PBI,2022,12,949,17,10,2.0,frozenset({1350}),1350,0.5882352941176471,True,2022-12,1,2967,1
NK,SEA,LAS,2022,12,730,31,17,6.0,frozenset({422}),422,0.5483870967741935,True,2022-12,1,2968,1
UA,ORF,EWR,2022,12,1107,12,7,0.0,frozenset({1868}),1868,0.5833333333333334,True,2022-12,1,2969,1
UA,ORD,BZN,2022,12,1207,17,9,1.0,frozenset({1641}),1641,0.5294117647058824,True,2022-12,1,2970,1
UA,ORD,BUF,2022,12,1120,17,9,5.0,frozenset({1683}),1683,0.5294117647058824,True,2022-12,1,2971,1
B6,SJU,MCO,2022,12,1319,24,16,0.0,frozenset({2134}),2134,0.6666666666666666,True,2022-12,1,2972,1
UA,MSY,EWR,2022,12,962,13,7,1.0,frozenset({2645}),2645,0.5384615384615384,True,2022-12,1,2973,1
YV,FAR,PHX,2022,12,896,28,15,4.0,frozenset({5888}),5888,0.5357142857142857,True,2022-12,1,2974,1
UA,MSP,EWR,2022,12,894,16,11,1.0,frozenset({459}),459,0.6875,True,2022-12,1,2975,1
UA,MKE,EWR,2022,12,1069,28,17,0.0,"frozenset({267, 1631})",1631,0.6071428571428571,True,2022-12,1,2976,1
UA,MIA,EWR,2022,12,1136,17,9,0.0,frozenset({450}),450,0.5294117647058824,True,2022-12,1,2977,1
UA,MIA,EWR,2022,12,894,32,18,0.0,"frozenset({1321, 2155})",1321,0.5625,True,2022-12,1,2978,1
B6,SLC,JFK,2022,12,1423,31,17,1.0,frozenset({72}),72,0.5483870967741935,True,2022-12,1,2979,1
YV,LGB,PHX,2022,12,710,16,10,0.0,frozenset({5751}),5751,0.625,True,2022-12,1,2980,1
B6,SJU,MCO,2022,12,1225,31,16,0.0,frozenset({1134}),1134,0.5161290322580645,True,2022-12,1,2981,1
WN,STL,LGA,2022,12,905,14,8,5.0,"frozenset({2104, 2322})",2322,0.5714285714285714,True,2022-12,1,2982,1
NK,SEA,LAS,2022,12,590,23,12,2.0,frozenset({1874}),1874,0.5217391304347826,True,2022-12,1,2983,1
B6,SAN,FLL,2022,12,1305,11,7,1.0,frozenset({530}),530,0.6363636363636364,True,2022-12,1,2984,1
UA,SEA,EWR,2022,12,711,19,10,1.0,frozenset({591}),591,0.5263157894736842,True,2022-12,1,2985,1
WN,STL,MCO,2022,12,1225,13,7,5.0,"frozenset({1568, 2009})",1568,0.5384615384615384,True,2022-12,1,2986,1
WN,STL,MDW,2022,12,1150,20,11,4.0,"frozenset({946, 3694})",946,0.55,True,2022-12,1,2987,1
UA,SAV,EWR,2022,12,1189,27,15,2.0,frozenset({682}),682,0.5555555555555556,True,2022-12,1,2988,1
NK,MCO,EWR,2022,12,1100,23,12,3.0,frozenset({1909}),1909,0.5217391304347826,True,2022-12,2,2848,2
NK,MCO,FLL,2022,12,1235,13,7,0.0,frozenset({675}),675,0.5384615384615384,True,2022-12,1,2989,1
WN,DEN,STL,2022,12,1255,12,9,7.0,"frozenset({193, 4778, 2275})",2275,0.75,True,2022-12,1,2990,1
WN,STL,RSW,2022,12,760,10,7,5.0,"frozenset({1819, 5047})",5047,0.7,True,2022-12,1,2991,1
WN,STL,RSW,2022,12,915,13,9,5.0,"frozenset({1408, 1218})",1218,0.6923076923076923,True,2022-12,1,2992,1
UA,RSW,EWR,2022,12,1145,17,9,1.0,frozenset({1092}),1092,0.5294117647058824,True,2022-12,1,2993,1
WN,STL,TPA,2022,12,1270,13,7,6.0,"frozenset({1249, 135})",135,0.5384615384615384,True,2022-12,1,2994,1
WN,TPA,MDW,2022,12,1310,26,14,7.0,frozenset({1551}),1551,0.5384615384615384,True,2022-12,1,2995,1
F9,ATL,PHL,2022,12,1239,31,20,2.0,"frozenset({2384, 2386, 2382})",2382,0.6451612903225806,True,2022-12,1,2996,1
WN,TPA,ATL,2022,12,1090,13,9,5.0,"frozenset({752, 1974})",752,0.6923076923076923,True,2022-12,1,2997,1
NK,MCO,LAS,2022,12,1220,24,15,1.0,frozenset({1137}),1137,0.625,True,2022-12,1,2998,1
NK,MCO,MHT,2022,12,1225,18,14,1.0,frozenset({2009}),2009,0.7777777777777778,True,2022-12,1,2999,1
NK,MCO,SJU,2022,12,1105,31,16,2.0,frozenset({880}),880,0.5161290322580645,True,2022-12,1,3000,1
WN,DEN,IAD,2022,12,1175,20,11,8.0,"frozenset({512, 3281})",512,0.55,True,2022-12,1,3001,1
NK,OAK,EWR,2022,12,515,31,17,2.0,frozenset({2409}),2409,0.5483870967741935,True,2022-12,1,3002,1
WN,TPA,DEN,2022,12,1290,14,8,7.0,"frozenset({2757, 2711})",2757,0.5714285714285714,True,2022-12,1,3003,1
NK,ORD,DFW,2022,12,981,25,18,4.0,frozenset({3314}),3314,0.72,True,2022-12,1,3004,1
NK,PNS,MCO,2022,12,1030,22,14,1.0,frozenset({1098}),1098,0.6363636363636364,True,2022-12,1,3005,1
WN,TPA,MCI,2022,12,1150,13,7,5.0,frozenset({2502}),2502,0.5384615384615384,True,2022-12,1,3006,1
UA,RDU,EWR,2022,12,1158,17,11,0.0,frozenset({1958}),1958,0.6470588235294118,True,2022-12,1,3007,1
NK,MCO,IND,2022,12,1240,16,9,3.0,frozenset({1109}),1109,0.5625,True,2022-12,1,3008,1
WN,STL,PHX,2022,12,900,12,8,1.0,"frozenset({346, 3327})",3327,0.6666666666666666,True,2022-12,1,3009,1
WN,ABQ,PHX,2022,12,1175,14,8,4.0,"frozenset({2172, 1852})",1852,0.5714285714285714,True,2022-12,1,3010,1
WN,ELP,HOU,2022,12,445,11,6,4.0,"frozenset({1725, 775})",775,0.5454545454545454,True,2022-12,1,3011,1
WN,HDN,DEN,2022,12,665,13,9,7.0,"frozenset({2302, 1951})",1951,0.6923076923076923,True,2022-12,1,3012,1
WN,DEN,DSM,2022,12,1235,14,9,7.0,"frozenset({155, 2990})",2990,0.6428571428571429,True,2022-12,1,3013,1
B6,PSP,JFK,2022,12,1319,27,14,1.0,frozenset({2050}),2050,0.5185185185185185,True,2022-12,1,3014,1
WN,GEG,SMF,2022,12,775,13,8,5.0,"frozenset({3314, 716, 599})",599,0.6153846153846154,True,2022-12,1,3015,1
WN,GEG,PHX,2022,12,955,13,10,5.0,frozenset({1269}),1269,0.7692307692307693,True,2022-12,1,3016,1
AA,ORD,TPA,2022,12,911,15,9,1.0,frozenset({2409}),2409,0.6,True,2022-12,1,3017,1
WN,FLL,PIT,2022,12,910,19,11,5.0,frozenset({1294}),1294,0.5789473684210527,True,2022-12,1,3018,1
AA,ORD,TPA,2022,12,634,14,9,1.0,frozenset({1557}),1557,0.6428571428571429,True,2022-12,1,3019,1
MQ,ORD,LEX,2022,12,1170,12,7,1.0,frozenset({3530}),3530,0.5833333333333334,True,2022-12,1,3020,1
MQ,ORD,ROC,2022,12,1160,11,7,1.0,frozenset({4180}),4180,0.6363636363636364,True,2022-12,1,3021,1
WN,SAN,DEN,2022,12,530,10,7,7.0,"frozenset({3385, 1483})",1483,0.7,True,2022-12,1,3022,1
WN,FLL,MSY,2022,12,1140,31,17,4.0,"frozenset({1960, 1615})",1960,0.5483870967741935,True,2022-12,1,3023,1
B6,RDU,BOS,2022,12,1175,16,9,1.0,frozenset({1484}),1484,0.5625,True,2022-12,1,3024,1
WN,FLL,MDW,2022,12,1125,26,15,4.0,frozenset({331}),331,0.5769230769230769,True,2022-12,1,3025,1
WN,SAN,LAS,2022,12,800,23,12,0.0,"frozenset({2712, 1092})",1092,0.5217391304347826,True,2022-12,1,3026,1
WN,SAN,LAS,2022,12,1270,26,17,8.0,"frozenset({2777, 1310})",1310,0.6538461538461539,True,2022-12,1,3027,1
MQ,ORD,SDF,2022,12,1226,12,8,2.0,frozenset({3454}),3454,0.6666666666666666,True,2022-12,1,3028,1
MQ,TVC,ORD,2022,12,975,12,8,2.0,frozenset({3918}),3918,0.6666666666666666,True,2022-12,1,3029,1
WN,AUS,AMA,2022,12,1195,17,10,3.0,"frozenset({2004, 2070})",2070,0.5882352941176471,True,2022-12,1,3030,1
NK,BNA,FLL,2022,12,995,21,12,2.0,frozenset({228}),228,0.5714285714285714,True,2022-12,1,3031,1
WN,SAN,OAK,2022,12,1150,14,8,6.0,"frozenset({2040, 3471})",3471,0.5714285714285714,True,2022-12,1,3032,1
WN,SAN,PHX,2022,12,1140,11,7,6.0,frozenset({3283}),3283,0.6363636363636364,True,2022-12,1,3033,1
WN,SAN,SFO,2022,12,730,13,9,3.0,"frozenset({3554, 1362})",1362,0.6923076923076923,True,2022-12,1,3034,1
WN,HDN,DEN,2022,12,865,13,7,5.0,"frozenset({3191, 1951})",3191,0.5384615384615384,True,2022-12,1,3035,1
WN,HDN,DEN,2022,12,1060,13,10,6.0,"frozenset({1049, 500, 737})",500,0.7692307692307693,True,2022-12,1,3036,1
WN,HNL,ITO,2022,12,820,31,16,1.0,frozenset({138}),138,0.5161290322580645,True,2022-12,1,3037,1
MQ,ORD,IAH,2022,12,505,16,10,0.0,frozenset({3404}),3404,0.625,True,2022-12,1,3038,1
WN,AUS,MDW,2022,12,305,13,7,4.0,frozenset({3827}),3827,0.5384615384615384,True,2022-12,1,3039,1
WN,PHX,TUL,2022,12,1175,13,8,5.0,frozenset({2569}),2569,0.6153846153846154,True,2022-12,1,3040,1
F9,BUF,FLL,2022,12,1174,16,11,6.0,frozenset({2663}),2663,0.6875,True,2022-12,1,3041,1
WN,HOU,MAF,2022,12,1315,26,14,5.0,"frozenset({1505, 3419, 3523})",3523,0.5384615384615384,True,2022-12,1,3042,1
MQ,OKC,ORD,2022,12,984,13,7,1.0,frozenset({3316}),3316,0.5384615384615384,True,2022-12,1,3043,1
MQ,ORD,ALB,2022,12,1016,13,9,0.0,frozenset({3609}),3609,0.6923076923076923,True,2022-12,1,3044,1
F9,BQN,MCO,2022,12,1285,24,16,1.0,frozenset({139}),139,0.6666666666666666,True,2022-12,2,2911,2
WN,PSP,LAS,2022,12,975,26,16,5.0,"frozenset({2817, 1826, 3398})",2817,0.6153846153846154,True,2022-12,1,3045,1
WN,PWM,BWI,2022,12,1065,13,8,5.0,frozenset({1072}),1072,0.6153846153846154,True,2022-12,1,3046,1
WN,RIC,ATL,2022,12,1060,13,9,4.0,frozenset({986}),986,0.6923076923076923,True,2022-12,1,3047,1
WN,HOU,JAN,2022,12,1260,13,11,4.0,"frozenset({3472, 1011})",3472,0.8461538461538461,True,2022-12,1,3048,1
F9,BDL,ATL,2022,12,1248,31,17,0.0,frozenset({1559}),1559,0.5483870967741935,True,2022-12,1,3049,1
WN,HOU,IND,2022,12,995,14,8,5.0,"frozenset({434, 2949})",2949,0.5714285714285714,True,2022-12,1,3050,1
WN,RNO,LAS,2022,12,1190,22,14,8.0,"frozenset({1515, 285})",285,0.6363636363636364,True,2022-12,1,3051,1
WN,AUS,LAS,2022,12,1230,13,8,2.0,"frozenset({1960, 3431})",3431,0.6153846153846154,True,2022-12,1,3052,1
F9,BNA,MCO,2022,12,1277,18,10,2.0,frozenset({1030}),1030,0.5555555555555556,True,2022-12,1,3053,1
WN,ROC,BWI,2022,12,745,11,6,4.0,"frozenset({186, 3599})",3599,0.5454545454545454,True,2022-12,1,3054,1
WN,HOU,ELP,2022,12,1300,23,14,2.0,"frozenset({2145, 1403})",2145,0.6086956521739131,True,2022-12,1,3055,1
F9,BDL,LAS,2022,12,1335,31,26,0.0,frozenset({2035}),2035,0.8387096774193549,True,2022-12,1,3056,1
AA,PNS,DFW,2022,12,1069,14,10,0.0,frozenset({575}),575,0.7142857142857143,True,2022-12,1,3057,1
B6,PBI,EWR,2022,12,1108,22,14,1.0,frozenset({1244}),1244,0.6363636363636364,True,2022-12,2,2883,2
WN,HNL,ITO,2022,12,1165,31,16,0.0,frozenset({1476}),1476,0.5161290322580645,True,2022-12,1,3058,1
AA,PHX,GRR,2022,12,700,14,8,2.0,frozenset({2434}),2434,0.5714285714285714,True,2022-12,1,3059,1
MQ,ORD,DSM,2022,12,1174,12,8,0.0,frozenset({3934}),3934,0.6666666666666666,True,2022-12,1,3060,1
WN,RNO,LAS,2022,12,1055,13,8,3.0,"frozenset({344, 3324})",3324,0.6153846153846154,True,2022-12,1,3061,1
NK,MCO,ACY,2022,12,1070,21,12,2.0,"frozenset({2158, 1102})",1102,0.5714285714285714,True,2022-12,1,3062,1
F9,ATL,SFO,2022,12,1189,31,16,1.0,frozenset({1523}),1523,0.5161290322580645,True,2022-12,1,3063,1
WN,SAT,PHX,2022,12,1175,13,8,5.0,frozenset({384}),384,0.6153846153846154,True,2022-12,1,3064,1
WN,SJC,LAS,2022,12,830,14,8,1.0,"frozenset({2481, 541})",2481,0.5714285714285714,True,2022-12,1,3065,1
WN,SJC,LAS,2022,12,1210,20,11,5.0,"frozenset({3360, 117})",117,0.55,True,2022-12,1,3066,1
WN,FLL,ATL,2022,12,1140,29,16,6.0,frozenset({506}),506,0.5517241379310345,True,2022-12,1,3067,1
WN,ATL,FLL,2022,12,1235,13,7,6.0,"frozenset({504, 2335})",2335,0.5384615384615384,True,2022-12,1,3068,1
WN,SJC,PHX,2022,12,1145,13,8,5.0,"frozenset({3336, 3250})",3250,0.6153846153846154,True,2022-12,1,3069,1
WN,SJC,SAN,2022,12,1200,29,15,10.0,frozenset({2079}),2079,0.5172413793103449,True,2022-12,1,3070,1
WN,SJC,SEA,2022,12,1290,14,8,6.0,"frozenset({819, 3237, 1445})",819,0.5714285714285714,True,2022-12,1,3071,1
WN,SJC,SNA,2022,12,980,14,8,4.0,"frozenset({1576, 1855})",1576,0.5714285714285714,True,2022-12,1,3072,1
WN,SJC,SNA,2022,12,1075,19,10,6.0,"frozenset({347, 2070})",2070,0.5263157894736842,True,2022-12,1,3073,1
WN,SJU,MCO,2022,12,1030,13,8,4.0,"frozenset({3578, 349})",349,0.6153846153846154,True,2022-12,1,3074,1
NK,EWR,OAK,2022,12,1070,31,19,2.0,frozenset({2410}),2410,0.6129032258064516,True,2022-12,1,3075,1
WN,ATL,DAL,2022,12,1220,19,10,2.0,"frozenset({2072, 2471})",2471,0.5263157894736842,True,2022-12,1,3076,1
WN,EUG,OAK,2022,12,1045,14,8,5.0,"frozenset({472, 1758})",1758,0.5714285714285714,True,2022-12,1,3077,1
NK,FLL,PIT,2022,12,1245,27,14,2.0,frozenset({1505}),1505,0.5185185185185185,True,2022-12,1,3078,1
NK,LAS,BNA,2022,12,1110,18,10,1.0,frozenset({415}),415,0.5555555555555556,True,2022-12,1,3079,1
WN,DEN,DTW,2022,12,925,10,8,7.0,"frozenset({1740, 398})",1740,0.8,True,2022-12,1,3080,1
WN,SLC,LAX,2022,12,930,13,9,4.0,frozenset({493}),493,0.6923076923076923,True,2022-12,1,3081,1
WN,DEN,FLL,2022,12,760,20,11,4.0,"frozenset({858, 1517})",1517,0.55,True,2022-12,1,3082,1
F9,ATL,MIA,2022,12,995,13,8,0.0,frozenset({1514}),1514,0.6153846153846154,True,2022-12,1,3083,1
WN,ABQ,PHX,2022,12,345,13,7,4.0,"frozenset({1053, 983})",1053,0.5384615384615384,True,2022-12,1,3084,1
AA,ORD,BWI,2022,12,1050,29,15,0.0,"frozenset({1044, 975})",975,0.5172413793103449,True,2022-12,1,3085,1
WN,SMF,DEN,2022,12,1035,13,8,3.0,"frozenset({1481, 4842})",1481,0.6153846153846154,True,2022-12,1,3086,1
WN,SMF,GEG,2022,12,870,13,8,5.0,"frozenset({3069, 3430})",3069,0.6153846153846154,True,2022-12,1,3087,1
B6,RNO,JFK,2022,12,1430,14,10,3.0,frozenset({80}),80,0.7142857142857143,True,2022-12,1,3088,1
WN,ATL,JAN,2022,12,1230,13,8,6.0,frozenset({779}),779,0.6153846153846154,True,2022-12,1,3089,1
NK,EWR,LAS,2022,12,1232,20,11,2.0,frozenset({698}),698,0.55,True,2022-12,1,3090,1
NK,EWR,IND,2022,12,1095,18,10,2.0,frozenset({715}),715,0.5555555555555556,True,2022-12,1,3091,1
B6,RDU,JFK,2022,12,1175,29,15,0.0,frozenset({386}),386,0.5172413793103449,True,2022-12,1,3092,1
NK,BOS,MCO,2022,12,700,25,13,2.0,frozenset({2082}),2082,0.52,True,2022-12,1,3093,1
WN,SBA,LAS,2022,12,790,14,8,0.0,"frozenset({1088, 2412})",2412,0.5714285714285714,True,2022-12,1,3094,1
NK,BQN,MCO,2022,12,178,31,17,0.0,frozenset({143}),143,0.5483870967741935,True,2022-12,1,3095,1
NK,CLT,MCO,2022,12,1028,31,19,1.0,frozenset({1101}),1101,0.6129032258064516,True,2022-12,1,3096,1
WN,SDF,BWI,2022,12,310,13,7,5.0,frozenset({2056}),2056,0.5384615384615384,True,2022-12,1,3097,1
WN,SDF,DEN,2022,12,780,13,7,5.0,"frozenset({1226, 3531})",3531,0.5384615384615384,True,2022-12,1,3098,1
WN,SDF,TPA,2022,12,975,13,8,6.0,"frozenset({265, 3273})",3273,0.6153846153846154,True,2022-12,1,3099,1
WN,ATL,PHL,2022,12,1350,14,10,4.0,"frozenset({160, 3342})",3342,0.7142857142857143,True,2022-12,1,3100,1
WN,SEA,DEN,2022,12,310,10,8,7.0,"frozenset({2196, 1437})",1437,0.8,True,2022-12,1,3101,1
NK,CMH,LAS,2022,12,930,26,14,2.0,frozenset({205}),205,0.5384615384615384,True,2022-12,1,3102,1
WN,SAT,DEN,2022,12,1210,14,8,7.0,"frozenset({2875, 1547})",2875,0.5714285714285714,True,2022-12,1,3103,1
WN,FLL,DAL,2022,12,1130,31,16,7.0,"frozenset({2786, 1002})",2786,0.5161290322580645,True,2022-12,1,3104,1
AA,ORD,LGA,2022,12,1050,31,17,4.0,frozenset({562}),562,0.5483870967741935,True,2022-12,1,3105,1
WN,SEA,SMF,2022,12,930,14,8,5.0,"frozenset({2170, 388})",388,0.5714285714285714,True,2022-12,1,3106,1
WN,SFO,BUR,2022,12,1155,19,10,5.0,"frozenset({1160, 2427, 998})",2427,0.5263157894736842,True,2022-12,1,3107,1
NK,DFW,MCO,2022,12,1210,23,12,0.0,frozenset({312}),312,0.5217391304347826,True,2022-12,1,3108,1
WN,SFO,LAS,2022,12,1185,29,17,5.0,frozenset({350}),350,0.5862068965517241,True,2022-12,1,3109,1
WN,SFO,SAN,2022,12,920,14,9,5.0,frozenset({4654}),4654,0.6428571428571429,True,2022-12,1,3110,1
WN,SFO,SAN,2022,12,1145,26,15,7.0,"frozenset({2162, 3598, 1310})",3598,0.5769230769230769,True,2022-12,1,3111,1
NK,DFW,ORD,2022,12,1190,25,14,3.0,frozenset({3313}),3313,0.56,True,2022-12,1,3112,1
WN,SJC,AUS,2022,12,1175,14,9,5.0,"frozenset({1808, 2769})",2769,0.6428571428571429,True,2022-12,1,3113,1
WN,FLL,BWI,2022,12,300,13,7,4.0,"frozenset({2763, 2933})",2763,0.5384615384615384,True,2022-12,1,3114,1
WN,FLL,BNA,2022,12,1170,13,7,6.0,frozenset({2090}),2090,0.5384615384615384,True,2022-12,1,3115,1
WN,SEA,OAK,2022,12,1320,14,12,4.0,"frozenset({489, 1599})",1599,0.8571428571428571,True,2022-12,1,3116,1
WN,DEN,IAH,2022,12,990,14,9,5.0,frozenset({2149}),2149,0.6428571428571429,True,2022-12,1,3117,1
B6,SYR,JFK,2022,12,921,31,17,0.0,frozenset({1815}),1815,0.5483870967741935,True,2022-12,1,3118,1
UA,MCO,EWR,2022,12,1200,16,11,0.0,frozenset({2332}),2332,0.6875,True,2022-12,1,3119,1
UA,EWR,MSN,2022,12,1135,17,9,2.0,"frozenset({1195, 1125})",1195,0.5294117647058824,True,2022-12,1,3120,1
OO,IDA,DFW,2022,12,390,15,9,2.0,frozenset({3049}),3049,0.6,True,2022-12,1,3121,1
OO,JAC,SFO,2022,12,915,15,8,1.0,frozenset({5776}),5776,0.5333333333333333,True,2022-12,1,3122,1
OO,LAX,ASE,2022,12,620,17,10,1.0,frozenset({5794}),5794,0.5882352941176471,True,2022-12,1,3123,1
WN,DEN,MSY,2022,12,930,20,11,6.0,"frozenset({1021, 181})",181,0.55,True,2022-12,1,3124,1
OO,LAX,ASE,2022,12,770,15,8,2.0,frozenset({5634}),5634,0.5333333333333333,True,2022-12,1,3125,1
UA,EWR,MCO,2022,12,1140,17,10,1.0,frozenset({2161}),2161,0.5882352941176471,True,2022-12,1,3126,1
OO,LAX,EGE,2022,12,590,17,10,0.0,frozenset({5011}),5011,0.5882352941176471,True,2022-12,1,3127,1
DL,JFK,ATL,2022,12,1380,11,7,3.0,frozenset({898}),898,0.6363636363636364,True,2022-12,1,3128,1
UA,EWR,MCI,2022,12,1303,19,14,1.0,"frozenset({1324, 214, 758, 463})",1324,0.7368421052631579,True,2022-12,1,3129,1
AA,CLT,DSM,2022,12,700,17,9,1.0,frozenset({1497}),1497,0.5294117647058824,True,2022-12,1,3130,1
OO,MOT,DEN,2022,12,420,16,10,4.0,frozenset({5353}),5353,0.625,True,2022-12,1,3131,1
OO,MRY,SAN,2022,12,1125,17,9,2.0,frozenset({3484}),3484,0.5294117647058824,True,2022-12,1,3132,1
DL,MSP,PHX,2022,12,1114,15,10,0.0,frozenset({1307}),1307,0.6666666666666666,True,2022-12,1,3133,1
OO,MSP,PSC,2022,12,1085,15,9,0.0,frozenset({3521}),3521,0.6,True,2022-12,1,3134,1
DL,JFK,SEA,2022,12,1011,15,8,1.0,frozenset({452}),452,0.5333333333333333,True,2022-12,1,3135,1
OO,ORD,ASE,2022,12,624,17,9,0.0,frozenset({5004}),5004,0.5294117647058824,True,2022-12,1,3136,1
UA,EWR,JAX,2022,12,1278,30,16,1.0,"frozenset({265, 1323, 411, 299})",1323,0.5333333333333333,True,2022-12,1,3137,1
WN,DEN,MSP,2022,12,1230,14,9,4.0,"frozenset({2603, 419})",2603,0.6428571428571429,True,2022-12,1,3138,1
AA,CLT,CLE,2022,12,1110,16,9,4.0,frozenset({1043}),1043,0.5625,True,2022-12,1,3139,1
OO,ORD,ASE,2022,12,776,17,12,0.0,frozenset({3041}),3041,0.7058823529411765,True,2022-12,1,3140,1
OO,ORD,ASE,2022,12,826,17,13,2.0,frozenset({5796}),5796,0.7647058823529411,True,2022-12,1,3141,1
OO,ORD,MSP,2022,12,720,15,8,1.0,"frozenset({3664, 3859})",3859,0.5333333333333333,True,2022-12,1,3142,1
OO,ICT,DFW,2022,12,796,17,11,1.0,frozenset({3002}),3002,0.6470588235294118,True,2022-12,1,3143,1
UA,EWR,MSY,2022,12,1236,17,11,0.0,frozenset({470}),470,0.6470588235294118,True,2022-12,1,3144,1
DL,IAD,SEA,2022,12,1020,12,7,2.0,frozenset({1681}),1681,0.5833333333333334,True,2022-12,1,3145,1
OO,IAH,ASE,2022,12,1085,17,10,2.0,frozenset({5324}),5324,0.5882352941176471,True,2022-12,1,3146,1
UA,EWR,RSW,2022,12,1170,13,7,0.0,frozenset({1779}),1779,0.5384615384615384,True,2022-12,1,3147,1
UA,EWR,RSW,2022,12,1139,18,10,2.0,frozenset({1779}),1779,0.5555555555555556,True,2022-12,1,3148,1
DL,FAI,SEA,2022,12,90,31,16,1.0,frozenset({2305}),2305,0.5161290322580645,True,2022-12,1,3149,1
OO,DFW,ASE,2022,12,619,17,10,0.0,frozenset({3054}),3054,0.5882352941176471,True,2022-12,1,3150,1
OO,DFW,ASE,2022,12,859,17,11,2.0,frozenset({4974}),4974,0.6470588235294118,True,2022-12,1,3151,1
OO,DFW,ASE,2022,12,1145,12,7,2.0,frozenset({3025}),3025,0.5833333333333334,True,2022-12,1,3152,1
DL,FCA,MSP,2022,12,908,11,7,3.0,frozenset({725}),725,0.6363636363636364,True,2022-12,1,3153,1
UA,EWR,RDU,2022,12,1319,19,11,1.0,frozenset({2267}),2267,0.5789473684210527,True,2022-12,1,3154,1
OO,DFW,ICT,2022,12,680,17,9,1.0,frozenset({3006}),3006,0.5294117647058824,True,2022-12,1,3155,1
OO,DIK,DEN,2022,12,1065,22,12,9.0,"frozenset({5281, 5302})",5281,0.5454545454545454,True,2022-12,1,3156,1
OO,DRO,DEN,2022,12,690,14,8,0.0,frozenset({5931}),5931,0.5714285714285714,True,2022-12,1,3157,1
OO,PHX,ASE,2022,12,788,14,8,1.0,frozenset({4993}),4993,0.5714285714285714,True,2022-12,1,3158,1
OO,EGE,AUS,2022,12,685,17,11,0.0,frozenset({4967}),4967,0.6470588235294118,True,2022-12,1,3159,1
OO,EGE,SFO,2022,12,923,15,8,1.0,frozenset({5748}),5748,0.5333333333333333,True,2022-12,1,3160,1
OO,FAR,DEN,2022,12,420,16,14,3.0,frozenset({5862}),5862,0.875,True,2022-12,1,3161,1
OO,FCA,ORD,2022,12,767,17,9,1.0,frozenset({4762}),4762,0.5294117647058824,True,2022-12,1,3162,1
UA,EWR,PBI,2022,12,1139,21,11,1.0,"frozenset({570, 621})",621,0.5238095238095238,True,2022-12,1,3163,1
UA,EWR,PBI,2022,12,1049,17,11,0.0,frozenset({1334}),1334,0.6470588235294118,True,2022-12,1,3164,1
OO,IAH,ASE,2022,12,600,17,10,0.0,frozenset({5767}),5767,0.5882352941176471,True,2022-12,1,3165,1
OO,IAH,ASE,2022,12,725,31,17,2.0,"frozenset({5680, 4742})",5680,0.5483870967741935,True,2022-12,1,3166,1
OO,IAH,ASE,2022,12,983,15,8,2.0,frozenset({5354}),5354,0.5333333333333333,True,2022-12,1,3167,1
AA,CLT,JFK,2022,12,910,14,9,0.0,frozenset({2731}),2731,0.6428571428571429,True,2022-12,1,3168,1
DL,GEG,SLC,2022,12,807,15,8,2.0,frozenset({2520}),2520,0.5333333333333333,True,2022-12,1,3169,1
WN,DEN,MTJ,2022,12,965,13,8,6.0,"frozenset({1539, 3505, 2930, 1501, 2047})",1539,0.6153846153846154,True,2022-12,1,3170,1
AA,CLT,MSP,2022,12,905,28,16,1.0,frozenset({2885}),2885,0.5714285714285714,True,2022-12,1,3171,1
OO,PSP,DEN,2022,12,975,15,8,1.0,frozenset({5521}),5521,0.5333333333333333,True,2022-12,1,3172,1
AA,CLT,BUF,2022,12,1035,29,15,5.0,frozenset({2301}),2301,0.5172413793103449,True,2022-12,1,3173,1
OO,SEA,EUG,2022,12,710,17,9,2.0,frozenset({3307}),3307,0.5294117647058824,True,2022-12,1,3174,1
QX,PUW,SEA,2022,12,1070,23,12,3.0,frozenset({2099}),2099,0.5217391304347826,True,2022-12,1,3175,1
QX,SAN,PAE,2022,12,1160,10,6,2.0,frozenset({2024}),2024,0.6,True,2022-12,1,3176,1
UA,EWR,BTV,2022,12,1319,17,10,1.0,frozenset({2462}),2462,0.5882352941176471,True,2022-12,1,3177,1
QX,SEA,EAT,2022,12,750,17,14,13.0,frozenset({2155}),2155,0.8235294117647058,True,2022-12,1,3178,1
UA,EWR,BQN,2022,12,1194,21,11,1.0,frozenset({569}),569,0.5238095238095238,True,2022-12,1,3179,1
QX,SEA,MSO,2022,12,1210,15,8,2.0,frozenset({2478}),2478,0.5333333333333333,True,2022-12,1,3180,1
9E,RDU,EWR,2022,12,1050,14,9,0.0,frozenset({5505}),5505,0.6428571428571429,True,2022-12,1,3181,1
QX,SEA,PDX,2022,12,1185,13,7,1.0,frozenset({2003}),2003,0.5384615384615384,True,2022-12,1,3182,1
QX,SFO,BOI,2022,12,640,12,7,0.0,frozenset({2430}),2430,0.5833333333333334,True,2022-12,1,3183,1
QX,SUN,SEA,2022,12,670,17,9,4.0,frozenset({2220}),2220,0.5294117647058824,True,2022-12,1,3184,1
UA,ANC,DEN,2022,12,1438,31,17,2.0,frozenset({1959}),1959,0.5483870967741935,True,2022-12,1,3185,1
AA,ATL,DFW,2022,12,1099,14,10,0.0,frozenset({1051}),1051,0.7142857142857143,True,2022-12,1,3186,1
UA,ATL,EWR,2022,12,856,14,9,0.0,frozenset({556}),556,0.6428571428571429,True,2022-12,1,3187,1
UA,BIL,DEN,2022,12,1088,17,10,1.0,frozenset({1253}),1253,0.5882352941176471,True,2022-12,1,3188,1
UA,BOS,EWR,2022,12,1088,15,9,0.0,frozenset({792}),792,0.6,True,2022-12,1,3189,1
9E,CVG,JFK,2022,12,1003,15,10,2.0,frozenset({4747}),4747,0.6666666666666666,True,2022-12,1,3190,1
UA,BQN,EWR,2022,12,115,20,11,1.0,frozenset({1162}),1162,0.55,True,2022-12,1,3191,1
UA,CHS,EWR,2022,12,1115,22,14,1.0,frozenset({445}),445,0.6363636363636364,True,2022-12,1,3192,1
UA,CMH,SFO,2022,12,440,30,16,1.0,frozenset({1102}),1102,0.5333333333333333,True,2022-12,1,3193,1
DL,MSP,BNA,2022,12,1245,12,7,2.0,frozenset({2358}),2358,0.5833333333333334,True,2022-12,1,3194,1
UA,DEN,BIL,2022,12,940,17,10,0.0,frozenset({1029}),1029,0.5882352941176471,True,2022-12,1,3195,1
UA,DEN,SEA,2022,12,1257,15,10,2.0,frozenset({2651}),2651,0.6666666666666666,True,2022-12,1,3196,1
UA,DEN,HDN,2022,12,1145,18,10,2.0,"frozenset({659, 1765})",1765,0.5555555555555556,True,2022-12,1,3197,1
UA,DEN,MTJ,2022,12,692,17,10,1.0,frozenset({468}),468,0.5882352941176471,True,2022-12,1,3198,1
DL,MSP,CLT,2022,12,1195,12,7,0.0,frozenset({2356}),2356,0.5833333333333334,True,2022-12,1,3199,1
UA,EWR,RSW,2022,12,1245,17,10,1.0,frozenset({1802}),1802,0.5882352941176471,True,2022-12,1,3200,1
AA,ATL,DFW,2022,12,1212,12,7,0.0,frozenset({2403}),2403,0.5833333333333334,True,2022-12,1,3201,1
AA,AUS,BOS,2022,12,450,11,6,3.0,frozenset({1202}),1202,0.5454545454545454,True,2022-12,1,3202,1
WN,DEN,MKE,2022,12,1280,13,8,6.0,"frozenset({5481, 1882, 819})",1882,0.6153846153846154,True,2022-12,1,3203,1
OO,SLC,DEN,2022,12,1085,12,7,3.0,frozenset({5418}),5418,0.5833333333333334,True,2022-12,1,3204,1
OO,XWA,DEN,2022,12,420,17,9,5.0,frozenset({5598}),5598,0.5294117647058824,True,2022-12,1,3205,1
WN,DEN,MIA,2022,12,995,13,8,5.0,frozenset({1152}),1152,0.6153846153846154,True,2022-12,1,3206,1
AA,CLT,AUS,2022,12,1120,29,15,0.0,frozenset({2419}),2419,0.5172413793103449,True,2022-12,1,3207,1
QX,BOI,SMF,2022,12,1175,17,10,2.0,frozenset({2229}),2229,0.5882352941176471,True,2022-12,1,3208,1
DL,MSP,IAH,2022,12,1220,11,7,0.0,frozenset({2604}),2604,0.6363636363636364,True,2022-12,1,3209,1
UA,EWR,DTW,2022,12,1248,15,13,3.0,frozenset({512}),512,0.8666666666666667,True,2022-12,1,3210,1
QX,DLG,ANC,2022,12,839,10,6,1.0,frozenset({2232}),2232,0.6,True,2022-12,1,3211,1
QX,EAT,SEA,2022,12,840,17,14,13.0,frozenset({2155}),2155,0.8235294117647058,True,2022-12,1,3212,1
QX,EUG,SEA,2022,12,1175,14,9,3.0,frozenset({2239}),2239,0.6428571428571429,True,2022-12,1,3213,1
UA,EWR,BUF,2022,12,1319,30,16,5.0,frozenset({1307}),1307,0.5333333333333333,True,2022-12,1,3214,1
QX,FCA,SEA,2022,12,685,17,9,1.0,frozenset({2270}),2270,0.5294117647058824,True,2022-12,1,3215,1
QX,FCA,SEA,2022,12,1140,15,8,2.0,frozenset({2118}),2118,0.5333333333333333,True,2022-12,1,3216,1
UA,EWR,CLE,2022,12,1049,14,8,0.0,frozenset({716}),716,0.5714285714285714,True,2022-12,1,3217,1
AA,BZN,DFW,2022,12,827,31,16,0.0,frozenset({2522}),2522,0.5161290322580645,True,2022-12,1,3218,1
UA,EWR,CLE,2022,12,941,13,8,1.0,frozenset({636}),636,0.6153846153846154,True,2022-12,1,3219,1
QX,GEG,SEA,2022,12,480,17,10,3.0,frozenset({2193}),2193,0.5882352941176471,True,2022-12,1,3220,1
QX,MSO,SEA,2022,12,540,16,11,4.0,frozenset({2477}),2477,0.6875,True,2022-12,1,3221,1
QX,MSO,SEA,2022,12,670,16,12,2.0,frozenset({2020}),2020,0.75,True,2022-12,1,3222,1
UA,EWR,CHS,2022,12,927,10,6,1.0,frozenset({1306}),1306,0.6,True,2022-12,1,3223,1
AA,AUS,DFW,2022,12,1010,14,8,0.0,frozenset({1536}),1536,0.5714285714285714,True,2022-12,1,3224,1
QX,MSO,SEA,2022,12,1130,23,13,2.0,frozenset({2160}),2160,0.5652173913043478,True,2022-12,1,3225,1
WN,DEN,MDW,2022,12,1000,14,9,6.0,"frozenset({2813, 3567})",3567,0.6428571428571429,True,2022-12,1,3226,1
UA,EWR,CLT,2022,12,1169,31,17,1.0,frozenset({1311}),1311,0.5483870967741935,True,2022-12,1,3227,1
OO,DEN,PSP,2022,12,850,17,11,1.0,frozenset({5560}),5560,0.6470588235294118,True,2022-12,1,3228,1
OO,DEN,GUC,2022,12,695,17,10,1.0,frozenset({4653}),4653,0.5882352941176471,True,2022-12,1,3229,1
DL,MSP,RSW,2022,12,1114,11,6,0.0,frozenset({1595}),1595,0.5454545454545454,True,2022-12,1,3230,1
OO,ASE,AUS,2022,12,955,17,12,2.0,frozenset({3232}),3232,0.7058823529411765,True,2022-12,1,3231,1
AA,DFW,SLC,2022,12,1345,12,10,1.0,frozenset({344}),344,0.8333333333333334,True,2022-12,1,3232,1
OO,ASE,DEN,2022,12,888,17,12,3.0,frozenset({4633}),4633,0.7058823529411765,True,2022-12,1,3233,1
F9,ATL,CVG,2022,12,878,10,7,0.0,"frozenset({1698, 1700})",1700,0.7,True,2022-12,1,3234,1
UA,JAX,EWR,2022,12,1109,25,16,0.0,frozenset({2293}),2293,0.64,True,2022-12,1,3235,1
AA,DFW,SBA,2022,12,1134,31,16,0.0,frozenset({1483}),1483,0.5161290322580645,True,2022-12,1,3236,1
AA,DFW,SBA,2022,12,718,28,15,0.0,frozenset({1981}),1981,0.5357142857142857,True,2022-12,1,3237,1
UA,JAX,EWR,2022,12,840,26,16,0.0,"frozenset({1403, 2300})",1403,0.6153846153846154,True,2022-12,1,3238,1
WN,DEN,LAS,2022,12,850,18,10,0.0,"frozenset({2769, 3526})",3526,0.5555555555555556,True,2022-12,1,3239,1
YX,CMH,IAD,2022,12,1160,15,8,2.0,frozenset({3405}),3405,0.5333333333333333,True,2022-12,1,3240,1
AA,DFW,SAT,2022,12,1245,28,15,2.0,frozenset({1406}),1406,0.5357142857142857,True,2022-12,1,3241,1
F9,ATL,FLL,2022,12,1024,18,10,0.0,frozenset({1362}),1362,0.5555555555555556,True,2022-12,1,3242,1
AA,DFW,SAN,2022,12,1355,12,7,3.0,frozenset({1821}),1821,0.5833333333333334,True,2022-12,1,3243,1
DL,SLC,OGG,2022,12,940,15,8,0.0,frozenset({316}),316,0.5333333333333333,True,2022-12,1,3244,1
DL,SLC,MCO,2022,12,700,15,8,1.0,frozenset({1065}),1065,0.5333333333333333,True,2022-12,1,3245,1
WN,DEN,PDX,2022,12,1370,14,8,5.0,"frozenset({2038, 431})",431,0.5714285714285714,True,2022-12,1,3246,1
OO,ASE,DEN,2022,12,1006,31,16,4.0,"frozenset({5497, 5444})",5497,0.5161290322580645,True,2022-12,1,3247,1
OO,ASE,DFW,2022,12,480,13,9,3.0,frozenset({3014}),3014,0.6923076923076923,True,2022-12,1,3248,1
AA,DFW,PNS,2022,12,927,17,12,0.0,frozenset({575}),575,0.7058823529411765,True,2022-12,1,3249,1
AA,DFW,PNS,2022,12,649,17,9,0.0,frozenset({2671}),2671,0.5294117647058824,True,2022-12,2,2873,2
WN,DEN,PDX,2022,12,1290,17,9,1.0,frozenset({2038}),2038,0.5294117647058824,True,2022-12,1,3250,1
AA,DFW,PDX,2022,12,1357,12,7,1.0,frozenset({1138}),1138,0.5833333333333334,True,2022-12,1,3251,1
AA,DFW,ONT,2022,12,1361,12,8,0.0,frozenset({711}),711,0.6666666666666666,True,2022-12,1,3252,1
OO,ASE,DFW,2022,12,879,31,18,4.0,frozenset({3234}),3234,0.5806451612903226,True,2022-12,1,3253,1
AA,DFW,SAN,2022,12,875,31,16,0.0,frozenset({289}),289,0.5161290322580645,True,2022-12,1,3254,1
OO,ASE,DFW,2022,12,985,12,10,3.0,frozenset({4974}),4974,0.8333333333333334,True,2022-12,1,3255,1
AA,DFW,SMF,2022,12,1350,12,7,0.0,frozenset({2710}),2710,0.5833333333333334,True,2022-12,1,3256,1
WN,DEN,RDU,2022,12,1120,18,10,1.0,"frozenset({2408, 241})",241,0.5555555555555556,True,2022-12,1,3257,1
YV,PHX,BFL,2022,12,651,17,10,0.0,"frozenset({5805, 5750})",5805,0.5882352941176471,True,2022-12,1,3258,1
AA,JAC,ORD,2022,12,676,16,9,0.0,frozenset({2649}),2649,0.5625,True,2022-12,1,3259,1
AA,JAC,DFW,2022,12,846,15,8,0.0,"frozenset({2668, 2596})",2596,0.5333333333333333,True,2022-12,1,3260,1
AA,IND,PHL,2022,12,1097,13,7,0.0,"frozenset({2240, 2833, 1563})",1563,0.5384615384615384,True,2022-12,1,3261,1
AA,ILM,DFW,2022,12,1017,28,15,1.0,frozenset({1494}),1494,0.5357142857142857,True,2022-12,1,3262,1
AA,ICT,DFW,2022,12,1114,14,9,0.0,frozenset({1497}),1497,0.6428571428571429,True,2022-12,1,3263,1
UA,MCO,EWR,2022,12,946,17,9,0.0,frozenset({1849}),1849,0.5294117647058824,True,2022-12,1,3264,1
WN,DEN,SAT,2022,12,1295,14,9,3.0,"frozenset({2633, 340})",2633,0.6428571428571429,True,2022-12,1,3265,1
DL,ANC,SEA,2022,12,59,13,7,0.0,frozenset({1382}),1382,0.5384615384615384,True,2022-12,1,3266,1
WN,DEN,SAN,2022,12,1140,14,10,7.0,frozenset({943}),943,0.7142857142857143,True,2022-12,1,3267,1
WN,DEN,SAN,2022,12,1030,10,8,6.0,"frozenset({2349, 3471})",3471,0.8,True,2022-12,1,3268,1
OO,ASE,ATL,2022,12,910,15,8,1.0,frozenset({3662}),3662,0.5333333333333333,True,2022-12,1,3269,1
WN,DEN,IND,2022,12,1235,14,8,6.0,"frozenset({1522, 1527})",1527,0.5714285714285714,True,2022-12,1,3270,1
AA,EGE,JFK,2022,12,779,17,10,2.0,frozenset({1780}),1780,0.5882352941176471,True,2022-12,1,3271,1
AA,EGE,DFW,2022,12,1005,16,11,1.0,"frozenset({1112, 2980})",2980,0.6875,True,2022-12,1,3272,1
AA,EGE,DFW,2022,12,879,17,11,1.0,frozenset({1870}),1870,0.6470588235294118,True,2022-12,1,3273,1
AA,DSM,CLT,2022,12,835,15,12,2.0,frozenset({1497}),1497,0.8,True,2022-12,1,3274,1
DL,ATL,DEN,2022,12,1007,12,7,0.0,frozenset({540}),540,0.5833333333333334,True,2022-12,1,3275,1
OO,ASE,ATL,2022,12,826,15,9,1.0,frozenset({3593}),3593,0.6,True,2022-12,1,3276,1
AA,DSM,CLT,2022,12,405,16,9,0.0,frozenset({2189}),2189,0.5625,True,2022-12,1,3277,1
AA,DFW,XNA,2022,12,1353,12,7,4.0,frozenset({2887}),2887,0.5833333333333334,True,2022-12,1,3278,1
AA,DFW,XNA,2022,12,995,28,16,0.0,"frozenset({2402, 1731})",1731,0.5714285714285714,True,2022-12,1,3279,1
AA,DFW,VPS,2022,12,801,31,16,1.0,frozenset({2158}),2158,0.5161290322580645,True,2022-12,1,3280,1
YX,BUF,EWR,2022,12,1075,19,11,5.0,frozenset({3419}),3419,0.5789473684210527,True,2022-12,1,3281,1
AA,EGE,MIA,2022,12,821,17,9,0.0,frozenset({2421}),2421,0.5294117647058824,True,2022-12,1,3282,1
UA,MEM,EWR,2022,12,927,12,8,0.0,frozenset({1575}),1575,0.6666666666666666,True,2022-12,1,3283,1
UA,JAC,EWR,2022,12,826,17,13,2.0,frozenset({1225}),1225,0.7647058823529411,True,2022-12,1,3284,1
OO,ASE,IAH,2022,12,793,17,10,1.0,frozenset({4649}),4649,0.5882352941176471,True,2022-12,1,3285,1
DL,CVG,SEA,2022,12,1090,15,10,3.0,frozenset({1155}),1155,0.6666666666666666,True,2022-12,1,3286,1
DL,DEN,DTW,2022,12,670,15,9,3.0,frozenset({913}),913,0.6,True,2022-12,1,3287,1
OO,ATL,ASE,2022,12,665,15,8,1.0,frozenset({3774}),3774,0.5333333333333333,True,2022-12,1,3288,1
AA,DFW,CAE,2022,12,1247,28,15,1.0,frozenset({396}),396,0.5357142857142857,True,2022-12,1,3289,1
AA,DFW,BUF,2022,12,1150,31,16,6.0,frozenset({1050}),1050,0.5161290322580645,True,2022-12,1,3290,1
OO,AUS,ASE,2022,12,537,17,13,0.0,frozenset({3246}),3246,0.7647058823529411,True,2022-12,1,3291,1
AA,DFW,AUS,2022,12,1365,12,8,1.0,frozenset({1205}),1205,0.6666666666666666,True,2022-12,1,3292,1
AA,DFW,ATL,2022,12,934,14,9,0.0,frozenset({1051}),1051,0.6428571428571429,True,2022-12,1,3293,1
AA,DFW,ATL,2022,12,865,14,8,0.0,frozenset({1051}),1051,0.5714285714285714,True,2022-12,1,3294,1
UA,FLL,EWR,2022,12,1142,17,11,0.0,frozenset({303}),303,0.6470588235294118,True,2022-12,1,3295,1
OO,AUS,DFW,2022,12,941,15,9,0.0,frozenset({4952}),4952,0.6,True,2022-12,1,3296,1
DL,BUF,ATL,2022,12,1102,12,7,3.0,frozenset({1507}),1507,0.5833333333333334,True,2022-12,1,3297,1
OO,AUS,EGE,2022,12,540,17,11,0.0,frozenset({4967}),4967,0.6470588235294118,True,2022-12,1,3298,1
DL,DEN,LAX,2022,12,1155,12,7,0.0,frozenset({1390}),1390,0.5833333333333334,True,2022-12,1,3299,1
DL,DEN,MSP,2022,12,1162,11,7,0.0,frozenset({2458}),2458,0.6363636363636364,True,2022-12,1,3300,1
OO,BOI,PDX,2022,12,1225,15,9,3.0,frozenset({3372}),3372,0.6,True,2022-12,1,3301,1
OO,DEN,ASE,2022,12,826,31,17,5.0,frozenset({5766}),5766,0.5483870967741935,True,2022-12,1,3302,1
OO,DEN,ASE,2022,12,940,31,16,3.0,"frozenset({4632, 4708})",4632,0.5161290322580645,True,2022-12,1,3303,1
OO,DEN,ASE,2022,12,1040,17,11,3.0,frozenset({5729}),5729,0.6470588235294118,True,2022-12,1,3304,1
AA,DCA,BOS,2022,12,1080,23,12,3.0,"frozenset({2141, 2150})",2141,0.5217391304347826,True,2022-12,1,3305,1
UA,EWR,SRQ,2022,12,1229,16,10,0.0,"frozenset({320, 1257})",1257,0.625,True,2022-12,1,3306,1
OO,DEN,ASE,2022,12,1230,15,9,4.0,frozenset({5305}),5305,0.6,True,2022-12,1,3307,1
UA,EWR,SMF,2022,12,1229,17,9,0.0,"frozenset({1450, 2477})",2477,0.5294117647058824,True,2022-12,1,3308,1
OO,DEN,FAR,2022,12,1041,31,16,3.0,frozenset({5589}),5589,0.5161290322580645,True,2022-12,1,3309,1
OO,AUS,OKC,2022,12,1190,17,11,0.0,frozenset({3021}),3021,0.6470588235294118,True,2022-12,1,3310,1
AA,DFW,MSN,2022,12,1271,28,15,2.0,frozenset({595}),595,0.5357142857142857,True,2022-12,1,3311,1
AA,DFW,CID,2022,12,1277,14,9,2.0,frozenset({1325}),1325,0.6428571428571429,True,2022-12,1,3312,1
UA,IAD,EWR,2022,12,1040,45,23,0.0,"frozenset({1376, 1990})",1990,0.5111111111111111,True,2022-12,1,3313,1
AA,DFW,MEM,2022,12,1162,31,18,2.0,frozenset({2079}),2079,0.5806451612903226,True,2022-12,1,3314,1
AA,DFW,MEM,2022,12,1041,15,8,0.0,frozenset({1728}),1728,0.5333333333333333,True,2022-12,1,3315,1
AA,DFW,MDT,2022,12,1160,31,17,2.0,frozenset({546}),546,0.5483870967741935,True,2022-12,1,3316,1
AA,DFW,MCO,2022,12,1064,31,16,1.0,frozenset({1917}),1917,0.5161290322580645,True,2022-12,1,3317,1
AA,DFW,LAX,2022,12,1240,14,9,0.0,frozenset({2254}),2254,0.6428571428571429,True,2022-12,1,3318,1
UA,IAH,MCO,2022,12,1180,18,10,0.0,"frozenset({1528, 762})",762,0.5555555555555556,True,2022-12,1,3319,1
YX,EWR,BUF,2022,12,943,19,12,5.0,frozenset({3470}),3470,0.631578947368421,True,2022-12,1,3320,1
WN,DEN,LGA,2022,12,980,31,17,6.0,"frozenset({2674, 2519})",2519,0.5483870967741935,True,2022-12,1,3321,1
AA,DFW,ICT,2022,12,1290,28,16,2.0,frozenset({2863}),2863,0.5714285714285714,True,2022-12,1,3322,1
AA,DFW,ICT,2022,12,997,14,8,0.0,frozenset({1497}),1497,0.5714285714285714,True,2022-12,1,3323,1
UA,IAH,EWR,2022,12,902,17,10,1.0,frozenset({1359}),1359,0.5882352941176471,True,2022-12,1,3324,1
UA,IAD,EWR,2022,12,966,11,7,0.0,frozenset({1479}),1479,0.6363636363636364,True,2022-12,1,3325,1
DL,SEA,SFO,2022,12,625,15,8,3.0,frozenset({821}),821,0.5333333333333333,True,2022-12,1,3326,1
AA,DFW,EWR,2022,12,1032,31,16,1.0,"frozenset({2200, 1998})",1998,0.5161290322580645,True,2022-12,1,3327,1
OO,ASE,LAX,2022,12,1003,15,8,3.0,frozenset({5312}),5312,0.5333333333333333,True,2022-12,1,3328,1
AA,DFW,EGE,2022,12,885,16,11,1.0,"frozenset({1112, 2980})",2980,0.6875,True,2022-12,1,3329,1
AA,DFW,EGE,2022,12,757,17,9,1.0,frozenset({1870}),1870,0.5294117647058824,True,2022-12,1,3330,1
OO,ASE,LAX,2022,12,1145,17,11,5.0,frozenset({5940}),5940,0.6470588235294118,True,2022-12,1,3331,1
OO,ASE,ORD,2022,12,798,34,21,4.0,"frozenset({5742, 5007})",5007,0.6176470588235294,True,2022-12,1,3332,1
OO,ASE,ORD,2022,12,871,17,13,2.0,frozenset({5315}),5315,0.7647058823529411,True,2022-12,1,3333,1
OO,ASE,PHX,2022,12,924,14,8,2.0,frozenset({3217}),3217,0.5714285714285714,True,2022-12,1,3334,1
AA,DFW,DCA,2022,12,1156,31,18,1.0,frozenset({2752}),2752,0.5806451612903226,True,2022-12,1,3335,1
AA,DFW,DCA,2022,12,1035,31,18,0.0,frozenset({472}),472,0.5806451612903226,True,2022-12,1,3336,1
OO,ASE,SFO,2022,12,1150,17,9,2.0,frozenset({4645}),4645,0.5294117647058824,True,2022-12,1,3337,1
OO,ASE,IAH,2022,12,1039,15,9,1.0,frozenset({5953}),5953,0.6,True,2022-12,1,3338,1
WN,HOU,MSY,2022,12,990,13,7,5.0,"frozenset({2153, 1164})",1164,0.5384615384615384,True,2022-12,1,3339,1
WN,AUS,SMF,2022,12,1030,13,7,4.0,"frozenset({3140, 743})",3140,0.5384615384615384,True,2022-12,1,3340,1
WN,PHX,TPA,2022,12,650,13,7,1.0,"frozenset({3339, 445})",3339,0.5384615384615384,True,2022-12,1,3341,1
G4,PGD,GRR,2022,12,1123,11,7,2.0,"frozenset({578, 579, 580, 583, 558, 565, 2175})",558,0.6363636363636364,True,2022-12,1,3342,1
WN,DAL,SJC,2022,12,1255,14,8,2.0,"frozenset({571, 3509})",3509,0.5714285714285714,True,2022-12,1,3343,1
B6,LGA,MCO,2022,12,1260,20,12,0.0,frozenset({499}),499,0.6,True,2022-12,2,2890,2
WN,MDW,HOU,2022,12,1360,14,8,4.0,frozenset({946}),946,0.5714285714285714,True,2022-12,1,3344,1
B6,BUF,JFK,2022,12,1247,29,18,5.0,"frozenset({201, 1901})",201,0.6206896551724138,True,2022-12,1,3345,1
B6,BUF,FLL,2022,12,840,11,8,6.0,frozenset({2465}),2465,0.7272727272727273,True,2022-12,1,3346,1
B6,BTV,JFK,2022,12,965,23,12,2.0,frozenset({433}),433,0.5217391304347826,True,2022-12,1,3347,1
B6,BQN,MCO,2022,12,203,17,10,0.0,"frozenset({729, 629})",629,0.5882352941176471,True,2022-12,2,2864,2
WN,DAL,SLC,2022,12,1285,11,8,1.0,"frozenset({550, 2727})",2727,0.7272727272727273,True,2022-12,1,3348,1
WN,MDW,LAS,2022,12,870,11,6,0.0,"frozenset({3440, 3417})",3417,0.5454545454545454,True,2022-12,1,3349,1
WN,MDW,LAS,2022,12,935,14,9,3.0,"frozenset({1483, 1405})",1405,0.6428571428571429,True,2022-12,1,3350,1
G4,PVU,LAS,2022,12,1141,10,7,1.0,frozenset({3892}),3892,0.7,True,2022-12,1,3351,1
F9,FLL,BUF,2022,12,941,16,12,6.0,frozenset({2662}),2662,0.75,True,2022-12,1,3352,1
G4,SFB,MDT,2022,12,1079,10,6,0.0,"frozenset({1280, 2880, 1257, 1197, 1198, 2863, 1264, 2833, 1199})",1280,0.6,True,2022-12,1,3353,1
WN,MDW,LAX,2022,12,1260,17,9,2.0,frozenset({1905}),1905,0.5294117647058824,True,2022-12,1,3354,1
WN,MDW,LAX,2022,12,1340,14,10,5.0,frozenset({1905}),1905,0.7142857142857143,True,2022-12,1,3355,1
WN,DAL,STL,2022,12,1360,14,8,6.0,"frozenset({2181, 271})",271,0.5714285714285714,True,2022-12,1,3356,1
WN,MDW,LGA,2022,12,720,19,10,6.0,"frozenset({3160, 513, 237})",3160,0.5263157894736842,True,2022-12,1,3357,1
F9,FLL,ATL,2022,12,683,22,12,1.0,frozenset({1363}),1363,0.5454545454545454,True,2022-12,1,3358,1
B6,BOS,TPA,2022,12,859,10,6,1.0,"frozenset({2791, 1191})",1191,0.6,True,2022-12,1,3359,1
F9,FAR,DEN,2022,12,884,12,7,3.0,frozenset({491}),491,0.5833333333333334,True,2022-12,1,3360,1
WN,LAS,LGB,2022,12,1140,26,14,4.0,"frozenset({3296, 234})",234,0.5384615384615384,True,2022-12,1,3361,1
WN,MDW,MCI,2022,12,1110,14,9,6.0,"frozenset({2833, 298})",2833,0.6428571428571429,True,2022-12,1,3362,1
WN,DAL,SAT,2022,12,1240,14,9,4.0,"frozenset({1770, 3195})",3195,0.6428571428571429,True,2022-12,1,3363,1
WN,LAS,LGB,2022,12,1000,20,12,6.0,"frozenset({234, 1582})",1582,0.6,True,2022-12,1,3364,1
G4,MDT,SFB,2022,12,1258,10,7,0.0,"frozenset({2913, 1285, 2858, 1260, 1235, 2935})",2913,0.7,True,2022-12,1,3365,1
B6,DEN,BOS,2022,12,1090,15,8,0.0,frozenset({394}),394,0.5333333333333333,True,2022-12,1,3366,1
F9,TTN,ATL,2022,12,1313,17,12,3.0,"frozenset({809, 807})",807,0.7058823529411765,True,2022-12,1,3367,1
WN,MDW,CLT,2022,12,1205,14,10,6.0,frozenset({210}),210,0.7142857142857143,True,2022-12,1,3368,1
WN,BWI,ORD,2022,12,950,25,13,4.0,"frozenset({1794, 2891, 2709})",1794,0.52,True,2022-12,1,3369,1
G4,AZA,PVU,2022,12,1321,10,8,0.0,"frozenset({1601, 1602, 1596, 3229})",3229,0.8,True,2022-12,1,3370,1
WN,BWI,MKE,2022,12,1220,11,6,0.0,frozenset({3597}),3597,0.5454545454545454,True,2022-12,1,3371,1
WN,DAL,MCO,2022,12,875,13,7,1.0,"frozenset({3441, 3162})",3441,0.5384615384615384,True,2022-12,1,3372,1
WN,MDW,CVG,2022,12,1235,14,10,6.0,"frozenset({704, 3567})",3567,0.7142857142857143,True,2022-12,1,3373,1
B6,FLL,BUF,2022,12,615,11,7,6.0,frozenset({2466}),2466,0.6363636363636364,True,2022-12,1,3374,1
B6,FLL,BOS,2022,12,1095,17,11,1.0,"frozenset({1670, 2070})",2070,0.6470588235294118,True,2022-12,1,3375,1
WN,BWI,MDW,2022,12,1275,31,17,7.0,"frozenset({1394, 964, 1037})",1037,0.5483870967741935,True,2022-12,1,3376,1
G4,FAT,LAS,2022,12,938,12,7,0.0,"frozenset({40, 42, 103})",40,0.5833333333333334,True,2022-12,1,3377,1
WN,MDW,DAL,2022,12,320,11,7,4.0,"frozenset({512, 2077})",2077,0.6363636363636364,True,2022-12,1,3378,1
WN,BWI,MCO,2022,12,1340,14,8,1.0,frozenset({553}),553,0.5714285714285714,True,2022-12,1,3379,1
WN,LAS,OAK,2022,12,1315,18,12,7.0,"frozenset({201, 4003, 4012, 477})",4012,0.6666666666666666,True,2022-12,1,3380,1
WN,LAS,OAK,2022,12,965,19,10,1.0,"frozenset({1883, 716, 6502})",716,0.5263157894736842,True,2022-12,1,3381,1
F9,LAS,CLT,2022,12,1310,29,15,1.0,frozenset({2146}),2146,0.5172413793103449,True,2022-12,1,3382,1
B6,EWR,MCO,2022,12,1255,12,7,0.0,"frozenset({2827, 927})",2827,0.5833333333333334,True,2022-12,1,3383,1
F9,IAH,ATL,2022,12,1299,18,12,0.0,frozenset({1580}),1580,0.6666666666666666,True,2022-12,1,3384,1
WN,MDW,DEN,2022,12,1170,19,10,5.0,"frozenset({1428, 2790})",2790,0.5263157894736842,True,2022-12,1,3385,1
B6,EWR,LAX,2022,12,1190,22,12,0.0,frozenset({1573}),1573,0.5454545454545454,True,2022-12,1,3386,1
F9,FLL,LAS,2022,12,1334,31,18,0.0,frozenset({1931}),1931,0.5806451612903226,True,2022-12,1,3387,1
WN,DAL,MTJ,2022,12,625,11,6,3.0,"frozenset({496, 1726, 2606})",496,0.5454545454545454,True,2022-12,1,3388,1
B6,DEN,JFK,2022,12,1439,22,12,0.0,frozenset({98}),98,0.5454545454545454,True,2022-12,1,3389,1
G4,LAS,PVU,2022,12,1204,10,7,1.0,frozenset({3893}),3893,0.7,True,2022-12,1,3390,1
WN,LAS,LAX,2022,12,910,14,9,1.0,"frozenset({6500, 4558})",4558,0.6428571428571429,True,2022-12,1,3391,1
WN,DCA,DAL,2022,12,1240,20,11,5.0,frozenset({1632}),1632,0.55,True,2022-12,1,3392,1
B6,MCO,BDL,2022,12,1045,14,9,0.0,frozenset({438}),438,0.6428571428571429,True,2022-12,1,3393,1
WN,MDW,OMA,2022,12,765,12,9,5.0,"frozenset({2986, 1053, 3550})",1053,0.75,True,2022-12,1,3394,1
HA,HNL,OGG,2022,12,855,13,7,1.0,frozenset({316}),316,0.5384615384615384,True,2022-12,1,3395,1
HA,HNL,ONT,2022,12,750,31,17,0.0,frozenset({80}),80,0.5483870967741935,True,2022-12,1,3396,1
AS,STL,SEA,2022,12,1135,17,10,4.0,frozenset({712}),712,0.5882352941176471,True,2022-12,1,3397,1
AS,SMF,SEA,2022,12,1190,15,8,3.0,frozenset({755}),755,0.5333333333333333,True,2022-12,1,3398,1
F9,DEN,PDX,2022,12,1165,12,7,2.0,frozenset({793}),793,0.5833333333333334,True,2022-12,1,3399,1
HA,HNL,SMF,2022,12,800,31,18,0.0,frozenset({20}),20,0.5806451612903226,True,2022-12,1,3400,1
WN,MDW,PHL,2022,12,305,13,8,5.0,frozenset({2519}),2519,0.6153846153846154,True,2022-12,1,3401,1
WN,MDW,PHL,2022,12,1195,25,13,8.0,"frozenset({3457, 2689, 1691, 980})",980,0.52,True,2022-12,1,3402,1
AS,SLC,SEA,2022,12,1195,12,8,0.0,frozenset({241}),241,0.6666666666666666,True,2022-12,1,3403,1
AS,SJC,OGG,2022,12,625,16,12,0.0,frozenset({803}),803,0.75,True,2022-12,1,3404,1
AS,SFO,OGG,2022,12,725,17,13,3.0,frozenset({743}),743,0.7647058823529411,True,2022-12,1,3405,1
AS,SFO,EWR,2022,12,565,14,8,3.0,"frozenset({345, 340})",340,0.5714285714285714,True,2022-12,1,3406,1
WN,BWI,BOS,2022,12,1185,14,8,4.0,"frozenset({1536, 2714})",2714,0.5714285714285714,True,2022-12,1,3407,1
F9,DEN,ONT,2022,12,1385,26,15,2.0,frozenset({975}),975,0.5769230769230769,True,2022-12,1,3408,1
WN,MDW,PHX,2022,12,1130,19,10,3.0,"frozenset({2261, 1421, 2759})",1421,0.5263157894736842,True,2022-12,1,3409,1
WN,MDW,PHX,2022,12,1280,23,12,2.0,"frozenset({2209, 1258})",1258,0.5217391304347826,True,2022-12,1,3410,1
AS,SEA,TPA,2022,12,545,17,10,1.0,frozenset({770}),770,0.5882352941176471,True,2022-12,1,3411,1
AS,SEA,SMF,2022,12,1205,13,8,1.0,frozenset({654}),654,0.6153846153846154,True,2022-12,1,3412,1
AS,SEA,SJC,2022,12,1195,17,12,0.0,frozenset({677}),677,0.7058823529411765,True,2022-12,1,3413,1
WN,MDW,PVD,2022,12,1145,18,11,1.0,frozenset({447}),447,0.6111111111111112,True,2022-12,1,3414,1
AS,SEA,SFO,2022,12,1290,28,16,4.0,frozenset({118}),118,0.5714285714285714,True,2022-12,1,3415,1
AS,SEA,SFO,2022,12,680,31,16,6.0,frozenset({1350}),1350,0.5161290322580645,True,2022-12,1,3416,1
WN,MDW,OMA,2022,12,455,17,9,5.0,"frozenset({3474, 2141})",3474,0.5294117647058824,True,2022-12,1,3417,1
WN,BWI,BUF,2022,12,930,19,10,5.0,"frozenset({4008, 4112, 1575})",4112,0.5263157894736842,True,2022-12,1,3418,1
B6,ATL,JFK,2022,12,996,23,14,0.0,frozenset({720}),720,0.6086956521739131,True,2022-12,1,3419,1
B6,BDL,LAX,2022,12,1180,10,6,0.0,frozenset({67}),67,0.6,True,2022-12,1,3420,1
WN,LAS,IND,2022,12,1110,14,10,2.0,frozenset({1284}),1284,0.7142857142857143,True,2022-12,1,3421,1
B6,MCO,BOS,2022,12,949,39,23,0.0,"frozenset({1652, 2052, 2852})",2052,0.5897435897435898,True,2022-12,1,3422,1
WN,LAS,HOU,2022,12,1220,14,10,4.0,"frozenset({2496, 2840})",2840,0.7142857142857143,True,2022-12,1,3423,1
B6,BOS,MCO,2022,12,1040,23,12,0.0,frozenset({51}),51,0.5217391304347826,True,2022-12,1,3424,1
B6,MCO,BOS,2022,12,1315,31,21,1.0,"frozenset({1952, 2052})",1952,0.6774193548387096,True,2022-12,1,3425,1
WN,MDW,MHT,2022,12,850,13,8,6.0,frozenset({975}),975,0.6153846153846154,True,2022-12,1,3426,1
WN,DCA,MDW,2022,12,990,13,7,5.0,"frozenset({1760, 1332, 1015})",1760,0.5384615384615384,True,2022-12,1,3427,1
WN,DCA,OKC,2022,12,910,20,11,5.0,frozenset({2446}),2446,0.55,True,2022-12,1,3428,1
B6,MCO,BQN,2022,12,1356,16,9,0.0,frozenset({430}),430,0.5625,True,2022-12,1,3429,1
B6,BOS,JFK,2022,12,1276,32,18,1.0,"frozenset({2017, 1117})",1117,0.5625,True,2022-12,1,3430,1
B6,BOS,FLL,2022,12,1230,10,8,0.0,frozenset({769}),769,0.8,True,2022-12,1,3431,1
WN,LAS,ONT,2022,12,1310,14,10,5.0,"frozenset({4774, 1774})",4774,0.7142857142857143,True,2022-12,1,3432,1
B6,BOS,FLL,2022,12,660,18,11,1.0,"frozenset({2269, 69})",2269,0.6111111111111112,True,2022-12,1,3433,1
WN,MDW,MSP,2022,12,725,14,9,6.0,frozenset({3457}),3457,0.6428571428571429,True,2022-12,1,3434,1
WN,MDW,MSP,2022,12,1350,26,15,5.0,frozenset({1424}),1424,0.5769230769230769,True,2022-12,1,3435,1
HA,HNL,KOA,2022,12,1002,30,16,3.0,frozenset({388}),388,0.5333333333333333,True,2022-12,1,3436,1
WN,LAS,EUG,2022,12,870,14,8,5.0,"frozenset({3409, 2065})",3409,0.5714285714285714,True,2022-12,1,3437,1
WN,LAS,ELP,2022,12,1310,14,9,4.0,"frozenset({2379, 252})",2379,0.6428571428571429,True,2022-12,1,3438,1
F9,DEN,RDU,2022,12,918,13,8,0.0,frozenset({558}),558,0.6153846153846154,True,2022-12,1,3439,1
F9,DEN,PHL,2022,12,14,27,17,3.0,frozenset({518}),518,0.6296296296296297,True,2022-12,2,2889,2
HA,HNL,LIH,2022,12,580,13,9,7.0,frozenset({203}),203,0.6923076923076923,True,2022-12,1,3440,1
WN,MDW,OAK,2022,12,1235,12,7,1.0,"frozenset({2459, 3813})",2459,0.5833333333333334,True,2022-12,1,3441,1
HA,HNL,LIH,2022,12,1065,11,9,4.0,frozenset({513}),513,0.8181818181818182,True,2022-12,1,3442,1
WN,MDW,OKC,2022,12,460,14,8,4.0,"frozenset({2922, 1444})",1444,0.5714285714285714,True,2022-12,1,3443,1
F9,DEN,SLC,2022,12,1382,29,15,2.0,"frozenset({573, 575})",573,0.5172413793103449,True,2022-12,1,3444,1
WN,MDW,RDU,2022,12,1260,14,8,4.0,frozenset({1133}),1133,0.5714285714285714,True,2022-12,1,3445,1
WN,MDW,CLE,2022,12,1145,23,13,1.0,"frozenset({2586, 5451})",2586,0.5652173913043478,True,2022-12,1,3446,1
WN,LAS,PDX,2022,12,1285,16,9,6.0,"frozenset({492, 709, 3068})",3068,0.5625,True,2022-12,1,3447,1
WN,MCI,DEN,2022,12,1250,14,9,6.0,"frozenset({2833, 298})",2833,0.6428571428571429,True,2022-12,1,3448,1
B6,JFK,PHX,2022,12,1049,31,21,0.0,frozenset({135}),135,0.6774193548387096,True,2022-12,1,3449,1
F9,MDW,ATL,2022,12,770,12,7,1.0,frozenset({1355}),1355,0.5833333333333334,True,2022-12,1,3450,1
WN,MCI,MCO,2022,12,1295,14,8,4.0,"frozenset({1432, 106})",106,0.5714285714285714,True,2022-12,1,3451,1
WN,CLE,MDW,2022,12,1285,14,8,3.0,"frozenset({986, 733})",733,0.5714285714285714,True,2022-12,1,3452,1
WN,MCI,MSY,2022,12,635,13,8,5.0,"frozenset({610, 3235})",3235,0.6153846153846154,True,2022-12,1,3453,1
WN,MCI,TPA,2022,12,1260,14,9,4.0,"frozenset({10, 2006})",10,0.6428571428571429,True,2022-12,1,3454,1
WN,CLE,BWI,2022,12,1090,14,8,2.0,frozenset({788}),788,0.5714285714285714,True,2022-12,1,3455,1
WN,CHS,DAL,2022,12,830,14,8,4.0,"frozenset({146, 2622})",2622,0.5714285714285714,True,2022-12,1,3456,1
WN,MCO,ATL,2022,12,1085,13,9,2.0,"frozenset({2011, 4846})",2011,0.6923076923076923,True,2022-12,1,3457,1
WN,BZN,DEN,2022,12,990,14,10,4.0,frozenset({3081}),3081,0.7142857142857143,True,2022-12,1,3458,1
B6,JFK,LAX,2022,12,1335,23,12,0.0,"frozenset({1723, 1823})",1823,0.5217391304347826,True,2022-12,1,3459,1
F9,MDW,PHL,2022,12,837,21,13,2.0,"frozenset({1464, 1462})",1462,0.6190476190476191,True,2022-12,1,3460,1
WN,DAL,CLT,2022,12,595,13,7,3.0,"frozenset({1788, 2919})",2919,0.5384615384615384,True,2022-12,1,3461,1
B6,JFK,PSP,2022,12,1087,19,12,0.0,frozenset({1849}),1849,0.631578947368421,True,2022-12,1,3462,1
WN,MCO,BNA,2022,12,970,10,6,4.0,"frozenset({2504, 2003, 2550})",2003,0.6,True,2022-12,1,3463,1
F9,MCO,MDW,2022,12,1387,31,16,3.0,frozenset({1024}),1024,0.5161290322580645,True,2022-12,1,3464,1
F9,MIA,PHL,2022,12,1289,25,16,5.0,"frozenset({2328, 2326})",2328,0.64,True,2022-12,1,3465,1
F9,MCO,MDW,2022,12,660,27,15,2.0,frozenset({1022}),1022,0.5555555555555556,True,2022-12,1,3466,1
WN,LAS,SNA,2022,12,900,30,16,6.0,"frozenset({3109, 1067, 844, 435, 3063})",1067,0.5333333333333333,True,2022-12,1,3467,1
F9,ONT,LAS,2022,12,1364,11,6,0.0,"frozenset({2186, 2190})",2186,0.5454545454545454,True,2022-12,2,2845,2
F9,MCO,ISP,2022,12,1132,20,11,0.0,"frozenset({1096, 1098})",1096,0.55,True,2022-12,1,3468,1
WN,MCO,BWI,2022,12,1360,14,9,5.0,frozenset({3578}),3578,0.6428571428571429,True,2022-12,1,3469,1
WN,LAX,OAK,2022,12,1045,11,8,5.0,"frozenset({2032, 3401})",3401,0.7272727272727273,True,2022-12,1,3470,1
B6,JFK,RNO,2022,12,1185,14,9,2.0,frozenset({81}),81,0.6428571428571429,True,2022-12,1,3471,1
WN,MCI,DAL,2022,12,1220,13,7,5.0,frozenset({2624}),2624,0.5384615384615384,True,2022-12,1,3472,1
WN,LAX,PHX,2022,12,610,13,7,1.0,"frozenset({1384, 2813})",1384,0.5384615384615384,True,2022-12,1,3473,1
WN,LAX,SMF,2022,12,1095,11,7,4.0,frozenset({2794}),2794,0.6363636363636364,True,2022-12,1,3474,1
WN,LGA,DAL,2022,12,1210,20,11,5.0,"frozenset({2691, 286})",286,0.55,True,2022-12,1,3475,1
WN,CMH,SRQ,2022,12,765,13,8,5.0,frozenset({1672}),1672,0.6153846153846154,True,2022-12,1,3476,1
WN,LGA,DEN,2022,12,1065,26,20,5.0,frozenset({930}),930,0.7692307692307693,True,2022-12,1,3477,1
WN,LAX,SJC,2022,12,1030,13,8,5.0,"frozenset({1602, 1558, 2279})",1558,0.6153846153846154,True,2022-12,1,3478,1
WN,CMH,RSW,2022,12,760,13,7,6.0,"frozenset({1629, 2469})",2469,0.5384615384615384,True,2022-12,1,3479,1
WN,CMH,MDW,2022,12,1310,14,9,5.0,"frozenset({1552, 1762})",1762,0.6428571428571429,True,2022-12,1,3480,1
WN,CMH,MDW,2022,12,1160,25,13,6.0,"frozenset({2553, 1697, 993, 110})",2553,0.52,True,2022-12,1,3481,1
WN,CMH,FLL,2022,12,1015,13,8,6.0,"frozenset({1058, 3730})",3730,0.6153846153846154,True,2022-12,1,3482,1
WN,LGA,MDW,2022,12,1165,20,11,6.0,frozenset({3230}),3230,0.55,True,2022-12,1,3483,1
WN,CMH,FLL,2022,12,375,10,6,4.0,"frozenset({644, 245})",245,0.6,True,2022-12,1,3484,1
B6,JFK,MCO,2022,12,1260,23,13,0.0,frozenset({2583}),2583,0.5652173913043478,True,2022-12,2,2855,2
B6,JFK,MCO,2022,12,1200,30,16,2.0,"frozenset({283, 2583})",283,0.5333333333333333,True,2022-12,1,3485,1
WN,LGA,TPA,2022,12,1065,14,11,4.0,frozenset({1748}),1748,0.7857142857142857,True,2022-12,1,3486,1
B6,JFK,MCO,2022,12,899,31,17,0.0,frozenset({383}),383,0.5483870967741935,True,2022-12,1,3487,1
WN,LGB,DEN,2022,12,1180,11,7,7.0,"frozenset({931, 1940})",1940,0.6363636363636364,True,2022-12,1,3488,1
F9,MCO,PHL,2022,12,1230,31,16,1.0,frozenset({1164}),1164,0.5161290322580645,True,2022-12,1,3489,1
F9,MCO,PHL,2022,12,1044,31,17,0.0,frozenset({1162}),1162,0.5483870967741935,True,2022-12,2,2903,2
WN,LGB,OAK,2022,12,1070,13,7,5.0,"frozenset({1395, 3019})",1395,0.5384615384615384,True,2022-12,1,3490,1
WN,CMH,DAL,2022,12,975,13,8,2.0,"frozenset({3571, 556})",3571,0.6153846153846154,True,2022-12,1,3491,1
WN,LGB,SMF,2022,12,655,13,7,5.0,"frozenset({562, 3107})",3107,0.5384615384615384,True,2022-12,1,3492,1
WN,LIT,DAL,2022,12,405,13,7,7.0,"frozenset({3787, 556})",556,0.5384615384615384,True,2022-12,1,3493,1
WN,MAF,LAS,2022,12,820,14,8,4.0,frozenset({4126}),4126,0.5714285714285714,True,2022-12,1,3494,1
WN,MCI,DAL,2022,12,680,13,7,7.0,"frozenset({155, 2484})",155,0.5384615384615384,True,2022-12,1,3495,1
WN,LAS,SMF,2022,12,920,19,10,3.0,"frozenset({1689, 1050, 2196})",1050,0.5263157894736842,True,2022-12,1,3496,1
F9,MCO,IAH,2022,12,1154,18,12,0.0,frozenset({1251}),1251,0.6666666666666666,True,2022-12,1,3497,1
WN,DAL,FLL,2022,12,1210,14,10,5.0,frozenset({3520}),3520,0.7142857142857143,True,2022-12,1,3498,1
WN,MCO,PVD,2022,12,1175,23,13,5.0,"frozenset({1145, 2273, 3015})",1145,0.5652173913043478,True,2022-12,1,3499,1
F9,PHL,MIA,2022,12,1060,25,16,5.0,frozenset({2327}),2327,0.64,True,2022-12,1,3500,1
F9,PHL,TPA,2022,12,1094,31,16,0.0,frozenset({2377}),2377,0.5161290322580645,True,2022-12,1,3501,1
WN,LAS,SBA,2022,12,1290,14,9,5.0,frozenset({2333}),2333,0.6428571428571429,True,2022-12,1,3502,1
WN,BWI,PWM,2022,12,945,13,7,3.0,"frozenset({1457, 2597})",1457,0.5384615384615384,True,2022-12,1,3503,1
WN,LAS,SAT,2022,12,1110,31,16,6.0,"frozenset({770, 1415})",1415,0.5161290322580645,True,2022-12,1,3504,1
F9,PVD,MCO,2022,12,1156,13,7,0.0,frozenset({1183}),1183,0.5384615384615384,True,2022-12,1,3505,1
WN,DAL,LAX,2022,12,1185,13,9,6.0,"frozenset({4808, 1722})",4808,0.6923076923076923,True,2022-12,1,3506,1
WN,LAS,SAN,2022,12,975,20,12,6.0,"frozenset({2146, 932, 854})",932,0.6,True,2022-12,1,3507,1
WN,LAS,RNO,2022,12,1065,22,12,6.0,frozenset({1973}),1973,0.5454545454545454,True,2022-12,1,3508,1
F9,MCO,BUF,2022,12,581,31,21,8.0,frozenset({1038}),1038,0.6774193548387096,True,2022-12,1,3509,1
F9,SJU,BDL,2022,12,985,30,19,0.0,frozenset({114}),114,0.6333333333333333,True,2022-12,1,3510,1
F9,SNA,LAS,2022,12,802,30,16,0.0,frozenset({2124}),2124,0.5333333333333333,True,2022-12,1,3511,1
B6,JAX,BOS,2022,12,1110,10,6,0.0,frozenset({10}),10,0.6,True,2022-12,1,3512,1
F9,STL,DEN,2022,12,779,13,7,0.0,frozenset({699}),699,0.5384615384615384,True,2022-12,1,3513,1
F9,MCO,BNA,2022,12,1156,18,10,1.0,frozenset({1031}),1031,0.5555555555555556,True,2022-12,1,3514,1
B6,FLL,SJU,2022,12,588,10,6,0.0,"frozenset({1553, 1653})",1553,0.6,True,2022-12,1,3515,1
F9,MCO,ATL,2022,12,1216,27,16,2.0,"frozenset({1011, 1013, 1015})",1013,0.5925925925925926,True,2022-12,1,3516,1
B6,FLL,LAX,2022,12,1305,31,19,0.0,frozenset({2501}),2501,0.6129032258064516,True,2022-12,1,3517,1
B6,LAS,FLL,2022,12,1410,31,16,0.0,frozenset({608}),608,0.5161290322580645,True,2022-12,2,2902,2
WN,DAL,MCI,2022,12,545,13,7,5.0,"frozenset({377, 2829})",2829,0.5384615384615384,True,2022-12,1,3518,1
WN,MDW,BWI,2022,12,300,13,9,5.0,"frozenset({2008, 2843, 184})",2008,0.6923076923076923,True,2022-12,1,3519,1
B6,FLL,JFK,2022,12,870,22,13,0.0,frozenset({1902}),1902,0.5909090909090909,True,2022-12,1,3520,1
WN,MCO,PIT,2022,12,1250,22,15,6.0,"frozenset({3424, 2712, 1558})",3424,0.6818181818181818,True,2022-12,1,3521,1
F9,PHL,LAS,2022,12,1276,17,9,0.0,"frozenset({2145, 2143})",2143,0.5294117647058824,True,2022-12,1,3522,1
B6,JFK,ATL,2022,12,1319,12,7,1.0,frozenset({319}),319,0.5833333333333334,True,2022-12,1,3523,1
WN,MCO,MKE,2022,12,1215,14,9,5.0,"frozenset({511, 3271})",511,0.6428571428571429,True,2022-12,1,3524,1
B6,JFK,DEN,2022,12,1200,31,17,0.0,frozenset({97}),97,0.5483870967741935,True,2022-12,1,3525,1
WN,BWI,SRQ,2022,12,1140,11,7,1.0,frozenset({1625}),1625,0.6363636363636364,True,2022-12,1,3526,1
WN,BWI,SRQ,2022,12,475,19,11,4.0,"frozenset({1264, 1359})",1264,0.5789473684210527,True,2022-12,1,3527,1
WN,MCO,DAL,2022,12,815,13,7,1.0,"frozenset({3321, 3539, 3059})",3059,0.5384615384615384,True,2022-12,1,3528,1
B6,JFK,SFO,2022,12,1319,23,12,0.0,frozenset({2615}),2615,0.5217391304347826,True,2022-12,1,3529,1
UA,DEN,LAS,2022,12,1229,13,7,0.0,frozenset({743}),743,0.5384615384615384,True,2022-12,1,3530,1
WN,DAL,HDN,2022,12,630,11,6,4.0,"frozenset({2937, 3090})",3090,0.5454545454545454,True,2022-12,1,3531,1
F9,PBI,TTN,2022,12,1107,17,11,3.0,frozenset({818}),818,0.6470588235294118,True,2022-12,1,3532,1
B6,JFK,BUF,2022,12,1315,29,15,5.0,frozenset({102}),102,0.5172413793103449,True,2022-12,1,3533,1
WN,BWI,SAT,2022,12,1305,14,9,5.0,frozenset({2646}),2646,0.6428571428571429,True,2022-12,1,3534,1
WN,LAS,SJC,2022,12,1230,26,14,6.0,"frozenset({1620, 421, 2726})",421,0.5384615384615384,True,2022-12,1,3535,1
F9,TPA,BUF,2022,12,1323,31,18,7.0,frozenset({2500}),2500,0.5806451612903226,True,2022-12,1,3536,1
WN,BWI,RSW,2022,12,1150,11,6,1.0,"frozenset({539, 1206})",539,0.5454545454545454,True,2022-12,1,3537,1
B6,JFK,BOS,2022,12,1365,27,17,1.0,"frozenset({1318, 2318})",1318,0.6296296296296297,True,2022-12,1,3538,1
WN,BWI,RSW,2022,12,1000,14,9,4.0,"frozenset({1206, 3599})",1206,0.6428571428571429,True,2022-12,1,3539,1
WN,LAS,SJC,2022,12,1000,20,11,5.0,"frozenset({427, 5077})",427,0.55,True,2022-12,1,3540,1
F9,MCO,CLE,2022,12,1332,31,18,3.0,frozenset({1044}),1044,0.5806451612903226,True,2022-12,1,3541,1
B6,JFK,SJU,2022,12,1439,20,13,1.0,frozenset({403}),403,0.65,True,2022-12,1,3542,1
B6,JFK,SLC,2022,12,1169,31,16,1.0,frozenset({71}),71,0.5161290322580645,True,2022-12,1,3543,1
WN,MCO,MDW,2022,12,760,14,8,2.0,frozenset({1535}),1535,0.5714285714285714,True,2022-12,1,3544,1
WN,MCO,MDW,2022,12,1020,19,11,4.0,"frozenset({3131, 491})",3131,0.5789473684210527,True,2022-12,1,3545,1
WN,MCO,MHT,2022,12,1135,10,8,5.0,"frozenset({3441, 1557})",3441,0.8,True,2022-12,1,3546,1
B6,JFK,SYR,2022,12,1349,31,20,1.0,frozenset({2516}),2516,0.6451612903225806,True,2022-12,1,3547,1
WN,LAS,SFO,2022,12,1045,31,19,3.0,frozenset({3187}),3187,0.6129032258064516,True,2022-12,1,3548,1
WN,MCO,MCI,2022,12,950,13,7,3.0,"frozenset({2080, 1759})",1759,0.5384615384615384,True,2022-12,1,3549,1
AS,SEA,SBA,2022,12,620,17,10,3.0,frozenset({890}),890,0.5882352941176471,True,2022-12,1,3550,1
F9,DEN,MCO,2022,12,9,22,12,3.0,"frozenset({684, 678})",678,0.5454545454545454,True,2022-12,3,2780,3
AS,SEA,SAN,2022,12,1245,22,12,3.0,"frozenset({1499, 574})",574,0.5454545454545454,True,2022-12,1,3551,1
WN,PHX,BUR,2022,12,1190,19,10,6.0,"frozenset({1924, 1030, 2927})",1924,0.5263157894736842,True,2022-12,1,3552,1
AS,DFW,SEA,2022,12,1150,15,10,1.0,frozenset({780}),780,0.6666666666666666,True,2022-12,1,3553,1
AS,DFW,SEA,2022,12,900,15,8,3.0,frozenset({725}),725,0.5333333333333333,True,2022-12,1,3554,1
AS,DEN,SEA,2022,12,1220,14,11,2.0,frozenset({1474}),1474,0.7857142857142857,True,2022-12,1,3555,1
AS,DEN,SEA,2022,12,1050,14,8,1.0,frozenset({556}),556,0.5714285714285714,True,2022-12,1,3556,1
AS,DEN,SEA,2022,12,895,17,10,3.0,frozenset({620}),620,0.5882352941176471,True,2022-12,1,3557,1
AS,DEN,PDX,2022,12,1140,14,8,3.0,frozenset({590}),590,0.5714285714285714,True,2022-12,1,3558,1
AS,DAL,SEA,2022,12,1140,17,11,4.0,frozenset({128}),128,0.6470588235294118,True,2022-12,1,3559,1
AS,BZN,SEA,2022,12,420,17,9,2.0,frozenset({821}),821,0.5294117647058824,True,2022-12,1,3560,1
AS,BRW,ANC,2022,12,1055,30,21,4.0,frozenset({50}),50,0.7,True,2022-12,1,3561,1
B6,MCO,LGA,2022,12,1054,20,11,0.0,frozenset({1798}),1798,0.55,True,2022-12,2,2910,2
WN,PHX,DEN,2022,12,1375,14,8,7.0,"frozenset({384, 486})",486,0.5714285714285714,True,2022-12,1,3562,1
B6,MCO,LGA,2022,12,1135,23,12,0.0,frozenset({798}),798,0.5217391304347826,True,2022-12,2,2897,2
AS,BET,ANC,2022,12,1193,21,13,1.0,frozenset({46}),46,0.6190476190476191,True,2022-12,1,3563,1
AS,BET,ANC,2022,12,760,30,17,3.0,frozenset({44}),44,0.5666666666666667,True,2022-12,1,3564,1
WN,PHX,ELP,2022,12,820,13,8,2.0,"frozenset({1384, 2813})",1384,0.6153846153846154,True,2022-12,1,3565,1
AS,ATL,SEA,2022,12,1160,10,6,1.0,frozenset({442}),442,0.6,True,2022-12,1,3566,1
AS,ATL,SEA,2022,12,1005,17,9,3.0,frozenset({746}),746,0.5294117647058824,True,2022-12,1,3567,1
MQ,AUS,RDU,2022,12,1065,17,10,0.0,frozenset({3594}),3594,0.5882352941176471,True,2022-12,1,3568,1
AS,ANC,SEA,2022,12,970,13,7,0.0,frozenset({116}),116,0.5384615384615384,True,2022-12,1,3569,1
B6,MCO,LGA,2022,12,1255,25,15,0.0,frozenset({998}),998,0.6,True,2022-12,1,3570,1
MQ,AUS,RNO,2022,12,914,17,12,2.0,frozenset({3881}),3881,0.7058823529411765,True,2022-12,1,3571,1
WN,PHX,LAS,2022,12,1275,14,8,4.0,"frozenset({1464, 805})",1464,0.5714285714285714,True,2022-12,1,3572,1
HA,SMF,HNL,2022,12,485,31,21,0.0,frozenset({19}),19,0.6774193548387096,True,2022-12,2,2857,2
WN,PHX,LAS,2022,12,1355,14,8,4.0,"frozenset({3025, 2334})",2334,0.5714285714285714,True,2022-12,1,3573,1
AS,EWR,PDX,2022,12,1140,15,8,2.0,frozenset({53}),53,0.5333333333333333,True,2022-12,1,3574,1
WN,BOI,SMF,2022,12,1010,13,8,6.0,"frozenset({2953, 575})",2953,0.6153846153846154,True,2022-12,1,3575,1
AS,LIH,SAN,2022,12,990,17,11,3.0,frozenset({299}),299,0.6470588235294118,True,2022-12,1,3576,1
WN,ORD,DEN,2022,12,1130,23,13,3.0,"frozenset({2595, 2781})",2595,0.5652173913043478,True,2022-12,1,3577,1
AS,LIH,PDX,2022,12,895,10,6,2.0,frozenset({1224}),1224,0.6,True,2022-12,1,3578,1
AS,LAX,OGG,2022,12,668,17,14,1.0,frozenset({813}),813,0.8235294117647058,True,2022-12,1,3579,1
AS,LAX,IAD,2022,12,510,14,9,2.0,frozenset({1108}),1108,0.6428571428571429,True,2022-12,1,3580,1
WN,BUF,BWI,2022,12,1045,19,12,6.0,"frozenset({553, 3001, 1281})",3001,0.631578947368421,True,2022-12,1,3581,1
AS,KOA,SJC,2022,12,1005,17,10,1.0,frozenset({856}),856,0.5882352941176471,True,2022-12,1,3582,1
AS,KOA,SAN,2022,12,825,17,12,4.0,frozenset({894}),894,0.7058823529411765,True,2022-12,1,3583,1
AS,IND,SEA,2022,12,1105,17,13,1.0,frozenset({500}),500,0.7647058823529411,True,2022-12,1,3584,1
WN,BUF,BWI,2022,12,575,13,7,6.0,"frozenset({3374, 3159})",3159,0.5384615384615384,True,2022-12,1,3585,1
WN,ORF,MCO,2022,12,1020,13,8,6.0,"frozenset({2802, 1363})",2802,0.6153846153846154,True,2022-12,1,3586,1
AS,IAD,SFO,2022,12,1050,14,9,1.0,frozenset({553}),553,0.6428571428571429,True,2022-12,1,3587,1
AS,HNL,SEA,2022,12,1430,21,11,0.0,frozenset({891}),891,0.5238095238095238,True,2022-12,1,3588,1
WN,BOS,STL,2022,12,1140,14,8,3.0,"frozenset({1786, 966})",966,0.5714285714285714,True,2022-12,1,3589,1
WN,PDX,OAK,2022,12,1345,14,8,6.0,frozenset({2131}),2131,0.5714285714285714,True,2022-12,1,3590,1
AS,HNL,LAX,2022,12,980,31,17,2.0,frozenset({866}),866,0.5483870967741935,True,2022-12,1,3591,1
WN,PDX,SMF,2022,12,1140,11,7,0.0,"frozenset({1560, 1020})",1020,0.6363636363636364,True,2022-12,1,3592,1
WN,PHL,ATL,2022,12,1050,13,7,5.0,frozenset({3054}),3054,0.5384615384615384,True,2022-12,1,3593,1
AS,GEG,SEA,2022,12,820,17,10,4.0,frozenset({749}),749,0.5882352941176471,True,2022-12,1,3594,1
WN,KOA,OGG,2022,12,905,31,16,2.0,frozenset({1982}),1982,0.5161290322580645,True,2022-12,1,3595,1
WN,PHX,ABQ,2022,12,770,13,8,4.0,"frozenset({994, 1796})",1796,0.6153846153846154,True,2022-12,1,3596,1
AS,GEG,LAX,2022,12,480,15,9,1.0,frozenset({1494}),1494,0.6,True,2022-12,1,3597,1
AS,FLL,SFO,2022,12,1180,12,9,1.0,frozenset({347}),347,0.75,True,2022-12,1,3598,1
AS,EWR,SFO,2022,12,1175,28,16,4.0,frozenset({375}),375,0.5714285714285714,True,2022-12,1,3599,1
AS,ANC,PDX,2022,12,1145,15,11,4.0,frozenset({562}),562,0.7333333333333333,True,2022-12,1,3600,1
AS,ANC,ORD,2022,12,1375,17,10,0.0,frozenset({722}),722,0.5882352941176471,True,2022-12,1,3601,1
AS,ANC,HNL,2022,12,1050,17,10,0.0,frozenset({1420}),1420,0.5882352941176471,True,2022-12,1,3602,1
WN,BHM,HOU,2022,12,1160,14,8,4.0,"frozenset({706, 3419})",3419,0.5714285714285714,True,2022-12,1,3603,1
WN,PHX,PSP,2022,12,790,13,7,1.0,"frozenset({4842, 2805})",2805,0.5384615384615384,True,2022-12,1,3604,1
AA,SEA,DFW,2022,12,1439,12,7,1.0,frozenset({742}),742,0.5833333333333334,True,2022-12,1,3605,1
MQ,DSM,DCA,2022,12,369,12,7,0.0,frozenset({3443}),3443,0.5833333333333334,True,2022-12,1,3606,1
WN,PHX,SAT,2022,12,1195,13,8,5.0,"frozenset({3697, 850})",850,0.6153846153846154,True,2022-12,1,3607,1
WN,BDL,TPA,2022,12,930,13,7,4.0,frozenset({1358}),1358,0.5384615384615384,True,2022-12,1,3608,1
WN,PHX,SEA,2022,12,910,10,7,5.0,"frozenset({3138, 774})",3138,0.7,True,2022-12,1,3609,1
AA,SBA,DFW,2022,12,860,28,15,0.0,frozenset({1981}),1981,0.5357142857142857,True,2022-12,1,3610,1
WN,PHX,SFO,2022,12,1315,14,8,4.0,frozenset({1852}),1852,0.5714285714285714,True,2022-12,1,3611,1
F9,BUF,TPA,2022,12,330,31,16,7.0,frozenset({2501}),2501,0.5161290322580645,True,2022-12,1,3612,1
WN,PHX,SJC,2022,12,1315,14,11,4.0,"frozenset({3499, 2172})",3499,0.7857142857142857,True,2022-12,1,3613,1
WN,LGA,ATL,2022,12,1075,26,14,7.0,frozenset({1433}),1433,0.5384615384615384,True,2022-12,1,3614,1
WN,AUS,SAN,2022,12,1010,25,14,6.0,"frozenset({1105, 3266, 3283, 2653})",3283,0.56,True,2022-12,1,3615,1
B6,MCO,SJU,2022,12,925,31,17,0.0,frozenset({1133}),1133,0.5483870967741935,True,2022-12,1,3616,1
B6,MCO,SJU,2022,12,1040,17,15,0.0,"frozenset({1033, 2933})",1033,0.8823529411764706,True,2022-12,1,3617,1
MQ,FAR,ORD,2022,12,326,16,12,2.0,frozenset({3654}),3654,0.75,True,2022-12,1,3618,1
MQ,FAR,ORD,2022,12,743,17,10,2.0,frozenset({3514}),3514,0.5882352941176471,True,2022-12,1,3619,1
WN,HOU,SAN,2022,12,1245,20,11,6.0,"frozenset({505, 4044, 4189})",505,0.55,True,2022-12,1,3620,1
F9,BUF,MCO,2022,12,807,31,18,8.0,frozenset({1039}),1039,0.5806451612903226,True,2022-12,2,2906,2
WN,PHX,SMF,2022,12,1160,18,11,1.0,frozenset({1226}),1226,0.6111111111111112,True,2022-12,1,3621,1
MQ,LAN,ORD,2022,12,845,15,8,0.0,frozenset({4082}),4082,0.5333333333333333,True,2022-12,1,3622,1
MQ,MEM,CLT,2022,12,1144,14,8,1.0,frozenset({3568}),3568,0.5714285714285714,True,2022-12,1,3623,1
WN,PHX,STL,2022,12,1190,13,8,1.0,"frozenset({2465, 3253})",2465,0.6153846153846154,True,2022-12,1,3624,1
WN,BHM,LAS,2022,12,920,10,8,5.0,"frozenset({2442, 604})",2442,0.8,True,2022-12,1,3625,1
WN,PHX,ORD,2022,12,850,12,7,4.0,"frozenset({2696, 2034})",2696,0.5833333333333334,True,2022-12,1,3626,1
WN,PHX,OMA,2022,12,1165,13,8,6.0,"frozenset({2347, 166})",166,0.6153846153846154,True,2022-12,1,3627,1
MQ,CID,ORD,2022,12,960,12,7,2.0,frozenset({3357}),3357,0.5833333333333334,True,2022-12,1,3628,1
MQ,AUS,TUL,2022,12,1301,14,8,0.0,frozenset({4240}),4240,0.5714285714285714,True,2022-12,1,3629,1
WN,IND,RSW,2022,12,615,13,7,5.0,"frozenset({1970, 2182})",1970,0.5384615384615384,True,2022-12,1,3630,1
MQ,BIS,DFW,2022,12,390,31,16,2.0,"frozenset({4233, 3772, 3421})",3772,0.5161290322580645,True,2022-12,1,3631,1
AS,ABQ,SEA,2022,12,975,17,10,3.0,"frozenset({738, 478})",738,0.5882352941176471,True,2022-12,1,3632,1
AA,XNA,DFW,2022,12,1108,14,10,0.0,frozenset({1731}),1731,0.7142857142857143,True,2022-12,1,3633,1
AA,TPA,ORD,2022,12,1176,15,8,1.0,frozenset({1101}),1101,0.5333333333333333,True,2022-12,1,3634,1
AA,TPA,ORD,2022,12,899,14,9,0.0,frozenset({1557}),1557,0.6428571428571429,True,2022-12,1,3635,1
WN,BNA,MDW,2022,12,1360,14,9,7.0,frozenset({2069}),2069,0.6428571428571429,True,2022-12,1,3636,1
WN,IND,RSW,2022,12,330,13,7,4.0,frozenset({1080}),1080,0.5384615384615384,True,2022-12,1,3637,1
MQ,BOS,CVG,2022,12,1135,15,9,2.0,frozenset({3348}),3348,0.6,True,2022-12,1,3638,1
WN,IND,PHX,2022,12,1135,19,11,6.0,"frozenset({805, 1421})",805,0.5789473684210527,True,2022-12,1,3639,1
AS,MCI,SEA,2022,12,1095,15,10,2.0,frozenset({779}),779,0.6666666666666666,True,2022-12,1,3640,1
WN,IND,DEN,2022,12,1250,13,9,7.0,"frozenset({1880, 851})",851,0.6923076923076923,True,2022-12,1,3641,1
WN,PHX,MDW,2022,12,1255,14,9,6.0,frozenset({3438}),3438,0.6428571428571429,True,2022-12,1,3642,1
WN,BNA,FLL,2022,12,1310,14,9,6.0,frozenset({4676}),4676,0.6428571428571429,True,2022-12,1,3643,1
WN,BNA,FLL,2022,12,490,13,7,5.0,"frozenset({1104, 363})",1104,0.5384615384615384,True,2022-12,1,3644,1
B6,MCO,PVD,2022,12,1255,31,16,1.0,frozenset({1076}),1076,0.5161290322580645,True,2022-12,1,3645,1
WN,DEN,CLE,2022,12,950,13,8,7.0,frozenset({2256}),2256,0.6153846153846154,True,2022-12,1,3646,1
WN,BNA,CHS,2022,12,1090,10,9,4.0,"frozenset({3824, 429})",3824,0.9,True,2022-12,1,3647,1
WN,PHX,OAK,2022,12,955,12,7,4.0,"frozenset({2978, 3492, 518})",518,0.5833333333333334,True,2022-12,1,3648,1
AA,SRQ,ORD,2022,12,811,16,9,0.0,frozenset({1969}),1969,0.5625,True,2022-12,1,3649,1
WN,BLI,LAS,2022,12,745,13,8,6.0,frozenset({978}),978,0.6153846153846154,True,2022-12,1,3650,1
WN,PHX,OKC,2022,12,1200,23,12,5.0,"frozenset({5377, 1371, 509})",5377,0.5217391304347826,True,2022-12,1,3651,1
WN,BHM,MCO,2022,12,1075,13,8,4.0,"frozenset({281, 845})",281,0.6153846153846154,True,2022-12,1,3652,1
MQ,BUF,ORD,2022,12,1069,12,8,5.0,frozenset({4121}),4121,0.6666666666666666,True,2022-12,1,3653,1
AS,MSP,SEA,2022,12,1085,18,10,2.0,frozenset({1204}),1204,0.5555555555555556,True,2022-12,1,3654,1
WN,ORD,DAL,2022,12,1225,25,13,6.0,frozenset({3427}),3427,0.52,True,2022-12,1,3655,1
WN,BUF,DEN,2022,12,1040,13,7,7.0,"frozenset({121, 804})",121,0.5384615384615384,True,2022-12,1,3656,1
AS,SEA,FAI,2022,12,760,17,10,1.0,frozenset({124}),124,0.5882352941176471,True,2022-12,1,3657,1
AS,SEA,EWR,2022,12,615,31,17,1.0,frozenset({714}),714,0.5483870967741935,True,2022-12,1,3658,1
AS,SEA,EWR,2022,12,460,17,11,5.0,frozenset({8}),8,0.6470588235294118,True,2022-12,1,3659,1
AS,SEA,DFW,2022,12,735,17,9,1.0,frozenset({576}),576,0.5294117647058824,True,2022-12,1,3660,1
AS,SEA,DEN,2022,12,947,14,9,1.0,frozenset({1474}),1474,0.6428571428571429,True,2022-12,1,3661,1
AS,SEA,DAL,2022,12,720,17,9,3.0,frozenset({158}),158,0.5294117647058824,True,2022-12,1,3662,1
AS,SEA,BWI,2022,12,580,17,10,5.0,frozenset({922}),922,0.5882352941176471,True,2022-12,1,3663,1
AS,SEA,ATL,2022,12,1325,17,10,1.0,frozenset({723}),723,0.5882352941176471,True,2022-12,1,3664,1
WN,MKE,MCO,2022,12,1165,14,8,5.0,frozenset({885}),885,0.5714285714285714,True,2022-12,1,3665,1
AS,SEA,ANC,2022,12,1425,15,9,2.0,frozenset({385}),385,0.6,True,2022-12,1,3666,1
AS,SEA,ANC,2022,12,1275,30,20,1.0,"frozenset({747, 109})",747,0.6666666666666666,True,2022-12,1,3667,1
AS,SBA,SEA,2022,12,830,17,9,3.0,frozenset({890}),890,0.5294117647058824,True,2022-12,1,3668,1
WN,MSP,BWI,2022,12,860,14,8,4.0,"frozenset({2045, 710})",2045,0.5714285714285714,True,2022-12,1,3669,1
WN,LAS,BUR,2022,12,1250,31,16,8.0,frozenset({873}),873,0.5161290322580645,True,2022-12,1,3670,1
WN,MSP,DEN,2022,12,1070,25,13,7.0,"frozenset({1760, 2737, 3306, 1663})",3306,0.52,True,2022-12,1,3671,1
WN,MSP,DEN,2022,12,1150,14,8,6.0,"frozenset({1760, 3776})",3776,0.5714285714285714,True,2022-12,1,3672,1
AS,SAN,KOA,2022,12,645,14,9,3.0,frozenset({899}),899,0.6428571428571429,True,2022-12,1,3673,1
WN,MSP,MDW,2022,12,910,13,9,5.0,"frozenset({122, 1621})",122,0.6923076923076923,True,2022-12,1,3674,1
WN,MSP,MDW,2022,12,1335,14,8,7.0,frozenset({2216}),2216,0.5714285714285714,True,2022-12,1,3675,1
AS,SAN,HNL,2022,12,660,17,9,1.0,frozenset({895}),895,0.5294117647058824,True,2022-12,1,3676,1
AS,SAN,FLL,2022,12,675,31,16,3.0,"frozenset({480, 501})",480,0.5161290322580645,True,2022-12,1,3677,1
WN,LAS,BUR,2022,12,955,10,6,3.0,"frozenset({684, 1396})",1396,0.6,True,2022-12,1,3678,1
B6,MCO,JFK,2022,12,955,31,21,0.0,frozenset({2884}),2884,0.6774193548387096,True,2022-12,2,2891,2
HA,LIH,HNL,2022,12,1135,11,9,4.0,frozenset({514}),514,0.8181818181818182,True,2022-12,1,3679,1
AS,SEA,FAI,2022,12,1285,17,11,2.0,frozenset({818}),818,0.6470588235294118,True,2022-12,1,3680,1
AS,SEA,GEG,2022,12,1220,29,15,1.0,"frozenset({288, 783})",783,0.5172413793103449,True,2022-12,1,3681,1
AS,SEA,HNL,2022,12,980,17,9,0.0,frozenset({129}),129,0.5294117647058824,True,2022-12,1,3682,1
WN,DEN,AUS,2022,12,1240,19,10,7.0,"frozenset({498, 1114, 2275})",498,0.5263157894736842,True,2022-12,1,3683,1
F9,DEN,LAS,2022,12,1196,31,16,0.0,frozenset({777}),777,0.5161290322580645,True,2022-12,1,3684,1
AS,SEA,RNO,2022,12,1290,10,8,2.0,frozenset({827}),827,0.8,True,2022-12,1,3685,1
WN,MDW,SAN,2022,12,1255,25,13,6.0,"frozenset({1420, 3694})",1420,0.52,True,2022-12,1,3686,1
AS,SEA,RNO,2022,12,765,17,9,3.0,frozenset({475}),475,0.5294117647058824,True,2022-12,1,3687,1
AS,SEA,RDU,2022,12,535,17,9,5.0,frozenset({905}),905,0.5294117647058824,True,2022-12,1,3688,1
AS,SEA,PSP,2022,12,510,17,9,5.0,frozenset({689}),689,0.5294117647058824,True,2022-12,1,3689,1
AS,SEA,PDX,2022,12,1365,44,26,6.0,"frozenset({1115, 924, 526})",526,0.5909090909090909,True,2022-12,1,3690,1
AS,SEA,PDX,2022,12,1305,24,14,2.0,"frozenset({1010, 1260, 1020, 358})",358,0.5833333333333334,True,2022-12,1,3691,1
F9,DEN,FAR,2022,12,664,12,7,2.0,frozenset({490}),490,0.5833333333333334,True,2022-12,1,3692,1
AS,SEA,PDX,2022,12,480,13,7,2.0,frozenset({511}),511,0.5384615384615384,True,2022-12,1,3693,1
AS,RNO,SEA,2022,12,925,10,7,1.0,frozenset({475}),475,0.7,True,2022-12,1,3694,1
WN,MDW,SJC,2022,12,1055,13,10,3.0,frozenset({522}),522,0.7692307692307693,True,2022-12,1,3695,1
AS,SEA,OGG,2022,12,715,31,18,1.0,frozenset({825}),825,0.5806451612903226,True,2022-12,1,3696,1
AS,SEA,MSY,2022,12,625,17,11,1.0,frozenset({1496}),1496,0.6470588235294118,True,2022-12,1,3697,1
WN,LAS,BZN,2022,12,750,14,10,3.0,"frozenset({3341, 2998})",3341,0.7142857142857143,True,2022-12,1,3698,1
AS,SEA,LIH,2022,12,660,17,9,2.0,frozenset({875}),875,0.5294117647058824,True,2022-12,1,3699,1
F9,DEN,ATL,2022,12,1145,22,13,1.0,"frozenset({416, 420})",420,0.5909090909090909,True,2022-12,1,3700,1
AS,SEA,LAX,2022,12,1245,17,12,1.0,"frozenset({1196, 671})",1196,0.7058823529411765,True,2022-12,1,3701,1
AS,SEA,LAS,2022,12,1065,12,7,2.0,frozenset({1426}),1426,0.5833333333333334,True,2022-12,1,3702,1
HA,LIH,HNL,2022,12,650,27,15,9.0,"frozenset({224, 194})",224,0.5555555555555556,True,2022-12,1,3703,1
WN,MDW,TPA,2022,12,1310,14,10,6.0,"frozenset({2229, 1918})",1918,0.7142857142857143,True,2022-12,1,3704,1
AS,SEA,KOA,2022,12,685,17,12,1.0,frozenset({843}),843,0.7058823529411765,True,2022-12,1,3705,1
AS,SEA,JNU,2022,12,1340,31,18,2.0,frozenset({555}),555,0.5806451612903226,True,2022-12,1,3706,1
AS,SEA,ORD,2022,12,540,17,9,4.0,"frozenset({1472, 1444})",1472,0.5294117647058824,True,2022-12,1,3707,1
AA,RDU,LGA,2022,12,1016,23,12,0.0,"frozenset({2338, 1859})",1859,0.5217391304347826,True,2022-12,2,2860,2
WN,MSY,FLL,2022,12,1100,14,8,4.0,frozenset({2119}),2119,0.5714285714285714,True,2022-12,1,3708,1
AS,RDU,SEA,2022,12,1080,17,12,5.0,frozenset({905}),905,0.7058823529411765,True,2022-12,1,3709,1
WN,OGG,HNL,2022,12,985,31,17,3.0,frozenset({356}),356,0.5483870967741935,True,2022-12,1,3710,1
WN,OGG,KOA,2022,12,960,31,16,2.0,frozenset({177}),177,0.5161290322580645,True,2022-12,1,3711,1
WN,BUR,SJC,2022,12,870,14,9,4.0,"frozenset({173, 3287})",173,0.6428571428571429,True,2022-12,1,3712,1
WN,OKC,DEN,2022,12,1240,14,9,4.0,"frozenset({197, 3358})",197,0.6428571428571429,True,2022-12,1,3713,1
F9,CVG,PHL,2022,12,1008,10,6,0.0,frozenset({1706}),1706,0.6,True,2022-12,1,3714,1
HA,OGG,SEA,2022,12,925,31,18,3.0,frozenset({30}),30,0.5806451612903226,True,2022-12,1,3715,1
WN,OMA,DEN,2022,12,1075,14,10,6.0,"frozenset({253, 335})",253,0.7142857142857143,True,2022-12,1,3716,1
WN,OMA,DEN,2022,12,1280,14,8,6.0,"frozenset({920, 431})",431,0.5714285714285714,True,2022-12,1,3717,1
AS,OGG,SAN,2022,12,1005,17,14,1.0,frozenset({806}),806,0.8235294117647058,True,2022-12,1,3718,1
WN,OMA,MCO,2022,12,830,13,8,4.0,"frozenset({1249, 291})",1249,0.6153846153846154,True,2022-12,1,3719,1
WN,OMA,MDW,2022,12,585,11,7,6.0,frozenset({1764}),1764,0.6363636363636364,True,2022-12,1,3720,1
AS,OGG,PDX,2022,12,1040,17,13,3.0,frozenset({898}),898,0.7647058823529411,True,2022-12,2,2854,2
WN,ONT,DEN,2022,12,1285,14,8,6.0,"frozenset({1876, 3116})",3116,0.5714285714285714,True,2022-12,1,3721,1
F9,CMH,MCO,2022,12,1136,13,7,1.0,frozenset({1055}),1055,0.5384615384615384,True,2022-12,1,3722,1
WN,ONT,OAK,2022,12,885,14,8,5.0,"frozenset({1741, 3591})",3591,0.5714285714285714,True,2022-12,1,3723,1
AS,OGG,PDX,2022,12,925,12,7,0.0,frozenset({898}),898,0.5833333333333334,True,2022-12,2,2854,2
WN,BUF,TPA,2022,12,1065,13,8,6.0,frozenset({3393}),3393,0.6153846153846154,True,2022-12,1,3724,1
WN,ONT,SJC,2022,12,1075,11,7,4.0,"frozenset({235, 3309})",3309,0.6363636363636364,True,2022-12,1,3725,1
WN,ONT,SJC,2022,12,1250,14,9,5.0,"frozenset({3446, 2326})",2326,0.6428571428571429,True,2022-12,1,3726,1
WN,ONT,SMF,2022,12,745,13,7,4.0,"frozenset({3069, 3430})",3069,0.5384615384615384,True,2022-12,1,3727,1
AS,OGG,LAX,2022,12,965,17,14,1.0,frozenset({882}),882,0.8235294117647058,True,2022-12,1,3728,1
HA,PDX,HNL,2022,12,460,31,17,1.0,frozenset({25}),25,0.5483870967741935,True,2022-12,1,3729,1
AS,MSY,SEA,2022,12,1085,17,12,1.0,frozenset({751}),751,0.7058823529411765,True,2022-12,1,3730,1
WN,OGG,HNL,2022,12,835,31,16,1.0,frozenset({2679}),2679,0.5161290322580645,True,2022-12,1,3731,1
WN,OAK,SNA,2022,12,875,14,8,4.0,frozenset({952}),952,0.5714285714285714,True,2022-12,1,3732,1
WN,OAK,SEA,2022,12,1205,17,9,5.0,"frozenset({593, 634, 1395})",1395,0.5294117647058824,True,2022-12,1,3733,1
HA,OGG,SAN,2022,12,915,31,16,0.0,frozenset({58}),58,0.5161290322580645,True,2022-12,1,3734,1
WN,MSY,MCO,2022,12,875,13,7,4.0,"frozenset({1208, 23})",23,0.5384615384615384,True,2022-12,1,3735,1
AS,PSP,SEA,2022,12,1140,15,8,2.0,frozenset({687}),687,0.5333333333333333,True,2022-12,1,3736,1
WN,MTJ,DEN,2022,12,1070,13,9,6.0,"frozenset({977, 2811, 1862})",1862,0.6923076923076923,True,2022-12,1,3737,1
WN,OAK,BLI,2022,12,580,13,7,5.0,"frozenset({1909, 1247})",1247,0.5384615384615384,True,2022-12,1,3738,1
WN,OAK,BOI,2022,12,1240,19,11,5.0,"frozenset({2040, 1210, 3471})",2040,0.5789473684210527,True,2022-12,1,3739,1
B6,MCO,LAX,2022,12,1215,10,7,0.0,frozenset({131}),131,0.7,True,2022-12,1,3740,1
WN,OAK,BUR,2022,12,475,11,7,5.0,"frozenset({1288, 1251})",1251,0.6363636363636364,True,2022-12,1,3741,1
HA,OGG,HNL,2022,12,975,43,24,7.0,"frozenset({345, 325, 335})",335,0.5581395348837209,True,2022-12,1,3742,1
AS,PSP,SEA,2022,12,735,17,9,4.0,frozenset({684}),684,0.5294117647058824,True,2022-12,1,3743,1
WN,OAK,GEG,2022,12,1205,31,17,4.0,"frozenset({593, 1245})",1245,0.5483870967741935,True,2022-12,1,3744,1
AS,PIT,SEA,2022,12,1085,17,14,1.0,frozenset({417}),417,0.8235294117647058,True,2022-12,1,3745,1
WN,MSY,IAH,2022,12,785,13,7,6.0,"frozenset({816, 3235})",3235,0.5384615384615384,True,2022-12,1,3746,1
AS,PHX,PDX,2022,12,655,16,9,4.0,frozenset({762}),762,0.5625,True,2022-12,1,3747,1
AS,PDX,LIH,2022,12,590,10,6,2.0,frozenset({1416}),1416,0.6,True,2022-12,1,3748,1
WN,OAK,LAX,2022,12,755,13,7,3.0,"frozenset({973, 3094, 935})",3094,0.5384615384615384,True,2022-12,1,3749,1
WN,OAK,LAX,2022,12,1070,11,6,5.0,"frozenset({2014, 3935})",2014,0.5454545454545454,True,2022-12,1,3750,1
WN,OAK,LAX,2022,12,1255,17,10,5.0,"frozenset({5935, 2014, 935})",5935,0.5882352941176471,True,2022-12,1,3751,1
AS,PDX,HNL,2022,12,460,17,9,4.0,frozenset({889}),889,0.5294117647058824,True,2022-12,1,3752,1
AS,PDX,ANC,2022,12,1250,15,8,3.0,frozenset({197}),197,0.5333333333333333,True,2022-12,1,3753,1
WN,DEN,BUR,2022,12,1220,23,13,9.0,"frozenset({1464, 1998, 2958})",1464,0.5652173913043478,True,2022-12,1,3754,1
WN,OAK,PDX,2022,12,1005,11,7,6.0,"frozenset({814, 3591})",3591,0.6363636363636364,True,2022-12,1,3755,1
AS,ORD,SEA,2022,12,965,17,12,4.0,"frozenset({1468, 1127})",1468,0.7058823529411765,True,2022-12,1,3756,1
AS,ORD,SEA,2022,12,600,15,8,1.0,frozenset({329}),329,0.5333333333333333,True,2022-12,1,3757,1
AS,OGG,SFO,2022,12,905,17,14,3.0,frozenset({710}),710,0.8235294117647058,True,2022-12,2,2849,2
AS,PHX,ANC,2022,12,1135,17,9,0.0,frozenset({141}),141,0.5294117647058824,True,2022-12,1,3758,1
UA,DEN,LAS,2022,12,806,30,17,4.0,frozenset({1252}),1252,0.5666666666666667,True,2022-12,1,3759,1
