Reporting_Airline,O,D,Year,Month,unit,ops,late,canc,fnums,dom,pct_late,chronic,period,streak,chain,run_len
OO,FWA,ATL,2025,1,1079,26,14,2.0,frozenset({4093}),4093,0.5384615384615384,True,2025-01,1,0,1
OH,CHS,DCA,2025,1,1179,22,12,4.0,frozenset({5302}),5302,0.5454545454545454,True,2025-01,1,1,1
F9,SJU,PHL,2025,1,1282,17,9,3.0,"frozenset({1165, 4461, 3247})",1165,0.5294117647058824,True,2025-01,1,2,1
OH,ICT,DCA,2025,1,1038,19,15,3.0,"frozenset({5677, 5342})",5342,0.7894736842105263,True,2025-01,1,3,1
OO,MGW,IAD,2025,1,390,31,16,9.0,"frozenset({5114, 5043})",5043,0.5161290322580645,True,2025-01,1,4,1
OO,LEX,ATL,2025,1,787,11,7,1.0,frozenset({3620}),3620,0.6363636363636364,True,2025-01,1,5,1
OH,MSY,DCA,2025,1,989,25,13,5.0,frozenset({5323}),5323,0.52,True,2025-01,1,6,1
AA,DCA,DFW,2025,1,1140,13,7,2.0,frozenset({1158}),1158,0.5384615384615384,True,2025-01,1,7,1
AA,DFW,BWI,2025,1,865,13,7,1.0,frozenset({1213}),1213,0.5384615384615384,True,2025-01,1,8,1
OH,ALB,DCA,2025,1,1033,22,12,4.0,frozenset({5158}),5158,0.5454545454545454,True,2025-01,1,9,2
OH,HSV,DFW,2025,1,380,31,19,3.0,"frozenset({5280, 5148})",5148,0.6129032258064516,True,2025-01,1,10,1
B6,ALB,FLL,2025,1,1115,14,8,0.0,frozenset({87}),87,0.5714285714285714,True,2025-01,1,11,2
G4,SFB,TOL,2025,1,1076,10,7,0.0,"frozenset({2968, 2914, 2892, 1334})",2892,0.7,True,2025-01,1,12,1
OH,DCA,SAV,2025,1,1185,27,15,7.0,frozenset({5384}),5384,0.5555555555555556,True,2025-01,1,13,2
AA,SAN,DFW,2025,1,1010,13,7,2.0,frozenset({2361}),2361,0.5384615384615384,True,2025-01,1,14,1
OH,PIT,DCA,2025,1,1210,22,15,4.0,frozenset({5585}),5585,0.6818181818181818,True,2025-01,1,15,2
OH,DCA,CVG,2025,1,1189,27,17,3.0,frozenset({5673}),5673,0.6296296296296297,True,2025-01,1,16,2
OO,ATL,LEX,2025,1,666,11,7,1.0,frozenset({3620}),3620,0.6363636363636364,True,2025-01,1,17,1
OO,ATL,CRW,2025,1,1214,12,7,2.0,frozenset({3810}),3810,0.5833333333333334,True,2025-01,1,18,1
OH,HSV,DFW,2025,1,300,17,9,2.0,"frozenset({5218, 5541})",5541,0.5294117647058824,True,2025-01,1,19,1
OH,HSV,DCA,2025,1,1108,24,17,4.0,frozenset({5368}),5368,0.7083333333333334,True,2025-01,1,20,3
NK,ATL,DFW,2025,1,1344,21,11,2.0,"frozenset({1123, 837})",1123,0.5238095238095238,True,2025-01,1,21,1
OO,ASE,ORD,2025,1,783,12,11,2.0,"frozenset({4874, 5956})",4874,0.9166666666666666,True,2025-01,1,22,1
G4,TOL,SFB,2025,1,1273,10,8,0.0,"frozenset({2848, 1329, 2883, 2924})",2924,0.8,True,2025-01,1,23,1
F9,PHL,SJU,2025,1,956,11,6,0.0,frozenset({1166}),1166,0.5454545454545454,True,2025-01,1,24,1
F9,SJU,MIA,2025,1,1152,13,7,0.0,frozenset({3377}),3377,0.5384615384615384,True,2025-01,1,25,1
DL,ATL,EWR,2025,1,1195,11,6,0.0,"frozenset({2498, 2527})",2527,0.5454545454545454,True,2025-01,1,26,1
OH,SAV,DCA,2025,1,1180,27,15,9.0,"frozenset({5357, 5110})",5110,0.5555555555555556,True,2025-01,1,27,1
OH,DCA,HSV,2025,1,1010,26,14,4.0,frozenset({5368}),5368,0.5384615384615384,True,2025-01,1,28,2
AA,DFW,BOI,2025,1,1165,31,17,1.0,frozenset({1104}),1104,0.5483870967741935,True,2025-01,1,29,1
F9,ATL,PHL,2025,1,1221,10,6,1.0,frozenset({1102}),1102,0.6,True,2025-01,1,30,1
AA,DFW,BHM,2025,1,1270,13,7,1.0,"frozenset({1050, 759})",759,0.5384615384615384,True,2025-01,1,31,1
OH,DCA,ALB,2025,1,1327,22,12,3.0,frozenset({5188}),5188,0.5454545454545454,True,2025-01,1,32,3
OH,DCA,CAE,2025,1,1325,22,14,6.0,frozenset({5664}),5664,0.6363636363636364,True,2025-01,1,33,1
F9,ORD,DFW,2025,1,956,13,7,2.0,frozenset({3241}),3241,0.5384615384615384,True,2025-01,1,34,1
F9,BOS,SJU,2025,1,603,28,20,1.0,frozenset({3001}),3001,0.7142857142857143,True,2025-01,1,35,1
DL,MIA,BOS,2025,1,1155,14,8,0.0,frozenset({2217}),2217,0.5714285714285714,True,2025-01,1,36,1
AA,ATL,DFW,2025,1,1210,13,7,1.0,frozenset({2403}),2403,0.5384615384615384,True,2025-01,1,37,1
F9,CLT,IAH,2025,1,1223,12,7,3.0,frozenset({3121}),3121,0.5833333333333334,True,2025-01,1,38,1
OH,DCA,ICT,2025,1,861,19,10,1.0,frozenset({5499}),5499,0.5263157894736842,True,2025-01,1,39,1
OH,DCA,GSP,2025,1,1252,22,12,3.0,frozenset({5576}),5576,0.5454545454545454,True,2025-01,1,40,1
OH,DCA,BUF,2025,1,1353,27,14,7.0,frozenset({5243}),5243,0.5185185185185185,True,2025-01,1,41,2
OH,DCA,MSY,2025,1,826,25,14,5.0,frozenset({5323}),5323,0.56,True,2025-01,1,42,1
OH,ICT,DFW,2025,1,300,11,6,2.0,frozenset({5238}),5238,0.5454545454545454,True,2025-01,1,43,1
F9,EWR,SJU,2025,1,781,31,19,0.0,frozenset({3573}),3573,0.6129032258064516,True,2025-01,1,44,1
OH,DCA,GSO,2025,1,1270,22,15,3.0,frozenset({5472}),5472,0.6818181818181818,True,2025-01,1,45,2
OH,TUL,DCA,2025,1,1007,22,13,4.0,frozenset({5608}),5608,0.5909090909090909,True,2025-01,1,46,1
B6,SJU,DCA,2025,1,1135,13,7,1.0,frozenset({1348}),1348,0.5384615384615384,True,2025-01,1,47,1
AA,DFW,BNA,2025,1,783,11,6,1.0,frozenset({1100}),1100,0.5454545454545454,True,2025-01,1,48,1
OH,HSV,DCA,2025,2,605,27,14,2.0,frozenset({5041}),5041,0.5185185185185185,True,2025-02,1,49,1
OH,HPN,DCA,2025,2,910,26,14,4.0,frozenset({5254}),5254,0.5384615384615384,True,2025-02,1,50,1
B6,BOS,SYR,2025,2,1235,12,8,1.0,frozenset({845}),845,0.6666666666666666,True,2025-02,1,51,1
OH,HPN,DCA,2025,2,1029,24,16,3.0,frozenset({5401}),5401,0.6666666666666666,True,2025-02,1,52,1
B6,BUF,JFK,2025,2,1080,12,7,1.0,frozenset({1901}),1901,0.5833333333333334,True,2025-02,1,53,1
B6,BUF,MCO,2025,2,925,12,7,0.0,frozenset({2085}),2085,0.5833333333333334,True,2025-02,1,54,1
OH,DCA,PWM,2025,2,894,26,14,2.0,frozenset({5626}),5626,0.5384615384615384,True,2025-02,1,55,1
OH,HSV,DCA,2025,2,1113,24,18,4.0,frozenset({5368}),5368,0.75,True,2025-02,2,20,3
B6,BOS,RSW,2025,2,543,12,7,1.0,frozenset({65}),65,0.5833333333333334,True,2025-02,1,56,1
B6,BOS,RDU,2025,2,1255,12,7,1.0,frozenset({983}),983,0.5833333333333334,True,2025-02,1,57,1
OH,IAH,PHL,2025,2,820,10,7,1.0,frozenset({5480}),5480,0.7,True,2025-02,1,58,1
OH,HPN,CLT,2025,2,1110,20,12,7.0,frozenset({5070}),5070,0.6,True,2025-02,1,59,1
OH,ICT,DCA,2025,2,1038,30,22,14.0,"frozenset({5677, 5574, 5342})",5574,0.7333333333333333,True,2025-02,1,60,1
B6,BOS,PBI,2025,2,876,10,7,0.0,frozenset({21}),21,0.7,True,2025-02,1,61,1
B6,BOS,PBI,2025,2,620,10,6,1.0,frozenset({321}),321,0.6,True,2025-02,1,62,1
OH,ILM,DCA,2025,2,383,15,8,2.0,frozenset({5022}),5022,0.5333333333333333,True,2025-02,1,63,1
AA,DFW,BFL,2025,2,1171,22,12,0.0,frozenset({1110}),1110,0.5454545454545454,True,2025-02,1,64,1
B6,BOS,MCO,2025,2,1110,13,7,0.0,"frozenset({1451, 351})",351,0.5384615384615384,True,2025-02,1,65,1
OH,ILM,DCA,2025,2,1022,15,10,4.0,frozenset({5286}),5286,0.6666666666666666,True,2025-02,1,66,1
AA,DFW,BHM,2025,2,1280,19,11,1.0,"frozenset({1050, 759})",1050,0.5789473684210527,True,2025-02,1,67,1
OH,HSV,DCA,2025,2,800,24,15,3.0,frozenset({5313}),5313,0.625,True,2025-02,1,68,1
OH,GSP,DCA,2025,2,1180,13,9,2.0,frozenset({5113}),5113,0.6923076923076923,True,2025-02,1,69,2
OH,DCA,TLH,2025,2,1185,26,17,4.0,frozenset({5597}),5597,0.6538461538461539,True,2025-02,1,70,1
OH,GRR,DCA,2025,2,939,24,13,2.0,frozenset({5039}),5039,0.5416666666666666,True,2025-02,1,71,1
B6,FLL,LGA,2025,2,1205,12,7,0.0,frozenset({572}),572,0.5833333333333334,True,2025-02,1,72,1
OH,DCA,PVD,2025,2,1035,12,7,5.0,frozenset({5038}),5038,0.5833333333333334,True,2025-02,1,73,1
OH,DCA,PNS,2025,2,1194,27,18,6.0,frozenset({5544}),5544,0.6666666666666666,True,2025-02,1,74,1
OH,DCA,PIT,2025,2,1119,10,7,2.0,frozenset({5585}),5585,0.7,True,2025-02,1,75,1
OH,DCA,ORF,2025,2,1320,24,13,3.0,"frozenset({5203, 5565})",5565,0.5416666666666666,True,2025-02,1,76,1
OH,DCA,ORF,2025,2,1212,14,10,3.0,frozenset({5565}),5565,0.7142857142857143,True,2025-02,1,77,1
OH,DCA,MSY,2025,2,835,28,18,7.0,"frozenset({5323, 5453})",5453,0.6428571428571429,True,2025-02,1,78,1
OH,DCA,PVD,2025,2,1336,13,10,3.0,frozenset({5230}),5230,0.7692307692307693,True,2025-02,1,79,2
OH,DCA,MSP,2025,2,1320,23,17,7.0,"frozenset({5523, 5276})",5276,0.7391304347826086,True,2025-02,1,80,1
B6,JAX,BOS,2025,2,1259,12,8,2.0,frozenset({2410}),2410,0.6666666666666666,True,2025-02,1,81,1
OH,DCA,MSN,2025,2,1189,26,16,2.0,frozenset({5494}),5494,0.6153846153846154,True,2025-02,1,82,1
OH,DCA,MKE,2025,2,1200,24,18,6.0,frozenset({5656}),5656,0.75,True,2025-02,1,83,1
B6,JFK,ATL,2025,2,1020,10,6,0.0,frozenset({419}),419,0.6,True,2025-02,1,84,1
OH,DCA,MHT,2025,2,1332,24,16,8.0,frozenset({5283}),5283,0.6666666666666666,True,2025-02,1,85,1
OH,DCA,MGM,2025,2,994,24,13,2.0,frozenset({5307}),5307,0.5416666666666666,True,2025-02,1,86,1
OH,DCA,MCI,2025,2,1215,24,17,6.0,frozenset({5125}),5125,0.7083333333333334,True,2025-02,1,87,1
AA,DCA,BOS,2025,2,1185,14,9,0.0,frozenset({2239}),2239,0.6428571428571429,True,2025-02,1,88,1
OH,DCA,PWM,2025,2,1327,24,17,7.0,frozenset({5422}),5422,0.7083333333333334,True,2025-02,1,89,1
B6,FLL,JFK,2025,2,962,12,7,0.0,frozenset({2202}),2202,0.5833333333333334,True,2025-02,1,90,1
OH,DCA,ROC,2025,2,1331,20,14,6.0,frozenset({5609}),5609,0.7,True,2025-02,1,91,1
OH,GRR,DCA,2025,2,344,15,9,7.0,frozenset({5074}),5074,0.6,True,2025-02,1,92,1
OH,DTW,DCA,2025,2,1039,28,17,4.0,frozenset({5194}),5194,0.6071428571428571,True,2025-02,1,93,1
OH,DSM,DCA,2025,2,777,27,14,4.0,frozenset({5388}),5388,0.5185185185185185,True,2025-02,1,94,1
B6,DCA,MCO,2025,2,1080,16,10,0.0,frozenset({2523}),2523,0.625,True,2025-02,1,95,1
B6,DCA,PBI,2025,2,1035,16,9,1.0,frozenset({1733}),1733,0.5625,True,2025-02,1,96,1
OH,DFW,ICT,2025,2,1356,12,7,2.0,"frozenset({5224, 5323})",5323,0.5833333333333334,True,2025-02,1,97,1
OH,DFW,ICT,2025,2,609,16,9,5.0,frozenset({5405}),5405,0.5625,True,2025-02,1,98,1
OH,DFW,HSV,2025,2,1150,16,12,1.0,frozenset({5605}),5605,0.75,True,2025-02,1,99,1
OH,DCA,TYS,2025,2,1053,14,9,2.0,frozenset({5580}),5580,0.6428571428571429,True,2025-02,1,100,1
OH,DCA,TYS,2025,2,1019,12,8,2.0,frozenset({5630}),5630,0.6666666666666666,True,2025-02,1,101,1
OH,DCA,TYS,2025,2,499,12,8,1.0,frozenset({5065}),5065,0.6666666666666666,True,2025-02,1,102,1
B6,BOS,LAS,2025,2,1254,13,7,1.0,"frozenset({2577, 2677})",2577,0.5384615384615384,True,2025-02,1,103,1
OH,DCA,SYR,2025,2,1345,20,13,6.0,frozenset({5287}),5287,0.65,True,2025-02,1,104,1
OH,DCA,SYR,2025,2,935,25,15,3.0,frozenset({5407}),5407,0.6,True,2025-02,1,105,1
OH,DCA,STL,2025,2,1274,14,8,2.0,frozenset({5229}),5229,0.5714285714285714,True,2025-02,1,106,1
OH,DCA,SDF,2025,2,1019,23,14,6.0,"frozenset({5057, 5250})",5250,0.6086956521739131,True,2025-02,1,107,1
OH,DCA,SAV,2025,2,1185,24,15,3.0,frozenset({5384}),5384,0.625,True,2025-02,2,13,2
B6,CLE,BOS,2025,2,789,12,7,2.0,frozenset({640}),640,0.5833333333333334,True,2025-02,1,108,1
B6,BOS,LAS,2025,2,705,22,14,1.0,frozenset({177}),177,0.6363636363636364,True,2025-02,1,109,1
OH,MKE,DCA,2025,2,716,14,10,1.0,frozenset({5637}),5637,0.7142857142857143,True,2025-02,1,110,1
OH,IND,DCA,2025,2,1128,26,15,6.0,"frozenset({5415, 5183})",5415,0.5769230769230769,True,2025-02,1,111,1
OO,LAX,ASE,2025,2,585,54,29,0.0,"frozenset({4032, 6433})",4032,0.5370370370370371,True,2025-02,1,112,1
OO,DTW,SBN,2025,2,1199,22,13,0.0,frozenset({3900}),3900,0.5909090909090909,True,2025-02,1,113,1
OO,DFW,SAT,2025,2,933,18,10,0.0,"frozenset({6400, 5002})",6400,0.5555555555555556,True,2025-02,1,114,1
OO,DFW,COU,2025,2,951,16,10,5.0,frozenset({5011}),5011,0.625,True,2025-02,1,115,1
OO,DFW,BTR,2025,2,900,14,9,0.0,frozenset({4911}),4911,0.6428571428571429,True,2025-02,1,116,1
OO,DFW,ASE,2025,2,627,28,15,0.0,frozenset({4984}),4984,0.5357142857142857,True,2025-02,1,117,2
OO,BTR,DFW,2025,2,1016,14,8,1.0,frozenset({4911}),4911,0.5714285714285714,True,2025-02,1,118,1
OO,LAX,SFO,2025,2,1315,11,6,0.0,frozenset({3461}),3461,0.5454545454545454,True,2025-02,1,119,1
OO,BOI,SEA,2025,2,1259,10,6,1.0,frozenset({3347}),3347,0.6,True,2025-02,1,120,1
OO,ASE,ORD,2025,2,828,12,10,1.0,frozenset({6437}),6437,0.8333333333333334,True,2025-02,1,121,2
OO,ASE,ORD,2025,2,706,16,9,2.0,frozenset({6203}),6203,0.5625,True,2025-02,1,122,1
OO,ASE,DFW,2025,2,754,28,18,1.0,frozenset({6407}),6407,0.6428571428571429,True,2025-02,1,123,2
AA,DFW,ECP,2025,2,1110,16,9,1.0,frozenset({1086}),1086,0.5625,True,2025-02,1,124,1
OO,ASE,AUS,2025,2,973,14,9,3.0,frozenset({6482}),6482,0.6428571428571429,True,2025-02,1,125,1
OO,ASE,ATL,2025,2,900,28,16,5.0,frozenset({3676}),3676,0.5714285714285714,True,2025-02,1,126,1
AS,DCA,SFO,2025,2,1035,28,17,1.0,frozenset({7}),7,0.6071428571428571,True,2025-02,1,127,1
OO,ASE,SFO,2025,2,956,12,7,5.0,frozenset({4651}),4651,0.5833333333333334,True,2025-02,1,128,1
OO,ORD,ASE,2025,2,582,28,17,0.0,frozenset({6427}),6427,0.6071428571428571,True,2025-02,1,129,2
OO,ORD,ASE,2025,2,785,40,22,4.0,"frozenset({5988, 5007})",5988,0.55,True,2025-02,1,130,1
OO,ORD,BNA,2025,2,1020,10,6,0.0,frozenset({4898}),4898,0.6,True,2025-02,1,131,1
WN,DAL,DCA,2025,2,1155,24,17,0.0,frozenset({4103}),4103,0.7083333333333334,True,2025-02,1,132,1
WN,DAL,DCA,2025,2,1025,15,8,1.0,frozenset({3565}),3565,0.5333333333333333,True,2025-02,1,133,1
WN,BNA,DCA,2025,2,1190,24,16,0.0,"frozenset({1144, 1873})",1873,0.6666666666666666,True,2025-02,1,134,1
WN,ATL,DCA,2025,2,1215,24,16,0.0,frozenset({2802}),2802,0.6666666666666666,True,2025-02,1,135,1
WN,ATL,DCA,2025,2,940,24,15,0.0,"frozenset({5988, 975})",975,0.625,True,2025-02,1,136,1
WN,FLL,PIT,2025,2,1180,10,6,0.0,"frozenset({3717, 3431})",3431,0.6,True,2025-02,1,137,1
WN,HOU,DCA,2025,2,1105,13,11,0.0,frozenset({392}),392,0.8461538461538461,True,2025-02,1,138,1
WN,HOU,DCA,2025,2,1150,15,11,0.0,"frozenset({1531, 1910})",1531,0.7333333333333333,True,2025-02,1,139,1
UA,ORD,DCA,2025,2,1080,28,15,0.0,"frozenset({1616, 1531})",1616,0.5357142857142857,True,2025-02,1,140,1
UA,IAH,DCA,2025,2,1085,28,18,1.0,frozenset({1627}),1627,0.6428571428571429,True,2025-02,1,141,1
AA,MIA,ATL,2025,2,1147,16,10,0.0,frozenset({3237}),3237,0.625,True,2025-02,1,142,1
AA,MSY,DCA,2025,2,1061,27,16,1.0,"frozenset({3130, 1781})",1781,0.5925925925925926,True,2025-02,1,143,1
AA,ORD,AUS,2025,2,1250,26,15,0.0,frozenset({2208}),2208,0.5769230769230769,True,2025-02,1,144,1
OO,SBP,SFO,2025,2,862,12,7,0.0,frozenset({5756}),5756,0.5833333333333334,True,2025-02,1,145,1
OO,SBN,ORD,2025,2,1125,16,9,0.0,frozenset({5828}),5828,0.5625,True,2025-02,1,146,1
OO,ORD,DCA,2025,2,960,10,6,1.0,frozenset({5668}),5668,0.6,True,2025-02,1,147,1
WN,ISP,PBI,2025,2,925,17,9,0.0,"frozenset({3933, 3406})",3933,0.5294117647058824,True,2025-02,1,148,1
OH,TYS,DCA,2025,2,1182,24,21,7.0,"frozenset({5580, 5630})",5580,0.875,True,2025-02,1,149,1
OH,TYS,DCA,2025,2,640,12,7,1.0,frozenset({5065}),5065,0.5833333333333334,True,2025-02,1,150,1
OH,TUL,DCA,2025,2,1040,14,9,8.0,frozenset({5525}),5525,0.6428571428571429,True,2025-02,1,151,1
OH,SYR,DCA,2025,2,1046,25,17,8.0,frozenset({5407}),5407,0.68,True,2025-02,1,152,1
OH,MYR,DCA,2025,2,890,16,13,0.0,frozenset({5531}),5531,0.8125,True,2025-02,1,153,1
OH,MSY,DCA,2025,2,994,28,18,11.0,"frozenset({5323, 5453})",5453,0.6428571428571429,True,2025-02,1,154,1
B6,BNA,JFK,2025,2,956,12,8,0.0,frozenset({1674}),1674,0.6666666666666666,True,2025-02,1,155,1
OH,MSN,DCA,2025,2,793,24,14,3.0,frozenset({5579}),5579,0.5833333333333334,True,2025-02,1,156,1
OH,DCA,MCI,2025,2,829,14,9,1.0,frozenset({5440}),5440,0.6428571428571429,True,2025-02,1,157,1
B6,BOS,CLE,2025,2,1185,14,9,1.0,frozenset({541}),541,0.6428571428571429,True,2025-02,1,158,1
OH,MHT,DCA,2025,2,1030,26,17,5.0,frozenset({5308}),5308,0.6538461538461539,True,2025-02,1,159,1
WN,MDW,DCA,2025,2,1215,17,10,0.0,"frozenset({1782, 1751})",1751,0.5882352941176471,True,2025-02,1,160,1
OH,MHT,DCA,2025,2,904,24,13,3.0,frozenset({5508}),5508,0.5416666666666666,True,2025-02,1,161,1
B6,BOS,DCA,2025,2,870,28,16,1.0,"frozenset({1355, 1955, 1055})",1055,0.5714285714285714,True,2025-02,1,162,1
B6,BOS,DCA,2025,2,940,26,15,4.0,"frozenset({1355, 1955, 2055})",1355,0.5769230769230769,True,2025-02,1,163,1
B6,BOS,DCA,2025,2,975,10,6,0.0,frozenset({1355}),1355,0.6,True,2025-02,1,164,1
B6,BOS,DCA,2025,2,1035,26,16,2.0,"frozenset({2255, 2955, 2055})",2055,0.6153846153846154,True,2025-02,1,165,1
B6,BOS,DCA,2025,2,1155,26,16,1.0,"frozenset({2355, 455})",2355,0.6153846153846154,True,2025-02,1,166,1
OH,MGM,DCA,2025,2,1100,24,16,3.0,frozenset({5307}),5307,0.6666666666666666,True,2025-02,1,167,2
B6,BOS,FLL,2025,2,655,16,9,1.0,frozenset({369}),369,0.5625,True,2025-02,1,168,1
B6,BOS,FLL,2025,2,1066,12,8,0.0,frozenset({269}),269,0.6666666666666666,True,2025-02,1,169,1
AA,DFW,CLE,2025,2,1219,16,11,1.0,frozenset({560}),560,0.6875,True,2025-02,1,170,1
OH,ILM,DCA,2025,2,1168,10,7,2.0,frozenset({5286}),5286,0.7,True,2025-02,1,171,1
OH,MYR,DCA,2025,2,1187,10,8,2.0,frozenset({5532}),5532,0.8,True,2025-02,1,172,1
B6,ALB,FLL,2025,2,1003,12,7,0.0,frozenset({87}),87,0.5833333333333334,True,2025-02,2,11,2
OH,SDF,DCA,2025,2,1157,23,15,8.0,"frozenset({5057, 5250})",5250,0.6521739130434783,True,2025-02,1,173,2
OH,SDF,CLT,2025,2,938,16,9,0.0,frozenset({5501}),5501,0.5625,True,2025-02,1,174,1
OH,SAV,DCA,2025,2,1182,24,18,5.0,"frozenset({5357, 5110})",5357,0.75,True,2025-02,1,175,1
AS,LAX,DCA,2025,2,796,28,18,1.0,frozenset({6}),6,0.6428571428571429,True,2025-02,1,176,1
OH,ROC,DCA,2025,2,1051,26,20,7.0,frozenset({5209}),5209,0.7692307692307693,True,2025-02,1,177,1
OH,RDU,DCA,2025,2,810,26,14,3.0,"frozenset({5589, 5381})",5589,0.5384615384615384,True,2025-02,1,178,1
WN,MCO,DCA,2025,2,860,24,15,0.0,frozenset({3044}),3044,0.625,True,2025-02,1,179,1
WN,MCO,DCA,2025,2,1285,15,8,0.0,"frozenset({2213, 1550})",2213,0.5333333333333333,True,2025-02,1,180,1
OH,PWM,DCA,2025,2,1035,26,16,6.0,frozenset({5626}),5626,0.6153846153846154,True,2025-02,1,181,1
OH,PWM,DCA,2025,2,869,26,16,5.0,frozenset({5615}),5615,0.6153846153846154,True,2025-02,1,182,1
OH,PVD,DCA,2025,2,1155,10,8,4.0,frozenset({5038}),5038,0.8,True,2025-02,1,183,1
OH,PVD,DCA,2025,2,854,28,18,7.0,"frozenset({5499, 5326})",5499,0.6428571428571429,True,2025-02,1,184,1
OH,PNS,DCA,2025,2,954,14,12,2.0,frozenset({5278}),5278,0.8571428571428571,True,2025-02,1,185,1
OH,PIT,DCA,2025,2,1210,10,6,2.0,frozenset({5585}),5585,0.6,True,2025-02,2,15,2
OH,PIT,DCA,2025,2,630,26,14,3.0,frozenset({5552}),5552,0.5384615384615384,True,2025-02,1,186,1
OH,PHL,IAH,2025,2,622,10,6,1.0,frozenset({5480}),5480,0.6,True,2025-02,1,187,1
OH,ORF,DCA,2025,2,708,16,10,3.0,frozenset({5340}),5340,0.625,True,2025-02,1,188,1
B6,ATL,BOS,2025,2,1280,12,8,0.0,frozenset({896}),896,0.6666666666666666,True,2025-02,1,189,1
B6,JFK,BNA,2025,2,803,12,8,0.0,frozenset({1673}),1673,0.6666666666666666,True,2025-02,1,190,1
OH,DCA,MKE,2025,2,616,14,8,1.0,frozenset({5637}),5637,0.5714285714285714,True,2025-02,1,191,1
OH,DCA,ILM,2025,2,1265,14,9,3.0,frozenset({5017}),5017,0.6428571428571429,True,2025-02,1,192,1
OH,BUF,DCA,2025,2,1073,24,17,5.0,frozenset({5138}),5138,0.7083333333333334,True,2025-02,1,193,1
OH,BUF,DCA,2025,2,895,12,8,3.0,frozenset({5438}),5438,0.6666666666666666,True,2025-02,1,194,1
OH,BUF,DCA,2025,2,749,28,15,2.0,"frozenset({5372, 5213})",5372,0.5357142857142857,True,2025-02,1,195,1
YX,JFK,DCA,2025,2,1229,11,9,2.0,frozenset({5795}),5795,0.8181818181818182,True,2025-02,1,196,1
OH,BUF,DCA,2025,2,327,20,12,6.0,frozenset({5312}),5312,0.6,True,2025-02,1,197,1
OH,BNA,PHL,2025,2,858,27,14,3.0,frozenset({5240}),5240,0.5185185185185185,True,2025-02,1,198,1
OH,BNA,DCA,2025,2,1171,24,18,8.0,frozenset({5068}),5068,0.75,True,2025-02,1,199,1
OH,DCA,JAN,2025,2,1194,24,14,6.0,frozenset({5025}),5025,0.5833333333333334,True,2025-02,1,200,1
OH,BNA,DCA,2025,2,968,28,19,4.0,frozenset({5029}),5029,0.6785714285714286,True,2025-02,1,201,1
OH,BNA,DCA,2025,2,363,23,12,7.0,"frozenset({5032, 5124})",5124,0.5217391304347826,True,2025-02,1,202,1
B6,SYR,MCO,2025,2,1230,11,6,0.0,frozenset({655}),655,0.5454545454545454,True,2025-02,1,203,1
B6,TPA,BOS,2025,2,796,10,6,2.0,frozenset({892}),892,0.6,True,2025-02,1,204,1
OH,BNA,CLT,2025,2,1081,10,8,2.0,frozenset({5516}),5516,0.8,True,2025-02,1,205,1
OH,BNA,CLT,2025,2,1004,18,10,3.0,frozenset({5196}),5196,0.5555555555555556,True,2025-02,1,206,1
B6,TPA,JFK,2025,2,1103,12,8,0.0,frozenset({2826}),2826,0.6666666666666666,True,2025-02,1,207,1
OH,BHM,DCA,2025,2,1016,14,8,3.0,frozenset({5355}),5355,0.5714285714285714,True,2025-02,1,208,1
OH,BNA,DCA,2025,2,788,16,12,4.0,frozenset({5073}),5073,0.75,True,2025-02,1,209,1
OH,BHM,DCA,2025,2,615,28,15,2.0,frozenset({5186}),5186,0.5357142857142857,True,2025-02,1,210,1
OH,CAE,DCA,2025,2,1182,24,18,7.0,frozenset({5273}),5273,0.75,True,2025-02,1,211,2
B6,ROC,JFK,2025,2,964,12,8,0.0,frozenset({1285}),1285,0.6666666666666666,True,2025-02,1,212,1
OH,CVG,DCA,2025,2,430,24,14,3.0,frozenset({5445}),5445,0.5833333333333334,True,2025-02,1,213,1
OH,CMH,DCA,2025,2,1214,14,11,5.0,frozenset({5213}),5213,0.7857142857142857,True,2025-02,1,214,1
OH,CLT,SDF,2025,2,985,16,9,2.0,frozenset({5592}),5592,0.5625,True,2025-02,1,215,1
B6,MSY,JFK,2025,2,990,13,7,0.0,"frozenset({776, 150})",776,0.5384615384615384,True,2025-02,1,216,1
B6,PBI,BOS,2025,2,1250,12,7,0.0,frozenset({22}),22,0.5833333333333334,True,2025-02,1,217,1
OH,CLT,CRW,2025,2,1290,20,11,2.0,frozenset({5207}),5207,0.55,True,2025-02,1,218,1
B6,PBI,DCA,2025,2,832,16,9,0.0,frozenset({2234}),2234,0.5625,True,2025-02,1,219,1
B6,RSW,BOS,2025,2,815,12,8,1.0,frozenset({66}),66,0.6666666666666666,True,2025-02,1,220,1
OH,CLT,BNA,2025,2,1020,16,11,2.0,frozenset({5237}),5237,0.6875,True,2025-02,1,221,1
AA,CLT,DCA,2025,2,874,28,15,1.0,frozenset({443}),443,0.5357142857142857,True,2025-02,1,222,1
OH,CLE,DCA,2025,2,1136,24,19,6.0,frozenset({5553}),5553,0.7916666666666666,True,2025-02,1,223,1
OH,CLE,DCA,2025,2,874,23,12,1.0,"frozenset({5361, 5567})",5567,0.5217391304347826,True,2025-02,1,224,1
OH,CHS,DCA,2025,2,1172,24,17,8.0,"frozenset({5554, 5302})",5554,0.7083333333333334,True,2025-02,1,225,1
OH,CHS,DCA,2025,2,1036,28,16,6.0,"frozenset({5069, 5493})",5493,0.5714285714285714,True,2025-02,1,226,1
B6,RDU,JFK,2025,2,1199,12,8,2.0,frozenset({2486}),2486,0.6666666666666666,True,2025-02,1,227,1
OH,CHA,DCA,2025,2,1185,24,22,9.0,frozenset({5219}),5219,0.9166666666666666,True,2025-02,1,228,2
OH,CLT,BHM,2025,2,1085,16,9,0.0,frozenset({5601}),5601,0.5625,True,2025-02,1,229,1
OH,CVG,DCA,2025,2,1150,24,20,7.0,"frozenset({5426, 5035})",5426,0.8333333333333334,True,2025-02,1,230,1
YX,LGA,DCA,2025,2,1169,38,28,2.0,"frozenset({4627, 5724})",5724,0.7368421052631579,True,2025-02,1,231,1
YX,LGA,DCA,2025,2,1285,24,13,3.0,frozenset({5751}),5751,0.5416666666666666,True,2025-02,1,232,1
YX,ORD,DCA,2025,2,1180,28,15,4.0,frozenset({3415}),3415,0.5357142857142857,True,2025-02,1,233,1
YX,ORF,DCA,2025,2,915,14,11,1.0,frozenset({4432}),4432,0.7857142857142857,True,2025-02,1,234,1
AA,BDL,DCA,2025,2,1052,16,12,1.0,frozenset({2500}),2500,0.75,True,2025-02,1,235,1
DL,DCA,DTW,2025,2,1060,26,15,0.0,frozenset({1454}),1454,0.5769230769230769,True,2025-02,1,236,1
YX,PVD,DCA,2025,2,1165,14,10,2.0,frozenset({4474}),4474,0.7142857142857143,True,2025-02,1,237,1
YX,RDU,DCA,2025,2,1205,24,18,4.0,frozenset({4485}),4485,0.75,True,2025-02,1,238,1
F9,DEN,DCA,2025,2,999,28,15,0.0,frozenset({690}),690,0.5357142857142857,True,2025-02,1,239,1
YX,OKC,DCA,2025,2,1040,24,15,4.0,frozenset({4744}),4744,0.625,True,2025-02,1,240,1
F9,DEN,DCA,2025,2,704,28,15,0.0,frozenset({688}),688,0.5357142857142857,True,2025-02,1,241,1
F9,BWI,TPA,2025,2,1101,13,7,0.0,frozenset({4091}),4091,0.5384615384615384,True,2025-02,1,242,1
F9,BOS,ATL,2025,2,310,10,6,2.0,frozenset({3511}),3511,0.6,True,2025-02,1,243,1
F9,ATL,RDU,2025,2,1352,15,8,1.0,frozenset({1670}),1670,0.5333333333333333,True,2025-02,1,244,1
F9,ATL,ORD,2025,2,912,12,7,0.0,frozenset({1595}),1595,0.5833333333333334,True,2025-02,1,245,1
DL,MSP,DCA,2025,2,1130,24,14,0.0,frozenset({2962}),2962,0.5833333333333334,True,2025-02,1,246,1
DL,MIA,JFK,2025,2,1199,16,9,0.0,frozenset({1438}),1438,0.5625,True,2025-02,1,247,1
DL,MCO,DCA,2025,2,1190,24,17,0.0,frozenset({2729}),2729,0.7083333333333334,True,2025-02,1,248,1
F9,DCA,DEN,2025,2,1080,28,16,0.0,frozenset({689}),689,0.5714285714285714,True,2025-02,1,249,1
YX,LGA,DCA,2025,2,1215,10,8,2.0,frozenset({4627}),4627,0.8,True,2025-02,1,250,1
MQ,EWR,ORD,2025,2,1027,10,6,0.0,frozenset({3788}),3788,0.6,True,2025-02,1,251,1
MQ,EWR,ORD,2025,2,1109,18,10,0.0,frozenset({3788}),3788,0.5555555555555556,True,2025-02,1,252,1
B6,TPA,SJU,2025,2,1259,11,6,1.0,frozenset({1751}),1751,0.5454545454545454,True,2025-02,1,253,1
OH,BGR,DCA,2025,2,1002,26,16,7.0,frozenset({5024}),5024,0.6153846153846154,True,2025-02,1,254,1
OH,BDL,DCA,2025,2,1039,12,7,3.0,"frozenset({5209, 5177})",5177,0.5833333333333334,True,2025-02,1,255,1
OH,BDL,DCA,2025,2,830,26,14,2.0,frozenset({5101}),5101,0.5384615384615384,True,2025-02,1,256,1
OH,AVL,DCA,2025,2,1163,24,15,7.0,frozenset({5170}),5170,0.625,True,2025-02,1,257,2
OH,ATL,DCA,2025,2,996,28,15,3.0,frozenset({5527}),5527,0.5357142857142857,True,2025-02,1,258,1
OH,ALB,DCA,2025,2,1026,26,18,7.0,frozenset({5158}),5158,0.6923076923076923,True,2025-02,2,9,2
YX,MSN,DCA,2025,2,1066,24,19,1.0,frozenset({5645}),5645,0.7916666666666666,True,2025-02,1,259,1
OH,ALB,DCA,2025,2,883,26,15,6.0,frozenset({5408}),5408,0.5769230769230769,True,2025-02,1,260,1
NK,MIA,DTW,2025,2,1225,15,8,1.0,frozenset({1693}),1693,0.5333333333333333,True,2025-02,1,261,1
NK,ATL,FLL,2025,2,1298,11,6,0.0,"frozenset({501, 510})",510,0.5454545454545454,True,2025-02,1,262,1
AA,BOS,DCA,2025,2,1110,14,8,0.0,frozenset({2518}),2518,0.5714285714285714,True,2025-02,1,263,1
YX,MEM,DCA,2025,2,1097,10,8,1.0,frozenset({4432}),4432,0.8,True,2025-02,1,264,1
MQ,TYS,MIA,2025,2,1180,16,9,0.0,frozenset({3847}),3847,0.5625,True,2025-02,1,265,1
MQ,ORD,ROC,2025,2,1135,10,6,0.0,frozenset({3663}),3663,0.6,True,2025-02,1,266,1
MQ,ORD,COU,2025,2,1195,10,6,0.0,frozenset({3745}),3745,0.6,True,2025-02,1,267,1
NK,ORD,LGA,2025,2,1064,15,8,0.0,frozenset({224}),224,0.5333333333333333,True,2025-02,1,268,1
B6,MCO,JFK,2025,2,1199,13,10,0.0,"frozenset({1464, 884})",884,0.7692307692307693,True,2025-02,1,269,1
B6,RSW,JFK,2025,2,975,12,7,1.0,frozenset({2430}),2430,0.5833333333333334,True,2025-02,1,270,1
OH,DAY,DCA,2025,2,1192,24,19,6.0,frozenset({5247}),5247,0.7916666666666666,True,2025-02,1,271,1
OH,DCA,CRW,2025,2,1249,26,21,7.0,frozenset({5164}),5164,0.8076923076923077,True,2025-02,1,272,1
OH,DCA,CMH,2025,2,1085,14,9,4.0,frozenset({5303}),5303,0.6428571428571429,True,2025-02,1,273,1
YX,BOS,DCA,2025,2,1199,39,30,6.0,"frozenset({5704, 4383})",5704,0.7692307692307693,True,2025-02,1,274,1
YX,BOS,DCA,2025,2,1305,24,13,3.0,frozenset({5776}),5776,0.5416666666666666,True,2025-02,1,275,1
B6,JFK,RDU,2025,2,1035,12,7,1.0,frozenset({2485}),2485,0.5833333333333334,True,2025-02,1,276,1
OH,DCA,HPN,2025,2,1150,24,14,4.0,frozenset({5289}),5289,0.5833333333333334,True,2025-02,1,277,1
OH,DCA,CLT,2025,2,912,16,9,1.0,frozenset({5133}),5133,0.5625,True,2025-02,1,278,1
B6,JFK,RNO,2025,2,1130,12,7,0.0,frozenset({2181}),2181,0.5833333333333334,True,2025-02,1,279,1
B6,JFK,ROC,2025,2,824,12,7,0.0,frozenset({1186}),1186,0.5833333333333334,True,2025-02,1,280,1
B6,JFK,SAV,2025,2,1225,12,9,1.0,frozenset({2841}),2841,0.75,True,2025-02,1,281,1
B6,JFK,SFO,2025,2,1019,13,7,0.0,"frozenset({615, 15})",615,0.5384615384615384,True,2025-02,1,282,1
OH,DCA,HSV,2025,2,1019,24,13,1.0,frozenset({5368}),5368,0.5416666666666666,True,2025-02,2,28,2
OH,DCA,CLE,2025,2,1019,26,17,7.0,frozenset({5553}),5553,0.6538461538461539,True,2025-02,1,283,1
OH,DCA,CHS,2025,2,1031,26,15,10.0,"frozenset({5554, 5302})",5554,0.5769230769230769,True,2025-02,1,284,1
OH,DCA,CHS,2025,2,894,28,17,6.0,frozenset({5069}),5069,0.6071428571428571,True,2025-02,1,285,1
OH,DCA,CVG,2025,2,1020,28,18,4.0,"frozenset({5043, 5172})",5043,0.6428571428571429,True,2025-02,1,286,1
OH,DCA,CHA,2025,2,1027,24,17,6.0,frozenset({5219}),5219,0.7083333333333334,True,2025-02,1,287,1
OH,DCA,HPN,2025,2,1004,26,16,6.0,frozenset({5236}),5236,0.6153846153846154,True,2025-02,1,288,2
OH,DCA,CVG,2025,2,1194,24,18,2.0,frozenset({5673}),5673,0.75,True,2025-02,2,16,2
OH,DCA,GRR,2025,2,1320,14,11,7.0,frozenset({5077}),5077,0.7857142857142857,True,2025-02,1,289,1
OH,DCA,GSO,2025,2,1330,14,8,1.0,frozenset({5111}),5111,0.5714285714285714,True,2025-02,1,290,1
WN,STL,DCA,2025,2,1155,16,13,0.0,frozenset({457}),457,0.8125,True,2025-02,1,291,1
B6,JFK,JAX,2025,2,1200,12,9,1.0,frozenset({1677}),1677,0.75,True,2025-02,1,292,1
OH,DCA,GSP,2025,2,1045,15,9,2.0,frozenset({5608}),5608,0.6,True,2025-02,1,293,1
OH,DCA,DTW,2025,2,1325,22,13,6.0,frozenset({5446}),5446,0.5909090909090909,True,2025-02,1,294,2
WN,SRQ,MDW,2025,2,1075,10,6,0.0,"frozenset({4224, 3545})",4224,0.6,True,2025-02,1,295,1
OH,DCA,GSP,2025,2,1200,16,11,3.0,"frozenset({5576, 5497})",5497,0.6875,True,2025-02,1,296,1
B6,JFK,MCO,2025,2,1199,12,9,1.0,frozenset({283}),283,0.75,True,2025-02,1,297,1
OH,DCA,DSM,2025,2,1260,26,22,9.0,frozenset({5432}),5432,0.8461538461538461,True,2025-02,1,298,1
OH,DCA,DAY,2025,2,1320,24,16,4.0,frozenset({5473}),5473,0.6666666666666666,True,2025-02,1,299,1
OH,DCA,DAY,2025,2,1048,28,16,6.0,frozenset({5247}),5247,0.5714285714285714,True,2025-02,1,300,1
B6,JFK,MIA,2025,2,1190,10,9,0.0,frozenset({2193}),2193,0.9,True,2025-02,1,301,1
B6,JFK,PBI,2025,2,974,12,7,0.0,frozenset({2053}),2053,0.5833333333333334,True,2025-02,1,302,1
YX,ATL,DCA,2025,2,1228,24,16,3.0,frozenset({4429}),4429,0.6666666666666666,True,2025-02,1,303,1
OH,DAY,DCA,2025,2,866,28,15,1.0,frozenset({5400}),5400,0.5357142857142857,True,2025-02,1,304,1
B6,JFK,SYR,2025,2,1315,12,10,1.0,frozenset({2516}),2516,0.8333333333333334,True,2025-02,1,305,1
OH,DCA,CLE,2025,2,1331,24,16,5.0,frozenset({5613}),5613,0.6666666666666666,True,2025-02,1,306,1
OH,DCA,BHM,2025,2,1240,24,17,5.0,frozenset({5561}),5561,0.7083333333333334,True,2025-02,1,307,1
OH,DCA,ILM,2025,2,870,15,11,4.0,frozenset({5286}),5286,0.7333333333333333,True,2025-02,1,308,1
OH,DCA,CAK,2025,2,1199,26,15,4.0,frozenset({5305}),5305,0.5769230769230769,True,2025-02,1,309,1
OH,DCA,BHM,2025,2,875,14,8,1.0,frozenset({5355}),5355,0.5714285714285714,True,2025-02,1,310,1
OH,DCA,BGR,2025,2,1320,24,16,7.0,frozenset({5669}),5669,0.6666666666666666,True,2025-02,1,311,3
OH,DCA,BDL,2025,2,1341,10,7,1.0,frozenset({5150}),5150,0.7,True,2025-02,1,312,1
OH,DCA,AVL,2025,2,1038,24,13,5.0,frozenset({5170}),5170,0.5416666666666666,True,2025-02,1,313,1
B6,MCO,BOS,2025,2,920,13,7,0.0,"frozenset({452, 2852})",452,0.5384615384615384,True,2025-02,1,314,1
B6,MCO,DCA,2025,2,871,12,8,0.0,frozenset({2224}),2224,0.6666666666666666,True,2025-02,1,315,1
B6,MCO,DCA,2025,2,1110,16,9,1.0,"frozenset({2024, 2324})",2324,0.5625,True,2025-02,1,316,1
YX,DCA,LGA,2025,2,1075,24,13,1.0,frozenset({5763}),5763,0.5416666666666666,True,2025-02,1,317,1
YX,DCA,LGA,2025,2,1265,24,13,2.0,frozenset({5768}),5768,0.5416666666666666,True,2025-02,1,318,1
OH,DCA,ALB,2025,2,1327,20,11,6.0,frozenset({5188}),5188,0.55,True,2025-02,2,32,3
OH,DCA,AGS,2025,2,1235,10,6,1.0,frozenset({5455}),5455,0.6,True,2025-02,1,319,1
OH,DCA,AGS,2025,2,1185,14,12,2.0,frozenset({5455}),5455,0.8571428571428571,True,2025-02,1,320,1
B6,MCO,DCA,2025,2,1060,10,7,1.0,frozenset({2324}),2324,0.7,True,2025-02,1,321,1
OH,DCA,HSV,2025,2,1199,20,12,5.0,frozenset({5215}),5215,0.6,True,2025-02,1,322,1
OH,DCA,GSO,2025,2,1270,10,7,1.0,frozenset({5472}),5472,0.7,True,2025-02,2,45,2
OH,DCA,BUF,2025,2,945,24,17,2.0,frozenset({5138}),5138,0.7083333333333334,True,2025-02,1,323,1
OH,DCA,BNA,2025,2,699,16,10,3.0,frozenset({5073}),5073,0.625,True,2025-02,1,324,1
B6,LGA,FLL,2025,2,1259,12,9,0.0,frozenset({371}),371,0.75,True,2025-02,1,325,1
OH,DCA,BTV,2025,2,1326,24,16,9.0,frozenset({5334}),5334,0.6666666666666666,True,2025-02,1,326,1
OH,DCA,BTR,2025,2,1189,24,16,3.0,"frozenset({5483, 5396})",5483,0.6666666666666666,True,2025-02,1,327,1
OH,DCA,BNA,2025,2,870,28,18,1.0,frozenset({5029}),5029,0.6428571428571429,True,2025-02,1,328,1
OH,DCA,CAE,2025,2,1050,26,16,6.0,frozenset({5273}),5273,0.6153846153846154,True,2025-02,1,329,1
OH,DCA,BNA,2025,2,1070,26,20,10.0,frozenset({5068}),5068,0.7692307692307693,True,2025-02,1,330,1
OH,DCA,BNA,2025,2,1199,24,19,4.0,"frozenset({5232, 5497})",5232,0.7916666666666666,True,2025-02,1,331,1
OH,DCA,BUF,2025,2,1353,24,17,7.0,frozenset({5243}),5243,0.7083333333333334,True,2025-02,2,41,2
WN,BWI,FLL,2025,3,1055,23,12,1.0,"frozenset({969, 1875, 3396, 4143})",969,0.5217391304347826,True,2025-03,1,332,1
OO,SFO,ASE,2025,3,545,31,16,1.0,frozenset({5330}),5330,0.5161290322580645,True,2025-03,1,333,1
OO,RNO,SAN,2025,3,1130,13,7,0.0,frozenset({3331}),3331,0.5384615384615384,True,2025-03,1,334,1
DL,FLL,BOS,2025,3,1190,18,10,0.0,frozenset({2196}),2196,0.5555555555555556,True,2025-03,1,335,1
WN,BNA,DEN,2025,3,1125,16,9,0.0,frozenset({2221}),2221,0.5625,True,2025-03,1,336,1
OO,PHX,ASE,2025,3,580,11,6,0.0,"frozenset({6436, 4900})",6436,0.5454545454545454,True,2025-03,1,337,1
OO,ORD,OMA,2025,3,1115,27,16,4.0,"frozenset({4955, 4900, 4932})",4900,0.5925925925925926,True,2025-03,1,338,1
AA,DFW,MCI,2025,3,1047,19,11,0.0,"frozenset({1164, 2116})",1164,0.5789473684210527,True,2025-03,1,339,1
DL,MIA,JFK,2025,3,1067,25,14,0.0,frozenset({732}),732,0.56,True,2025-03,1,340,1
WN,DEN,IND,2025,3,1025,12,7,0.0,frozenset({2903}),2903,0.5833333333333334,True,2025-03,1,341,1
AA,ORD,DCA,2025,3,491,31,16,2.0,frozenset({2345}),2345,0.5161290322580645,True,2025-03,1,342,1
AA,PBI,DCA,2025,3,930,31,17,1.0,"frozenset({2297, 3253})",3253,0.5483870967741935,True,2025-03,1,343,1
AA,MIA,IND,2025,3,1290,31,18,1.0,"frozenset({2116, 2518})",2518,0.5806451612903226,True,2025-03,1,344,1
OH,DCA,HPN,2025,3,1005,26,14,1.0,frozenset({5236}),5236,0.5384615384615384,True,2025-03,2,288,2
AA,MIA,AUS,2025,3,1061,26,14,0.0,frozenset({1396}),1396,0.5384615384615384,True,2025-03,1,345,1
AA,IAH,DFW,2025,3,1108,19,10,1.0,"frozenset({2716, 2157, 2438})",2157,0.5263157894736842,True,2025-03,1,346,1
AA,DFW,SAT,2025,3,1250,31,16,1.0,frozenset({1406}),1406,0.5161290322580645,True,2025-03,1,347,1
F9,CLT,LGA,2025,3,1259,26,17,2.0,frozenset({3134}),3134,0.6538461538461539,True,2025-03,1,348,2
UA,ORD,CVG,2025,3,1191,10,6,0.0,"frozenset({2113, 2217, 1458})",2113,0.6,True,2025-03,1,349,1
F9,ATL,SJU,2025,3,677,13,7,0.0,frozenset({2082}),2082,0.5384615384615384,True,2025-03,1,350,1
F9,BDL,SJU,2025,3,1301,11,6,0.0,frozenset({3938}),3938,0.5454545454545454,True,2025-03,1,351,1
WN,BWI,PIT,2025,3,1155,12,7,0.0,frozenset({286}),286,0.5833333333333334,True,2025-03,1,352,1
AA,DFW,LBB,2025,3,1361,15,8,0.0,frozenset({357}),357,0.5333333333333333,True,2025-03,1,353,1
AA,DFW,RSW,2025,3,932,27,15,2.0,frozenset({2736}),2736,0.5555555555555556,True,2025-03,1,354,1
WN,ATL,DCA,2025,3,1220,20,11,0.0,"frozenset({2424, 2802})",2424,0.55,True,2025-03,1,355,1
OO,ASE,IAH,2025,3,816,31,19,3.0,"frozenset({5810, 4654})",5810,0.6129032258064516,True,2025-03,1,356,1
OO,ORD,ASE,2025,3,711,23,16,0.0,frozenset({6427}),6427,0.6956521739130435,True,2025-03,2,129,2
OH,SDF,DCA,2025,3,1166,26,16,1.0,frozenset({5250}),5250,0.6153846153846154,True,2025-03,2,173,2
OH,SAV,DCA,2025,3,1183,26,17,4.0,"frozenset({5232, 5357})",5232,0.6538461538461539,True,2025-03,1,357,1
OH,DFW,ICT,2025,3,1356,27,14,2.0,"frozenset({5323, 5134, 5095})",5095,0.5185185185185185,True,2025-03,1,358,1
OH,PVD,DCA,2025,3,1160,22,14,4.0,"frozenset({5177, 5586})",5586,0.6363636363636364,True,2025-03,1,359,1
OH,DCA,CAE,2025,3,1325,26,14,3.0,frozenset({5664}),5664,0.5384615384615384,True,2025-03,1,360,1
OH,GSP,DCA,2025,3,1179,26,15,3.0,"frozenset({5113, 5123})",5113,0.5769230769230769,True,2025-03,2,69,2
B6,ALB,MCO,2025,3,1163,13,7,1.0,frozenset({1119}),1119,0.5384615384615384,True,2025-03,1,361,1
B6,MCO,ALB,2025,3,938,13,7,0.0,frozenset({1120}),1120,0.5384615384615384,True,2025-03,1,362,1
OH,CAE,DCA,2025,3,1186,26,17,1.0,"frozenset({5273, 5095})",5273,0.6538461538461539,True,2025-03,2,211,2
OH,HSV,DCA,2025,3,1117,26,15,2.0,frozenset({5368}),5368,0.5769230769230769,True,2025-03,3,20,3
OH,CHA,DCA,2025,3,1172,26,15,2.0,frozenset({5219}),5219,0.5769230769230769,True,2025-03,2,228,2
OH,DCA,BGR,2025,3,1320,26,16,2.0,frozenset({5669}),5669,0.6153846153846154,True,2025-03,2,311,3
OH,MGM,DCA,2025,3,1101,26,14,0.0,frozenset({5307}),5307,0.5384615384615384,True,2025-03,2,167,2
OH,DCA,ALB,2025,3,1327,22,12,1.0,"frozenset({5188, 5181})",5188,0.5454545454545454,True,2025-03,3,32,3
OH,LFT,DFW,2025,3,967,11,7,0.0,"frozenset({5449, 5660})",5660,0.6363636363636364,True,2025-03,1,363,1
AS,HNL,SFO,2025,3,951,10,6,0.0,frozenset({876}),876,0.6,True,2025-03,1,364,1
OO,ORD,AVL,2025,3,660,31,17,1.0,"frozenset({5251, 5558})",5251,0.5483870967741935,True,2025-03,1,365,1
OH,AVL,DCA,2025,3,1168,26,15,4.0,"frozenset({5512, 5170})",5170,0.5769230769230769,True,2025-03,2,257,2
NK,MCO,ATL,2025,3,1171,16,10,0.0,"frozenset({211, 630})",211,0.625,True,2025-03,1,366,1
F9,TPA,PHL,2025,3,1105,13,8,0.0,"frozenset({2538, 2836, 2340})",2538,0.6153846153846154,True,2025-03,1,367,1
G4,BLV,SFB,2025,3,1227,12,8,0.0,"frozenset({1233, 1198, 1253, 2910})",1233,0.6666666666666666,True,2025-03,1,368,1
G4,EYW,SFB,2025,3,1058,10,6,0.0,"frozenset({1344, 2857, 2878, 2830})",2830,0.6,True,2025-03,1,369,1
G4,FLL,USA,2025,3,1111,16,11,1.0,"frozenset({504, 529, 2125})",529,0.6875,True,2025-03,1,370,1
OH,DCA,DTW,2025,3,1320,25,13,2.0,frozenset({5446}),5446,0.52,True,2025-03,2,294,2
OO,FAT,SAN,2025,3,1145,21,11,0.0,frozenset({3388}),3388,0.5238095238095238,True,2025-03,1,371,1
G4,FWA,PIE,2025,3,1274,13,7,0.0,"frozenset({1031, 1065, 1066, 1097, 972, 2704, 2716})",2704,0.5384615384615384,True,2025-03,1,372,1
G4,LEX,SFB,2025,3,1290,10,6,0.0,"frozenset({1248, 2974, 1294})",1248,0.6,True,2025-03,1,373,1
G4,PIE,TYS,2025,3,1168,11,6,1.0,"frozenset({1432, 2668, 2676, 3061, 2712, 1017, 3037})",3061,0.5454545454545454,True,2025-03,1,374,1
OO,DFW,ASE,2025,3,642,31,16,0.0,frozenset({4984}),4984,0.5161290322580645,True,2025-03,2,117,2
G4,USA,FLL,2025,3,1285,16,12,2.0,"frozenset({2110, 509, 534, 518})",534,0.75,True,2025-03,1,375,1
OH,DCA,PVD,2025,3,1336,22,12,3.0,"frozenset({5633, 5230})",5230,0.5454545454545454,True,2025-03,2,79,2
OO,ASE,ORD,2025,3,825,26,15,4.0,frozenset({6437}),6437,0.5769230769230769,True,2025-03,2,121,2
OO,ASE,DFW,2025,3,748,31,19,4.0,frozenset({6407}),6407,0.6129032258064516,True,2025-03,2,123,2
NK,FLL,ATL,2025,3,1252,13,7,0.0,frozenset({678}),678,0.5384615384615384,True,2025-03,1,376,1
OH,DCA,STL,2025,3,1258,26,14,3.0,"frozenset({5233, 5234, 5229})",5234,0.5384615384615384,True,2025-03,1,377,1
AA,DFW,LBB,2025,3,1292,12,7,1.0,frozenset({357}),357,0.5833333333333334,True,2025-03,1,378,1
DL,MCO,JFK,2025,3,1199,18,11,2.0,"frozenset({1409, 1010})",1409,0.6111111111111112,True,2025-03,1,379,1
AA,DFW,GRR,2025,3,1118,31,20,0.0,frozenset({571}),571,0.6451612903225806,True,2025-03,1,380,1
WN,MYR,BNA,2025,3,1045,16,9,0.0,"frozenset({3090, 2437})",3090,0.5625,True,2025-03,1,381,1
WN,LAS,ABQ,2025,3,1120,13,8,0.0,"frozenset({2409, 3290})",2409,0.6153846153846154,True,2025-03,1,382,1
AA,DCA,BOS,2025,3,1275,22,12,1.0,frozenset({3079}),3079,0.5454545454545454,True,2025-03,1,383,1
AA,DFW,FLL,2025,3,1190,24,14,0.0,frozenset({2946}),2946,0.5833333333333334,True,2025-03,1,384,1
WN,LAS,SAN,2025,3,1150,16,9,1.0,frozenset({2032}),2032,0.5625,True,2025-03,1,385,1
AA,DFW,BOI,2025,3,1171,26,14,1.0,frozenset({1104}),1104,0.5384615384615384,True,2025-03,1,386,1
WN,MCO,BHM,2025,3,1295,13,7,0.0,"frozenset({4488, 3254})",4488,0.5384615384615384,True,2025-03,1,387,1
WN,HOU,LGA,2025,3,1060,18,10,0.0,"frozenset({3776, 3928})",3928,0.5555555555555556,True,2025-03,1,388,1
WN,SAN,OAK,2025,3,1230,16,9,0.0,"frozenset({1186, 2093, 4368, 312, 121})",4368,0.5625,True,2025-03,1,389,1
F9,EWR,ATL,2025,4,1320,30,18,3.0,frozenset({4601}),4601,0.6,True,2025-04,1,390,2
WN,MCO,BNA,2025,4,1200,12,7,0.0,"frozenset({137, 4327})",4327,0.5833333333333334,True,2025-04,1,391,2
F9,EWR,SJU,2025,4,685,30,16,2.0,frozenset({3573}),3573,0.5333333333333333,True,2025-04,1,392,1
DL,EWR,MSP,2025,4,1133,16,13,0.0,frozenset({2866}),2866,0.8125,True,2025-04,1,393,2
WN,SNA,DEN,2025,4,925,23,12,1.0,"frozenset({3274, 3093, 3143})",3093,0.5217391304347826,True,2025-04,1,394,1
AA,DFW,DTW,2025,4,910,22,13,2.0,"frozenset({2508, 1339, 1684})",1684,0.5909090909090909,True,2025-04,1,395,1
AS,ATL,PDX,2025,4,1077,21,11,0.0,frozenset({783}),783,0.5238095238095238,True,2025-04,1,396,1
B6,TPA,EWR,2025,4,1204,24,14,1.0,frozenset({2274}),2274,0.5833333333333334,True,2025-04,1,397,1
AA,DFW,ECP,2025,4,782,30,17,0.0,frozenset({1739}),1739,0.5666666666666667,True,2025-04,1,398,1
DL,EWR,ATL,2025,4,1157,26,14,1.0,"frozenset({2139, 2340})",2139,0.5384615384615384,True,2025-04,1,399,1
WN,BUR,DEN,2025,4,900,17,9,0.0,"frozenset({2290, 2758})",2758,0.5294117647058824,True,2025-04,1,400,1
F9,LAS,ORD,2025,4,1395,17,9,0.0,frozenset({2146}),2146,0.5294117647058824,True,2025-04,1,401,1
OO,COS,DEN,2025,4,540,30,16,0.0,frozenset({4722}),4722,0.5333333333333333,True,2025-04,1,402,1
OH,TYS,DCA,2025,4,1172,26,14,0.0,"frozenset({5623, 5159})",5159,0.5384615384615384,True,2025-04,1,403,1
OO,ASE,ATL,2025,4,895,13,8,1.0,frozenset({3676}),3676,0.6153846153846154,True,2025-04,1,404,1
OH,CAE,DCA,2025,4,1194,26,14,1.0,frozenset({5095}),5095,0.5384615384615384,True,2025-04,1,405,1
F9,DEN,ORD,2025,4,1250,18,10,1.0,frozenset({3172}),3172,0.5555555555555556,True,2025-04,1,406,1
AA,CLT,EWR,2025,4,1105,29,15,0.0,frozenset({1071}),1071,0.5172413793103449,True,2025-04,1,407,2
AA,DFW,AUS,2025,4,1020,27,15,0.0,"frozenset({843, 789})",843,0.5555555555555556,True,2025-04,1,408,1
WN,DEN,BOI,2025,4,870,13,7,1.0,"frozenset({2304, 1243})",1243,0.5384615384615384,True,2025-04,1,409,1
WN,DEN,BNA,2025,4,1165,20,12,0.0,"frozenset({3216, 948, 4568})",4568,0.6,True,2025-04,1,410,1
WN,DEN,BHM,2025,4,1040,17,9,0.0,frozenset({2226}),2226,0.5294117647058824,True,2025-04,1,411,2
OH,CMH,DCA,2025,4,1195,26,17,1.0,"frozenset({5213, 5557})",5557,0.6538461538461539,True,2025-04,1,412,1
WN,DEN,ATL,2025,4,1045,12,8,0.0,frozenset({3711}),3711,0.6666666666666666,True,2025-04,1,413,2
WN,DEN,ABQ,2025,4,1165,17,9,0.0,"frozenset({4465, 956})",956,0.5294117647058824,True,2025-04,1,414,1
F9,ATL,RDU,2025,4,1352,11,9,0.0,frozenset({1168}),1168,0.8181818181818182,True,2025-04,1,415,2
F9,BOS,ATL,2025,4,330,15,8,1.0,frozenset({3511}),3511,0.5333333333333333,True,2025-04,1,416,1
YX,RIC,EWR,2025,4,1112,27,15,4.0,frozenset({3687}),3687,0.5555555555555556,True,2025-04,1,417,2
OH,CHS,DCA,2025,4,1175,26,14,1.0,"frozenset({5377, 5493})",5493,0.5384615384615384,True,2025-04,1,418,1
WN,MCO,MDW,2025,4,1250,11,6,0.0,"frozenset({4985, 1156})",1156,0.5454545454545454,True,2025-04,1,419,1
AA,AUS,DFW,2025,4,1128,23,12,0.0,"frozenset({843, 789})",843,0.5217391304347826,True,2025-04,1,420,2
F9,CLT,LGA,2025,4,1267,21,12,0.0,"frozenset({1188, 3134})",3134,0.5714285714285714,True,2025-04,2,348,2
AS,SEA,DEN,2025,4,922,24,15,0.0,frozenset({602}),602,0.625,True,2025-04,1,421,1
NK,ORD,EWR,2025,4,1116,15,9,0.0,frozenset({283}),283,0.6,True,2025-04,1,422,1
YX,IND,EWR,2025,4,1132,26,14,3.0,frozenset({3522}),3522,0.5384615384615384,True,2025-04,1,423,1
NK,ORD,EWR,2025,4,1042,15,8,0.0,frozenset({283}),283,0.5333333333333333,True,2025-04,1,424,1
NK,MSY,EWR,2025,4,964,19,13,1.0,frozenset({1521}),1521,0.6842105263157895,True,2025-04,1,425,1
NK,MYR,EWR,2025,4,1084,12,8,2.0,frozenset({722}),722,0.6666666666666666,True,2025-04,1,426,1
NK,ATL,EWR,2025,4,1250,10,6,0.0,frozenset({212}),212,0.6,True,2025-04,1,427,1
AA,DFW,IAH,2025,4,1110,24,15,1.0,frozenset({2438}),2438,0.625,True,2025-04,1,428,1
WN,STL,BWI,2025,4,1080,10,6,1.0,"frozenset({2259, 715})",2259,0.6,True,2025-04,1,429,1
UA,JAX,EWR,2025,4,1128,26,15,1.0,"frozenset({2212, 1591})",2212,0.5769230769230769,True,2025-04,1,430,1
UA,JAX,EWR,2025,4,935,16,11,0.0,frozenset({1082}),1082,0.6875,True,2025-04,1,431,1
UA,ATL,EWR,2025,4,1236,26,18,2.0,frozenset({356}),356,0.6923076923076923,True,2025-04,1,432,1
UA,BNA,EWR,2025,4,1175,26,14,0.0,frozenset({1103}),1103,0.5384615384615384,True,2025-04,1,433,1
F9,TPA,ATL,2025,4,1180,18,13,2.0,frozenset({3781}),3781,0.7222222222222222,True,2025-04,1,434,1
YX,ORF,EWR,2025,4,1051,22,13,1.0,frozenset({3665}),3665,0.5909090909090909,True,2025-04,1,435,1
UA,IAD,EWR,2025,4,947,22,12,0.0,frozenset({2471}),2471,0.5454545454545454,True,2025-04,1,436,1
UA,BOS,EWR,2025,4,1138,26,14,1.0,frozenset({521}),521,0.5384615384615384,True,2025-04,1,437,1
UA,CHS,EWR,2025,4,1195,26,14,1.0,frozenset({642}),642,0.5384615384615384,True,2025-04,1,438,2
AA,MIA,EWR,2025,4,898,30,16,1.0,"frozenset({2933, 2461})",2461,0.5333333333333333,True,2025-04,1,439,1
DL,ATL,SAT,2025,4,1237,17,10,0.0,"frozenset({2893, 1222})",1222,0.5882352941176471,True,2025-04,1,440,1
UA,CLT,EWR,2025,4,1141,29,18,0.0,frozenset({1747}),1747,0.6206896551724138,True,2025-04,1,441,3
UA,COS,DEN,2025,4,930,30,17,0.0,frozenset({651}),651,0.5666666666666667,True,2025-04,1,442,1
UA,BOS,EWR,2025,4,929,13,7,0.0,frozenset({1718}),1718,0.5384615384615384,True,2025-04,1,443,1
DL,ATL,DEN,2025,4,1215,16,9,0.0,frozenset({493}),493,0.5625,True,2025-04,1,444,1
UA,MIA,EWR,2025,4,1185,28,15,1.0,"frozenset({762, 1231})",1231,0.5357142857142857,True,2025-04,1,445,2
UA,MSP,DEN,2025,4,1015,30,18,0.0,frozenset({2272}),2272,0.6,True,2025-04,1,446,4
AA,JAX,DCA,2025,4,1166,26,15,0.0,frozenset({1463}),1463,0.5769230769230769,True,2025-04,1,447,1
B6,MCO,EWR,2025,4,970,14,9,0.0,frozenset({494}),494,0.6428571428571429,True,2025-04,1,448,1
WN,AUS,ELP,2025,4,1020,10,6,0.0,"frozenset({516, 3766})",3766,0.6,True,2025-04,1,449,1
NK,MCO,EWR,2025,4,855,12,7,0.0,frozenset({1350}),1350,0.5833333333333334,True,2025-04,1,450,1
DL,ATL,EWR,2025,4,979,26,15,1.0,frozenset({2340}),2340,0.5769230769230769,True,2025-04,1,451,2
DL,ATL,EWR,2025,4,1108,29,20,0.0,frozenset({2498}),2498,0.6896551724137931,True,2025-04,1,452,2
UA,STL,EWR,2025,4,1004,26,17,0.0,frozenset({1331}),1331,0.6538461538461539,True,2025-04,1,453,1
WN,LAS,DEN,2025,4,940,17,10,1.0,"frozenset({3624, 3542, 2903})",3542,0.5882352941176471,True,2025-04,1,454,1
NK,FLL,EWR,2025,4,889,12,8,1.0,frozenset({950}),950,0.6666666666666666,True,2025-04,1,455,1
NK,EWR,MIA,2025,4,895,20,11,1.0,frozenset({866}),866,0.55,True,2025-04,1,456,1
WN,LAS,SAN,2025,4,1145,19,12,0.0,"frozenset({2032, 3459, 4156, 4189})",3459,0.631578947368421,True,2025-04,1,457,2
NK,EWR,LAS,2025,4,1074,12,8,1.0,frozenset({667}),667,0.6666666666666666,True,2025-04,1,458,1
NK,EWR,FLL,2025,4,1259,19,12,2.0,frozenset({446}),446,0.631578947368421,True,2025-04,1,459,1
NK,EWR,FLL,2025,4,1080,12,8,2.0,frozenset({937}),937,0.6666666666666666,True,2025-04,1,460,1
F9,SFO,ATL,2025,4,1429,30,16,2.0,frozenset({1448}),1448,0.5333333333333333,True,2025-04,1,461,1
NK,EWR,BNA,2025,4,1335,19,10,0.0,frozenset({865}),865,0.5263157894736842,True,2025-04,1,462,1
NK,EWR,MYR,2025,4,1260,12,8,2.0,frozenset({724}),724,0.6666666666666666,True,2025-04,1,463,1
WN,DEN,ICT,2025,4,1075,11,6,0.0,frozenset({1344}),1344,0.5454545454545454,True,2025-04,1,464,2
AA,EWR,CLT,2025,4,1140,30,17,1.0,frozenset({1330}),1330,0.5666666666666667,True,2025-04,1,465,1
B6,FLL,EWR,2025,4,1014,30,16,1.0,"frozenset({106, 606})",606,0.5333333333333333,True,2025-04,1,466,1
OH,DCA,ICT,2025,4,880,26,14,0.0,"frozenset({5590, 5591})",5591,0.5384615384615384,True,2025-04,1,467,1
WN,SLC,DEN,2025,4,1105,15,8,1.0,"frozenset({4899, 3063})",3063,0.5333333333333333,True,2025-04,1,468,1
WN,SFO,LAX,2025,4,1260,13,7,0.0,"frozenset({952, 4417})",4417,0.5384615384615384,True,2025-04,1,469,1
AA,CLT,PHL,2025,4,975,30,16,1.0,frozenset({864}),864,0.5333333333333333,True,2025-04,1,470,1
YX,SDF,DCA,2025,4,1161,23,14,0.0,frozenset({4350}),4350,0.6086956521739131,True,2025-04,1,471,1
WN,DEN,RIC,2025,4,1085,10,6,0.0,"frozenset({1162, 2717})",1162,0.6,True,2025-04,1,472,1
F9,ATL,BOS,2025,4,1321,15,8,2.0,frozenset({3512}),3512,0.5333333333333333,True,2025-04,1,473,1
OH,DCA,CVG,2025,4,1220,23,12,1.0,frozenset({5673}),5673,0.5217391304347826,True,2025-04,1,474,4
OH,DCA,ORF,2025,4,1240,27,16,1.0,frozenset({5662}),5662,0.5925925925925926,True,2025-04,1,475,1
DL,MSP,DFW,2025,4,882,30,16,0.0,frozenset({2971}),2971,0.5333333333333333,True,2025-04,1,476,1
WN,SMF,DEN,2025,4,920,22,12,1.0,"frozenset({1953, 3010, 2699, 3443, 3869})",1953,0.5454545454545454,True,2025-04,1,477,1
YX,CLE,EWR,2025,4,1156,26,16,2.0,frozenset({3431}),3431,0.6153846153846154,True,2025-04,1,478,2
OH,DCA,BUF,2025,4,1322,23,13,0.0,frozenset({5243}),5243,0.5652173913043478,True,2025-04,1,479,1
WN,DEN,PHX,2025,4,1295,23,12,2.0,"frozenset({2712, 2594, 2748})",2712,0.5217391304347826,True,2025-04,1,480,1
DL,MSP,EWR,2025,4,853,18,12,0.0,frozenset({2866}),2866,0.6666666666666666,True,2025-04,1,481,2
AA,DFW,MCO,2025,4,1140,29,18,1.0,frozenset({2960}),2960,0.6206896551724138,True,2025-04,1,482,1
AA,DFW,MIA,2025,4,1144,30,16,1.0,"frozenset({2206, 695})",2206,0.5333333333333333,True,2025-04,1,483,1
WN,PHX,TUL,2025,4,1170,11,6,0.0,"frozenset({2500, 1149})",2500,0.5454545454545454,True,2025-04,1,484,1
OH,DCA,SYR,2025,4,1340,26,15,2.0,"frozenset({5588, 5287})",5588,0.5769230769230769,True,2025-04,1,485,1
AA,DFW,MFE,2025,4,940,29,16,1.0,"frozenset({1803, 2157})",1803,0.5517241379310345,True,2025-04,1,486,1
WN,RIC,DEN,2025,4,925,11,8,0.0,"frozenset({3480, 1659})",3480,0.7272727272727273,True,2025-04,1,487,1
OH,DCA,CLE,2025,4,1330,26,14,3.0,frozenset({5613}),5613,0.5384615384615384,True,2025-04,1,488,2
WN,DEN,MKE,2025,4,1170,22,12,1.0,"frozenset({1537, 4147, 355, 2270})",355,0.5454545454545454,True,2025-04,1,489,1
F9,ATL,EWR,2025,4,1124,30,20,3.0,frozenset({4602}),4602,0.6666666666666666,True,2025-04,1,490,4
B6,EWR,FLL,2025,4,1270,24,13,1.0,frozenset({605}),605,0.5416666666666666,True,2025-04,1,491,1
WN,DEN,OMA,2025,4,1170,17,9,0.0,frozenset({3775}),3775,0.5294117647058824,True,2025-04,1,492,1
WN,DEN,SLC,2025,4,1165,10,7,2.0,"frozenset({4505, 551})",551,0.7,True,2025-04,1,493,1
OH,DCA,BGR,2025,4,1320,23,13,1.0,frozenset({5669}),5669,0.5652173913043478,True,2025-04,3,311,3
NK,EWR,MCO,2025,5,840,26,14,4.0,"frozenset({1478, 2103})",2103,0.5384615384615384,True,2025-05,1,494,1
WN,SAN,DEN,2025,5,910,31,16,0.0,"frozenset({3176, 1356, 2116, 4172})",1356,0.5161290322580645,True,2025-05,1,495,1
WN,LAS,SAN,2025,5,1145,23,12,0.0,"frozenset({3459, 4156, 4189})",3459,0.5217391304347826,True,2025-05,2,457,2
OO,LAR,DEN,2025,5,1113,31,16,4.0,frozenset({5048}),5048,0.5161290322580645,True,2025-05,1,496,1
NK,EWR,MIA,2025,5,1019,18,11,0.0,frozenset({2696}),2696,0.6111111111111112,True,2025-05,1,497,2
OO,JAC,DEN,2025,5,1068,10,7,0.0,frozenset({5382}),5382,0.7,True,2025-05,1,498,2
OO,IDA,DEN,2025,5,1075,10,6,2.0,frozenset({5551}),5551,0.6,True,2025-05,1,499,2
UA,DEN,GRR,2025,5,1070,31,16,0.0,"frozenset({1770, 1283})",1770,0.5161290322580645,True,2025-05,1,500,1
WN,SAN,DAL,2025,5,985,19,10,0.0,"frozenset({3760, 2409})",3760,0.5263157894736842,True,2025-05,1,501,1
YX,BOS,DCA,2025,5,1319,26,14,0.0,frozenset({5704}),5704,0.5384615384615384,True,2025-05,1,502,1
OO,HLN,DEN,2025,5,1059,10,7,0.0,frozenset({5784}),5784,0.7,True,2025-05,1,503,3
OO,GUC,DEN,2025,5,918,10,7,0.0,frozenset({5749}),5749,0.7,True,2025-05,1,504,1
OH,DCA,PWM,2025,5,1327,23,13,5.0,frozenset({5422}),5422,0.5652173913043478,True,2025-05,1,505,1
NK,EWR,MSY,2025,5,771,19,11,2.0,"frozenset({1520, 2284})",2284,0.5789473684210527,True,2025-05,1,506,1
OO,LBB,DEN,2025,5,1045,31,19,1.0,"frozenset({5589, 5989})",5589,0.6129032258064516,True,2025-05,1,507,1
NK,EWR,LAS,2025,5,723,21,11,2.0,frozenset({2486}),2486,0.5238095238095238,True,2025-05,1,508,1
YX,BOS,DCA,2025,5,1215,52,31,1.0,"frozenset({5666, 4383})",4383,0.5961538461538461,True,2025-05,1,509,1
NK,EWR,CLT,2025,5,890,15,8,1.0,"frozenset({654, 2671})",2671,0.5333333333333333,True,2025-05,1,510,1
NK,EWR,DTW,2025,5,1079,14,9,1.0,frozenset({2675}),2675,0.6428571428571429,True,2025-05,1,511,2
YX,MYR,EWR,2025,5,1012,16,12,9.0,frozenset({3712}),3712,0.75,True,2025-05,1,512,1
OO,MAF,DEN,2025,5,1025,31,17,0.0,"frozenset({5472, 5306})",5472,0.5483870967741935,True,2025-05,1,513,1
OO,LNK,DEN,2025,5,1058,10,8,0.0,frozenset({5431}),5431,0.8,True,2025-05,1,514,4
UA,DEN,EWR,2025,5,710,21,11,0.0,frozenset({1233}),1233,0.5238095238095238,True,2025-05,1,515,1
UA,DEN,EWR,2025,5,834,31,16,3.0,"frozenset({1505, 731})",731,0.5161290322580645,True,2025-05,1,516,1
YX,BOS,BWI,2025,5,1040,25,13,0.0,frozenset({5644}),5644,0.52,True,2025-05,1,517,1
UA,DEN,EWR,2025,5,945,17,13,2.0,frozenset({1715}),1715,0.7647058823529411,True,2025-05,1,518,3
UA,DEN,EWR,2025,5,1070,31,19,0.0,frozenset({2613}),2613,0.6129032258064516,True,2025-05,1,519,3
OO,LIT,DEN,2025,5,1005,31,17,2.0,frozenset({5369}),5369,0.5483870967741935,True,2025-05,1,520,4
NK,EWR,FLL,2025,5,1059,29,15,2.0,"frozenset({937, 2692})",2692,0.5172413793103449,True,2025-05,1,521,1
G4,SFB,LEX,2025,5,1115,10,10,0.0,"frozenset({2881, 1317, 1265, 2962, 1237, 1335, 2938})",1335,1.0,True,2025-05,1,522,1
NK,EWR,IAH,2025,5,725,14,9,0.0,frozenset({2064}),2064,0.6428571428571429,True,2025-05,1,523,1
OO,LBL,DEN,2025,5,1160,22,12,2.0,"frozenset({5122, 5101})",5101,0.5454545454545454,True,2025-05,1,524,1
DL,ATL,EWR,2025,5,1259,31,19,1.0,frozenset({2527}),2527,0.6129032258064516,True,2025-05,1,525,3
OO,GJT,DEN,2025,5,1085,31,16,1.0,frozenset({5755}),5755,0.5161290322580645,True,2025-05,1,526,1
UA,DEN,LAS,2025,5,1259,10,6,1.0,frozenset({1399}),1399,0.6,True,2025-05,1,527,1
OO,GCC,DEN,2025,5,882,31,16,0.0,"frozenset({5038, 5055})",5038,0.5161290322580645,True,2025-05,1,528,1
OH,DCA,CLE,2025,5,1350,26,14,4.0,frozenset({5613}),5613,0.5384615384615384,True,2025-05,2,488,2
AA,PIT,PHL,2025,5,979,27,16,1.0,frozenset({1142}),1142,0.5925925925925926,True,2025-05,1,529,1
DL,ATL,DFW,2025,5,1050,17,10,0.0,frozenset({436}),436,0.5882352941176471,True,2025-05,1,530,2
WN,LGA,BNA,2025,5,1075,27,14,0.0,frozenset({3241}),3241,0.5185185185185185,True,2025-05,1,531,1
DL,ATL,DFW,2025,5,947,26,17,0.0,frozenset({374}),374,0.6538461538461539,True,2025-05,1,532,2
OO,DEN,TUS,2025,5,1140,10,6,1.0,frozenset({4786}),4786,0.6,True,2025-05,1,533,1
YX,BOS,EWR,2025,5,755,25,21,6.0,frozenset({5829}),5829,0.84,True,2025-05,1,534,1
NK,MCO,EWR,2025,5,751,18,10,0.0,frozenset({2551}),2551,0.5555555555555556,True,2025-05,1,535,1
OO,DEN,PSP,2025,5,1140,11,6,1.0,"frozenset({5297, 5398})",5297,0.5454545454545454,True,2025-05,1,536,1
UA,DFW,DEN,2025,5,1130,15,8,0.0,frozenset({1961}),1961,0.5333333333333333,True,2025-05,1,537,2
NK,MCO,EWR,2025,5,1225,25,17,0.0,frozenset({2553}),2553,0.68,True,2025-05,1,538,1
YX,BOS,EWR,2025,5,1050,24,15,4.0,frozenset({5718}),5718,0.625,True,2025-05,1,539,3
OO,DEN,LNK,2025,5,1051,31,17,0.0,frozenset({5622}),5622,0.5483870967741935,True,2025-05,1,540,3
YX,BOS,JAX,2025,5,1200,24,14,0.0,"frozenset({5794, 5815})",5815,0.5833333333333334,True,2025-05,1,541,1
OO,DEN,RAP,2025,5,1160,10,6,0.0,frozenset({5303}),5303,0.6,True,2025-05,1,542,2
NK,EWR,CHS,2025,5,1200,25,14,3.0,frozenset({2120}),2120,0.56,True,2025-05,1,543,1
NK,MCO,DFW,2025,5,1072,14,11,0.0,frozenset({2262}),2262,0.7857142857142857,True,2025-05,1,544,1
NK,LAS,EWR,2025,5,930,25,14,2.0,frozenset({2487}),2487,0.56,True,2025-05,1,545,1
AA,MKE,DFW,2025,5,1045,31,18,3.0,frozenset({869}),869,0.5806451612903226,True,2025-05,1,546,3
AA,PHL,RDU,2025,5,1137,31,16,1.0,"frozenset({2985, 2707, 1441})",2707,0.5161290322580645,True,2025-05,1,547,1
DL,ATL,EWR,2025,5,1130,26,15,1.0,frozenset({2498}),2498,0.5769230769230769,True,2025-05,2,452,2
UA,DEN,RAP,2025,5,1247,10,6,2.0,frozenset({2745}),2745,0.6,True,2025-05,1,548,1
DL,ATL,EWR,2025,5,950,26,20,1.0,frozenset({2340}),2340,0.7692307692307693,True,2025-05,2,451,2
DL,ATL,EWR,2025,5,881,27,17,0.0,frozenset({2312}),2312,0.6296296296296297,True,2025-05,1,549,1
NK,LAX,EWR,2025,5,863,25,13,0.0,frozenset({2070}),2070,0.52,True,2025-05,1,550,1
AA,PHL,SAN,2025,5,1135,31,16,2.0,"frozenset({1497, 3245})",3245,0.5161290322580645,True,2025-05,1,551,1
DL,AUS,LAX,2025,5,1175,20,11,0.0,frozenset({487}),487,0.55,True,2025-05,1,552,1
DL,ATL,EWR,2025,5,763,27,18,0.0,frozenset({2322}),2322,0.6666666666666666,True,2025-05,1,553,1
DL,ATL,EWR,2025,5,600,10,8,0.0,frozenset({2401}),2401,0.8,True,2025-05,1,554,1
UA,DFW,DEN,2025,5,1080,10,6,0.0,frozenset({2330}),2330,0.6,True,2025-05,1,555,1
AA,DCA,MCO,2025,5,1065,31,16,0.0,frozenset({2139}),2139,0.5161290322580645,True,2025-05,1,556,4
OO,DRO,DEN,2025,5,920,31,16,0.0,frozenset({5952}),5952,0.5161290322580645,True,2025-05,1,557,1
WN,LAS,SFO,2025,5,1310,14,8,0.0,frozenset({2465}),2465,0.5714285714285714,True,2025-05,1,558,1
OH,DCA,CRW,2025,5,1244,26,14,3.0,frozenset({5164}),5164,0.5384615384615384,True,2025-05,1,559,3
WN,STL,DEN,2025,5,1030,23,12,0.0,"frozenset({3256, 2457, 3337})",2457,0.5217391304347826,True,2025-05,1,560,1
UA,CHS,EWR,2025,5,675,31,21,2.0,frozenset({674}),674,0.6774193548387096,True,2025-05,1,561,1
UA,ATL,EWR,2025,5,1235,21,14,0.0,frozenset({1882}),1882,0.6666666666666666,True,2025-05,1,562,2
UA,ATL,EWR,2025,5,937,24,13,1.0,frozenset({555}),555,0.5416666666666666,True,2025-05,1,563,1
UA,ATL,EWR,2025,5,667,17,10,0.0,frozenset({538}),538,0.5882352941176471,True,2025-05,1,564,1
UA,ATL,EWR,2025,5,591,22,12,1.0,frozenset({593}),593,0.5454545454545454,True,2025-05,1,565,1
UA,CLE,EWR,2025,5,946,28,17,1.0,"frozenset({1411, 2390})",2390,0.6071428571428571,True,2025-05,1,566,1
YX,MSP,EWR,2025,5,1050,17,12,4.0,frozenset({3681}),3681,0.7058823529411765,True,2025-05,1,567,1
UA,AUS,DEN,2025,5,1082,25,15,0.0,"frozenset({545, 1835})",1835,0.6,True,2025-05,1,568,1
AA,ORD,EWR,2025,5,1151,31,17,1.0,frozenset({3253}),3253,0.5483870967741935,True,2025-05,1,569,3
MQ,EWR,ORD,2025,5,840,31,17,5.0,"frozenset({3789, 3374})",3374,0.5483870967741935,True,2025-05,1,570,1
OO,TUS,DEN,2025,5,980,31,16,1.0,"frozenset({5589, 5462})",5462,0.5161290322580645,True,2025-05,1,571,1
OH,DCA,HPN,2025,5,1139,26,14,4.0,frozenset({5289}),5289,0.5384615384615384,True,2025-05,1,572,3
MQ,EWR,ORD,2025,5,1050,30,19,4.0,"frozenset({3868, 3374})",3868,0.6333333333333333,True,2025-05,1,573,1
MQ,EWR,ORD,2025,5,1170,31,20,12.0,"frozenset({3584, 3354})",3354,0.6451612903225806,True,2025-05,1,574,1
OO,SUX,DEN,2025,5,1115,10,6,1.0,frozenset({5070}),5070,0.6,True,2025-05,1,575,2
YX,MKE,EWR,2025,5,1179,15,11,8.0,frozenset({3510}),3510,0.7333333333333333,True,2025-05,1,576,1
OO,SGF,DEN,2025,5,1030,31,16,1.0,frozenset({5404}),5404,0.5161290322580645,True,2025-05,1,577,3
UA,AUS,EWR,2025,5,1150,14,12,1.0,frozenset({255}),255,0.8571428571428571,True,2025-05,1,578,3
WN,STL,MDW,2025,5,1150,17,10,1.0,"frozenset({261, 4422})",261,0.5882352941176471,True,2025-05,1,579,1
UA,CHS,EWR,2025,5,1224,12,11,4.0,frozenset({642}),642,0.9166666666666666,True,2025-05,2,438,2
UA,BOS,EWR,2025,5,1138,26,15,3.0,"frozenset({1897, 1308})",1897,0.5769230769230769,True,2025-05,1,580,1
UA,BOS,EWR,2025,5,930,10,6,1.0,frozenset({1977}),1977,0.6,True,2025-05,1,581,1
UA,BOS,EWR,2025,5,667,14,9,1.0,frozenset({1733}),1733,0.6428571428571429,True,2025-05,1,582,1
WN,SLC,DEN,2025,5,1010,26,16,0.0,"frozenset({1859, 2891})",2891,0.6153846153846154,True,2025-05,1,583,1
UA,CLE,EWR,2025,5,520,22,12,1.0,frozenset({2053}),2053,0.5454545454545454,True,2025-05,1,584,1
UA,BDL,IAD,2025,5,1192,15,9,0.0,frozenset({2071}),2071,0.6,True,2025-05,1,585,1
UA,BOI,DEN,2025,5,1045,31,18,0.0,frozenset({395}),395,0.5806451612903226,True,2025-05,1,586,1
UA,BNA,EWR,2025,5,1023,18,12,1.0,frozenset({213}),213,0.6666666666666666,True,2025-05,1,587,1
UA,BNA,EWR,2025,5,991,12,7,1.0,frozenset({213}),213,0.5833333333333334,True,2025-05,1,588,1
B6,JFK,BOS,2025,5,825,12,8,0.0,frozenset({1118}),1118,0.6666666666666666,True,2025-05,1,589,1
UA,BNA,EWR,2025,5,785,10,7,0.0,frozenset({1331}),1331,0.7,True,2025-05,1,590,1
OH,DCA,JAN,2025,5,1194,26,15,4.0,frozenset({5025}),5025,0.5769230769230769,True,2025-05,1,591,2
UA,BNA,DEN,2025,5,1055,22,13,0.0,frozenset({1839}),1839,0.5909090909090909,True,2025-05,1,592,1
UA,BNA,EWR,2025,5,1194,24,15,1.0,frozenset({499}),499,0.625,True,2025-05,1,593,1
OH,DCA,DAY,2025,5,1324,26,14,2.0,frozenset({5473}),5473,0.5384615384615384,True,2025-05,1,594,1
OH,DCA,MHT,2025,5,1325,26,15,4.0,"frozenset({5283, 5135})",5283,0.5769230769230769,True,2025-05,1,595,3
WN,IND,DEN,2025,5,1185,12,7,0.0,"frozenset({1284, 4613})",1284,0.5833333333333334,True,2025-05,1,596,1
NK,CMH,MCO,2025,5,1069,18,10,1.0,frozenset({2437}),2437,0.5555555555555556,True,2025-05,1,597,1
OO,DEN,LBB,2025,5,1140,31,16,1.0,frozenset({5428}),5428,0.5161290322580645,True,2025-05,1,598,1
OH,DCA,CVG,2025,5,1185,23,12,1.0,frozenset({5673}),5673,0.5217391304347826,True,2025-05,2,474,4
NK,DFW,EWR,2025,5,1055,25,15,0.0,frozenset({2464}),2464,0.6,True,2025-05,1,599,1
AA,DCA,BOS,2025,5,1020,27,14,0.0,"frozenset({3295, 3207})",3295,0.5185185185185185,True,2025-05,1,600,1
WN,LAS,AUS,2025,5,760,11,6,0.0,"frozenset({4698, 1691})",1691,0.5454545454545454,True,2025-05,1,601,1
NK,CHS,EWR,2025,5,843,14,11,3.0,frozenset({2695}),2695,0.7857142857142857,True,2025-05,1,602,1
OH,DCA,GSO,2025,5,1285,19,10,3.0,frozenset({5111}),5111,0.5263157894736842,True,2025-05,1,603,2
AA,BNA,LAX,2025,5,1052,31,16,0.0,"frozenset({1585, 3332})",1585,0.5161290322580645,True,2025-05,1,604,1
NK,DFW,MSY,2025,5,1243,14,11,0.0,frozenset({2367}),2367,0.7857142857142857,True,2025-05,1,605,1
DL,ATL,JAX,2025,5,1385,20,12,1.0,frozenset({2276}),2276,0.6,True,2025-05,1,606,1
OO,OKC,DEN,2025,5,1045,31,17,1.0,frozenset({4768}),4768,0.5483870967741935,True,2025-05,1,607,3
NK,DTW,EWR,2025,5,923,14,9,0.0,frozenset({2674}),2674,0.6428571428571429,True,2025-05,1,608,2
OO,MSO,DEN,2025,5,1040,26,14,1.0,frozenset({5941}),5941,0.5384615384615384,True,2025-05,1,609,2
OH,DCA,OKC,2025,5,1237,23,13,3.0,frozenset({5361}),5361,0.5652173913043478,True,2025-05,1,610,1
NK,BWI,TPA,2025,5,1115,16,9,0.0,"frozenset({857, 2447})",2447,0.5625,True,2025-05,1,611,1
NK,BWI,DTW,2025,5,1215,15,8,1.0,"frozenset({2673, 586})",2673,0.5333333333333333,True,2025-05,1,612,1
WN,IND,RSW,2025,5,1140,18,10,0.0,frozenset({2168}),2168,0.5555555555555556,True,2025-05,1,613,1
YX,MIA,MCO,2025,5,1205,31,17,0.0,frozenset({5846}),5846,0.5483870967741935,True,2025-05,1,614,1
MQ,ORD,EWR,2025,5,613,31,20,5.0,"frozenset({3789, 3374})",3374,0.6451612903225806,True,2025-05,1,615,1
MQ,ORD,EWR,2025,5,827,27,15,3.0,frozenset({3794}),3794,0.5555555555555556,True,2025-05,1,616,1
MQ,ORD,EWR,2025,5,946,31,20,12.0,"frozenset({3664, 3681, 3354})",3354,0.6451612903225806,True,2025-05,1,617,1
OO,RAP,DEN,2025,5,990,10,7,1.0,frozenset({5708}),5708,0.7,True,2025-05,1,618,3
OO,PSP,DEN,2025,5,985,25,13,2.0,"frozenset({5659, 5783})",5783,0.52,True,2025-05,1,619,1
WN,TUL,DEN,2025,5,1195,23,12,0.0,"frozenset({481, 3931})",3931,0.5217391304347826,True,2025-05,1,620,1
UA,CLT,EWR,2025,5,681,25,15,2.0,frozenset({402}),402,0.6,True,2025-05,1,621,1
NK,ATL,EWR,2025,5,1006,25,16,1.0,frozenset({2216}),2216,0.64,True,2025-05,1,622,1
WN,IND,MCO,2025,5,1080,15,8,0.0,"frozenset({3587, 3966})",3966,0.5333333333333333,True,2025-05,1,623,1
NK,ATL,PHL,2025,5,926,14,9,1.0,frozenset({2271}),2271,0.6428571428571429,True,2025-05,1,624,2
UA,CLT,EWR,2025,5,1141,21,16,3.0,frozenset({1747}),1747,0.7619047619047619,True,2025-05,2,441,3
NK,AUS,EWR,2025,5,847,25,14,1.0,frozenset({2119}),2119,0.56,True,2025-05,1,625,1
NK,BOS,BWI,2025,5,1187,14,8,0.0,frozenset({2523}),2523,0.5714285714285714,True,2025-05,1,626,1
NK,BOS,MCO,2025,5,1062,21,12,0.0,frozenset({2093}),2093,0.5714285714285714,True,2025-05,1,627,1
NK,EWR,ATL,2025,5,1207,25,15,1.0,frozenset({2217}),2217,0.6,True,2025-05,1,628,1
OO,MOT,DEN,2025,5,1031,31,18,1.0,"frozenset({4699, 5476})",4699,0.5806451612903226,True,2025-05,1,629,1
YX,DCA,JFK,2025,5,1069,31,17,2.0,frozenset({4781}),4781,0.5483870967741935,True,2025-05,1,630,1
DL,ATL,DEN,2025,5,1372,19,10,1.0,frozenset({956}),956,0.5263157894736842,True,2025-05,1,631,3
AS,SLC,SEA,2025,5,1233,14,8,0.0,frozenset({715}),715,0.5714285714285714,True,2025-05,1,632,1
AS,STS,SEA,2025,5,1201,25,13,0.0,frozenset({1321}),1321,0.52,True,2025-05,1,633,2
OH,CLE,PHL,2025,5,970,26,14,0.0,"frozenset({5581, 5197})",5197,0.5384615384615384,True,2025-05,1,634,1
WN,MCO,SAT,2025,5,1225,23,12,0.0,frozenset({2428}),2428,0.5217391304347826,True,2025-05,1,635,1
YX,EWR,MYR,2025,5,848,16,9,7.0,frozenset({3589}),3589,0.5625,True,2025-05,1,636,1
YX,EWR,MKE,2025,5,1019,15,9,8.0,frozenset({3437}),3437,0.6,True,2025-05,1,637,1
B6,PBI,EWR,2025,5,1170,31,17,1.0,frozenset({144}),144,0.5483870967741935,True,2025-05,1,638,3
OH,PHL,CVG,2025,5,1265,27,14,2.0,frozenset({5086}),5086,0.5185185185185185,True,2025-05,1,639,1
OH,OKC,DCA,2025,5,1056,23,14,2.0,frozenset({5650}),5650,0.6086956521739131,True,2025-05,1,640,1
OH,MYR,DCA,2025,5,1172,23,14,4.0,frozenset({5159}),5159,0.6086956521739131,True,2025-05,1,641,1
WN,MDW,BOS,2025,5,1160,15,8,0.0,"frozenset({676, 1132})",1132,0.5333333333333333,True,2025-05,1,642,1
YX,EWR,MCI,2025,5,1110,15,8,7.0,frozenset({3425}),3425,0.5333333333333333,True,2025-05,1,643,1
AA,DFW,CAE,2025,5,1142,27,15,3.0,frozenset({822}),822,0.5555555555555556,True,2025-05,1,644,1
YX,EWR,IND,2025,5,1128,13,8,5.0,frozenset({3519}),3519,0.6153846153846154,True,2025-05,1,645,3
YX,CMH,EWR,2025,5,1148,23,15,5.0,frozenset({3587}),3587,0.6521739130434783,True,2025-05,1,646,1
OH,MOB,DFW,2025,5,1063,31,17,6.0,frozenset({5644}),5644,0.5483870967741935,True,2025-05,1,647,1
OH,CLT,BNA,2025,5,961,31,17,4.0,"frozenset({5024, 5516})",5024,0.5483870967741935,True,2025-05,1,648,1
WN,MDW,DAL,2025,5,1155,14,8,0.0,frozenset({3802}),3802,0.5714285714285714,True,2025-05,1,649,1
OH,CLE,DCA,2025,5,1148,26,15,4.0,"frozenset({5553, 5358})",5358,0.5769230769230769,True,2025-05,1,650,1
YX,EWR,ORD,2025,5,657,26,15,2.0,"frozenset({4749, 4591})",4749,0.5769230769230769,True,2025-05,1,651,1
OH,DCA,BTV,2025,5,1320,24,13,4.0,frozenset({5191}),5191,0.5416666666666666,True,2025-05,1,652,1
WN,PHX,DEN,2025,5,870,31,17,1.0,"frozenset({3609, 4738, 3127})",4738,0.5483870967741935,True,2025-05,1,653,1
OH,CHA,DCA,2025,5,1217,23,13,2.0,frozenset({5345}),5345,0.5652173913043478,True,2025-05,1,654,1
AS,SEA,JFK,2025,5,877,31,19,0.0,frozenset({16}),16,0.6129032258064516,True,2025-05,1,655,3
YX,HHH,EWR,2025,5,970,18,15,6.0,frozenset({3532}),3532,0.8333333333333334,True,2025-05,1,656,1
YX,EWR,STL,2025,5,1291,14,12,6.0,frozenset({3445}),3445,0.8571428571428571,True,2025-05,1,657,1
YX,EWR,SDF,2025,5,1145,14,9,4.0,frozenset({3609}),3609,0.6428571428571429,True,2025-05,1,658,1
OH,CLE,DCA,2025,5,873,28,20,0.0,"frozenset({5186, 5535})",5535,0.7142857142857143,True,2025-05,1,659,1
YX,CMH,DCA,2025,5,895,26,17,0.0,frozenset({4428}),4428,0.6538461538461539,True,2025-05,1,660,1
OH,PHL,MEM,2025,5,1170,31,16,2.0,"frozenset({5449, 5478})",5449,0.5161290322580645,True,2025-05,1,661,1
AS,SFO,EWR,2025,5,372,31,17,1.0,frozenset({292}),292,0.5483870967741935,True,2025-05,1,662,1
AS,SFO,EWR,2025,5,611,31,19,1.0,"frozenset({299, 219})",299,0.6129032258064516,True,2025-05,1,663,1
OH,DCA,BNA,2025,5,1076,26,18,3.0,frozenset({5318}),5318,0.6923076923076923,True,2025-05,1,664,3
YX,CMH,EWR,2025,5,848,16,12,8.0,frozenset({3675}),3675,0.75,True,2025-05,1,665,3
WN,MCO,MSY,2025,5,1210,31,16,0.0,frozenset({3752}),3752,0.5161290322580645,True,2025-05,1,666,1
YX,EWR,PIT,2025,5,1311,24,14,8.0,frozenset({3477}),3477,0.5833333333333334,True,2025-05,1,667,1
AS,SEA,PDX,2025,5,680,17,9,0.0,frozenset({234}),234,0.5294117647058824,True,2025-05,1,668,1
AA,DFW,BUF,2025,5,1121,30,19,1.0,frozenset({1724}),1724,0.6333333333333333,True,2025-05,1,669,1
B6,DCA,MCO,2025,5,1135,31,16,0.0,frozenset({2523}),2523,0.5161290322580645,True,2025-05,1,670,1
OH,CLT,GSP,2025,5,1224,31,19,0.0,frozenset({5124}),5124,0.6129032258064516,True,2025-05,1,671,1
OH,DAY,DCA,2025,5,1190,26,15,3.0,frozenset({5284}),5284,0.5769230769230769,True,2025-05,1,672,3
OH,HSV,DCA,2025,5,1114,23,12,1.0,frozenset({5368}),5368,0.5217391304347826,True,2025-05,1,673,1
OH,GSO,DCA,2025,5,1132,23,13,3.0,frozenset({5539}),5539,0.5652173913043478,True,2025-05,1,674,1
AA,CLT,EWR,2025,5,473,31,16,0.0,frozenset({1782}),1782,0.5161290322580645,True,2025-05,1,675,1
AA,DFW,ALB,2025,5,1145,31,18,1.0,frozenset({391}),391,0.5806451612903226,True,2025-05,1,676,1
B6,DCA,BOS,2025,5,1060,26,14,0.0,frozenset({2954}),2954,0.5384615384615384,True,2025-05,1,677,1
AA,CLT,EWR,2025,5,873,31,16,1.0,frozenset({1330}),1330,0.5161290322580645,True,2025-05,1,678,3
B6,BOS,RSW,2025,5,1224,12,7,0.0,frozenset({265}),265,0.5833333333333334,True,2025-05,1,679,1
AA,CLT,EWR,2025,5,1112,31,19,1.0,frozenset({1071}),1071,0.6129032258064516,True,2025-05,2,407,2
B6,MCO,EWR,2025,5,1152,31,22,0.0,frozenset({2128}),2128,0.7096774193548387,True,2025-05,1,680,1
B6,MCO,EWR,2025,5,1093,30,22,1.0,frozenset({1728}),1728,0.7333333333333333,True,2025-05,1,681,4
B6,MCO,EWR,2025,5,681,31,18,3.0,frozenset({2028}),2028,0.5806451612903226,True,2025-05,1,682,1
OH,DCA,AVL,2025,5,1060,23,13,3.0,frozenset({5614}),5614,0.5652173913043478,True,2025-05,1,683,1
OH,HPN,CLT,2025,5,1112,30,17,3.0,frozenset({5070}),5070,0.5666666666666667,True,2025-05,1,684,3
WN,ONT,DEN,2025,5,915,22,12,2.0,"frozenset({2888, 3065})",3065,0.5454545454545454,True,2025-05,1,685,1
OH,HOU,DFW,2025,5,1111,27,14,4.0,frozenset({5277}),5277,0.5185185185185185,True,2025-05,1,686,1
OH,HPN,DCA,2025,5,904,31,19,1.0,frozenset({5254}),5254,0.6129032258064516,True,2025-05,1,687,3
OH,DAY,DCA,2025,5,869,30,19,0.0,frozenset({5400}),5400,0.6333333333333333,True,2025-05,1,688,1
OH,HSV,DFW,2025,5,1157,27,14,3.0,frozenset({5411}),5411,0.5185185185185185,True,2025-05,1,689,1
WN,MSP,DEN,2025,5,1180,22,12,0.0,frozenset({4279}),4279,0.5454545454545454,True,2025-05,1,690,1
YX,EWR,GRR,2025,5,1277,28,15,6.0,frozenset({3580}),3580,0.5357142857142857,True,2025-05,1,691,1
OH,MGM,DCA,2025,5,1097,26,16,5.0,frozenset({5148}),5148,0.6153846153846154,True,2025-05,1,692,3
OH,DCA,BHM,2025,5,1259,23,14,3.0,frozenset({5561}),5561,0.6086956521739131,True,2025-05,1,693,1
OH,DFW,SHV,2025,5,989,27,17,1.0,frozenset({5472}),5472,0.6296296296296297,True,2025-05,1,694,1
YX,EWR,BOS,2025,5,1188,24,15,4.0,frozenset({5718}),5718,0.625,True,2025-05,1,695,1
YX,EWR,BOS,2025,5,900,25,17,6.0,frozenset({5829}),5829,0.68,True,2025-05,1,696,1
B6,MCO,BOS,2025,5,1092,31,16,0.0,frozenset({1152}),1152,0.5161290322580645,True,2025-05,1,697,1
OH,CMH,PHL,2025,5,962,27,16,2.0,frozenset({5094}),5094,0.5925925925925926,True,2025-05,1,698,1
B6,MCO,BOS,2025,5,1247,20,11,1.0,frozenset({1952}),1952,0.55,True,2025-05,1,699,1
AA,DFW,BNA,2025,5,1190,31,16,1.0,"frozenset({3123, 1500})",3123,0.5161290322580645,True,2025-05,1,700,1
WN,PHL,BNA,2025,5,1150,22,13,0.0,"frozenset({1786, 371})",1786,0.5909090909090909,True,2025-05,1,701,1
WN,MHT,MCO,2025,5,980,14,8,0.0,frozenset({3639}),3639,0.5714285714285714,True,2025-05,1,702,1
OH,ICT,DFW,2025,5,983,27,15,2.0,frozenset({5582}),5582,0.5555555555555556,True,2025-05,1,703,1
B6,MCO,JFK,2025,5,1240,23,14,0.0,frozenset({884}),884,0.6086956521739131,True,2025-05,1,704,1
AA,DFW,AUS,2025,5,1080,27,14,1.0,frozenset({2199}),2199,0.5185185185185185,True,2025-05,1,705,1
B6,MCO,JFK,2025,5,1182,31,16,0.0,frozenset({384}),384,0.5161290322580645,True,2025-05,1,706,1
AA,DFW,AUS,2025,5,1030,27,15,2.0,"frozenset({843, 789, 846})",846,0.5555555555555556,True,2025-05,1,707,1
AS,SEA,EWR,2025,5,605,31,20,0.0,"frozenset({477, 398})",398,0.6451612903225806,True,2025-05,1,708,1
NK,MYR,EWR,2025,5,1146,26,14,3.0,"frozenset({722, 2115})",2115,0.5384615384615384,True,2025-05,1,709,1
AS,SEA,EWR,2025,5,371,31,18,2.0,"frozenset({280, 298})",280,0.5806451612903226,True,2025-05,1,710,1
WN,MCO,DCA,2025,5,1180,18,10,0.0,"frozenset({2633, 2627})",2633,0.5555555555555556,True,2025-05,1,711,1
OO,BHM,DFW,2025,5,1155,30,18,4.0,frozenset({6510}),6510,0.6,True,2025-05,1,712,1
DL,ATL,AUS,2025,5,1050,29,17,0.0,frozenset({1060}),1060,0.5862068965517241,True,2025-05,1,713,3
AA,DFW,EWR,2025,5,869,31,19,3.0,frozenset({2861}),2861,0.6129032258064516,True,2025-05,1,714,1
OH,BDL,DCA,2025,5,868,19,10,0.0,frozenset({5266}),5266,0.5263157894736842,True,2025-05,1,715,1
WN,LGA,MCI,2025,5,1250,22,13,0.0,"frozenset({2378, 1220})",2378,0.5909090909090909,True,2025-05,1,716,1
AA,DFW,ELP,2025,5,1221,27,15,0.0,frozenset({1092}),1092,0.5555555555555556,True,2025-05,1,717,1
AA,DFW,EGE,2025,5,1059,31,16,0.0,frozenset({1754}),1754,0.5161290322580645,True,2025-05,1,718,1
OO,BIL,DEN,2025,5,976,10,7,1.0,frozenset({5240}),5240,0.7,True,2025-05,1,719,3
YX,LGA,DCA,2025,5,1190,52,28,3.0,"frozenset({4627, 5724})",4627,0.5384615384615384,True,2025-05,1,720,1
AA,TUL,DFW,2025,5,870,14,8,0.0,frozenset({2882}),2882,0.5714285714285714,True,2025-05,1,721,1
WN,PHX,MSY,2025,5,1170,17,9,0.0,"frozenset({2795, 4244})",4244,0.5294117647058824,True,2025-05,1,722,1
OH,DCA,TYS,2025,5,1198,27,14,4.0,frozenset({5484}),5484,0.5185185185185185,True,2025-05,1,723,3
AS,AUS,SEA,2025,5,1139,31,19,0.0,"frozenset({313, 342})",313,0.6129032258064516,True,2025-05,1,724,1
OH,DCA,CAE,2025,5,1299,23,15,2.0,frozenset({5664}),5664,0.6521739130434783,True,2025-05,1,725,1
OO,AMA,DEN,2025,5,1049,28,16,1.0,frozenset({4743}),4743,0.5714285714285714,True,2025-05,1,726,1
AA,CAE,DFW,2025,5,984,31,16,2.0,frozenset({2028}),2028,0.5161290322580645,True,2025-05,1,727,1
YX,BOS,MEM,2025,5,1225,26,14,0.0,frozenset({5594}),5594,0.5384615384615384,True,2025-05,1,728,1
OH,BNA,CLT,2025,5,1024,31,16,3.0,"frozenset({5084, 5196})",5084,0.5161290322580645,True,2025-05,1,729,1
OH,AVL,DCA,2025,5,1185,23,13,4.0,frozenset({5032}),5032,0.5652173913043478,True,2025-05,1,730,1
AA,BOS,PHL,2025,5,979,31,16,0.0,"frozenset({1776, 3043})",1776,0.5161290322580645,True,2025-05,1,731,1
YX,BOS,JFK,2025,5,1025,31,18,1.0,"frozenset({5617, 5633})",5633,0.5806451612903226,True,2025-05,1,732,1
AA,RDU,PHL,2025,5,969,28,16,1.0,"frozenset({2851, 987})",987,0.5714285714285714,True,2025-05,1,733,1
B6,FLL,EWR,2025,5,1200,31,18,0.0,frozenset({706}),706,0.5806451612903226,True,2025-05,1,734,1
OH,GSP,DCA,2025,5,1148,23,13,2.0,frozenset({5123}),5123,0.5652173913043478,True,2025-05,1,735,3
NK,ORD,EWR,2025,5,1268,25,14,0.0,frozenset({2542}),2542,0.56,True,2025-05,1,736,1
NK,PHL,FLL,2025,5,1102,14,10,1.0,frozenset({2499}),2499,0.7142857142857143,True,2025-05,1,737,2
AA,RSW,DFW,2025,5,959,31,16,1.0,frozenset({2740}),2740,0.5161290322580645,True,2025-05,1,738,1
AA,DFW,EWR,2025,5,1169,31,17,2.0,frozenset({618}),618,0.5483870967741935,True,2025-05,1,739,3
OO,CPR,DEN,2025,5,915,31,17,0.0,frozenset({5809}),5809,0.5483870967741935,True,2025-05,1,740,2
OO,COS,DEN,2025,5,1035,31,18,2.0,frozenset({4719}),4719,0.5806451612903226,True,2025-05,1,741,1
NK,PHL,MCO,2025,5,1152,25,15,1.0,frozenset({2276}),2276,0.6,True,2025-05,1,742,1
OH,DCA,STL,2025,5,1270,27,15,3.0,"frozenset({5169, 5029})",5169,0.5555555555555556,True,2025-05,1,743,1
NK,RDU,EWR,2025,5,955,14,10,2.0,frozenset({2654}),2654,0.7142857142857143,True,2025-05,1,744,1
OO,COD,DEN,2025,5,1079,10,6,2.0,frozenset({5085}),5085,0.6,True,2025-05,1,745,2
AA,SAV,DFW,2025,5,952,31,16,1.0,frozenset({3225}),3225,0.5161290322580645,True,2025-05,1,746,1
OO,BZN,DEN,2025,5,1064,10,6,2.0,frozenset({5542}),5542,0.6,True,2025-05,1,747,2
OO,COS,DEN,2025,5,1119,31,17,3.0,"frozenset({4668, 4774})",4774,0.5483870967741935,True,2025-05,1,748,1
YX,LGA,CHS,2025,5,1199,21,11,0.0,frozenset({5670}),5670,0.5238095238095238,True,2025-05,1,749,1
OH,BNA,CLT,2025,5,1111,27,15,1.0,frozenset({5516}),5516,0.5555555555555556,True,2025-05,1,750,1
YX,BTV,EWR,2025,5,1099,23,15,4.0,"frozenset({3689, 3667})",3667,0.6521739130434783,True,2025-05,1,751,1
WN,MCO,DAL,2025,5,1235,25,16,0.0,"frozenset({2618, 4365, 1903})",4365,0.64,True,2025-05,1,752,1
YX,CLE,EWR,2025,5,1160,24,16,4.0,frozenset({3431}),3431,0.6666666666666666,True,2025-05,2,478,2
OH,RIC,PHL,2025,5,1120,27,15,2.0,frozenset({5443}),5443,0.5555555555555556,True,2025-05,1,753,1
AS,ONT,SEA,2025,5,1160,16,10,0.0,"frozenset({1402, 1399})",1399,0.625,True,2025-05,1,754,1
YX,IND,BOS,2025,5,998,31,16,0.0,"frozenset({4569, 4726})",4569,0.5161290322580645,True,2025-05,1,755,1
OH,DFW,HSV,2025,5,1149,31,16,2.0,frozenset({5211}),5211,0.5161290322580645,True,2025-05,1,756,1
AA,DFW,DEN,2025,5,1377,30,18,2.0,frozenset({662}),662,0.6,True,2025-05,1,757,4
B6,RSW,EWR,2025,5,731,31,17,3.0,frozenset({1912}),1912,0.5483870967741935,True,2025-05,1,758,1
AA,DFW,DEN,2025,5,1249,31,17,2.0,frozenset({577}),577,0.5483870967741935,True,2025-05,1,759,1
OH,PVD,DCA,2025,5,1217,23,12,3.0,frozenset({5116}),5116,0.5217391304347826,True,2025-05,1,760,1
OH,PVD,DCA,2025,5,896,27,16,1.0,"frozenset({5177, 5110})",5110,0.5925925925925926,True,2025-05,1,761,1
AS,SAN,EWR,2025,5,500,29,15,1.0,frozenset({302}),302,0.5172413793103449,True,2025-05,1,762,1
AA,DFW,DEN,2025,5,1148,30,20,1.0,frozenset({2235}),2235,0.6666666666666666,True,2025-05,1,763,4
AA,DFW,DEN,2025,5,995,31,17,1.0,frozenset({1322}),1322,0.5483870967741935,True,2025-05,1,764,4
WN,MCO,DCA,2025,5,875,25,13,1.0,"frozenset({2633, 3332})",3332,0.52,True,2025-05,1,765,1
B6,LGA,MCO,2025,5,1019,31,17,0.0,frozenset({699}),699,0.5483870967741935,True,2025-05,1,766,1
AS,PDX,EWR,2025,5,443,31,17,1.0,frozenset({294}),294,0.5483870967741935,True,2025-05,1,767,1
YX,IND,EWR,2025,5,953,11,8,5.0,"frozenset({3697, 3481})",3481,0.7272727272727273,True,2025-05,1,768,1
B6,EWR,MCO,2025,5,957,30,20,6.0,frozenset({1727}),1727,0.6666666666666666,True,2025-05,1,769,3
WN,MCO,BWI,2025,5,1190,18,10,0.0,frozenset({1792}),1792,0.5555555555555556,True,2025-05,1,770,1
AS,EWR,LAX,2025,5,1199,31,19,0.0,frozenset({287}),287,0.6129032258064516,True,2025-05,1,771,1
AS,EWR,PDX,2025,5,1054,31,17,1.0,frozenset({290}),290,0.5483870967741935,True,2025-05,1,772,1
UA,DFW,EWR,2025,5,831,12,8,2.0,frozenset({2160}),2160,0.6666666666666666,True,2025-05,1,773,1
AS,EWR,SAN,2025,5,1016,29,15,1.0,frozenset({297}),297,0.5172413793103449,True,2025-05,1,774,1
AS,EWR,SEA,2025,5,960,31,17,2.0,"frozenset({280, 283})",283,0.5483870967741935,True,2025-05,1,775,1
OH,DFW,BHM,2025,5,1179,27,14,2.0,frozenset({5255}),5255,0.5185185185185185,True,2025-05,1,776,1
AS,EWR,SEA,2025,5,1080,31,18,0.0,"frozenset({477, 462})",477,0.5806451612903226,True,2025-05,1,777,1
WN,MCI,DEN,2025,5,1060,26,18,0.0,"frozenset({2161, 1894})",1894,0.6923076923076923,True,2025-05,1,778,1
AS,EWR,SFO,2025,5,929,31,16,1.0,"frozenset({217, 293})",217,0.5161290322580645,True,2025-05,1,779,1
AS,EWR,SFO,2025,5,1169,31,17,1.0,"frozenset({293, 221})",293,0.5483870967741935,True,2025-05,1,780,1
OH,BNA,DCA,2025,5,1173,26,18,3.0,frozenset({5318}),5318,0.6923076923076923,True,2025-05,1,781,3
AS,JFK,SEA,2025,5,1049,14,9,0.0,frozenset({17}),17,0.6428571428571429,True,2025-05,1,782,3
OH,SHV,CLT,2025,5,1080,27,15,1.0,frozenset({5298}),5298,0.5555555555555556,True,2025-05,1,783,1
YX,JFK,DCA,2025,5,876,31,20,1.0,frozenset({4671}),4671,0.6451612903225806,True,2025-05,1,784,1
WN,MCO,AUS,2025,5,1210,18,10,0.0,frozenset({1698}),1698,0.5555555555555556,True,2025-05,1,785,1
YX,IND,EWR,2025,5,1132,25,15,6.0,"frozenset({3522, 3571})",3571,0.6,True,2025-05,1,786,1
WN,MCO,BNA,2025,5,1200,14,8,0.0,frozenset({4327}),4327,0.5714285714285714,True,2025-05,2,391,2
YX,ILM,EWR,2025,5,1001,28,20,8.0,"frozenset({3675, 3575})",3575,0.7142857142857143,True,2025-05,1,787,1
UA,DFW,EWR,2025,5,1178,30,16,1.0,frozenset({1439}),1439,0.5333333333333333,True,2025-05,1,788,1
WN,MDW,DEN,2025,5,995,25,13,1.0,"frozenset({4098, 3371})",3371,0.52,True,2025-05,1,789,1
UA,EWR,AUS,2025,5,880,14,8,2.0,frozenset({2289}),2289,0.5714285714285714,True,2025-05,1,790,1
DL,EWR,DTW,2025,5,1015,27,16,2.0,frozenset({2573}),2573,0.5925925925925926,True,2025-05,1,791,1
AA,EWR,DFW,2025,5,743,31,16,1.0,frozenset({1796}),1796,0.5161290322580645,True,2025-05,1,792,1
DL,EWR,ATL,2025,5,1147,25,17,1.0,"frozenset({2139, 2340})",2340,0.68,True,2025-05,1,793,3
DL,EWR,ATL,2025,5,1073,27,16,1.0,frozenset({2312}),2312,0.5925925925925926,True,2025-05,1,794,1
DL,EWR,ATL,2025,5,955,27,16,0.0,frozenset({2322}),2322,0.5925925925925926,True,2025-05,1,795,1
WN,BWI,BOS,2025,5,840,20,11,0.0,"frozenset({1314, 4075, 1902})",1902,0.55,True,2025-05,1,796,1
DL,EWR,ATL,2025,5,845,21,11,0.0,frozenset({2401}),2401,0.5238095238095238,True,2025-05,1,797,1
AA,FAT,PHX,2025,5,1152,30,16,0.0,frozenset({1548}),1548,0.5333333333333333,True,2025-05,1,798,1
DL,EWR,ATL,2025,5,783,10,8,0.0,"frozenset({2401, 1169})",1169,0.8,True,2025-05,1,799,1
DL,EWR,ATL,2025,5,720,30,22,1.0,"frozenset({2397, 2325})",2397,0.7333333333333333,True,2025-05,1,800,1
DL,ECP,ATL,2025,5,973,22,12,0.0,frozenset({3094}),3094,0.5454545454545454,True,2025-05,1,801,2
F9,LAS,MCO,2025,5,925,10,8,0.0,frozenset({1728}),1728,0.8,True,2025-05,1,802,1
WN,BOS,BNA,2025,5,1055,23,14,0.0,"frozenset({384, 265})",384,0.6086956521739131,True,2025-05,1,803,1
WN,BOI,DEN,2025,5,980,12,9,0.0,"frozenset({3594, 1527})",3594,0.75,True,2025-05,1,804,1
F9,LAX,ATL,2025,5,1355,21,12,1.0,frozenset({3216}),3216,0.5714285714285714,True,2025-05,1,805,3
F9,IAH,ATL,2025,5,999,10,6,0.0,frozenset({2400}),2400,0.6,True,2025-05,1,806,1
WN,ELP,AUS,2025,5,1185,14,8,0.0,frozenset({4283}),4283,0.5714285714285714,True,2025-05,1,807,1
F9,IAH,ATL,2025,5,751,10,7,0.0,frozenset({2400}),2400,0.7,True,2025-05,1,808,3
DL,EWR,MSP,2025,5,760,31,17,0.0,frozenset({2864}),2864,0.5483870967741935,True,2025-05,1,809,1
F9,DEN,CVG,2025,5,1175,12,7,0.0,frozenset({1752}),1752,0.5833333333333334,True,2025-05,1,810,1
WN,DAL,AMA,2025,5,1315,14,8,1.0,frozenset({3760}),3760,0.5714285714285714,True,2025-05,1,811,1
WN,DAL,ABQ,2025,5,1045,14,8,0.0,frozenset({3567}),3567,0.5714285714285714,True,2025-05,1,812,1
WN,CVG,DEN,2025,5,1115,14,8,0.0,frozenset({960}),960,0.5714285714285714,True,2025-05,1,813,1
AA,AUS,DFW,2025,5,1132,26,14,2.0,"frozenset({843, 789})",843,0.5384615384615384,True,2025-05,2,420,2
WN,CMH,MCO,2025,5,1115,17,9,0.0,frozenset({1095}),1095,0.5294117647058824,True,2025-05,1,814,1
F9,DEN,ORD,2025,5,1222,19,10,0.0,frozenset({3174}),3174,0.5263157894736842,True,2025-05,1,815,1
WN,BWI,TPA,2025,5,1090,25,14,0.0,"frozenset({1844, 279})",1844,0.56,True,2025-05,1,816,1
F9,EWR,ATL,2025,5,660,10,7,0.0,frozenset({1157}),1157,0.7,True,2025-05,1,817,1
F9,EWR,ATL,2025,5,1320,21,17,1.0,frozenset({4601}),4601,0.8095238095238095,True,2025-05,2,390,2
YX,RDU,EWR,2025,5,1100,19,15,7.0,"frozenset({3710, 3471})",3710,0.7894736842105263,True,2025-05,1,818,1
F9,IAD,ATL,2025,5,1003,11,6,0.0,frozenset({1081}),1081,0.5454545454545454,True,2025-05,1,819,2
F9,IAD,MCO,2025,5,1046,12,7,0.0,frozenset({4811}),4811,0.5833333333333334,True,2025-05,1,820,1
DL,EWR,SLC,2025,5,1139,31,17,1.0,frozenset({2033}),2033,0.5483870967741935,True,2025-05,1,821,1
WN,BWI,HOU,2025,5,1190,28,15,0.0,"frozenset({3699, 3916, 853})",3916,0.5357142857142857,True,2025-05,1,822,1
WN,BWI,FLL,2025,5,1050,15,9,0.0,"frozenset({3001, 2955})",3001,0.6,True,2025-05,1,823,1
F9,LAX,DFW,2025,5,1145,10,6,0.0,frozenset({4964}),4964,0.6,True,2025-05,1,824,1
WN,BNA,MCO,2025,5,1000,22,12,0.0,frozenset({3728}),3728,0.5454545454545454,True,2025-05,1,825,1
F9,LAX,PHL,2025,5,1344,10,7,1.0,frozenset({3588}),3588,0.7,True,2025-05,1,826,3
UA,TPA,EWR,2025,5,1085,22,15,1.0,"frozenset({2185, 1435})",1435,0.6818181818181818,True,2025-05,1,827,1
UA,TPA,EWR,2025,5,691,19,10,1.0,frozenset({661}),661,0.5263157894736842,True,2025-05,1,828,1
F9,RDU,PHL,2025,5,950,21,12,0.0,frozenset({2060}),2060,0.5714285714285714,True,2025-05,1,829,1
UA,SRQ,EWR,2025,5,1173,15,13,1.0,frozenset({677}),677,0.8666666666666667,True,2025-05,1,830,1
UA,SNA,EWR,2025,5,772,29,17,3.0,"frozenset({1559, 1383})",1559,0.5862068965517241,True,2025-05,1,831,1
F9,SAN,LAS,2025,5,771,10,8,0.0,frozenset({1466}),1466,0.8,True,2025-05,1,832,1
UA,SMF,DEN,2025,5,970,10,6,0.0,frozenset({1035}),1035,0.6,True,2025-05,1,833,1
UA,SLC,EWR,2025,5,995,21,15,0.0,frozenset({1963}),1963,0.7142857142857143,True,2025-05,1,834,1
UA,SFO,EWR,2025,5,980,14,9,2.0,frozenset({2626}),2626,0.6428571428571429,True,2025-05,1,835,2
UA,SFO,EWR,2025,5,795,31,16,1.0,frozenset({2480}),2480,0.5161290322580645,True,2025-05,1,836,1
UA,SFO,EWR,2025,5,695,31,18,0.0,frozenset({2209}),2209,0.5806451612903226,True,2025-05,1,837,1
DL,DCA,DTW,2025,5,1030,21,13,0.0,frozenset({1454}),1454,0.6190476190476191,True,2025-05,1,838,3
YX,PIT,BOS,2025,5,1027,24,14,0.0,"frozenset({5680, 5812})",5680,0.5833333333333334,True,2025-05,1,839,1
UA,RSW,EWR,2025,5,1049,25,16,2.0,"frozenset({2601, 2389})",2601,0.64,True,2025-05,1,840,1
UA,RDU,EWR,2025,5,891,29,17,1.0,"frozenset({2641, 1726})",2641,0.5862068965517241,True,2025-05,1,841,1
UA,TYS,DEN,2025,5,1012,10,6,1.0,frozenset({505}),505,0.6,True,2025-05,1,842,1
WN,ABQ,DEN,2025,5,1030,26,15,0.0,"frozenset({1408, 247})",1408,0.5769230769230769,True,2025-05,1,843,1
F9,PHL,TPA,2025,5,1126,15,9,0.0,"frozenset({2835, 2339})",2339,0.6,True,2025-05,1,844,1
DL,DEN,SEA,2025,5,1125,26,14,0.0,"frozenset({1350, 2759})",2759,0.5384615384615384,True,2025-05,1,845,1
WN,BNA,DEN,2025,5,1080,30,17,1.0,"frozenset({3656, 297, 3601})",297,0.5666666666666667,True,2025-05,1,846,1
WN,BNA,DEN,2025,5,995,23,13,0.0,"frozenset({3601, 3498, 3513})",3601,0.5652173913043478,True,2025-05,1,847,1
F9,MCO,ATL,2025,5,1177,10,7,0.0,frozenset({4025}),4025,0.7,True,2025-05,1,848,2
WN,BNA,CLT,2025,5,970,18,11,0.0,frozenset({3356}),3356,0.6111111111111112,True,2025-05,1,849,1
WN,BNA,BWI,2025,5,1035,22,12,2.0,"frozenset({4306, 3347})",3347,0.5454545454545454,True,2025-05,1,850,1
WN,AUS,SAN,2025,5,1250,26,19,0.0,"frozenset({3888, 2067})",3888,0.7307692307692307,True,2025-05,1,851,1
WN,AUS,MCO,2025,5,1075,27,14,2.0,"frozenset({3944, 1840})",3944,0.5185185185185185,True,2025-05,1,852,1
AA,DFW,SMF,2025,5,1060,31,17,1.0,"frozenset({2666, 651})",651,0.5483870967741935,True,2025-05,1,853,1
DL,DTW,EWR,2025,5,858,27,17,2.0,frozenset({2573}),2573,0.6296296296296297,True,2025-05,1,854,1
DL,DTW,DCA,2025,5,870,21,16,0.0,frozenset({1454}),1454,0.7619047619047619,True,2025-05,1,855,3
F9,PHL,MCO,2025,5,1379,18,10,0.0,frozenset({4169}),4169,0.5555555555555556,True,2025-05,1,856,3
WN,ATL,LGA,2025,5,1070,14,9,0.0,frozenset({3533}),3533,0.6428571428571429,True,2025-05,1,857,1
YX,PIT,EWR,2025,5,1128,20,14,6.0,frozenset({3533}),3533,0.7,True,2025-05,1,858,1
DL,DFW,ATL,2025,5,1079,31,20,0.0,"frozenset({32, 436, 1374})",1374,0.6451612903225806,True,2025-05,1,859,1
WN,ATL,DCA,2025,5,1265,17,9,0.0,"frozenset({197, 1190})",197,0.5294117647058824,True,2025-05,1,860,1
F9,PHL,SJU,2025,5,667,12,7,0.0,frozenset({1726}),1726,0.5833333333333334,True,2025-05,1,861,1
F9,PHL,DFW,2025,5,970,12,8,0.0,frozenset({3985}),3985,0.6666666666666666,True,2025-05,1,862,1
UA,PHX,EWR,2025,5,728,24,14,4.0,"frozenset({2363, 2478})",2363,0.5833333333333334,True,2025-05,1,863,1
AA,AUS,DFW,2025,5,949,27,14,2.0,"frozenset({2406, 2198})",2198,0.5185185185185185,True,2025-05,1,864,1
F9,CLT,PHL,2025,5,882,18,10,1.0,frozenset({1384}),1384,0.5555555555555556,True,2025-05,1,865,3
DL,LGA,PBI,2025,5,1139,26,14,1.0,frozenset({2410}),2410,0.5384615384615384,True,2025-05,1,866,3
DL,ORD,MSP,2025,5,1060,21,12,1.0,frozenset({1306}),1306,0.5714285714285714,True,2025-05,1,867,2
WN,DEN,MSY,2025,5,1165,26,16,0.0,frozenset({1883}),1883,0.6153846153846154,True,2025-05,1,868,1
AA,DFW,MIA,2025,5,1010,15,9,0.0,frozenset({3279}),3279,0.6,True,2025-05,1,869,1
WN,DEN,MSP,2025,5,1035,12,10,0.0,frozenset({2863}),2863,0.8333333333333334,True,2025-05,1,870,1
DL,SLC,EWR,2025,5,684,31,18,0.0,frozenset({2033}),2033,0.5806451612903226,True,2025-05,1,871,1
WN,DEN,MDW,2025,5,1040,26,15,1.0,"frozenset({2891, 267, 3789})",3789,0.5769230769230769,True,2025-05,1,872,1
WN,DEN,MDW,2025,5,855,11,6,0.0,"frozenset({3789, 3462})",3789,0.5454545454545454,True,2025-05,1,873,1
WN,DEN,MCO,2025,5,1040,31,19,0.0,frozenset({661}),661,0.6129032258064516,True,2025-05,1,874,1
AA,DFW,MSY,2025,5,1368,27,14,1.0,"frozenset({2237, 1455})",1455,0.5185185185185185,True,2025-05,1,875,1
F9,ATL,DEN,2025,5,1205,10,7,0.0,"frozenset({1449, 3599})",1449,0.7,True,2025-05,1,876,2
WN,DEN,LGA,2025,5,865,18,10,0.0,"frozenset({844, 3269})",3269,0.5555555555555556,True,2025-05,1,877,1
WN,DEN,LAX,2025,5,1180,23,12,0.0,"frozenset({2321, 2842})",2842,0.5217391304347826,True,2025-05,1,878,1
F9,ATL,EWR,2025,5,463,10,6,0.0,frozenset({1158}),1158,0.6,True,2025-05,1,879,1
DL,LGA,MCO,2025,5,945,27,14,2.0,frozenset({2520}),2520,0.5185185185185185,True,2025-05,1,880,3
WN,DEN,ORD,2025,5,1170,31,16,0.0,frozenset({1545}),1545,0.5161290322580645,True,2025-05,1,881,1
F9,ATL,EWR,2025,5,1123,21,17,1.0,frozenset({4602}),4602,0.8095238095238095,True,2025-05,2,490,4
WN,DEN,ORF,2025,5,1040,15,8,0.0,frozenset({2010}),2010,0.5333333333333333,True,2025-05,1,882,1
DL,MSP,ORD,2025,5,1065,13,7,1.0,frozenset({1324}),1324,0.5384615384615384,True,2025-05,1,883,1
DL,MCO,LGA,2025,5,1189,27,16,2.0,"frozenset({2520, 1084})",2520,0.5925925925925926,True,2025-05,1,884,3
WN,DEN,SJC,2025,5,1275,24,13,0.0,"frozenset({2848, 3333})",2848,0.5416666666666666,True,2025-05,1,885,1
WN,DEN,SJC,2025,5,1140,22,13,1.0,"frozenset({2488, 4164})",4164,0.5909090909090909,True,2025-05,1,886,1
DL,MCO,RDU,2025,5,1259,17,9,0.0,frozenset({1370}),1370,0.5294117647058824,True,2025-05,1,887,1
DL,MIA,ATL,2025,5,1170,25,14,0.0,frozenset({1328}),1328,0.56,True,2025-05,1,888,1
AA,DFW,LBB,2025,5,1361,30,17,1.0,"frozenset({1635, 357})",1635,0.5666666666666667,True,2025-05,1,889,1
WN,DEN,SFO,2025,5,1165,22,12,0.0,"frozenset({4229, 1342})",4229,0.5454545454545454,True,2025-05,1,890,1
YX,SDF,EWR,2025,5,915,12,10,5.0,frozenset({3412}),3412,0.8333333333333334,True,2025-05,1,891,1
WN,DEN,SAN,2025,5,1235,17,9,0.0,"frozenset({2380, 3183})",3183,0.5294117647058824,True,2025-05,1,892,1
WN,DEN,RDU,2025,5,1040,22,14,0.0,"frozenset({2845, 2367})",2367,0.6363636363636364,True,2025-05,1,893,1
DL,MCO,ATL,2025,5,1255,17,9,0.0,frozenset({2035}),2035,0.5294117647058824,True,2025-05,1,894,1
WN,DEN,PIT,2025,5,1060,23,13,0.0,"frozenset({2154, 548, 1415})",548,0.5652173913043478,True,2025-05,1,895,1
WN,DEN,PHX,2025,5,1245,17,11,0.0,frozenset({1566}),1566,0.6470588235294118,True,2025-05,1,896,1
DL,MSP,EWR,2025,5,829,31,17,0.0,frozenset({2866}),2866,0.5483870967741935,True,2025-05,2,481,2
AA,DFW,MCO,2025,5,899,31,18,0.0,"frozenset({2117, 2974})",2117,0.5806451612903226,True,2025-05,1,897,1
WN,DEN,PDX,2025,5,1165,25,15,1.0,frozenset({818}),818,0.6,True,2025-05,1,898,1
WN,DEN,STL,2025,5,1155,12,7,0.0,"frozenset({3985, 4627})",3985,0.5833333333333334,True,2025-05,1,899,1
WN,DEN,ICT,2025,5,1075,13,7,0.0,frozenset({1344}),1344,0.5384615384615384,True,2025-05,2,464,2
AA,DFW,ORD,2025,5,1078,27,14,1.0,frozenset({1309}),1309,0.5185185185185185,True,2025-05,1,900,1
F9,ATL,TPA,2025,5,1185,21,13,4.0,"frozenset({3054, 3782})",3782,0.6190476190476191,True,2025-05,1,901,1
WN,DCA,DAL,2025,5,1075,22,12,0.0,frozenset({3934}),3934,0.5454545454545454,True,2025-05,1,902,1
WN,DCA,AUS,2025,5,1055,26,15,0.0,frozenset({3888}),3888,0.5769230769230769,True,2025-05,1,903,1
WN,DAL,SAN,2025,5,1295,17,9,0.0,frozenset({347}),347,0.5294117647058824,True,2025-05,1,904,1
AA,DFW,SAV,2025,5,1139,31,16,0.0,frozenset({2327}),2327,0.5161290322580645,True,2025-05,1,905,3
WN,DAL,PHX,2025,5,1235,23,12,0.0,"frozenset({4371, 4262})",4371,0.5217391304347826,True,2025-05,1,906,1
WN,DAL,OAK,2025,5,1260,23,14,0.0,"frozenset({2006, 3934})",3934,0.6086956521739131,True,2025-05,1,907,1
WN,DAL,MIA,2025,5,1065,14,8,0.0,frozenset({40}),40,0.5714285714285714,True,2025-05,1,908,1
WN,DAL,MCO,2025,5,1135,27,15,2.0,"frozenset({1354, 2627})",1354,0.5555555555555556,True,2025-05,1,909,1
YX,RIC,EWR,2025,5,1074,21,18,6.0,frozenset({3687}),3687,0.8571428571428571,True,2025-05,2,417,2
WN,DAL,MAF,2025,5,1320,14,8,3.0,frozenset({3164}),3164,0.5714285714285714,True,2025-05,1,910,1
F9,BWI,ATL,2025,5,1116,15,9,0.0,frozenset({2509}),2509,0.6,True,2025-05,1,911,3
WN,DAL,LGA,2025,5,1055,26,14,0.0,frozenset({1370}),1370,0.5384615384615384,True,2025-05,1,912,1
WN,DAL,DEN,2025,5,1035,23,14,1.0,"frozenset({2080, 3402, 4444})",3402,0.6086956521739131,True,2025-05,1,913,1
WN,DAL,DCA,2025,5,1015,30,17,0.0,"frozenset({2617, 644})",2617,0.5666666666666667,True,2025-05,1,914,1
YX,RIC,LGA,2025,5,780,26,14,0.0,"frozenset({5723, 5787})",5787,0.5384615384615384,True,2025-05,1,915,1
F9,ATL,RDU,2025,5,1272,14,8,0.0,frozenset({1168}),1168,0.5714285714285714,True,2025-05,2,415,2
AA,DFW,SAN,2025,5,1024,31,16,1.0,frozenset({1890}),1890,0.5161290322580645,True,2025-05,1,916,1
AA,DFW,RSW,2025,5,1171,31,16,0.0,frozenset({1267}),1267,0.5161290322580645,True,2025-05,1,917,1
AA,DFW,ORD,2025,5,1125,31,16,0.0,frozenset({2881}),2881,0.5161290322580645,True,2025-05,1,918,3
F9,ATL,JFK,2025,5,1335,31,17,0.0,frozenset({4818}),4818,0.5483870967741935,True,2025-05,1,919,4
WN,DEN,DSM,2025,5,1165,15,9,0.0,frozenset({3613}),3613,0.6,True,2025-05,1,920,1
WN,DEN,DAL,2025,5,1165,25,15,0.0,"frozenset({4488, 3078})",4488,0.6,True,2025-05,1,921,1
WN,DEN,CMH,2025,5,1200,11,7,0.0,frozenset({3869}),3869,0.6363636363636364,True,2025-05,1,922,1
F9,ATL,LGA,2025,5,1243,20,14,2.0,frozenset({3288}),3288,0.7,True,2025-05,1,923,3
F9,ATL,MCO,2025,5,1142,13,7,0.0,frozenset({1564}),1564,0.5384615384615384,True,2025-05,1,924,1
WN,DAL,BWI,2025,5,1065,14,10,1.0,"frozenset({3426, 2307})",2307,0.7142857142857143,True,2025-05,1,925,1
WN,DEN,BUF,2025,5,1060,22,12,0.0,frozenset({3907}),3907,0.5454545454545454,True,2025-05,1,926,1
WN,DEN,BNA,2025,5,1085,27,14,0.0,"frozenset({4568, 1650})",1650,0.5185185185185185,True,2025-05,1,927,1
WN,DEN,BHM,2025,5,1040,22,12,0.0,frozenset({2226}),2226,0.5454545454545454,True,2025-05,2,411,2
YX,SAV,LGA,2025,5,1087,21,11,1.0,frozenset({5638}),5638,0.5238095238095238,True,2025-05,1,928,1
WN,DEN,AUS,2025,5,1170,22,12,0.0,"frozenset({2376, 3805})",2376,0.5454545454545454,True,2025-05,1,929,1
WN,DEN,ATL,2025,5,1045,19,11,0.0,frozenset({3711}),3711,0.5789473684210527,True,2025-05,2,413,2
YX,SAV,EWR,2025,5,640,13,7,3.0,frozenset({3522}),3522,0.5384615384615384,True,2025-05,1,930,1
F9,ATL,PHL,2025,5,1007,10,7,1.0,frozenset({2298}),2298,0.7,True,2025-05,1,931,3
F9,ATL,MDW,2025,5,1272,10,6,0.0,frozenset({2779}),2779,0.6,True,2025-05,1,932,3
UA,PHX,DEN,2025,5,1000,31,16,0.0,frozenset({1226}),1226,0.5161290322580645,True,2025-05,1,933,1
DL,EWR,MSP,2025,5,1115,31,16,0.0,frozenset({2866}),2866,0.5161290322580645,True,2025-05,2,393,2
UA,PBI,EWR,2025,5,1110,21,17,2.0,frozenset({1470}),1470,0.8095238095238095,True,2025-05,1,934,1
AA,MCO,MIA,2025,5,1166,31,16,0.0,frozenset({1642}),1642,0.5161290322580645,True,2025-05,1,935,1
UA,FLL,EWR,2025,5,985,14,11,1.0,frozenset({1589}),1589,0.7857142857142857,True,2025-05,1,936,1
UA,LAX,EWR,2025,5,690,25,15,1.0,"frozenset({1981, 1950})",1981,0.6,True,2025-05,1,937,1
UA,FLL,EWR,2025,5,921,21,12,0.0,frozenset({2001}),2001,0.5714285714285714,True,2025-05,1,938,1
AA,MCO,LGA,2025,5,1048,27,14,1.0,"frozenset({2262, 1774})",1774,0.5185185185185185,True,2025-05,1,939,1
DL,BOS,AUS,2025,5,1125,20,11,0.0,frozenset({1677}),1677,0.55,True,2025-05,1,940,1
DL,BOS,ATL,2025,5,1255,17,9,0.0,"frozenset({2841, 900})",900,0.5294117647058824,True,2025-05,1,941,1
UA,IAD,SFO,2025,5,1085,31,17,0.0,frozenset({1757}),1757,0.5483870967741935,True,2025-05,1,942,3
UA,EWR,PHX,2025,5,985,18,10,3.0,"frozenset({2387, 2107})",2387,0.5555555555555556,True,2025-05,1,943,1
G4,LEX,SFB,2025,5,1282,10,10,0.0,"frozenset({1283, 1347, 2887, 1260, 1234, 1301})",1234,1.0,True,2025-05,1,944,1
UA,MCI,DEN,2025,5,1040,31,19,1.0,frozenset({2123}),2123,0.6129032258064516,True,2025-05,1,945,3
YX,PHL,BOS,2025,5,1080,51,26,1.0,"frozenset({5706, 4389, 4381})",4389,0.5098039215686274,True,2025-05,1,946,1
UA,EWR,MCO,2025,5,955,26,15,3.0,"frozenset({2376, 2668})",2376,0.5769230769230769,True,2025-05,1,947,1
UA,EWR,JAX,2025,5,905,13,11,4.0,frozenset({1334}),1334,0.8461538461538461,True,2025-05,1,948,1
UA,MCO,EWR,2025,5,795,16,12,0.0,frozenset({2310}),2310,0.75,True,2025-05,1,949,1
UA,MCO,EWR,2025,5,876,19,11,2.0,frozenset({1643}),1643,0.5789473684210527,True,2025-05,1,950,1
UA,MCO,EWR,2025,5,1026,21,15,1.0,frozenset({1557}),1557,0.7142857142857143,True,2025-05,1,951,4
UA,EWR,FLL,2025,5,960,14,10,2.0,frozenset({1357}),1357,0.7142857142857143,True,2025-05,1,952,1
UA,MCO,EWR,2025,5,1210,23,16,2.0,"frozenset({496, 1893})",496,0.6956521739130435,True,2025-05,1,953,1
UA,EWR,DFW,2025,5,1265,13,7,0.0,"frozenset({1411, 2374})",1411,0.5384615384615384,True,2025-05,1,954,1
UA,EWR,MCO,2025,5,1068,13,9,1.0,frozenset({1358}),1358,0.6923076923076923,True,2025-05,1,955,1
AA,MIA,IAH,2025,5,1326,31,18,1.0,frozenset({2230}),2230,0.5806451612903226,True,2025-05,1,956,1
UA,LAX,EWR,2025,5,630,27,18,4.0,frozenset({2127}),2127,0.6666666666666666,True,2025-05,1,957,1
UA,FLL,EWR,2025,5,1105,25,14,2.0,"frozenset({1617, 2177})",1617,0.56,True,2025-05,1,958,1
UA,IAD,EWR,2025,5,1068,25,19,0.0,"frozenset({2268, 2398})",2268,0.76,True,2025-05,1,959,1
UA,PHL,ORD,2025,5,1125,17,9,0.0,frozenset({2378}),2378,0.5294117647058824,True,2025-05,1,960,1
UA,IAH,DEN,2025,5,1085,25,14,0.0,frozenset({1654}),1654,0.56,True,2025-05,1,961,1
UA,IAH,EWR,2025,5,905,21,14,0.0,frozenset({2169}),2169,0.6666666666666666,True,2025-05,1,962,1
UA,IAD,EWR,2025,5,952,27,15,1.0,"frozenset({1651, 591})",1651,0.5555555555555556,True,2025-05,1,963,1
UA,IAH,EWR,2025,5,1032,14,12,1.0,frozenset({1646}),1646,0.8571428571428571,True,2025-05,1,964,3
UA,IAH,EWR,2025,5,1148,20,11,0.0,frozenset({404}),404,0.55,True,2025-05,1,965,1
UA,IAD,BOS,2025,5,1070,31,16,0.0,frozenset({688}),688,0.5161290322580645,True,2025-05,1,966,2
F9,TPA,TTN,2025,5,1275,12,8,1.0,frozenset({4172}),4172,0.6666666666666666,True,2025-05,1,967,1
YX,ORF,PHL,2025,5,994,27,16,1.0,frozenset({4460}),4460,0.5925925925925926,True,2025-05,1,968,1
UA,IAD,BDL,2025,5,1045,15,9,0.0,frozenset({717}),717,0.6,True,2025-05,1,969,1
AA,MCO,PHL,2025,5,1163,31,17,1.0,"frozenset({2805, 2502})",2805,0.5483870967741935,True,2025-05,1,970,3
AA,MCO,PHL,2025,5,1069,31,17,1.0,"frozenset({2180, 2502, 1311})",2502,0.5483870967741935,True,2025-05,1,971,4
UA,HDN,DEN,2025,5,929,10,7,0.0,frozenset({762}),762,0.7,True,2025-05,1,972,1
UA,JAX,EWR,2025,5,952,23,16,4.0,"frozenset({1579, 2172})",2172,0.6956521739130435,True,2025-05,1,973,1
UA,JAX,EWR,2025,5,1134,17,16,4.0,frozenset({1763}),1763,0.9411764705882353,True,2025-05,1,974,1
UA,LAS,DEN,2025,5,818,10,6,0.0,frozenset({529}),529,0.6,True,2025-05,1,975,1
UA,LAS,EWR,2025,5,777,31,19,0.0,"frozenset({1298, 255})",1298,0.6129032258064516,True,2025-05,1,976,1
AA,MIA,EWR,2025,5,887,31,19,1.0,"frozenset({322, 2933, 2461})",322,0.6129032258064516,True,2025-05,1,977,1
AA,MCO,ORD,2025,5,1155,26,14,0.0,frozenset({1247}),1247,0.5384615384615384,True,2025-05,1,978,4
UA,LAS,EWR,2025,5,875,17,12,0.0,frozenset({2267}),2267,0.7058823529411765,True,2025-05,1,979,1
AA,MCO,DFW,2025,5,1165,30,16,1.0,frozenset({384}),384,0.5333333333333333,True,2025-05,1,980,1
AA,MCO,DFW,2025,5,1014,31,16,1.0,"frozenset({1097, 2148, 1393})",1393,0.5161290322580645,True,2025-05,1,981,1
UA,EWR,RDU,2025,5,1018,18,10,1.0,frozenset({1850}),1850,0.5555555555555556,True,2025-05,1,982,1
UA,IAD,EWR,2025,5,1346,31,16,0.0,frozenset({1997}),1997,0.5161290322580645,True,2025-05,1,983,1
UA,PBI,EWR,2025,5,890,15,9,0.0,"frozenset({2044, 2175})",2175,0.6,True,2025-05,1,984,1
UA,ORD,EWR,2025,5,1114,22,13,0.0,"frozenset({2701, 534})",534,0.5909090909090909,True,2025-05,1,985,1
AA,MIA,MCO,2025,5,1023,30,16,0.0,"frozenset({2147, 3054})",2147,0.5333333333333333,True,2025-05,1,986,1
UA,MIA,EWR,2025,5,1042,29,15,0.0,frozenset({1386}),1386,0.5172413793103449,True,2025-05,1,987,1
UA,EWR,BOS,2025,5,1140,12,8,3.0,frozenset({2413}),2413,0.6666666666666666,True,2025-05,1,988,1
UA,MSP,DEN,2025,5,1012,31,16,0.0,frozenset({2272}),2272,0.5161290322580645,True,2025-05,2,446,4
UA,PBI,EWR,2025,5,990,27,17,2.0,"frozenset({1491, 2374})",1491,0.6296296296296297,True,2025-05,1,989,1
UA,PBI,EWR,2025,5,813,15,9,3.0,frozenset({2044}),2044,0.6,True,2025-05,1,990,1
UA,EWR,BTV,2025,5,1319,18,10,0.0,frozenset({1397}),1397,0.5555555555555556,True,2025-05,1,991,1
UA,EWR,BOS,2025,5,959,12,11,2.0,frozenset({2630}),2630,0.9166666666666666,True,2025-05,1,992,1
UA,MIA,EWR,2025,5,1180,21,13,1.0,frozenset({1231}),1231,0.6190476190476191,True,2025-05,2,445,2
AA,MIA,MCO,2025,5,1125,31,17,0.0,"frozenset({2147, 3054})",3054,0.5483870967741935,True,2025-05,1,993,1
AA,MCO,DCA,2025,5,1124,31,19,1.0,"frozenset({589, 1725})",589,0.6129032258064516,True,2025-05,1,994,1
UA,ORD,EWR,2025,5,1215,21,16,0.0,"frozenset({2362, 1311})",2362,0.7619047619047619,True,2025-05,1,995,3
UA,MTJ,DEN,2025,5,926,10,7,0.0,frozenset({2258}),2258,0.7,True,2025-05,1,996,1
UA,MCO,SFO,2025,5,1148,10,6,0.0,frozenset({2340}),2340,0.6,True,2025-05,1,997,1
UA,MSY,EWR,2025,5,1130,21,14,3.0,frozenset({2235}),2235,0.6666666666666666,True,2025-05,1,998,1
UA,ORD,DEN,2025,5,980,10,7,0.0,frozenset({1801}),1801,0.7,True,2025-05,1,999,1
UA,ORD,EWR,2025,5,940,31,19,2.0,"frozenset({2216, 2133})",2216,0.6129032258064516,True,2025-05,1,1000,1
UA,MIA,EWR,2025,5,747,17,10,1.0,frozenset({2622}),2622,0.5882352941176471,True,2025-05,1,1001,1
UA,MSY,EWR,2025,5,597,17,13,0.0,frozenset({1951}),1951,0.7647058823529411,True,2025-05,1,1002,1
F9,ATL,LAX,2025,6,635,16,10,1.0,frozenset({4315}),4315,0.625,True,2025-06,1,1003,1
OH,DAY,DCA,2025,6,1168,26,16,10.0,frozenset({5284}),5284,0.6153846153846154,True,2025-06,2,672,3
MQ,BDL,DCA,2025,6,1194,22,16,7.0,frozenset({3775}),3775,0.7272727272727273,True,2025-06,1,1004,2
WN,STL,DEN,2025,6,935,19,10,0.0,"frozenset({3114, 2811, 3100})",3114,0.5263157894736842,True,2025-06,1,1005,2
F9,ATL,LAS,2025,6,1162,12,9,2.0,frozenset({3923}),3923,0.75,True,2025-06,1,1006,1
OH,DAY,ORD,2025,6,1057,26,20,2.0,frozenset({5132}),5132,0.7692307692307693,True,2025-06,1,1007,2
F9,ATL,LAX,2025,6,1199,28,21,5.0,frozenset({3215}),3215,0.75,True,2025-06,1,1008,1
OH,DCA,GRR,2025,6,1325,26,19,8.0,"frozenset({5376, 5077})",5376,0.7307692307692307,True,2025-06,1,1009,2
F9,ATL,LGA,2025,6,1260,26,16,5.0,frozenset({3288}),3288,0.6153846153846154,True,2025-06,2,923,3
MQ,ACT,DFW,2025,6,1092,26,15,0.0,frozenset({3428}),3428,0.5769230769230769,True,2025-06,1,1010,1
F9,ATL,LAS,2025,6,630,23,12,1.0,frozenset({4891}),4891,0.5217391304347826,True,2025-06,1,1011,1
HA,SAN,HNL,2025,6,555,19,12,0.0,frozenset({15}),15,0.631578947368421,True,2025-06,1,1012,1
YX,DCA,IND,2025,6,1188,24,15,5.0,frozenset({4520}),4520,0.625,True,2025-06,1,1013,2
F9,ATL,EWR,2025,6,1335,30,18,3.0,frozenset({4602}),4602,0.6,True,2025-06,3,490,4
YX,DCA,JFK,2025,6,1016,30,18,6.0,frozenset({5713}),5713,0.6,True,2025-06,1,1014,1
YX,DCA,JFK,2025,6,1139,25,16,10.0,frozenset({4629}),4629,0.64,True,2025-06,1,1015,2
OH,DCA,DTW,2025,6,1330,26,18,7.0,"frozenset({5597, 5446})",5597,0.6923076923076923,True,2025-06,1,1016,2
OH,DCA,ATL,2025,6,1020,18,13,3.0,frozenset({5202}),5202,0.7222222222222222,True,2025-06,1,1017,1
F9,ATL,FLL,2025,6,994,21,14,0.0,frozenset({4874}),4874,0.6666666666666666,True,2025-06,1,1018,1
F9,ATL,FLL,2025,6,1282,20,15,4.0,frozenset({2174}),2174,0.75,True,2025-06,1,1019,2
MQ,ATL,DCA,2025,6,1019,18,10,5.0,frozenset({3932}),3932,0.5555555555555556,True,2025-06,1,1020,1
WN,STL,DEN,2025,6,1125,19,11,0.0,"frozenset({4616, 4544})",4616,0.5789473684210527,True,2025-06,1,1021,2
OH,DCA,ALB,2025,6,1332,22,14,9.0,frozenset({5065}),5065,0.6363636363636364,True,2025-06,1,1022,2
F9,ATL,IAD,2025,6,1335,24,16,1.0,"frozenset({1082, 3692})",1082,0.6666666666666666,True,2025-06,1,1023,2
F9,ATL,IAH,2025,6,865,17,9,1.0,frozenset({1403}),1403,0.5294117647058824,True,2025-06,1,1024,1
YX,SYR,EWR,2025,6,728,10,6,0.0,frozenset({3492}),3492,0.6,True,2025-06,1,1025,1
YX,OKC,LGA,2025,6,1027,22,12,3.0,frozenset({4680}),4680,0.5454545454545454,True,2025-06,1,1026,2
F9,ATL,IAH,2025,6,1290,24,20,1.0,frozenset({4075}),4075,0.8333333333333334,True,2025-06,1,1027,2
HA,SEA,HNL,2025,6,1240,19,14,0.0,frozenset({669}),669,0.7368421052631579,True,2025-06,1,1028,3
YX,DCA,LGA,2025,6,1065,52,31,9.0,"frozenset({5763, 4719})",5763,0.5961538461538461,True,2025-06,1,1029,2
F9,ATL,JFK,2025,6,1335,30,20,4.0,frozenset({4818}),4818,0.6666666666666666,True,2025-06,2,919,4
WN,STL,DEN,2025,6,1010,19,11,0.0,"frozenset({3256, 2457, 2811})",2811,0.5789473684210527,True,2025-06,1,1030,2
YX,DCA,PIT,2025,6,1230,25,13,4.0,frozenset({4763}),4763,0.52,True,2025-06,1,1031,1
YX,DCA,RDU,2025,6,1185,26,17,5.0,"frozenset({4530, 4687})",4687,0.6538461538461539,True,2025-06,1,1032,1
DL,MCO,MSP,2025,6,1266,23,12,0.0,frozenset({2209}),2209,0.5217391304347826,True,2025-06,1,1033,1
OH,CLT,SBN,2025,6,1350,26,15,3.0,frozenset({5053}),5053,0.5769230769230769,True,2025-06,1,1034,1
OH,CLT,SAV,2025,6,1284,26,16,0.0,frozenset({5601}),5601,0.6153846153846154,True,2025-06,1,1035,1
OH,CLT,SAV,2025,6,1224,30,16,1.0,frozenset({5382}),5382,0.5333333333333333,True,2025-06,1,1036,1
OH,CLT,PWM,2025,6,1220,26,16,5.0,frozenset({5296}),5296,0.6153846153846154,True,2025-06,1,1037,1
OH,CLT,OAJ,2025,6,1365,22,13,7.0,frozenset({5514}),5514,0.5909090909090909,True,2025-06,1,1038,1
OH,CLT,OAJ,2025,6,985,23,12,1.0,frozenset({5567}),5567,0.5217391304347826,True,2025-06,1,1039,1
OH,CLT,MYR,2025,6,1087,26,14,4.0,frozenset({5163}),5163,0.5384615384615384,True,2025-06,1,1040,1
OH,CLT,MHT,2025,6,1244,27,14,3.0,"frozenset({5033, 5092})",5033,0.5185185185185185,True,2025-06,1,1041,1
OH,CLT,MDT,2025,6,1311,26,14,4.0,frozenset({5217}),5217,0.5384615384615384,True,2025-06,1,1042,2
YX,ORD,CMH,2025,6,1328,26,15,1.0,frozenset({4445}),4445,0.5769230769230769,True,2025-06,1,1043,1
MQ,DCA,CMH,2025,6,1320,26,15,6.0,"frozenset({4042, 4131})",4131,0.5769230769230769,True,2025-06,1,1044,1
OH,CLT,LEX,2025,6,1355,30,16,6.0,"frozenset({5321, 5142})",5142,0.5333333333333333,True,2025-06,1,1045,1
OH,CLT,LEX,2025,6,1101,30,17,1.0,"frozenset({5456, 5302})",5456,0.5666666666666667,True,2025-06,1,1046,1
OH,CLT,LEX,2025,6,980,21,11,1.0,frozenset({5574}),5574,0.5238095238095238,True,2025-06,1,1047,1
OH,CLT,JAN,2025,6,1370,30,16,3.0,frozenset({5291}),5291,0.5333333333333333,True,2025-06,1,1048,1
OH,CLT,HSV,2025,6,1380,29,15,5.0,"frozenset({5629, 5485})",5485,0.5172413793103449,True,2025-06,1,1049,1
OH,CLT,HPN,2025,6,1105,26,14,1.0,frozenset({5016}),5016,0.5384615384615384,True,2025-06,1,1050,1
F9,ATL,PHL,2025,6,935,23,16,3.0,frozenset({2298}),2298,0.6956521739130435,True,2025-06,2,931,3
OH,CLT,GSP,2025,6,997,22,12,1.0,frozenset({5027}),5027,0.5454545454545454,True,2025-06,1,1051,1
WN,STL,BWI,2025,6,1220,21,12,0.0,"frozenset({2864, 2529, 2259, 3437})",3437,0.5714285714285714,True,2025-06,1,1052,1
OH,CMH,CLT,2025,6,1083,26,15,1.0,frozenset({5471}),5471,0.5769230769230769,True,2025-06,1,1053,1
F9,ATL,ORD,2025,6,1378,21,15,2.0,"frozenset({1595, 3397})",3397,0.7142857142857143,True,2025-06,1,1054,2
MQ,DCA,BGR,2025,6,889,21,11,1.0,frozenset({3941}),3941,0.5238095238095238,True,2025-06,1,1055,1
YX,DCA,RDU,2025,6,1106,22,14,6.0,frozenset({4668}),4668,0.6363636363636364,True,2025-06,1,1056,1
F9,ATL,MCO,2025,6,405,13,7,1.0,frozenset({4556}),4556,0.5384615384615384,True,2025-06,1,1057,1
WN,STL,DCA,2025,6,1160,21,12,0.0,"frozenset({626, 3524, 3596, 2374})",2374,0.5714285714285714,True,2025-06,1,1058,1
F9,ATL,MCO,2025,6,942,11,9,0.0,"frozenset({3976, 1564})",3976,0.8181818181818182,True,2025-06,1,1059,2
F9,ATL,MCO,2025,6,1112,15,11,3.0,"frozenset({3976, 3508})",3508,0.7333333333333333,True,2025-06,1,1060,1
F9,ATL,MCO,2025,6,1144,11,6,0.0,frozenset({3508}),3508,0.5454545454545454,True,2025-06,1,1061,3
G4,HTS,SFB,2025,6,927,13,10,0.0,"frozenset({2948, 1193, 1264, 2936, 2969})",2969,0.7692307692307693,True,2025-06,1,1062,1
OH,DAB,CLT,2025,6,1172,26,15,3.0,frozenset({5537}),5537,0.5769230769230769,True,2025-06,1,1063,1
F9,ATL,MDW,2025,6,1335,16,13,1.0,frozenset({2779}),2779,0.8125,True,2025-06,2,932,3
G4,MYR,MDT,2025,6,1135,11,6,1.0,"frozenset({2905, 2869, 1347, 1317})",1317,0.5454545454545454,True,2025-06,1,1064,1
DL,MCO,LGA,2025,6,1196,29,20,3.0,frozenset({2520}),2520,0.6896551724137931,True,2025-06,2,884,3
OH,CVG,DCA,2025,6,1194,22,18,9.0,frozenset({5208}),5208,0.8181818181818182,True,2025-06,1,1065,2
OH,CVG,DCA,2025,6,820,22,13,0.0,frozenset({5104}),5104,0.5909090909090909,True,2025-06,1,1066,1
G4,HGR,MYR,2025,6,974,15,10,1.0,"frozenset({984, 2873, 1259, 2924})",984,0.6666666666666666,True,2025-06,1,1067,1
YX,DCA,SDF,2025,6,1199,26,14,3.0,frozenset({4672}),4672,0.5384615384615384,True,2025-06,1,1068,2
YX,DSM,DCA,2025,6,940,22,13,2.0,frozenset({4435}),4435,0.5909090909090909,True,2025-06,1,1069,1
MQ,BGR,DCA,2025,6,1039,21,13,8.0,"frozenset({3345, 3941})",3941,0.6190476190476191,True,2025-06,1,1070,1
OH,CMH,DCA,2025,6,1044,22,12,4.0,frozenset({5375}),5375,0.5454545454545454,True,2025-06,1,1071,1
OH,CMH,DCA,2025,6,905,26,17,2.0,frozenset({5660}),5660,0.6538461538461539,True,2025-06,1,1072,1
OH,DCA,GSO,2025,6,1230,22,13,3.0,frozenset({5111}),5111,0.5909090909090909,True,2025-06,2,603,2
OH,CVG,PHL,2025,6,957,16,9,1.0,frozenset({5515}),5515,0.5625,True,2025-06,1,1073,1
OH,DCA,AVL,2025,6,1020,26,15,2.0,frozenset({5486}),5486,0.5769230769230769,True,2025-06,1,1074,2
YX,MYR,EWR,2025,6,1038,15,9,2.0,"frozenset({3552, 3714})",3552,0.6,True,2025-06,1,1075,1
G4,PIA,SFB,2025,6,1215,10,6,1.0,"frozenset({1191, 1192, 1195, 2933, 1338})",1195,0.6,True,2025-06,1,1076,1
OH,DCA,CLE,2025,6,1084,26,18,4.0,frozenset({5505}),5505,0.6923076923076923,True,2025-06,1,1077,2
DL,MOB,ATL,2025,6,1075,21,13,0.0,frozenset({1937}),1937,0.6190476190476191,True,2025-06,1,1078,1
G4,SFB,LEX,2025,6,1134,11,7,0.0,"frozenset({2850, 1194, 1263, 1332, 2843, 2941})",1263,0.6363636363636364,True,2025-06,1,1079,1
G4,LEX,SFB,2025,6,1298,12,8,0.0,"frozenset({2883, 1319, 2887, 1193, 2897, 2900, 2967})",1193,0.6666666666666666,True,2025-06,1,1080,1
DL,ORD,ATL,2025,6,1199,23,13,1.0,frozenset({2879}),2879,0.5652173913043478,True,2025-06,1,1081,2
OH,DCA,CLE,2025,6,899,21,11,5.0,frozenset({5470}),5470,0.5238095238095238,True,2025-06,1,1082,1
WN,TPA,BNA,2025,6,1155,12,7,0.0,frozenset({2026}),2026,0.5833333333333334,True,2025-06,1,1083,1
G4,SFB,SBN,2025,6,1080,13,8,0.0,"frozenset({2850, 2922, 1299, 2845, 2943})",2943,0.6153846153846154,True,2025-06,1,1084,1
DL,ORD,LGA,2025,6,1135,24,16,1.0,frozenset({1390}),1390,0.6666666666666666,True,2025-06,1,1085,1
YX,BOS,EWR,2025,6,1048,24,13,2.0,frozenset({5718}),5718,0.5416666666666666,True,2025-06,2,539,3
DL,ORD,MSP,2025,6,1061,29,16,0.0,frozenset({1306}),1306,0.5517241379310345,True,2025-06,2,867,2
DL,ORD,SLC,2025,6,1160,26,14,0.0,"frozenset({2377, 1765})",1765,0.5384615384615384,True,2025-06,1,1086,1
DL,PBI,BOS,2025,6,1152,23,13,1.0,frozenset({2160}),2160,0.5652173913043478,True,2025-06,1,1087,1
DL,PBI,JFK,2025,6,1195,30,21,1.0,"frozenset({2912, 1638})",2912,0.7,True,2025-06,1,1088,2
YX,BOS,JFK,2025,6,1025,30,17,5.0,"frozenset({5648, 5633})",5648,0.5666666666666667,True,2025-06,1,1089,2
DL,PBI,LGA,2025,6,1177,26,16,1.0,"frozenset({856, 2460})",856,0.6153846153846154,True,2025-06,1,1090,2
OH,DCA,CHA,2025,6,1185,18,10,3.0,frozenset({5357}),5357,0.5555555555555556,True,2025-06,1,1091,2
YX,BOS,JFK,2025,6,1079,26,17,6.0,frozenset({4580}),4580,0.6538461538461539,True,2025-06,1,1092,2
YX,BOS,LGA,2025,6,1140,47,24,4.0,"frozenset({4724, 5716})",5716,0.5106382978723404,True,2025-06,1,1093,2
OH,DCA,CLE,2025,6,1340,26,19,10.0,"frozenset({5613, 5079})",5079,0.7307692307692307,True,2025-06,1,1094,2
DL,PDX,JFK,2025,6,805,23,12,0.0,frozenset({1574}),1574,0.5217391304347826,True,2025-06,1,1095,1
YX,BOS,DCA,2025,6,1133,22,18,6.0,frozenset({4349}),4349,0.8181818181818182,True,2025-06,1,1096,2
YX,BOS,DCA,2025,6,910,30,17,2.0,"frozenset({5689, 4493})",5689,0.5666666666666667,True,2025-06,1,1097,2
G4,ROA,SFB,2025,6,919,10,6,1.0,"frozenset({2947, 2853, 2953, 2896, 2942})",2896,0.6,True,2025-06,1,1098,1
YX,SDF,BOS,2025,6,945,26,14,0.0,frozenset({4786}),4786,0.5384615384615384,True,2025-06,1,1099,1
DL,MSP,DCA,2025,6,874,29,15,0.0,frozenset({2963}),2963,0.5172413793103449,True,2025-06,1,1100,1
DL,MSP,CLE,2025,6,1300,11,7,0.0,frozenset({1392}),1392,0.6363636363636364,True,2025-06,1,1101,1
YX,BDL,DCA,2025,6,1057,22,14,4.0,frozenset({4450}),4450,0.6363636363636364,True,2025-06,1,1102,1
YX,BGR,ORD,2025,6,1063,14,10,0.0,frozenset({4645}),4645,0.7142857142857143,True,2025-06,1,1103,1
G4,MDT,SFB,2025,6,1277,13,9,1.0,"frozenset({2889, 2842, 1195, 2926})",2926,0.6923076923076923,True,2025-06,1,1104,1
YX,BNA,JFK,2025,6,989,26,17,6.0,frozenset({4693}),4693,0.6538461538461539,True,2025-06,1,1105,2
OH,DCA,CRW,2025,6,1228,29,16,4.0,frozenset({5164}),5164,0.5517241379310345,True,2025-06,2,559,3
DL,MSP,DCA,2025,6,1116,22,12,0.0,frozenset({2962}),2962,0.5454545454545454,True,2025-06,1,1106,1
DL,MSP,DEN,2025,6,1160,23,15,0.0,frozenset({2931}),2931,0.6521739130434783,True,2025-06,1,1107,2
YX,BNA,LGA,2025,6,1047,26,14,6.0,"frozenset({4481, 4678})",4481,0.5384615384615384,True,2025-06,1,1108,2
G4,SBN,SFB,2025,6,1278,13,8,0.0,"frozenset({2896, 1244, 1294, 2839})",1294,0.6153846153846154,True,2025-06,1,1109,1
YX,ACK,DCA,2025,6,1046,12,9,1.0,frozenset({4649}),4649,0.75,True,2025-06,1,1110,1
OH,DCA,CLT,2025,6,1187,25,17,5.0,frozenset({5072}),5072,0.68,True,2025-06,1,1111,2
OH,DCA,CVG,2025,6,1062,22,13,6.0,frozenset({5208}),5208,0.5909090909090909,True,2025-06,1,1112,2
G4,SFB,ABE,2025,6,1080,18,10,0.0,"frozenset({1200, 202, 1252, 191})",202,0.5555555555555556,True,2025-06,1,1113,1
OH,DCA,CVG,2025,6,1215,29,15,6.0,frozenset({5673}),5673,0.5172413793103449,True,2025-06,3,474,4
DL,OKC,ATL,2025,6,1045,25,13,0.0,frozenset({2862}),2862,0.52,True,2025-06,1,1114,1
WN,TUL,PHX,2025,6,1255,16,9,0.0,"frozenset({4498, 1178})",1178,0.5625,True,2025-06,1,1115,1
G4,MYR,CVG,2025,6,1299,13,7,1.0,frozenset({407}),407,0.5384615384615384,True,2025-06,1,1116,1
OH,DCA,CAK,2025,6,1199,29,18,3.0,frozenset({5305}),5305,0.6206896551724138,True,2025-06,1,1117,2
DL,PWM,ATL,2025,6,1136,23,12,0.0,frozenset({488}),488,0.5217391304347826,True,2025-06,1,1118,1
F9,ATL,BWI,2025,6,1346,16,15,3.0,frozenset({2510}),2510,0.9375,True,2025-06,1,1119,2
YX,CMH,DCA,2025,6,1132,22,15,7.0,frozenset({4409}),4409,0.6818181818181818,True,2025-06,1,1120,2
G4,USA,PIE,2025,6,934,13,9,0.0,"frozenset({993, 1064, 2675, 2680, 2650, 2687})",993,0.6923076923076923,True,2025-06,1,1121,1
G4,VPS,LEX,2025,6,1155,13,7,0.0,"frozenset({1480, 3113, 3091, 1476})",1480,0.5384615384615384,True,2025-06,1,1122,1
YX,CMH,EWR,2025,6,994,14,9,2.0,frozenset({3675}),3675,0.6428571428571429,True,2025-06,2,665,3
YX,CMH,JFK,2025,6,1125,23,12,4.0,frozenset({5650}),5650,0.5217391304347826,True,2025-06,1,1123,1
F9,ATL,DEN,2025,6,1194,25,19,1.0,frozenset({1449}),1449,0.76,True,2025-06,2,876,2
F9,ATL,DFW,2025,6,924,25,13,1.0,frozenset({3021}),3021,0.52,True,2025-06,1,1124,2
YX,DCA,ATL,2025,6,1320,22,13,7.0,frozenset({4480}),4480,0.5909090909090909,True,2025-06,1,1125,1
YX,STL,EWR,2025,6,1069,14,10,3.0,"frozenset({3424, 3641})",3424,0.7142857142857143,True,2025-06,1,1126,1
F9,ATL,DFW,2025,6,1223,22,16,3.0,frozenset({3097}),3097,0.7272727272727273,True,2025-06,1,1127,1
YX,DCA,BHM,2025,6,1260,22,13,5.0,frozenset({4452}),4452,0.5909090909090909,True,2025-06,1,1128,1
G4,PIE,CVG,2025,6,1288,13,7,0.0,"frozenset({377, 366})",377,0.5384615384615384,True,2025-06,1,1129,1
WN,STL,LGA,2025,6,1065,21,11,2.0,"frozenset({4624, 1734, 4623})",4624,0.5238095238095238,True,2025-06,1,1130,2
YX,DCA,BOS,2025,6,1259,26,15,6.0,frozenset({4431}),4431,0.5769230769230769,True,2025-06,1,1131,1
OH,DCA,BGR,2025,6,1321,18,12,4.0,frozenset({5436}),5436,0.6666666666666666,True,2025-06,1,1132,2
WN,STL,DTW,2025,6,1235,16,9,0.0,frozenset({4618}),4618,0.5625,True,2025-06,1,1133,2
YX,DCA,CMH,2025,6,1019,22,12,2.0,frozenset({4409}),4409,0.5454545454545454,True,2025-06,1,1134,2
YX,DCA,IND,2025,6,1040,22,12,2.0,frozenset({4501}),4501,0.5454545454545454,True,2025-06,1,1135,2
OH,DCA,BNA,2025,6,1041,22,16,8.0,frozenset({5318}),5318,0.7272727272727273,True,2025-06,2,664,3
DL,MIA,JFK,2025,6,1175,30,17,0.0,"frozenset({1689, 1203})",1203,0.5666666666666667,True,2025-06,1,1136,2
F9,ATL,BWI,2025,6,891,28,16,4.0,"frozenset({2634, 2510})",2634,0.5714285714285714,True,2025-06,1,1137,2
YX,MSP,LGA,2025,6,1066,14,9,4.0,frozenset({4523}),4523,0.6428571428571429,True,2025-06,1,1138,2
OH,DCA,CAE,2025,6,1230,18,12,5.0,frozenset({5260}),5260,0.6666666666666666,True,2025-06,1,1139,1
OH,DCA,CAE,2025,6,1062,26,17,6.0,frozenset({5095}),5095,0.6538461538461539,True,2025-06,1,1140,2
G4,LEX,SFB,2025,6,898,13,7,0.0,"frozenset({2882, 1252, 1287, 2887, 2858, 1262, 1241})",1241,0.5384615384615384,True,2025-06,1,1141,1
DL,RDU,MCO,2025,6,1032,12,9,1.0,frozenset({1319}),1319,0.75,True,2025-06,1,1142,1
DL,RIC,ATL,2025,6,1118,23,13,2.0,frozenset({3158}),3158,0.5652173913043478,True,2025-06,1,1143,1
G4,SFB,USA,2025,6,1171,13,7,0.0,"frozenset({2913, 1192, 2920, 2859, 2834})",1192,0.5384615384615384,True,2025-06,1,1144,1
YX,BTV,PHL,2025,6,989,22,15,5.0,frozenset({4527}),4527,0.6818181818181818,True,2025-06,1,1145,1
OH,DCA,DAY,2025,6,1031,30,19,2.0,frozenset({5284}),5284,0.6333333333333333,True,2025-06,1,1146,2
DL,SEA,DEN,2025,6,890,23,13,1.0,frozenset({1675}),1675,0.5652173913043478,True,2025-06,1,1147,1
YX,CHO,LGA,2025,6,907,22,12,3.0,frozenset({4553}),4553,0.5454545454545454,True,2025-06,1,1148,1
YX,CHS,LGA,2025,6,1100,26,14,2.0,"frozenset({5675, 5623})",5675,0.5384615384615384,True,2025-06,1,1149,2
OH,DCA,BUF,2025,6,956,26,15,3.0,frozenset({5138}),5138,0.5769230769230769,True,2025-06,1,1150,1
DL,SGF,ATL,2025,6,1136,18,10,1.0,frozenset({1530}),1530,0.5555555555555556,True,2025-06,1,1151,1
DL,SLC,DEN,2025,6,1105,30,16,0.0,frozenset({1586}),1586,0.5333333333333333,True,2025-06,1,1152,2
DL,TPA,ATL,2025,6,1066,30,18,0.0,frozenset({759}),759,0.6,True,2025-06,1,1153,1
DL,TPA,CVG,2025,6,1097,30,19,0.0,frozenset({1679}),1679,0.6333333333333333,True,2025-06,1,1154,1
DL,TPA,LGA,2025,6,1190,26,16,1.0,"frozenset({1824, 2404})",1824,0.6153846153846154,True,2025-06,1,1155,2
YX,CLE,JFK,2025,6,1042,26,18,5.0,frozenset({4387}),4387,0.6923076923076923,True,2025-06,1,1156,2
DL,TYS,ATL,2025,6,1077,20,11,1.0,frozenset({1972}),1972,0.55,True,2025-06,1,1157,1
YX,CLE,LGA,2025,6,1085,21,12,6.0,frozenset({4513}),4513,0.5714285714285714,True,2025-06,1,1158,2
YX,DCA,BOS,2025,6,1320,48,25,12.0,"frozenset({5841, 5667, 4382})",4382,0.5208333333333334,True,2025-06,1,1159,2
OH,CLT,AVL,2025,6,1375,26,15,4.0,frozenset({5588}),5588,0.5769230769230769,True,2025-06,1,1160,1
F9,ATL,PHL,2025,6,1344,19,15,3.0,frozenset({2552}),2552,0.7894736842105263,True,2025-06,1,1161,2
YX,LGA,LIT,2025,6,1179,14,11,2.0,frozenset({4644}),4644,0.7857142857142857,True,2025-06,1,1162,2
NK,ATL,PHL,2025,6,927,21,15,1.0,frozenset({2271}),2271,0.7142857142857143,True,2025-06,2,624,2
OH,ATL,CLT,2025,6,1217,30,17,7.0,frozenset({5175}),5175,0.5666666666666667,True,2025-06,1,1163,1
OH,ALB,DCA,2025,6,1056,22,13,6.0,frozenset({5501}),5501,0.5909090909090909,True,2025-06,1,1164,1
OH,ALB,DCA,2025,6,828,22,13,1.0,frozenset({5172}),5172,0.5909090909090909,True,2025-06,1,1165,1
YX,LGA,MEM,2025,6,1209,22,14,7.0,frozenset({4696}),4696,0.6363636363636364,True,2025-06,1,1166,1
YX,LGA,OKC,2025,6,1125,26,18,5.0,frozenset({4526}),4526,0.6923076923076923,True,2025-06,1,1167,2
YX,LGA,ORF,2025,6,1229,48,25,9.0,"frozenset({5862, 4589, 5774})",4589,0.5208333333333334,True,2025-06,1,1168,1
F9,LAX,IAH,2025,6,863,30,20,0.0,frozenset({1756}),1756,0.6666666666666666,True,2025-06,1,1169,1
OH,ATL,DCA,2025,6,1164,18,15,6.0,frozenset({5202}),5202,0.8333333333333334,True,2025-06,1,1170,1
OH,ABE,CLT,2025,6,1202,26,17,8.0,frozenset({5052}),5052,0.6538461538461539,True,2025-06,1,1171,1
NK,RDU,EWR,2025,6,1156,15,9,6.0,frozenset({2115}),2115,0.6,True,2025-06,1,1172,1
NK,BNA,IAH,2025,6,1110,12,8,5.0,frozenset({3355}),3355,0.6666666666666666,True,2025-06,1,1173,1
F9,LAX,PHL,2025,6,1355,21,18,1.0,frozenset({3588}),3588,0.8571428571428571,True,2025-06,2,826,3
F9,LGA,ATL,2025,6,390,30,16,5.0,frozenset({3287}),3287,0.5333333333333333,True,2025-06,1,1174,1
F9,LGA,RDU,2025,6,1020,30,16,6.0,frozenset({3313}),3313,0.5333333333333333,True,2025-06,1,1175,1
NK,PHL,FLL,2025,6,1092,25,14,1.0,frozenset({2499}),2499,0.56,True,2025-06,2,737,2
NK,BOS,FLL,2025,6,1004,20,11,0.0,frozenset({2127}),2127,0.55,True,2025-06,1,1176,1
F9,MCI,DEN,2025,6,1201,11,6,0.0,frozenset({3375}),3375,0.5454545454545454,True,2025-06,1,1177,1
YX,LGA,PWM,2025,6,1139,22,12,7.0,"frozenset({4571, 4605, 4582})",4605,0.5454545454545454,True,2025-06,1,1178,1
NK,TPA,ACY,2025,6,1155,21,12,1.0,frozenset({2603}),2603,0.5714285714285714,True,2025-06,1,1179,1
F9,LAX,ATL,2025,6,1288,23,14,4.0,frozenset({3216}),3216,0.6086956521739131,True,2025-06,2,805,3
F9,LAX,ATL,2025,6,786,20,15,1.0,frozenset({4316}),4316,0.75,True,2025-06,1,1180,2
YX,LGA,IND,2025,6,1260,22,14,6.0,frozenset({4458}),4458,0.6363636363636364,True,2025-06,1,1181,1
OH,BHM,PHL,2025,6,842,15,8,3.0,frozenset({5652}),5652,0.5333333333333333,True,2025-06,1,1182,1
OH,BHM,DFW,2025,6,1037,29,16,5.0,"frozenset({5492, 5018, 5315, 5316})",5492,0.5517241379310345,True,2025-06,1,1183,1
F9,TPA,ATL,2025,6,1166,20,16,0.0,frozenset({3053}),3053,0.8,True,2025-06,1,1184,1
F9,SJU,TPA,2025,6,1063,17,11,0.0,frozenset({2215}),2215,0.6470588235294118,True,2025-06,1,1185,1
OH,BHM,DCA,2025,6,1083,22,12,5.0,frozenset({5147}),5147,0.5454545454545454,True,2025-06,1,1186,1
YX,LGA,CVG,2025,6,940,18,11,5.0,frozenset({4374}),4374,0.6111111111111112,True,2025-06,1,1187,2
YX,LGA,CVG,2025,6,1169,18,10,2.0,frozenset({4618}),4618,0.5555555555555556,True,2025-06,1,1188,1
YX,LGA,DAY,2025,6,1180,18,10,5.0,frozenset({4515}),4515,0.5555555555555556,True,2025-06,1,1189,1
OH,BHM,CLT,2025,6,1020,30,18,1.0,"frozenset({5019, 5140})",5019,0.6,True,2025-06,1,1190,1
F9,ISP,TPA,2025,6,845,17,9,2.0,frozenset({3355}),3355,0.5294117647058824,True,2025-06,1,1191,1
F9,JAX,PHL,2025,6,986,12,7,1.0,frozenset({4022}),4022,0.5833333333333334,True,2025-06,1,1192,1
YX,LGA,DCA,2025,6,1192,46,30,10.0,"frozenset({5591, 4627, 4719})",4719,0.6521739130434783,True,2025-06,1,1193,2
F9,LAS,DEN,2025,6,946,17,10,1.0,frozenset({3540}),3540,0.5882352941176471,True,2025-06,1,1194,1
YX,LGA,STL,2025,6,1150,22,16,6.0,frozenset({4728}),4728,0.7272727272727273,True,2025-06,1,1195,2
YX,LGA,DTW,2025,6,1229,22,12,6.0,frozenset({4598}),4598,0.5454545454545454,True,2025-06,1,1196,1
NK,ATL,IAH,2025,6,1012,19,14,2.0,frozenset({2173}),2173,0.7368421052631579,True,2025-06,1,1197,1
F9,LAS,SAN,2025,6,1006,21,11,1.0,"frozenset({1465, 1325})",1465,0.5238095238095238,True,2025-06,1,1198,1
YX,LGA,IAD,2025,6,1169,12,8,3.0,"frozenset({3662, 3535})",3535,0.6666666666666666,True,2025-06,1,1199,1
NK,ATL,IAH,2025,6,1064,11,6,0.0,frozenset({2173}),2173,0.5454545454545454,True,2025-06,1,1200,1
NK,ATL,MSY,2025,6,1214,15,8,0.0,frozenset({2470}),2470,0.5333333333333333,True,2025-06,1,1201,1
OH,AVL,DCA,2025,6,1141,25,15,8.0,frozenset({5486}),5486,0.6,True,2025-06,1,1202,2
NK,ORD,LAX,2025,6,1189,16,9,0.0,frozenset({2191}),2191,0.5625,True,2025-06,1,1203,1
NK,ORD,FLL,2025,6,1005,13,8,0.0,frozenset({3187}),3187,0.6153846153846154,True,2025-06,1,1204,1
F9,MCO,ATL,2025,6,1300,26,18,3.0,"frozenset({4025, 1241, 3975})",4025,0.6923076923076923,True,2025-06,2,848,2
F9,MCO,PHL,2025,6,1132,19,11,1.0,frozenset({4170}),4170,0.5789473684210527,True,2025-06,1,1205,2
F9,SJU,ATL,2025,6,915,20,11,0.0,frozenset({2871}),2871,0.55,True,2025-06,1,1206,1
F9,PHX,AUS,2025,6,888,11,8,0.0,frozenset({3660}),3660,0.7272727272727273,True,2025-06,1,1207,1
F9,PHX,SAN,2025,6,946,15,8,1.0,frozenset({2083}),2083,0.5333333333333333,True,2025-06,1,1208,1
F9,PIT,PHL,2025,6,949,18,11,2.0,frozenset({1792}),1792,0.6111111111111112,True,2025-06,1,1209,1
F9,RDU,ATL,2025,6,1027,23,12,2.0,frozenset({4797}),4797,0.5217391304347826,True,2025-06,1,1210,1
F9,SFO,PHX,2025,6,1231,21,13,2.0,"frozenset({1192, 2638})",2638,0.6190476190476191,True,2025-06,1,1211,2
F9,RDU,DEN,2025,6,1043,24,13,0.0,frozenset({2225}),2225,0.5416666666666666,True,2025-06,1,1212,1
NK,DTW,EWR,2025,6,954,12,7,2.0,frozenset({2674}),2674,0.5833333333333334,True,2025-06,2,608,2
F9,SFO,LAS,2025,6,1126,12,7,2.0,frozenset({1850}),1850,0.5833333333333334,True,2025-06,1,1213,1
NK,IAH,MCO,2025,6,893,12,8,0.0,frozenset({2166}),2166,0.6666666666666666,True,2025-06,1,1214,1
NK,IAH,MCO,2025,6,791,10,6,0.0,frozenset({2166}),2166,0.6,True,2025-06,1,1215,1
F9,SFO,DEN,2025,6,1122,10,7,0.0,frozenset({3440}),3440,0.7,True,2025-06,1,1216,1
YX,LGA,SDF,2025,6,1028,22,12,2.0,frozenset({4616}),4616,0.5454545454545454,True,2025-06,1,1217,2
NK,EWR,RDU,2025,6,1000,15,8,5.0,frozenset({2114}),2114,0.5333333333333333,True,2025-06,1,1218,1
F9,SAN,LAS,2025,6,1156,21,11,1.0,frozenset({1326}),1326,0.5238095238095238,True,2025-06,1,1219,1
NK,EWR,MIA,2025,6,1020,26,16,4.0,frozenset({2696}),2696,0.6153846153846154,True,2025-06,2,497,2
F9,SEA,LAS,2025,6,911,18,10,1.0,frozenset({4830}),4830,0.5555555555555556,True,2025-06,1,1220,1
NK,EWR,DTW,2025,6,1122,15,9,2.0,frozenset({2675}),2675,0.6,True,2025-06,2,511,2
F9,SAN,SFO,2025,6,1073,15,9,1.0,frozenset({3383}),3383,0.6,True,2025-06,1,1221,2
F9,SAN,ORD,2025,6,1013,19,16,1.0,frozenset({1856}),1856,0.8421052631578947,True,2025-06,1,1222,2
F9,SAN,PHX,2025,6,1290,11,7,2.0,frozenset({1572}),1572,0.6363636363636364,True,2025-06,1,1223,1
NK,DFW,LAS,2025,6,903,15,9,0.0,frozenset({2704}),2704,0.6,True,2025-06,1,1224,1
YX,LGA,TUL,2025,6,1109,26,18,4.0,frozenset({4341}),4341,0.6923076923076923,True,2025-06,1,1225,1
YX,LGA,RIC,2025,6,1025,23,15,6.0,"frozenset({4673, 5670})",4673,0.6521739130434783,True,2025-06,1,1226,2
F9,PHL,PBI,2025,6,1090,11,8,0.0,frozenset({2581}),2581,0.7272727272727273,True,2025-06,1,1227,1
F9,MIA,PHL,2025,6,1302,18,10,0.0,"frozenset({1204, 3380})",1204,0.5555555555555556,True,2025-06,1,1228,1
NK,BWI,BNA,2025,6,1001,12,7,0.0,frozenset({2240}),2240,0.5833333333333334,True,2025-06,1,1229,1
F9,MYR,ISP,2025,6,1265,16,11,1.0,frozenset({1682}),1682,0.6875,True,2025-06,1,1230,2
F9,ONT,DEN,2025,6,1041,28,16,1.0,"frozenset({2908, 1262})",2908,0.5714285714285714,True,2025-06,1,1231,1
F9,ONT,LAS,2025,6,1176,11,6,0.0,frozenset({4758}),4758,0.5454545454545454,True,2025-06,1,1232,1
NK,BWI,MCO,2025,6,1024,19,12,0.0,frozenset({1961}),1961,0.631578947368421,True,2025-06,1,1233,2
F9,ORD,ATL,2025,6,1096,22,13,1.0,frozenset({1442}),1442,0.5909090909090909,True,2025-06,1,1234,2
YX,LGA,RDU,2025,6,920,20,11,1.0,frozenset({5669}),5669,0.55,True,2025-06,1,1235,1
NK,MIA,BWI,2025,6,1245,12,8,1.0,frozenset({2426}),2426,0.6666666666666666,True,2025-06,1,1236,1
YX,PIT,LGA,2025,6,1025,26,17,6.0,frozenset({4655}),4655,0.6538461538461539,True,2025-06,1,1237,1
F9,PBI,ISP,2025,6,1317,11,8,0.0,frozenset({2448}),2448,0.7272727272727273,True,2025-06,1,1238,1
F9,PHL,ATL,2025,6,1134,25,18,2.0,"frozenset({2297, 1101})",1101,0.72,True,2025-06,1,1239,2
YX,PHL,MSY,2025,6,1220,26,14,2.0,frozenset({4727}),4727,0.5384615384615384,True,2025-06,1,1240,1
NK,CMH,LGA,2025,6,1139,19,11,4.0,"frozenset({2435, 2813})",2435,0.5789473684210527,True,2025-06,1,1241,1
F9,PHL,MCO,2025,6,1035,13,8,1.0,frozenset({2505}),2505,0.6153846153846154,True,2025-06,1,1242,1
F9,PHL,MCO,2025,6,1349,18,10,1.0,frozenset({4169}),4169,0.5555555555555556,True,2025-06,2,856,3
F9,PHL,MIA,2025,6,1056,18,11,0.0,"frozenset({4953, 1203})",1203,0.6111111111111112,True,2025-06,1,1243,2
F9,PHL,MYR,2025,6,1115,16,10,1.0,frozenset({3271}),3271,0.625,True,2025-06,1,1244,2
NK,MCO,CLT,2025,6,1194,19,10,0.0,"frozenset({2418, 2134})",2418,0.5263157894736842,True,2025-06,1,1245,1
YX,LGA,RDU,2025,6,1169,22,13,4.0,frozenset({4436}),4436,0.5909090909090909,True,2025-06,1,1246,2
NK,LGA,ORD,2025,6,1110,30,16,2.0,frozenset({2178}),2178,0.5333333333333333,True,2025-06,1,1247,1
NK,IND,ATL,2025,6,1065,15,9,1.0,frozenset({2560}),2560,0.6,True,2025-06,1,1248,1
NK,ACY,TPA,2025,6,943,20,11,1.0,frozenset({2602}),2602,0.55,True,2025-06,1,1249,1
MQ,XNA,ORD,2025,6,1148,26,14,0.0,frozenset({4292}),4292,0.5384615384615384,True,2025-06,1,1250,2
YX,MEM,EWR,2025,6,967,13,9,4.0,frozenset({3615}),3615,0.6923076923076923,True,2025-06,1,1251,2
OH,CLE,DCA,2025,6,1064,21,12,6.0,frozenset({5210}),5210,0.5714285714285714,True,2025-06,1,1252,2
F9,AUS,SAN,2025,6,1193,11,7,2.0,frozenset({1877}),1877,0.6363636363636364,True,2025-06,1,1253,1
OH,CLE,DCA,2025,6,893,30,19,3.0,"frozenset({5041, 5535})",5041,0.6333333333333333,True,2025-06,1,1254,1
YX,RIC,EWR,2025,6,1127,24,14,5.0,"frozenset({3459, 3687})",3459,0.5833333333333334,True,2025-06,1,1255,1
MQ,DFW,FSM,2025,6,1130,16,10,0.0,frozenset({4191}),4191,0.625,True,2025-06,1,1256,1
MQ,DFW,OKC,2025,6,1049,26,15,3.0,frozenset({3689}),3689,0.5769230769230769,True,2025-06,1,1257,1
YX,ORF,LGA,2025,6,1083,22,14,7.0,frozenset({4358}),4358,0.6363636363636364,True,2025-06,1,1258,2
G4,ALB,MYR,2025,6,1125,13,7,1.0,"frozenset({413, 398})",413,0.5384615384615384,True,2025-06,1,1259,2
F9,BWI,ATL,2025,6,440,19,11,2.0,frozenset({2633}),2633,0.5789473684210527,True,2025-06,1,1260,1
F9,BWI,ATL,2025,6,1057,29,21,6.0,frozenset({2509}),2509,0.7241379310344828,True,2025-06,2,911,3
OH,CHS,DCA,2025,6,883,25,14,1.0,frozenset({5607}),5607,0.56,True,2025-06,1,1261,2
F9,BWI,MCO,2025,6,899,11,6,1.0,frozenset({4003}),4003,0.5454545454545454,True,2025-06,1,1262,1
F9,BWI,SJU,2025,6,767,11,6,0.0,frozenset({2266}),2266,0.5454545454545454,True,2025-06,1,1263,3
YX,RDU,LGA,2025,6,1079,20,11,4.0,frozenset({5669}),5669,0.55,True,2025-06,1,1264,2
YX,GSO,LGA,2025,6,1075,26,15,6.0,frozenset({4574}),4574,0.5769230769230769,True,2025-06,1,1265,2
F9,CLE,DEN,2025,6,1201,23,14,0.0,"frozenset({4637, 4639})",4639,0.6086956521739131,True,2025-06,1,1266,1
YX,RDU,LGA,2025,6,942,23,15,3.0,"frozenset({5724, 4749})",4749,0.6521739130434783,True,2025-06,1,1267,2
YX,IAD,LGA,2025,6,1030,12,8,2.0,frozenset({3497}),3497,0.6666666666666666,True,2025-06,1,1268,1
F9,CLT,PHL,2025,6,942,29,15,0.0,frozenset({1384}),1384,0.5172413793103449,True,2025-06,2,865,3
F9,TPA,IAH,2025,6,1100,12,9,2.0,frozenset({2561}),2561,0.75,True,2025-06,1,1269,1
OH,CAK,CLT,2025,6,1135,26,15,1.0,frozenset({5155}),5155,0.5769230769230769,True,2025-06,1,1270,1
OH,CLE,DCA,2025,6,1201,22,18,10.0,frozenset({5505}),5505,0.8181818181818182,True,2025-06,1,1271,2
OH,CAE,DCA,2025,6,1186,26,19,10.0,frozenset({5095}),5095,0.7307692307692307,True,2025-06,1,1272,2
MQ,DEN,PHX,2025,6,1127,14,9,0.0,"frozenset({3384, 4081})",3384,0.6428571428571429,True,2025-06,1,1273,1
OH,CLE,PHL,2025,6,1057,18,11,3.0,frozenset({5190}),5190,0.6111111111111112,True,2025-06,1,1274,2
OH,CLT,DAY,2025,6,1235,29,17,1.0,frozenset({5174}),5174,0.5862068965517241,True,2025-06,1,1275,1
OH,CLT,DAB,2025,6,1250,30,17,1.0,"frozenset({5176, 5613})",5613,0.5666666666666667,True,2025-06,1,1276,2
YX,RIC,LGA,2025,6,1145,22,16,6.0,frozenset({4673}),4673,0.7272727272727273,True,2025-06,1,1277,2
YX,ORF,JFK,2025,6,1041,26,18,4.0,frozenset({4359}),4359,0.6923076923076923,True,2025-06,1,1278,2
OH,CLT,CRW,2025,6,1359,25,17,5.0,frozenset({5263}),5263,0.68,True,2025-06,1,1279,1
G4,CVG,PIE,2025,6,1112,13,8,0.0,"frozenset({401, 386, 382})",401,0.6153846153846154,True,2025-06,1,1280,1
YX,EWR,IND,2025,6,1150,15,8,4.0,frozenset({3519}),3519,0.5333333333333333,True,2025-06,2,645,3
OH,CLT,CAK,2025,6,1236,27,16,0.0,frozenset({5184}),5184,0.5925925925925926,True,2025-06,1,1281,1
OH,CLT,BTR,2025,6,1354,26,14,3.0,frozenset({5212}),5212,0.5384615384615384,True,2025-06,1,1282,1
F9,ATL,SJU,2025,6,630,20,13,0.0,frozenset({2082}),2082,0.65,True,2025-06,1,1283,1
G4,CID,PIE,2025,6,1190,12,8,0.0,"frozenset({1096, 1098, 996, 997})",997,0.6666666666666666,True,2025-06,1,1284,1
F9,ATL,TPA,2025,6,985,20,13,1.0,frozenset({2912}),2912,0.65,True,2025-06,1,1285,1
MQ,DCA,HSV,2025,6,1020,22,12,6.0,frozenset({4288}),4288,0.5454545454545454,True,2025-06,1,1286,1
F9,ATL,TPA,2025,6,1220,11,7,0.0,"frozenset({3782, 3054})",3054,0.6363636363636364,True,2025-06,1,1287,1
MQ,DCA,JAX,2025,6,1224,22,13,8.0,frozenset({3909}),3909,0.5909090909090909,True,2025-06,1,1288,1
F9,ATL,TPA,2025,6,1285,12,9,1.0,"frozenset({3782, 3054})",3054,0.75,True,2025-06,1,1289,1
OH,CLT,BHM,2025,6,1280,25,16,1.0,frozenset({5090}),5090,0.64,True,2025-06,1,1290,1
F9,AUS,ATL,2025,6,1061,18,13,1.0,frozenset({4702}),4702,0.7222222222222222,True,2025-06,1,1291,3
OH,CLT,ATL,2025,6,1239,25,16,3.0,frozenset({5528}),5528,0.64,True,2025-06,1,1292,1
OH,CLT,ATL,2025,6,1107,30,18,4.0,frozenset({5175}),5175,0.6,True,2025-06,1,1293,1
OH,CLT,ABE,2025,6,1068,23,15,4.0,frozenset({5052}),5052,0.6521739130434783,True,2025-06,1,1294,1
MQ,DCA,SYR,2025,6,1325,18,10,5.0,frozenset({3804}),3804,0.5555555555555556,True,2025-06,1,1295,2
OH,CLT,FWA,2025,6,1220,20,13,3.0,"frozenset({5624, 5378})",5624,0.65,True,2025-06,1,1296,1
F9,DCA,DEN,2025,6,1080,26,14,0.0,frozenset({689}),689,0.5384615384615384,True,2025-06,1,1297,2
MQ,HSV,DCA,2025,6,1110,22,15,7.0,frozenset({4288}),4288,0.6818181818181818,True,2025-06,1,1298,2
OH,BNA,DCA,2025,6,1147,26,17,10.0,frozenset({5318}),5318,0.6538461538461539,True,2025-06,2,781,3
F9,IAD,SJU,2025,6,743,11,7,0.0,frozenset({2906}),2906,0.6363636363636364,True,2025-06,1,1299,2
YX,JFK,IND,2025,6,1230,26,15,4.0,frozenset({4586}),4586,0.5769230769230769,True,2025-06,1,1300,2
G4,MYR,HGR,2025,6,1105,15,9,1.0,"frozenset({2863, 977, 2930, 990, 1310, 1311})",977,0.6,True,2025-06,1,1301,1
F9,TPA,CLT,2025,6,1108,12,7,2.0,frozenset({3408}),3408,0.5833333333333334,True,2025-06,1,1302,1
F9,IAD,TPA,2025,6,1087,21,15,3.0,frozenset({2953}),2953,0.7142857142857143,True,2025-06,1,1303,3
F9,TPA,BWI,2025,6,1245,11,8,1.0,frozenset({1538}),1538,0.7272727272727273,True,2025-06,1,1304,1
F9,TPA,BOS,2025,6,1284,19,11,2.0,frozenset({1216}),1216,0.5789473684210527,True,2025-06,1,1305,2
YX,JFK,ORD,2025,6,1169,30,16,5.0,"frozenset({5592, 5679})",5679,0.5333333333333333,True,2025-06,1,1306,2
YX,JFK,PIT,2025,6,1230,22,12,5.0,frozenset({4611}),4611,0.5454545454545454,True,2025-06,1,1307,1
YX,JFK,RDU,2025,6,1079,26,15,6.0,frozenset({4804}),4804,0.5769230769230769,True,2025-06,1,1308,1
YX,JFK,RDU,2025,6,1260,26,14,7.0,frozenset({4573}),4573,0.5384615384615384,True,2025-06,1,1309,2
F9,IAH,ATL,2025,6,1001,19,16,2.0,frozenset({2400}),2400,0.8421052631578947,True,2025-06,2,808,3
F9,IAH,MCO,2025,6,1256,30,19,0.0,frozenset({4978}),4978,0.6333333333333333,True,2025-06,1,1310,1
YX,MEM,LGA,2025,6,1025,22,12,3.0,frozenset({4807}),4807,0.5454545454545454,True,2025-06,1,1311,1
YX,LGA,CLE,2025,6,1259,26,14,5.0,frozenset({4722}),4722,0.5384615384615384,True,2025-06,1,1312,2
F9,IAH,PHX,2025,6,787,12,9,1.0,frozenset({4181}),4181,0.75,True,2025-06,1,1313,1
F9,IAH,TPA,2025,6,1246,18,12,3.0,"frozenset({2560, 2562})",2562,0.6666666666666666,True,2025-06,1,1314,1
YX,LGA,CMH,2025,6,1035,42,23,4.0,"frozenset({4462, 5671})",4462,0.5476190476190477,True,2025-06,1,1315,1
MQ,PVD,DCA,2025,6,862,21,11,2.0,frozenset({3672}),3672,0.5238095238095238,True,2025-06,1,1316,1
MQ,TPA,BNA,2025,6,1080,26,16,0.0,frozenset({3797}),3797,0.6153846153846154,True,2025-06,1,1317,1
YX,JFK,DCA,2025,6,1290,55,29,14.0,"frozenset({5688, 5801, 4546})",4546,0.5272727272727272,True,2025-06,1,1318,2
F9,TPA,DEN,2025,6,1323,17,11,0.0,frozenset({2745}),2745,0.6470588235294118,True,2025-06,1,1319,1
OH,BTR,DFW,2025,6,1106,30,18,2.0,"frozenset({5587, 5494})",5494,0.6,True,2025-06,1,1320,1
OH,BTV,DCA,2025,6,1040,25,16,4.0,frozenset({5496}),5496,0.64,True,2025-06,1,1321,1
MQ,IAH,DFW,2025,6,982,30,17,3.0,"frozenset({4096, 4287})",4096,0.5666666666666667,True,2025-06,1,1322,1
YX,RDU,JFK,2025,6,1241,26,14,2.0,frozenset({4417}),4417,0.5384615384615384,True,2025-06,1,1323,2
F9,DEN,DFW,2025,6,1275,12,9,0.0,"frozenset({4464, 2632})",4464,0.75,True,2025-06,1,1324,1
YX,ILM,LGA,2025,6,1097,26,15,6.0,frozenset({4698}),4698,0.5769230769230769,True,2025-06,1,1325,2
MQ,LIT,CLT,2025,6,1107,26,15,3.0,frozenset({4121}),4121,0.5769230769230769,True,2025-06,1,1326,1
F9,DEN,DTW,2025,6,1186,21,12,0.0,frozenset({2212}),2212,0.5714285714285714,True,2025-06,1,1327,1
MQ,LIT,DFW,2025,6,1174,26,14,0.0,frozenset({3674}),3674,0.5384615384615384,True,2025-06,1,1328,1
YX,IND,DCA,2025,6,1237,22,15,4.0,frozenset({4593}),4593,0.6818181818181818,True,2025-06,1,1329,2
F9,DEN,PHL,2025,6,985,17,9,0.0,frozenset({3266}),3266,0.5294117647058824,True,2025-06,1,1330,3
F9,DEN,PHX,2025,6,1349,19,12,0.0,frozenset({4753}),4753,0.631578947368421,True,2025-06,1,1331,2
F9,DFW,ATL,2025,6,1070,25,14,0.0,"frozenset({2496, 2494})",2496,0.56,True,2025-06,1,1332,2
F9,DFW,SAN,2025,6,1371,19,13,1.0,frozenset({1425}),1425,0.6842105263157895,True,2025-06,1,1333,1
F9,DFW,TPA,2025,6,870,13,8,1.0,frozenset({1334}),1334,0.6153846153846154,True,2025-06,1,1334,1
MQ,MOB,DFW,2025,6,1077,26,14,2.0,frozenset({4103}),4103,0.5384615384615384,True,2025-06,1,1335,1
OH,BUF,DCA,2025,6,1064,26,15,6.0,frozenset({5138}),5138,0.5769230769230769,True,2025-06,1,1336,2
F9,FLL,ATL,2025,6,1172,16,14,0.0,frozenset({2171}),2171,0.875,True,2025-06,1,1337,3
YX,RDU,DCA,2025,6,1206,22,16,6.0,frozenset({4668}),4668,0.7272727272727273,True,2025-06,1,1338,1
YX,IND,EWR,2025,6,929,15,9,6.0,"frozenset({3697, 3469})",3697,0.6,True,2025-06,1,1339,1
MQ,MSY,DFW,2025,6,796,23,13,0.0,frozenset({3968}),3968,0.5652173913043478,True,2025-06,1,1340,1
YX,JFK,BOS,2025,6,1255,26,14,6.0,frozenset({4659}),4659,0.5384615384615384,True,2025-06,1,1341,2
F9,IAD,ATL,2025,6,984,20,13,0.0,frozenset({1081}),1081,0.65,True,2025-06,2,819,2
MQ,OKC,DFW,2025,6,1137,26,14,3.0,frozenset({3954}),3954,0.5384615384615384,True,2025-06,1,1342,1
MQ,LIT,ORD,2025,6,1133,26,14,0.0,frozenset({3501}),3501,0.5384615384615384,True,2025-06,1,1343,1
WN,DEN,SLC,2025,6,1290,26,15,0.0,"frozenset({3313, 551, 2785, 1879})",3313,0.5769230769230769,True,2025-06,1,1344,1
WN,SMF,SEA,2025,6,1170,12,7,0.0,frozenset({3767}),3767,0.5833333333333334,True,2025-06,1,1345,1
WN,HOU,DEN,2025,6,1115,17,10,0.0,"frozenset({2553, 3212, 4125, 2535})",3212,0.5882352941176471,True,2025-06,1,1346,1
WN,HOU,DCA,2025,6,715,21,11,0.0,"frozenset({2102, 3047})",3047,0.5238095238095238,True,2025-06,1,1347,1
UA,ORD,EWR,2025,6,1175,30,17,0.0,frozenset({2362}),2362,0.5666666666666667,True,2025-06,2,995,3
UA,ORD,EWR,2025,6,1305,16,10,0.0,"frozenset({1209, 396})",1209,0.625,True,2025-06,1,1348,1
UA,ORD,MCI,2025,6,1185,30,17,0.0,"frozenset({2040, 2485, 1214})",2485,0.5666666666666667,True,2025-06,1,1349,1
UA,RDU,EWR,2025,6,921,25,13,0.0,"frozenset({1726, 1991})",1726,0.52,True,2025-06,1,1350,1
UA,RDU,IAH,2025,6,1020,21,12,0.0,frozenset({2407}),2407,0.5714285714285714,True,2025-06,1,1351,1
UA,SAT,DEN,2025,6,1011,30,16,0.0,"frozenset({1704, 624})",1704,0.5333333333333333,True,2025-06,1,1352,1
UA,SBA,DEN,2025,6,961,25,15,1.0,frozenset({1238}),1238,0.6,True,2025-06,1,1353,1
UA,SFO,EWR,2025,6,980,13,7,0.0,frozenset({2626}),2626,0.5384615384615384,True,2025-06,2,835,2
UA,SNA,DEN,2025,6,962,30,17,0.0,"frozenset({377, 1476})",377,0.5666666666666667,True,2025-06,1,1354,1
UA,STL,DEN,2025,6,992,30,17,0.0,"frozenset({1464, 431})",431,0.5666666666666667,True,2025-06,1,1355,1
UA,STL,IAH,2025,6,1075,18,10,0.0,frozenset({2618}),2618,0.5555555555555556,True,2025-06,1,1356,1
UA,TPA,EWR,2025,6,1065,15,13,0.0,"frozenset({472, 2185})",2185,0.8666666666666667,True,2025-06,1,1357,1
WN,ATL,BWI,2025,6,1055,19,13,1.0,"frozenset({1906, 339})",339,0.6842105263157895,True,2025-06,1,1358,1
UA,OMA,ORD,2025,6,1110,23,14,0.0,"frozenset({619, 549})",619,0.6086956521739131,True,2025-06,1,1359,1
UA,MSP,DEN,2025,6,1010,30,16,0.0,frozenset({2272}),2272,0.5333333333333333,True,2025-06,3,446,4
UA,MCO,EWR,2025,6,1029,25,14,0.0,frozenset({1557}),1557,0.56,True,2025-06,2,951,4
UA,MCI,DEN,2025,6,1040,30,18,0.0,frozenset({2123}),2123,0.6,True,2025-06,2,945,3
UA,IAD,EWR,2025,6,1055,23,12,0.0,"frozenset({2366, 2398})",2398,0.5217391304347826,True,2025-06,1,1360,1
UA,IAD,SFO,2025,6,1073,30,19,0.0,frozenset({1757}),1757,0.6333333333333333,True,2025-06,2,942,3
UA,IAH,AUS,2025,6,1130,29,16,2.0,frozenset({1980}),1980,0.5517241379310345,True,2025-06,1,1361,1
UA,IAH,DCA,2025,6,1190,27,14,1.0,frozenset({2224}),2224,0.5185185185185185,True,2025-06,1,1362,2
UA,IAH,EWR,2025,6,1003,15,11,0.0,frozenset({1646}),1646,0.7333333333333333,True,2025-06,2,964,3
UA,IAH,IAD,2025,6,1190,30,16,1.0,frozenset({1887}),1887,0.5333333333333333,True,2025-06,1,1363,1
UA,IAH,LGA,2025,6,862,29,16,1.0,"frozenset({222, 1639})",1639,0.5517241379310345,True,2025-06,1,1364,1
WN,ATL,BWI,2025,6,1115,11,6,0.0,"frozenset({3184, 3062, 4103})",3184,0.5454545454545454,True,2025-06,1,1365,2
UA,IAH,LGA,2025,6,1025,30,16,2.0,"frozenset({2731, 1373})",2731,0.5333333333333333,True,2025-06,1,1366,1
UA,IAH,STL,2025,6,885,18,10,0.0,frozenset({2416}),2416,0.5555555555555556,True,2025-06,1,1367,1
UA,LGA,IAH,2025,6,955,25,16,0.0,"frozenset({2395, 2621})",2621,0.64,True,2025-06,1,1368,1
UA,LGA,IAH,2025,6,1078,29,17,0.0,"frozenset({404, 582})",404,0.5862068965517241,True,2025-06,1,1369,1
UA,LGA,IAH,2025,6,1205,23,12,2.0,frozenset({2189}),2189,0.5217391304347826,True,2025-06,1,1370,2
UA,LGA,ORD,2025,6,985,30,16,0.0,"frozenset({1842, 1493, 678})",678,0.5333333333333333,True,2025-06,1,1371,1
UA,LGA,ORD,2025,6,1045,26,14,1.0,"frozenset({1936, 2005})",1936,0.5384615384615384,True,2025-06,1,1372,1
UA,LGA,ORD,2025,6,1110,30,16,1.0,"frozenset({352, 598})",352,0.5333333333333333,True,2025-06,1,1373,1
UA,IAH,MSP,2025,6,1218,29,15,2.0,"frozenset({1352, 582})",582,0.5172413793103449,True,2025-06,1,1374,1
WN,HOU,LGA,2025,6,1080,22,14,2.0,"frozenset({1249, 1003})",1003,0.6363636363636364,True,2025-06,1,1375,1
WN,ATL,BWI,2025,6,1185,17,10,3.0,"frozenset({3062, 4103})",3062,0.5882352941176471,True,2025-06,1,1376,2
WN,FLL,BWI,2025,6,1065,19,10,0.0,"frozenset({3961, 1614})",1614,0.5263157894736842,True,2025-06,1,1377,2
WN,BNA,CHS,2025,6,1255,17,10,0.0,"frozenset({3138, 4252})",3138,0.5882352941176471,True,2025-06,1,1378,2
WN,BNA,CLT,2025,6,1235,18,10,0.0,frozenset({1869}),1869,0.5555555555555556,True,2025-06,1,1379,1
WN,ELP,SAT,2025,6,1295,12,7,0.0,frozenset({2164}),2164,0.5833333333333334,True,2025-06,1,1380,1
WN,ELP,DEN,2025,6,1045,19,12,0.0,"frozenset({3456, 3680, 565})",565,0.631578947368421,True,2025-06,1,1381,2
WN,BNA,DEN,2025,6,990,13,9,1.0,"frozenset({1048, 3601, 3498, 4276})",1048,0.6923076923076923,True,2025-06,1,1382,2
WN,BNA,HOU,2025,6,1110,21,11,0.0,"frozenset({3434, 3212})",3434,0.5238095238095238,True,2025-06,1,1383,1
WN,BNA,LGA,2025,6,1010,24,13,2.0,"frozenset({2209, 1139, 1142})",1142,0.5416666666666666,True,2025-06,1,1384,2
WN,BNA,MCI,2025,6,1350,17,12,0.0,"frozenset({1898, 4275})",1898,0.7058823529411765,True,2025-06,1,1385,2
WN,BNA,ORD,2025,6,875,16,9,0.0,frozenset({480}),480,0.5625,True,2025-06,1,1386,2
WN,BNA,PHX,2025,6,1220,12,7,0.0,frozenset({2809}),2809,0.5833333333333334,True,2025-06,1,1387,1
WN,BNA,PIT,2025,6,980,21,11,0.0,"frozenset({1257, 2387, 1772, 1254})",1257,0.5238095238095238,True,2025-06,1,1388,1
WN,BNA,RDU,2025,6,1080,13,7,0.0,"frozenset({1330, 814})",1330,0.5384615384615384,True,2025-06,1,1389,1
WN,BNA,SAN,2025,6,940,12,8,0.0,frozenset({1293}),1293,0.6666666666666666,True,2025-06,1,1390,1
WN,BOI,SJC,2025,6,970,13,7,0.0,"frozenset({2737, 1399})",1399,0.5384615384615384,True,2025-06,1,1391,2
WN,BOS,BNA,2025,6,1195,17,10,0.0,"frozenset({384, 1898, 600})",1898,0.5882352941176471,True,2025-06,1,1392,2
WN,BNA,BWI,2025,6,1255,16,9,1.0,frozenset({298}),298,0.5625,True,2025-06,1,1393,2
WN,BNA,BOS,2025,6,930,13,9,0.0,"frozenset({2125, 2982})",2982,0.6923076923076923,True,2025-06,1,1394,2
WN,BHM,MCO,2025,6,990,17,10,0.0,"frozenset({737, 487, 2344, 3153, 915})",737,0.5882352941176471,True,2025-06,1,1395,1
WN,AUS,MCO,2025,6,1010,23,16,0.0,"frozenset({1994, 1938, 675})",1994,0.6956521739130435,True,2025-06,1,1396,2
WN,EUG,SJC,2025,6,1070,12,7,0.0,frozenset({3613}),3613,0.5833333333333334,True,2025-06,1,1397,1
WN,ATL,DCA,2025,6,1060,12,7,0.0,frozenset({2458}),2458,0.5833333333333334,True,2025-06,1,1398,2
WN,ATL,DCA,2025,6,1245,18,14,0.0,"frozenset({2458, 371, 197, 1190})",371,0.7777777777777778,True,2025-06,1,1399,2
WN,ATL,DEN,2025,6,1115,12,10,1.0,frozenset({377}),377,0.8333333333333334,True,2025-06,1,1400,2
WN,ATL,DEN,2025,6,1175,13,8,0.0,"frozenset({1264, 4295, 543})",1264,0.6153846153846154,True,2025-06,1,1401,2
WN,ATL,HOU,2025,6,1175,10,6,0.0,"frozenset({3522, 173})",3522,0.6,True,2025-06,1,1402,1
WN,ATL,LAS,2025,6,1170,23,13,0.0,"frozenset({2866, 3291, 404, 3902})",3902,0.5652173913043478,True,2025-06,1,1403,1
WN,FLL,DAL,2025,6,1115,11,6,1.0,"frozenset({512, 2426, 4188})",2426,0.5454545454545454,True,2025-06,1,1404,2
WN,ATL,LGA,2025,6,1180,25,14,1.0,"frozenset({416, 4363, 1416})",416,0.56,True,2025-06,1,1405,2
WN,ATL,MCO,2025,6,1245,12,9,0.0,frozenset({423}),423,0.75,True,2025-06,1,1406,2
WN,AUS,ATL,2025,6,1000,22,15,0.0,"frozenset({2458, 469})",469,0.6818181818181818,True,2025-06,1,1407,2
WN,AUS,DEN,2025,6,940,18,10,0.0,"frozenset({552, 549})",549,0.5555555555555556,True,2025-06,1,1408,1
WN,AUS,DEN,2025,6,1045,26,15,0.0,"frozenset({4840, 552, 1083, 4315})",1083,0.5769230769230769,True,2025-06,1,1409,1
WN,AUS,DEN,2025,6,1140,26,14,0.0,"frozenset({1865, 4211})",1865,0.5384615384615384,True,2025-06,1,1410,1
WN,AUS,FLL,2025,6,1180,16,9,0.0,frozenset({570}),570,0.5625,True,2025-06,1,1411,2
WN,AUS,HOU,2025,6,1095,21,12,0.0,"frozenset({577, 3935})",577,0.5714285714285714,True,2025-06,1,1412,1
WN,ATL,MCO,2025,6,1050,14,10,0.0,"frozenset({411, 1204, 423})",411,0.7142857142857143,True,2025-06,1,1413,2
WN,BOS,BWI,2025,6,1160,18,11,0.0,"frozenset({2104, 1781})",1781,0.6111111111111112,True,2025-06,1,1414,2
WN,HOU,MDW,2025,6,875,19,10,0.0,"frozenset({1592, 3107, 3995, 2453})",3107,0.5263157894736842,True,2025-06,1,1415,1
UA,FLL,EWR,2025,6,1193,12,9,0.0,"frozenset({1771, 2188})",1771,0.75,True,2025-06,1,1416,1
OO,RIC,ORD,2025,6,1217,26,18,1.0,frozenset({4990}),4990,0.6923076923076923,True,2025-06,1,1417,2
OO,ROA,ORD,2025,6,1055,19,12,0.0,frozenset({5350}),5350,0.631578947368421,True,2025-06,1,1418,1
OO,RST,ORD,2025,6,1059,21,13,2.0,frozenset({4888}),4888,0.6190476190476191,True,2025-06,1,1419,2
WN,ICT,DEN,2025,6,960,10,6,0.0,frozenset({2547}),2547,0.6,True,2025-06,1,1420,2
WN,HOU,SAT,2025,6,1360,17,10,0.0,"frozenset({4749, 4478})",4749,0.5882352941176471,True,2025-06,1,1421,1
OO,SGF,DEN,2025,6,1025,30,19,1.0,frozenset({5404}),5404,0.6333333333333333,True,2025-06,2,577,3
OO,SHV,ATL,2025,6,1045,30,16,0.0,"frozenset({3536, 3758})",3758,0.5333333333333333,True,2025-06,1,1422,1
OO,SPI,ORD,2025,6,1104,20,11,0.0,frozenset({5001}),5001,0.55,True,2025-06,1,1423,2
OO,STL,DFW,2025,6,1187,26,18,1.0,frozenset({6344}),6344,0.6923076923076923,True,2025-06,1,1424,2
OO,SUX,DEN,2025,6,1115,30,20,0.0,"frozenset({5129, 5070})",5070,0.6666666666666666,True,2025-06,2,575,2
OO,TRI,ATL,2025,6,1183,22,12,1.0,frozenset({3947}),3947,0.5454545454545454,True,2025-06,1,1425,1
OO,TVC,ORD,2025,6,1082,22,14,0.0,frozenset({4937}),4937,0.6363636363636364,True,2025-06,1,1426,2
OO,TVC,ORD,2025,6,1256,26,18,1.0,"frozenset({4937, 6362})",6362,0.6923076923076923,True,2025-06,1,1427,3
OO,XNA,DEN,2025,6,1023,30,17,0.0,frozenset({5694}),5694,0.5666666666666667,True,2025-06,1,1428,2
UA,ATL,EWR,2025,6,1176,12,8,2.0,"frozenset({1882, 2247})",1882,0.6666666666666666,True,2025-06,2,562,2
OO,RIC,ORD,2025,6,940,26,15,0.0,frozenset({4931}),4931,0.5769230769230769,True,2025-06,1,1429,2
OO,RAP,DEN,2025,6,1075,30,16,1.0,frozenset({5611}),5611,0.5333333333333333,True,2025-06,1,1430,1
OO,RAP,DEN,2025,6,990,30,16,2.0,frozenset({5708}),5708,0.5333333333333333,True,2025-06,2,618,3
WN,IND,DEN,2025,6,1025,10,10,0.0,"frozenset({3817, 636})",636,1.0,True,2025-06,1,1431,1
OO,ORD,GRR,2025,6,615,25,14,0.0,frozenset({6361}),6361,0.56,True,2025-06,1,1432,1
OO,ORD,HSV,2025,6,1189,22,15,0.0,frozenset({6426}),6426,0.6818181818181818,True,2025-06,1,1433,1
OO,ORD,ICT,2025,6,1245,18,10,1.0,frozenset({6520}),6520,0.5555555555555556,True,2025-06,1,1434,1
OO,ORD,LEX,2025,6,1224,26,15,0.0,frozenset({6498}),6498,0.5769230769230769,True,2025-06,1,1435,2
OO,ORD,MHK,2025,6,1320,26,16,0.0,frozenset({6500}),6500,0.6153846153846154,True,2025-06,1,1436,2
OO,ORD,MKE,2025,6,1345,26,18,1.0,frozenset({6357}),6357,0.6923076923076923,True,2025-06,1,1437,1
OO,ORD,MSN,2025,6,1325,25,16,1.0,frozenset({6499}),6499,0.64,True,2025-06,1,1438,1
UA,ATL,IAH,2025,6,1155,20,11,0.0,"frozenset({1475, 2732})",2732,0.55,True,2025-06,1,1439,1
OO,ORD,OKC,2025,6,990,56,29,0.0,"frozenset({6481, 4766})",4766,0.5178571428571429,True,2025-06,1,1440,1
OO,ORD,RIC,2025,6,729,26,14,0.0,frozenset({4914}),4914,0.5384615384615384,True,2025-06,1,1441,1
OO,ORD,RIC,2025,6,1000,26,16,1.0,frozenset({4990}),4990,0.6153846153846154,True,2025-06,1,1442,2
OO,ORD,RIC,2025,6,1159,19,15,0.0,frozenset({4902}),4902,0.7894736842105263,True,2025-06,1,1443,2
OO,ORD,RST,2025,6,1348,26,14,0.0,frozenset({6396}),6396,0.5384615384615384,True,2025-06,1,1444,2
OO,ORD,STL,2025,6,1075,26,18,0.0,frozenset({6299}),6299,0.6923076923076923,True,2025-06,1,1445,2
OO,ORD,TVC,2025,6,1082,26,20,0.0,"frozenset({4985, 6362})",6362,0.7692307692307693,True,2025-06,1,1446,1
OO,ORD,TVC,2025,6,1325,26,14,1.0,frozenset({4941}),4941,0.5384615384615384,True,2025-06,1,1447,1
OO,ORD,RAP,2025,6,1185,26,14,0.0,frozenset({5946}),5946,0.5384615384615384,True,2025-06,1,1448,1
UA,IAD,BOS,2025,6,1053,30,17,0.0,frozenset({688}),688,0.5666666666666667,True,2025-06,2,966,2
UA,AUS,DEN,2025,6,1011,25,18,0.0,frozenset({2447}),2447,0.72,True,2025-06,1,1449,1
UA,AUS,EWR,2025,6,1140,13,7,0.0,frozenset({255}),255,0.5384615384615384,True,2025-06,2,578,3
UA,DEN,GTF,2025,6,1155,30,16,0.0,"frozenset({2121, 1390})",1390,0.5333333333333333,True,2025-06,1,1450,1
UA,DEN,MEM,2025,6,1070,26,14,0.0,"frozenset({2145, 2130})",2145,0.5384615384615384,True,2025-06,1,1451,1
UA,DEN,MKE,2025,6,1060,29,17,0.0,frozenset({421}),421,0.5862068965517241,True,2025-06,1,1452,2
UA,DEN,RAP,2025,6,1247,25,14,0.0,frozenset({2206}),2206,0.56,True,2025-06,1,1453,1
UA,DEN,SBP,2025,6,1162,30,18,0.0,frozenset({1550}),1550,0.6,True,2025-06,1,1454,1
UA,DEN,SMF,2025,6,1300,25,13,0.0,frozenset({1815}),1815,0.52,True,2025-06,1,1455,1
UA,DFW,DEN,2025,6,1234,21,11,1.0,frozenset({1961}),1961,0.5238095238095238,True,2025-06,2,537,2
UA,EWR,ATL,2025,6,968,12,7,0.0,frozenset({1850}),1850,0.5833333333333334,True,2025-06,1,1456,1
UA,EWR,CLT,2025,6,989,13,9,2.0,"frozenset({1808, 1394})",1808,0.6923076923076923,True,2025-06,1,1457,1
UA,EWR,DEN,2025,6,990,15,9,1.0,frozenset({1197}),1197,0.6,True,2025-06,1,1458,2
UA,EWR,FLL,2025,6,934,14,8,0.0,"frozenset({2691, 716})",716,0.5714285714285714,True,2025-06,1,1459,1
UA,EWR,ORD,2025,6,1110,15,11,0.0,frozenset({254}),254,0.7333333333333333,True,2025-06,1,1460,2
UA,EWR,SFO,2025,6,1020,17,10,1.0,frozenset({1844}),1844,0.5882352941176471,True,2025-06,1,1461,1
UA,EWR,TPA,2025,6,959,15,8,0.0,"frozenset({2033, 1412, 2301, 1391})",2033,0.5333333333333333,True,2025-06,1,1462,1
WN,HOU,OKC,2025,6,1370,17,9,0.0,"frozenset({1780, 2942})",2942,0.5294117647058824,True,2025-06,1,1463,1
UA,DEN,GJT,2025,6,1160,30,18,0.0,"frozenset({1527, 431})",431,0.6,True,2025-06,1,1464,1
UA,DEN,EWR,2025,6,1072,30,19,0.0,frozenset({2613}),2613,0.6333333333333333,True,2025-06,2,519,3
UA,DEN,EWR,2025,6,947,15,12,0.0,frozenset({1715}),1715,0.8,True,2025-06,2,518,3
WN,HOU,PHX,2025,6,1035,13,7,0.0,"frozenset({3137, 3889})",3137,0.5384615384615384,True,2025-06,1,1465,1
UA,AUS,IAH,2025,6,981,26,14,2.0,"frozenset({283, 685})",685,0.5384615384615384,True,2025-06,1,1466,1
WN,HOU,SAN,2025,6,895,13,7,0.0,"frozenset({2281, 4764})",4764,0.5384615384615384,True,2025-06,1,1467,1
UA,BNA,IAH,2025,6,910,22,12,0.0,frozenset({1764}),1764,0.5454545454545454,True,2025-06,1,1468,1
UA,BNA,IAH,2025,6,1077,17,10,1.0,frozenset({2490}),2490,0.5882352941176471,True,2025-06,1,1469,1
UA,BOS,EWR,2025,6,1023,12,7,0.0,frozenset({1606}),1606,0.5833333333333334,True,2025-06,1,1470,2
UA,BOS,EWR,2025,6,1149,29,16,0.0,frozenset({1308}),1308,0.5517241379310345,True,2025-06,1,1471,3
UA,BOS,ORD,2025,6,1083,30,16,0.0,frozenset({1015}),1015,0.5333333333333333,True,2025-06,1,1472,2
UA,AUS,DEN,2025,6,1097,30,18,1.0,"frozenset({545, 439})",545,0.6,True,2025-06,1,1473,1
UA,CHS,DEN,2025,6,977,30,16,1.0,frozenset({557}),557,0.5333333333333333,True,2025-06,1,1474,1
UA,CLT,DEN,2025,6,986,30,16,0.0,frozenset({2171}),2171,0.5333333333333333,True,2025-06,1,1475,1
UA,CLT,EWR,2025,6,1179,13,9,2.0,"frozenset({1579, 1747})",1747,0.6923076923076923,True,2025-06,3,441,3
UA,CMH,IAH,2025,6,1019,26,14,1.0,"frozenset({393, 725})",393,0.5384615384615384,True,2025-06,1,1476,1
UA,DCA,IAH,2025,6,1005,26,17,0.0,"frozenset({2388, 2621})",2388,0.6538461538461539,True,2025-06,1,1477,1
UA,DEN,ATL,2025,6,1057,30,19,1.0,frozenset({1305}),1305,0.6333333333333333,True,2025-06,1,1478,2
UA,DEN,CVG,2025,6,1060,26,14,0.0,frozenset({1615}),1615,0.5384615384615384,True,2025-06,1,1479,2
UA,DEN,DFW,2025,6,1076,30,18,0.0,frozenset({1565}),1565,0.6,True,2025-06,1,1480,2
WN,HOU,RDU,2025,6,890,25,14,0.0,"frozenset({3241, 1388})",3241,0.56,True,2025-06,1,1481,1
WN,BOS,DAL,2025,6,1000,10,9,0.0,frozenset({1738}),1738,0.9,True,2025-06,1,1482,1
WN,BOS,DEN,2025,6,1125,20,13,0.0,frozenset({1029}),1029,0.65,True,2025-06,1,1483,2
WN,BUF,TPA,2025,6,1000,10,7,0.0,"frozenset({4539, 2188})",2188,0.7,True,2025-06,1,1484,1
WN,DEN,IND,2025,6,1060,13,7,0.0,"frozenset({3939, 2435, 3229, 2199})",3939,0.5384615384615384,True,2025-06,1,1485,1
WN,DEN,IND,2025,6,1110,12,7,0.0,frozenset({3229}),3229,0.5833333333333334,True,2025-06,1,1486,2
WN,DEN,IND,2025,6,1230,13,8,0.0,"frozenset({3939, 2199})",3939,0.6153846153846154,True,2025-06,1,1487,2
WN,DEN,JAX,2025,6,835,15,8,0.0,"frozenset({2176, 2557})",2557,0.5333333333333333,True,2025-06,1,1488,1
WN,DEN,LAX,2025,6,1355,17,9,0.0,"frozenset({2754, 4508, 3775})",2754,0.5294117647058824,True,2025-06,1,1489,2
WN,DEN,LGA,2025,6,755,12,7,0.0,"frozenset({3448, 697, 3269})",697,0.5833333333333334,True,2025-06,1,1490,1
WN,DEN,LGA,2025,6,1035,30,21,0.0,"frozenset({697, 3740, 2405})",2405,0.7,True,2025-06,1,1491,2
WN,DEN,MAF,2025,6,1215,20,13,0.0,frozenset({2591}),2591,0.65,True,2025-06,1,1492,2
WN,DEN,MCO,2025,6,990,10,6,0.0,"frozenset({3755, 2532})",2532,0.6,True,2025-06,1,1493,1
WN,DEN,MCO,2025,6,1045,10,8,0.0,"frozenset({3755, 661})",3755,0.8,True,2025-06,1,1494,1
WN,DEN,MCO,2025,6,1095,16,11,0.0,"frozenset({3755, 2532})",2532,0.6875,True,2025-06,1,1495,2
WN,DEN,MDW,2025,6,1035,28,19,0.0,"frozenset({2618, 267, 3789, 2615})",2618,0.6785714285714286,True,2025-06,1,1496,2
WN,DEN,MDW,2025,6,1190,17,9,0.0,"frozenset({2619, 3462})",2619,0.5294117647058824,True,2025-06,1,1497,1
WN,DEN,MDW,2025,6,1245,18,12,0.0,"frozenset({2376, 2619, 927})",2376,0.6666666666666666,True,2025-06,1,1498,2
WN,DEN,MEM,2025,6,1170,11,8,1.0,"frozenset({2674, 2621})",2621,0.7272727272727273,True,2025-06,1,1499,1
WN,DEN,ICT,2025,6,1220,27,15,1.0,"frozenset({1344, 1501, 3728})",3728,0.5555555555555556,True,2025-06,1,1500,2
WN,DEN,IAD,2025,6,1080,16,9,1.0,frozenset({360}),360,0.5625,True,2025-06,1,1501,2
WN,DEN,HOU,2025,6,1130,20,11,0.0,"frozenset({3284, 4035, 2372, 1151})",2372,0.55,True,2025-06,1,1502,2
WN,DEN,GEG,2025,6,1355,17,9,0.0,"frozenset({1523, 3621})",1523,0.5294117647058824,True,2025-06,1,1503,2
WN,DEN,BNA,2025,6,1215,22,12,1.0,"frozenset({2492, 807})",2492,0.5454545454545454,True,2025-06,1,1504,2
WN,DEN,BOI,2025,6,1305,13,10,0.0,"frozenset({1379, 205, 2479})",1379,0.7692307692307693,True,2025-06,1,1505,2
WN,DEN,BOI,2025,6,1355,17,11,0.0,"frozenset({205, 2479})",2479,0.6470588235294118,True,2025-06,1,1506,1
WN,DEN,BOS,2025,6,915,18,10,0.0,"frozenset({3244, 2437})",3244,0.5555555555555556,True,2025-06,1,1507,2
WN,DEN,BUR,2025,6,1225,20,11,0.0,"frozenset({3217, 2644, 4349, 2485})",2485,0.55,True,2025-06,1,1508,1
WN,DEN,BWI,2025,6,1175,13,7,1.0,"frozenset({2488, 2934})",2488,0.5384615384615384,True,2025-06,1,1509,2
WN,DEN,BZN,2025,6,1300,13,7,0.0,"frozenset({2490, 1516, 2085})",2490,0.5384615384615384,True,2025-06,1,1510,1
WN,DEN,MEM,2025,6,1285,16,9,0.0,frozenset({2621}),2621,0.5625,True,2025-06,1,1511,2
WN,DEN,CLE,2025,6,1080,19,11,0.0,"frozenset({3004, 2495})",2495,0.5789473684210527,True,2025-06,1,1512,2
WN,DEN,COS,2025,6,1315,13,8,0.0,"frozenset({3719, 2133, 2519})",2519,0.6153846153846154,True,2025-06,1,1513,1
WN,DEN,COS,2025,6,1350,17,9,0.0,"frozenset({2519, 3719})",2519,0.5294117647058824,True,2025-06,1,1514,2
WN,DEN,DAL,2025,6,1170,30,16,1.0,"frozenset({4488, 2506, 2808, 3078})",2506,0.5333333333333333,True,2025-06,1,1515,2
WN,DEN,DAL,2025,6,1230,23,16,0.0,"frozenset({2056, 2506, 3078})",2056,0.6956521739130435,True,2025-06,1,1516,2
WN,DEN,DTW,2025,6,1220,13,8,0.0,"frozenset({4066, 3213})",3213,0.6153846153846154,True,2025-06,1,1517,2
WN,DEN,ELP,2025,6,1315,13,8,0.0,"frozenset({680, 4346, 1461})",1461,0.6153846153846154,True,2025-06,1,1518,1
WN,DEN,GEG,2025,6,1305,13,7,0.0,"frozenset({3514, 2530, 1523, 236})",2530,0.5384615384615384,True,2025-06,1,1519,2
WN,DEN,CMH,2025,6,1090,16,9,0.0,frozenset({2100}),2100,0.5625,True,2025-06,1,1520,1
WN,DEN,BNA,2025,6,1085,14,10,0.0,"frozenset({1650, 807})",807,0.7142857142857143,True,2025-06,1,1521,2
WN,DEN,MIA,2025,6,935,21,11,0.0,"frozenset({2256, 971})",2256,0.5238095238095238,True,2025-06,1,1522,1
WN,DEN,MKE,2025,6,1225,18,11,0.0,"frozenset({1368, 2630})",2630,0.6111111111111112,True,2025-06,1,1523,2
WN,DEN,SNA,2025,6,1130,13,7,0.0,"frozenset({130, 2811})",2811,0.5384615384615384,True,2025-06,1,1524,2
WN,DEN,PIT,2025,6,1080,15,10,0.0,"frozenset({2154, 548, 2727})",2727,0.6666666666666666,True,2025-06,1,1525,1
WN,DEN,PIT,2025,6,1190,11,10,1.0,"frozenset({2727, 2722, 1415})",2722,0.9090909090909091,True,2025-06,1,1526,2
WN,DEN,RDU,2025,6,1090,22,12,0.0,"frozenset({2733, 430})",2733,0.5454545454545454,True,2025-06,1,1527,2
WN,DEN,RIC,2025,6,1090,11,7,0.0,"frozenset({1162, 4020})",4020,0.6363636363636364,True,2025-06,1,1528,2
WN,DEN,SAN,2025,6,1220,25,15,0.0,"frozenset({3898, 2380, 3415, 3183})",3898,0.6,True,2025-06,1,1529,2
WN,DEN,SAN,2025,6,1310,17,10,0.0,"frozenset({3068, 1646, 103})",1646,0.5882352941176471,True,2025-06,1,1530,2
WN,DEN,SDF,2025,6,1270,16,9,0.0,"frozenset({786, 2829})",2829,0.5625,True,2025-06,1,1531,1
WN,DEN,SEA,2025,6,1165,23,13,0.0,"frozenset({2050, 4453})",4453,0.5652173913043478,True,2025-06,1,1532,1
WN,DEN,SMF,2025,6,1355,17,10,0.0,"frozenset({392, 2800})",2800,0.5882352941176471,True,2025-06,1,1533,1
WN,DEN,SMF,2025,6,1290,26,14,0.0,"frozenset({4896, 1011, 271})",4896,0.5384615384615384,True,2025-06,1,1534,2
WN,DEN,SFO,2025,6,1210,18,12,1.0,"frozenset({2770, 2775})",2775,0.6666666666666666,True,2025-06,1,1535,2
WN,DEN,SJC,2025,6,1170,23,15,1.0,"frozenset({3881, 4164, 3334})",3334,0.6521739130434783,True,2025-06,1,1536,2
WN,DEN,SJC,2025,6,1280,24,13,0.0,"frozenset({2848, 3881, 4820, 3333})",4820,0.5416666666666666,True,2025-06,1,1537,2
WN,DEN,SLC,2025,6,1180,11,6,0.0,"frozenset({3313, 2049, 551})",3313,0.5454545454545454,True,2025-06,1,1538,2
WN,DEN,PHX,2025,6,1255,12,9,1.0,"frozenset({2721, 1566, 4366})",2721,0.75,True,2025-06,1,1539,2
WN,DEN,PHX,2025,6,1205,23,13,0.0,"frozenset({4720, 2718})",2718,0.5652173913043478,True,2025-06,1,1540,2
WN,DEN,PHX,2025,6,1085,21,14,0.0,"frozenset({3836, 1716})",3836,0.6666666666666666,True,2025-06,1,1541,2
WN,DEN,PHL,2025,6,1155,17,13,0.0,"frozenset({2701, 1590})",2701,0.7647058823529411,True,2025-06,1,1542,2
WN,DEN,MSP,2025,6,1190,11,7,0.0,"frozenset({4309, 3503})",3503,0.6363636363636364,True,2025-06,1,1543,1
WN,DEN,MSP,2025,6,1250,12,7,0.0,frozenset({3503}),3503,0.5833333333333334,True,2025-06,1,1544,2
WN,DEN,MSY,2025,6,1215,27,16,0.0,"frozenset({843, 1883, 2643})",843,0.5925925925925926,True,2025-06,1,1545,2
WN,DEN,OAK,2025,6,1090,12,8,0.0,frozenset({2709}),2709,0.6666666666666666,True,2025-06,1,1546,1
WN,DEN,OAK,2025,6,1165,11,6,0.0,"frozenset({2466, 454, 3560, 492, 2709})",2709,0.5454545454545454,True,2025-06,1,1547,2
WN,DEN,OAK,2025,6,1350,17,12,0.0,"frozenset({3704, 4611})",3704,0.7058823529411765,True,2025-06,1,1548,2
WN,DEN,OKC,2025,6,1170,13,8,1.0,"frozenset({2154, 349, 2421, 279})",279,0.6153846153846154,True,2025-06,1,1549,2
WN,DEN,MKE,2025,6,1125,14,8,0.0,"frozenset({1368, 2270})",1368,0.5714285714285714,True,2025-06,1,1550,2
WN,DEN,OKC,2025,6,1225,12,7,0.0,frozenset({2154}),2154,0.5833333333333334,True,2025-06,1,1551,2
WN,DEN,ONT,2025,6,1120,13,8,1.0,"frozenset({4681, 2213, 2063})",4681,0.6153846153846154,True,2025-06,1,1552,1
WN,DEN,ONT,2025,6,1170,13,7,0.0,"frozenset({4681, 2063})",4681,0.5384615384615384,True,2025-06,1,1553,2
WN,DEN,ONT,2025,6,1355,17,9,0.0,"frozenset({410, 1715})",1715,0.5294117647058824,True,2025-06,1,1554,2
WN,DEN,ORD,2025,6,1170,30,17,0.0,"frozenset({1545, 1438})",1438,0.5666666666666667,True,2025-06,1,1555,2
WN,DEN,PDX,2025,6,1180,16,10,0.0,"frozenset({818, 1083})",1083,0.625,True,2025-06,1,1556,2
WN,DEN,PDX,2025,6,1305,13,8,1.0,"frozenset({2698, 1173, 2895})",2895,0.6153846153846154,True,2025-06,1,1557,2
WN,DEN,PHL,2025,6,1110,11,6,0.0,"frozenset({552, 2699, 2701})",2699,0.5454545454545454,True,2025-06,1,1558,2
WN,DEN,OMA,2025,6,1000,10,7,0.0,"frozenset({1051, 2679})",2679,0.7,True,2025-06,1,1559,2
WN,DEN,AUS,2025,6,1215,22,12,0.0,"frozenset({3817, 2474})",2474,0.5454545454545454,True,2025-06,1,1560,2
WN,DEN,ATL,2025,6,1050,11,7,0.0,"frozenset({3400, 2467, 3711})",3400,0.6363636363636364,True,2025-06,1,1561,2
WN,DEN,ALB,2025,6,1090,18,11,1.0,frozenset({1891}),1891,0.6111111111111112,True,2025-06,1,1562,2
WN,BWI,IND,2025,6,1350,16,10,2.0,frozenset({1717}),1717,0.625,True,2025-06,1,1563,1
WN,BWI,LAX,2025,6,1350,16,9,0.0,frozenset({1753}),1753,0.5625,True,2025-06,1,1564,2
WN,BWI,MCO,2025,6,950,29,15,1.0,"frozenset({2504, 1774, 934})",934,0.5172413793103449,True,2025-06,1,1565,1
WN,BWI,MHT,2025,6,1205,12,7,1.0,frozenset({1289}),1289,0.5833333333333334,True,2025-06,1,1566,1
WN,BWI,MIA,2025,6,1205,22,12,0.0,"frozenset({2351, 1959})",2351,0.5454545454545454,True,2025-06,1,1567,2
WN,BWI,MKE,2025,6,1345,17,9,1.0,"frozenset({1808, 3806})",1808,0.5294117647058824,True,2025-06,1,1568,1
WN,BWI,MYR,2025,6,1205,20,11,0.0,frozenset({992}),992,0.55,True,2025-06,1,1569,1
WN,BWI,ORF,2025,6,1140,16,9,1.0,"frozenset({2752, 2061})",2752,0.5625,True,2025-06,1,1570,1
WN,DEN,TUS,2025,6,1360,17,9,0.0,"frozenset({2844, 2951})",2844,0.5294117647058824,True,2025-06,1,1571,1
WN,BWI,PVD,2025,6,1230,14,8,1.0,"frozenset({2069, 949})",949,0.5714285714285714,True,2025-06,1,1572,1
WN,BWI,PVD,2025,6,1365,13,7,1.0,"frozenset({2069, 3046})",3046,0.5384615384615384,True,2025-06,1,1573,1
WN,BWI,SAN,2025,6,875,23,12,0.0,"frozenset({3385, 2042, 2853})",3385,0.5217391304347826,True,2025-06,1,1574,1
WN,BWI,SAT,2025,6,940,18,11,0.0,"frozenset({1397, 1925})",1925,0.6111111111111112,True,2025-06,1,1575,1
WN,BWI,SAV,2025,6,1240,16,11,0.0,"frozenset({547, 3413})",3413,0.6875,True,2025-06,1,1576,2
WN,BWI,STL,2025,6,1165,17,9,0.0,"frozenset({1816, 3126, 3198})",1816,0.5294117647058824,True,2025-06,1,1577,1
WN,BWI,HOU,2025,6,1205,11,7,0.0,"frozenset({4760, 3916, 4749})",4760,0.6363636363636364,True,2025-06,1,1578,1
WN,BWI,GSP,2025,6,1230,16,10,1.0,"frozenset({1705, 1862})",1705,0.625,True,2025-06,1,1579,1
WN,BWI,FLL,2025,6,1005,15,8,0.0,"frozenset({2955, 2460, 1694})",1694,0.5333333333333333,True,2025-06,1,1580,1
WN,DTW,DEN,2025,6,1095,19,13,0.0,"frozenset({3719, 2906, 2861, 1447})",2861,0.6842105263157895,True,2025-06,1,1581,1
WN,BUR,DEN,2025,6,925,13,7,0.0,"frozenset({2290, 1486, 2758})",1486,0.5384615384615384,True,2025-06,1,1582,2
WN,BWI,ALB,2025,6,1375,17,11,1.0,"frozenset({2264, 447})",2264,0.6470588235294118,True,2025-06,1,1583,1
WN,BWI,ATL,2025,6,1035,22,12,2.0,"frozenset({667, 2132, 1446})",667,0.5454545454545454,True,2025-06,1,1584,2
WN,BWI,ATL,2025,6,1145,27,16,0.0,"frozenset({667, 2132, 4253, 1598})",4253,0.5925925925925926,True,2025-06,1,1585,2
WN,BWI,BDL,2025,6,1375,17,10,2.0,"frozenset({4104, 3079})",3079,0.5882352941176471,True,2025-06,1,1586,1
WN,BWI,BOS,2025,6,1370,17,10,4.0,"frozenset({4075, 3174})",3174,0.5882352941176471,True,2025-06,1,1587,2
WN,BWI,BUF,2025,6,1350,21,12,1.0,"frozenset({1634, 1567})",1634,0.5714285714285714,True,2025-06,1,1588,1
WN,CLE,MDW,2025,6,1200,16,10,0.0,"frozenset({2628, 3630})",2628,0.625,True,2025-06,1,1589,1
WN,BWI,CLE,2025,6,1085,13,8,0.0,"frozenset({2628, 2422})",2628,0.6153846153846154,True,2025-06,1,1590,1
WN,BWI,CVG,2025,6,1355,16,13,1.0,frozenset({1662}),1662,0.8125,True,2025-06,1,1591,1
WN,BWI,DAL,2025,6,930,13,7,0.0,"frozenset({197, 1973})",197,0.5384615384615384,True,2025-06,1,1592,1
WN,BWI,DAL,2025,6,1055,17,9,0.0,"frozenset({1401, 1670})",1670,0.5294117647058824,True,2025-06,1,1593,2
WN,BWI,DEN,2025,6,910,18,11,0.0,"frozenset({2292, 2205})",2292,0.6111111111111112,True,2025-06,1,1594,1
WN,BWI,DEN,2025,6,975,11,6,0.0,"frozenset({184, 1667, 2292})",2292,0.5454545454545454,True,2025-06,1,1595,2
WN,BWI,DEN,2025,6,1050,19,11,0.0,"frozenset({1667, 2453, 1702})",1702,0.5789473684210527,True,2025-06,1,1596,2
WN,BWI,DEN,2025,6,1215,11,6,0.0,"frozenset({1378, 2205})",1378,0.5454545454545454,True,2025-06,1,1597,1
WN,BWI,CLT,2025,6,950,12,7,0.0,frozenset({185}),185,0.5833333333333334,True,2025-06,1,1598,2
WN,CLT,BWI,2025,6,1200,17,12,1.0,"frozenset({3116, 2045})",2045,0.7058823529411765,True,2025-06,1,1599,1
WN,CLT,STL,2025,6,1090,12,9,0.0,frozenset({185}),185,0.75,True,2025-06,1,1600,1
WN,CMH,DEN,2025,6,1100,12,8,0.0,frozenset({4846}),4846,0.6666666666666666,True,2025-06,1,1601,2
WN,DAL,MAF,2025,6,1355,16,11,1.0,"frozenset({3349, 3135})",3135,0.6875,True,2025-06,1,1602,1
WN,DAL,MSY,2025,6,1130,23,13,0.0,"frozenset({963, 1668, 967})",1668,0.5652173913043478,True,2025-06,1,1603,1
WN,DAL,OAK,2025,6,1250,19,10,0.0,"frozenset({1464, 3934, 3799})",1464,0.5263157894736842,True,2025-06,1,1604,2
WN,DAL,SAV,2025,6,725,12,8,0.0,frozenset({1100}),1100,0.6666666666666666,True,2025-06,1,1605,1
WN,DCA,ATL,2025,6,1135,18,11,0.0,"frozenset({434, 1316, 854})",434,0.6111111111111112,True,2025-06,1,1606,2
WN,DCA,AUS,2025,6,1065,26,15,0.0,"frozenset({3888, 3335})",3335,0.5769230769230769,True,2025-06,1,1607,2
WN,DCA,DAL,2025,6,1090,21,12,0.0,"frozenset({4747, 3934, 1495})",1495,0.5714285714285714,True,2025-06,1,1608,2
WN,DAL,LIT,2025,6,1325,13,8,0.0,"frozenset({4514, 2669})",2669,0.6153846153846154,True,2025-06,1,1609,1
WN,DEN,STL,2025,6,1145,13,10,1.0,"frozenset({3985, 4627, 3324, 3604})",3324,0.7692307692307693,True,2025-06,1,1610,2
WN,DCA,HOU,2025,6,1115,13,8,1.0,"frozenset({4811, 2413, 2199})",2413,0.6153846153846154,True,2025-06,1,1611,2
WN,DCA,MCI,2025,6,1015,26,17,0.0,"frozenset({3714, 1283, 130, 884, 2427})",2427,0.6538461538461539,True,2025-06,1,1612,1
WN,DCA,MCO,2025,6,1130,26,16,0.0,"frozenset({1980, 2429, 558})",1980,0.6153846153846154,True,2025-06,1,1613,2
WN,DCA,MDW,2025,6,1300,18,12,2.0,"frozenset({2445, 2471})",2445,0.6666666666666666,True,2025-06,1,1614,1
WN,DCA,MSY,2025,6,1135,12,7,0.0,"frozenset({2449, 2451, 2766, 943})",2451,0.5833333333333334,True,2025-06,1,1615,2
WN,DEN,STL,2025,6,1110,19,12,0.0,"frozenset({3985, 3604, 1541})",3604,0.631578947368421,True,2025-06,1,1616,1
WN,DEN,ABQ,2025,6,1080,17,9,0.0,"frozenset({956, 270})",270,0.5294117647058824,True,2025-06,1,1617,2
WN,DCA,DAL,2025,6,1195,17,10,1.0,"frozenset({4747, 4407})",4747,0.5882352941176471,True,2025-06,1,1618,1
OO,ORD,FSD,2025,6,938,26,16,0.0,frozenset({6303}),6303,0.6153846153846154,True,2025-06,1,1619,1
WN,DAL,LGA,2025,6,1045,26,15,0.0,"frozenset({1370, 3861})",3861,0.5769230769230769,True,2025-06,1,1620,2
WN,DAL,LBB,2025,6,1075,12,9,1.0,frozenset({3072}),3072,0.75,True,2025-06,1,1621,1
WN,COS,DAL,2025,6,1085,13,7,0.0,"frozenset({4546, 2114})",2114,0.5384615384615384,True,2025-06,1,1622,2
WN,COS,DEN,2025,6,1075,11,6,0.0,"frozenset({2117, 845, 1726})",2117,0.5454545454545454,True,2025-06,1,1623,1
WN,COS,DEN,2025,6,1115,16,9,1.0,frozenset({1726}),1726,0.5625,True,2025-06,1,1624,2
WN,DAL,ATL,2025,6,1240,12,8,0.0,frozenset({2158}),2158,0.6666666666666666,True,2025-06,1,1625,1
WN,DAL,BNA,2025,6,1260,23,14,0.0,"frozenset({1525, 2107, 1693, 4862})",1693,0.6086956521739131,True,2025-06,1,1626,1
WN,DAL,BUR,2025,6,1155,12,7,0.0,frozenset({1287}),1287,0.5833333333333334,True,2025-06,1,1627,1
WN,DAL,BWI,2025,6,1095,17,11,1.0,"frozenset({2625, 4674, 2307})",4674,0.6470588235294118,True,2025-06,1,1628,1
WN,DAL,LGA,2025,6,755,26,14,0.0,"frozenset({4472, 1270})",1270,0.5384615384615384,True,2025-06,1,1629,1
WN,DAL,CLT,2025,6,1005,12,9,0.0,frozenset({398}),398,0.75,True,2025-06,1,1630,1
WN,DEN,TUL,2025,6,1225,21,13,1.0,"frozenset({954, 302})",302,0.6190476190476191,True,2025-06,1,1631,2
WN,DEN,TPA,2025,6,1080,22,15,0.0,"frozenset({2837, 2702})",2837,0.6818181818181818,True,2025-06,1,1632,2
WN,DAL,DCA,2025,6,995,30,16,0.0,"frozenset({3784, 2617, 644, 516})",3784,0.5333333333333333,True,2025-06,1,1633,2
WN,DAL,DEN,2025,6,950,22,13,0.0,"frozenset({2080, 1002})",1002,0.5909090909090909,True,2025-06,1,1634,2
WN,DAL,DEN,2025,6,1175,17,9,0.0,"frozenset({1321, 2194, 3667, 154})",3667,0.5294117647058824,True,2025-06,1,1635,1
WN,DAL,ELP,2025,6,1350,22,13,1.0,"frozenset({1008, 3019, 4747})",1008,0.5909090909090909,True,2025-06,1,1636,2
WN,DAL,HOU,2025,6,1320,17,9,1.0,"frozenset({61, 63})",63,0.5294117647058824,True,2025-06,1,1637,1
WN,DAL,COS,2025,6,1255,19,13,1.0,"frozenset({50, 4388, 2183})",2183,0.6842105263157895,True,2025-06,1,1638,2
OO,ORD,FAR,2025,6,1190,22,12,0.0,frozenset({4789}),4789,0.5454545454545454,True,2025-06,1,1639,1
OO,ORD,ELP,2025,6,1210,27,14,0.0,frozenset({4712}),4712,0.5185185185185185,True,2025-06,1,1640,1
OO,ORD,CMH,2025,6,1073,22,15,0.0,frozenset({6532}),6532,0.6818181818181818,True,2025-06,1,1641,1
WN,MYR,BWI,2025,6,1195,17,9,1.0,"frozenset({2160, 1491, 1156})",1491,0.5294117647058824,True,2025-06,1,1642,1
WN,MTJ,DEN,2025,6,885,11,6,0.0,"frozenset({3357, 4022})",4022,0.5454545454545454,True,2025-06,1,1643,1
WN,MSY,TPA,2025,6,1220,18,10,0.0,"frozenset({963, 3124})",3124,0.5555555555555556,True,2025-06,1,1644,1
WN,MSY,MCO,2025,6,930,21,12,0.0,"frozenset({6451, 3519})",3519,0.5714285714285714,True,2025-06,1,1645,1
OH,HSV,DCA,2025,6,833,22,13,2.0,frozenset({5029}),5029,0.5909090909090909,True,2025-06,1,1646,2
WN,MSY,HOU,2025,6,1215,17,11,0.0,"frozenset({4667, 4012})",4012,0.6470588235294118,True,2025-06,1,1647,1
WN,MSY,DCA,2025,6,1040,19,12,0.0,"frozenset({898, 958})",958,0.631578947368421,True,2025-06,1,1648,2
WN,MSP,DEN,2025,6,1185,13,8,0.0,"frozenset({4552, 4279})",4552,0.6153846153846154,True,2025-06,1,1649,1
WN,MSP,DEN,2025,6,965,23,13,0.0,"frozenset({3999, 1199, 2385, 4279})",1199,0.5652173913043478,True,2025-06,1,1650,2
OH,HSV,DFW,2025,6,1054,26,17,5.0,frozenset({5158}),5158,0.6538461538461539,True,2025-06,1,1651,1
OH,ICT,DCA,2025,6,841,25,15,0.0,frozenset({5073}),5073,0.6,True,2025-06,1,1652,1
WN,MKE,DCA,2025,6,980,10,6,0.0,frozenset({3971}),3971,0.6,True,2025-06,1,1653,1
WN,MKE,BWI,2025,6,1115,21,11,3.0,"frozenset({3821, 1319})",1319,0.5238095238095238,True,2025-06,1,1654,1
OH,ICT,DFW,2025,6,1225,26,15,6.0,frozenset({5546}),5546,0.5769230769230769,True,2025-06,1,1655,1
WN,MEM,HOU,2025,6,750,12,7,0.0,frozenset({3949}),3949,0.5833333333333334,True,2025-06,1,1656,1
OH,HPN,DCA,2025,6,1049,26,15,3.0,frozenset({5401}),5401,0.5769230769230769,True,2025-06,1,1657,2
OH,HPN,DCA,2025,6,912,26,20,1.0,frozenset({5254}),5254,0.7692307692307693,True,2025-06,2,687,3
WN,OAK,PDX,2025,6,1275,12,7,0.0,frozenset({3867}),3867,0.5833333333333334,True,2025-06,1,1658,2
WN,OKC,DEN,2025,6,1110,11,6,0.0,"frozenset({2400, 727, 3511})",727,0.5454545454545454,True,2025-06,1,1659,1
OH,DTW,DCA,2025,6,1043,26,17,6.0,"frozenset({5512, 5498})",5498,0.6538461538461539,True,2025-06,1,1660,1
OH,ECP,CLT,2025,6,1142,21,11,4.0,frozenset({5297}),5297,0.5238095238095238,True,2025-06,1,1661,1
OH,ECP,DFW,2025,6,1159,22,13,7.0,frozenset({5518}),5518,0.5909090909090909,True,2025-06,1,1662,1
OH,FWA,ORD,2025,6,1064,26,15,2.0,frozenset({5121}),5121,0.5769230769230769,True,2025-06,1,1663,2
WN,PDX,OAK,2025,6,1315,17,10,0.0,"frozenset({1386, 1083, 3940})",1083,0.5882352941176471,True,2025-06,1,1664,2
WN,PDX,DEN,2025,6,920,10,8,0.0,"frozenset({224, 2533, 1142, 807})",2533,0.8,True,2025-06,1,1665,2
OH,GSO,DCA,2025,6,969,22,12,1.0,frozenset({5209}),5209,0.5454545454545454,True,2025-06,1,1666,1
WN,MDW,TUL,2025,6,1115,12,7,0.0,frozenset({1178}),1178,0.5833333333333334,True,2025-06,1,1667,1
OH,GSP,CLT,2025,6,1081,22,13,0.0,frozenset({5027}),5027,0.5909090909090909,True,2025-06,1,1668,1
WN,ORF,BWI,2025,6,1235,17,14,1.0,"frozenset({4160, 2988, 2543})",4160,0.8235294117647058,True,2025-06,1,1669,2
WN,ORD,DEN,2025,6,1135,30,16,0.0,"frozenset({3514, 3741})",3741,0.5333333333333333,True,2025-06,1,1670,1
WN,ONT,LAS,2025,6,1025,13,8,1.0,"frozenset({105, 3595})",105,0.6153846153846154,True,2025-06,1,1671,1
OH,GSP,DCA,2025,6,1176,26,19,10.0,frozenset({5123}),5123,0.7307692307692307,True,2025-06,2,735,3
WN,OMA,DEN,2025,6,1220,13,7,0.0,"frozenset({3409, 4346, 285, 2418})",285,0.5384615384615384,True,2025-06,1,1672,1
OH,HPN,CLT,2025,6,1139,30,21,6.0,frozenset({5070}),5070,0.7,True,2025-06,2,684,3
WN,OMA,DEN,2025,6,1110,16,11,0.0,"frozenset({1282, 285})",1282,0.6875,True,2025-06,1,1673,2
OH,GSP,CLT,2025,6,1156,22,12,3.0,frozenset({5400}),5400,0.5454545454545454,True,2025-06,1,1674,1
WN,PHL,MDW,2025,6,1030,22,13,0.0,"frozenset({3860, 2381})",2381,0.5909090909090909,True,2025-06,1,1675,1
WN,MDW,TPA,2025,6,1270,23,12,0.0,"frozenset({2618, 267, 3946})",3946,0.5217391304347826,True,2025-06,1,1676,1
OH,ILM,DCA,2025,6,1130,22,14,6.0,frozenset({5133}),5133,0.6363636363636364,True,2025-06,1,1677,2
WN,MDW,DCA,2025,6,1210,14,9,0.0,"frozenset({4345, 3812, 3661})",3812,0.6428571428571429,True,2025-06,1,1678,1
OH,MHT,CLT,2025,6,1031,30,18,0.0,frozenset({5259}),5259,0.6,True,2025-06,1,1679,1
WN,MDW,DCA,2025,6,1085,22,12,2.0,"frozenset({3027, 158, 3579})",3579,0.5454545454545454,True,2025-06,1,1680,1
WN,MDW,DAL,2025,6,1235,26,15,0.0,"frozenset({3376, 2408, 4791})",3376,0.5769230769230769,True,2025-06,1,1681,2
OH,MKE,CLT,2025,6,981,10,6,0.0,frozenset({5598}),5598,0.6,True,2025-06,1,1682,1
OH,MKE,DCA,2025,6,785,22,16,4.0,frozenset({5637}),5637,0.7272727272727273,True,2025-06,1,1683,1
OH,MKE,PHL,2025,6,865,22,12,2.0,frozenset({5327}),5327,0.5454545454545454,True,2025-06,1,1684,1
WN,MDW,CMH,2025,6,1285,11,7,0.0,"frozenset({2662, 2406})",2662,0.6363636363636364,True,2025-06,1,1685,1
WN,MDW,CLT,2025,6,1240,16,11,0.0,frozenset({3806}),3806,0.6875,True,2025-06,1,1686,1
WN,MDW,BWI,2025,6,1250,10,7,0.0,"frozenset({1679, 2847})",2847,0.7,True,2025-06,1,1687,1
OH,MSY,DCA,2025,6,921,25,14,1.0,frozenset({5560}),5560,0.56,True,2025-06,1,1688,2
OH,MYR,CLT,2025,6,1180,26,15,4.0,frozenset({5465}),5465,0.5769230769230769,True,2025-06,1,1689,1
WN,MDW,BOS,2025,6,1135,19,10,0.0,"frozenset({3273, 937, 1011, 1132})",937,0.5263157894736842,True,2025-06,1,1690,1
OH,OAJ,CLT,2025,6,1081,23,13,2.0,frozenset({5567}),5567,0.5652173913043478,True,2025-06,1,1691,1
OH,ORD,DAY,2025,6,887,26,15,1.0,frozenset({5131}),5131,0.5769230769230769,True,2025-06,1,1692,1
WN,DEN,SMF,2025,6,950,19,10,0.0,"frozenset({5555, 3373, 2510, 2887})",5555,0.5263157894736842,True,2025-06,1,1693,1
WN,MDW,DEN,2025,6,1125,13,10,0.0,"frozenset({4098, 1467, 3994})",1467,0.7692307692307693,True,2025-06,1,1694,1
WN,MDW,DEN,2025,6,1200,21,12,0.0,"frozenset({2393, 4025, 737, 423})",737,0.5714285714285714,True,2025-06,1,1695,2
WN,MDW,GRR,2025,6,1295,11,6,0.0,"frozenset({4219, 3727})",3727,0.5454545454545454,True,2025-06,1,1696,1
WN,MDW,ORF,2025,6,1225,16,9,0.0,"frozenset({2353, 2460})",2353,0.5625,True,2025-06,1,1697,2
OH,IND,DCA,2025,6,872,18,14,1.0,frozenset({5229}),5229,0.7777777777777778,True,2025-06,1,1698,1
OH,JAX,PHL,2025,6,941,24,16,3.0,frozenset({5250}),5250,0.6666666666666666,True,2025-06,1,1699,2
OH,LAN,DCA,2025,6,1042,26,16,4.0,"frozenset({5640, 5069})",5640,0.6153846153846154,True,2025-06,1,1700,2
OH,LAW,DFW,2025,6,1126,26,15,1.0,frozenset({5277}),5277,0.5769230769230769,True,2025-06,1,1701,1
OH,LEX,CLT,2025,6,1092,21,14,1.0,frozenset({5574}),5574,0.6666666666666666,True,2025-06,1,1702,1
OH,LEX,CLT,2025,6,1218,30,18,3.0,"frozenset({5456, 5302})",5456,0.6,True,2025-06,1,1703,1
WN,MDW,PVD,2025,6,1225,16,9,0.0,frozenset({1191}),1191,0.5625,True,2025-06,1,1704,2
WN,MDW,MEM,2025,6,1325,11,8,0.0,"frozenset({322, 559})",559,0.7272727272727273,True,2025-06,1,1705,2
WN,MDW,MCI,2025,6,1320,26,16,0.0,"frozenset({3848, 2950})",3848,0.6153846153846154,True,2025-06,1,1706,1
OH,LFT,DFW,2025,6,1025,26,18,2.0,frozenset({5207}),5207,0.6923076923076923,True,2025-06,1,1707,1
OH,MCI,DCA,2025,6,1065,14,8,1.0,frozenset({5224}),5224,0.5714285714285714,True,2025-06,1,1708,1
OH,MCI,PHL,2025,6,983,26,16,3.0,frozenset({5222}),5222,0.6153846153846154,True,2025-06,1,1709,2
OH,MEM,DCA,2025,6,795,26,14,2.0,frozenset({5249}),5249,0.5384615384615384,True,2025-06,1,1710,1
WN,MDW,LGA,2025,6,1200,20,11,1.0,"frozenset({2051, 1384, 4300, 3122, 2841})",1384,0.55,True,2025-06,1,1711,1
OH,MGM,DCA,2025,6,1092,26,16,8.0,frozenset({5148}),5148,0.6153846153846154,True,2025-06,2,692,3
WN,MDW,MCO,2025,6,1255,17,10,1.0,"frozenset({4752, 2628, 2519})",2628,0.5882352941176471,True,2025-06,1,1712,1
OH,DFW,TYS,2025,6,1075,26,14,1.0,"frozenset({5309, 5310})",5309,0.5384615384615384,True,2025-06,1,1713,1
OH,DFW,TUL,2025,6,891,26,18,5.0,frozenset({5394}),5394,0.6923076923076923,True,2025-06,1,1714,1
OH,DFW,TLH,2025,6,1140,26,16,1.0,frozenset({5069}),5069,0.6153846153846154,True,2025-06,1,1715,1
WN,SAV,DAL,2025,6,955,14,10,0.0,"frozenset({3072, 2430})",3072,0.7142857142857143,True,2025-06,1,1716,1
WN,SAV,BWI,2025,6,1190,17,9,0.0,"frozenset({4152, 3458, 1703})",1703,0.5294117647058824,True,2025-06,1,1717,1
WN,SAV,BWI,2025,6,1115,11,6,0.0,"frozenset({4152, 3458})",3458,0.5454545454545454,True,2025-06,1,1718,1
WN,SAT,TPA,2025,6,1130,12,8,0.0,frozenset({4445}),4445,0.6666666666666666,True,2025-06,1,1719,1
WN,SAN,SFO,2025,6,1130,16,10,0.0,"frozenset({3633, 3438})",3633,0.625,True,2025-06,1,1720,1
OH,DCA,ORF,2025,6,1084,18,11,2.0,frozenset({5162}),5162,0.6111111111111112,True,2025-06,1,1721,2
OH,DCA,PHL,2025,6,1000,18,11,1.0,frozenset({5248}),5248,0.6111111111111112,True,2025-06,1,1722,1
OH,DCA,PHL,2025,6,1360,22,14,7.0,frozenset({5474}),5474,0.6363636363636364,True,2025-06,1,1723,2
WN,SAN,DEN,2025,6,900,14,8,1.0,"frozenset({581, 3176, 4172, 1356, 3324})",3324,0.5714285714285714,True,2025-06,1,1724,1
OH,DCA,PNS,2025,6,828,17,9,0.0,frozenset({5443}),5443,0.5294117647058824,True,2025-06,1,1725,1
OH,DCA,PNS,2025,6,1185,29,16,3.0,frozenset({5544}),5544,0.5517241379310345,True,2025-06,1,1726,2
WN,SAN,DEN,2025,6,825,20,12,0.0,"frozenset({3034, 4066})",3034,0.6,True,2025-06,1,1727,2
WN,SAN,BNA,2025,6,1135,12,7,0.0,frozenset({2438}),2438,0.5833333333333334,True,2025-06,1,1728,2
OH,DCA,PVD,2025,6,1068,29,18,4.0,"frozenset({5427, 5116, 5438})",5438,0.6206896551724138,True,2025-06,1,1729,2
OH,DCA,PVD,2025,6,1340,22,16,10.0,frozenset({5144}),5144,0.7272727272727273,True,2025-06,1,1730,1
OH,DCA,MKE,2025,6,1345,22,15,11.0,frozenset({5656}),5656,0.6818181818181818,True,2025-06,1,1731,2
WN,SEA,DEN,2025,6,890,14,9,0.0,"frozenset({3873, 3429, 1351, 2795, 4059})",1351,0.6428571428571429,True,2025-06,1,1732,1
WN,SEA,DEN,2025,6,945,16,10,0.0,frozenset({4460}),4460,0.625,True,2025-06,1,1733,2
OH,DCA,MHT,2025,6,1335,26,14,8.0,frozenset({5283}),5283,0.5384615384615384,True,2025-06,2,595,3
WN,SMF,LAX,2025,6,1020,19,11,0.0,"frozenset({1490, 302})",1490,0.5789473684210527,True,2025-06,1,1734,1
WN,SMF,DEN,2025,6,835,17,11,0.0,"frozenset({3521, 1411, 1509})",1411,0.6470588235294118,True,2025-06,1,1735,1
OH,DCA,HPN,2025,6,1020,30,19,4.0,frozenset({5236}),5236,0.6333333333333333,True,2025-06,1,1736,2
OH,DCA,HPN,2025,6,1325,22,17,10.0,frozenset({5289}),5289,0.7727272727272727,True,2025-06,2,572,3
WN,SLC,DEN,2025,6,1010,14,11,0.0,"frozenset({2376, 1859, 2891, 3862})",2376,0.7857142857142857,True,2025-06,1,1737,1
WN,SLC,DEN,2025,6,885,13,7,0.0,"frozenset({488, 1969, 1859, 203})",203,0.5384615384615384,True,2025-06,1,1738,2
WN,SJC,PDX,2025,6,1105,16,9,0.0,frozenset({1313}),1313,0.5625,True,2025-06,1,1739,1
YX,TYS,LGA,2025,6,1034,22,13,7.0,frozenset({4761}),4761,0.5909090909090909,True,2025-06,1,1740,2
OH,DCA,ILM,2025,6,1019,22,14,3.0,frozenset({5133}),5133,0.6363636363636364,True,2025-06,1,1741,2
OH,DCA,JAN,2025,6,1259,22,17,6.0,frozenset({5025}),5025,0.7727272727272727,True,2025-06,2,591,2
WN,SFO,LAX,2025,6,1255,17,9,0.0,"frozenset({4417, 4481})",4481,0.5294117647058824,True,2025-06,1,1742,1
WN,SFO,LAX,2025,6,1180,13,7,0.0,"frozenset({4776, 4417, 636})",4776,0.5384615384615384,True,2025-06,1,1743,1
OH,DCA,MEM,2025,6,1320,22,14,11.0,frozenset({5491}),5491,0.6363636363636364,True,2025-06,1,1744,1
WN,SFO,DEN,2025,6,900,25,16,1.0,"frozenset({3436, 3308, 4478})",4478,0.64,True,2025-06,1,1745,1
WN,SEA,SMF,2025,6,875,16,9,0.0,frozenset({1490}),1490,0.5625,True,2025-06,1,1746,1
WN,SEA,OAK,2025,6,1170,16,9,0.0,"frozenset({1187, 3214})",1187,0.5625,True,2025-06,1,1747,2
WN,SJC,DEN,2025,6,920,14,8,0.0,"frozenset({1062, 4491, 977, 3194, 2365})",4491,0.5714285714285714,True,2025-06,1,1748,1
WN,SAN,ABQ,2025,6,1295,17,9,0.0,"frozenset({2358, 1615})",2358,0.5294117647058824,True,2025-06,1,1749,1
OH,DCA,ROC,2025,6,1325,26,18,10.0,frozenset({5344}),5344,0.6923076923076923,True,2025-06,1,1750,2
WN,RIC,BWI,2025,6,1085,20,12,0.0,"frozenset({1288, 1674, 4675})",1288,0.6,True,2025-06,1,1751,1
OH,DFW,CVG,2025,6,1250,26,14,2.0,frozenset({5264}),5264,0.5384615384615384,True,2025-06,1,1752,2
OH,DFW,ECP,2025,6,1004,22,13,7.0,frozenset({5518}),5518,0.5909090909090909,True,2025-06,1,1753,1
WN,PHX,MCI,2025,6,1190,19,12,1.0,"frozenset({4328, 4241, 1445})",4241,0.631578947368421,True,2025-06,1,1754,1
OH,DFW,HSV,2025,6,906,26,14,3.0,frozenset({5158}),5158,0.5384615384615384,True,2025-06,1,1755,1
WN,PHX,IND,2025,6,1105,12,7,0.0,frozenset({1768}),1768,0.5833333333333334,True,2025-06,1,1756,1
WN,PHX,DEN,2025,6,1000,26,19,0.0,"frozenset({1450, 4738, 3525, 4095})",4095,0.7307692307692307,True,2025-06,1,1757,2
OH,DFW,ICT,2025,6,1112,26,15,6.0,frozenset({5546}),5546,0.5769230769230769,True,2025-06,1,1758,1
OH,DFW,CHS,2025,6,1251,26,19,0.0,frozenset({5196}),5196,0.7307692307692307,True,2025-06,1,1759,1
OH,DFW,LAW,2025,6,1033,26,14,2.0,frozenset({5277}),5277,0.5384615384615384,True,2025-06,1,1760,1
OH,DFW,MYR,2025,6,1148,26,14,4.0,frozenset({5361}),5361,0.5384615384615384,True,2025-06,1,1761,1
OH,DFW,PIA,2025,6,1260,26,14,3.0,frozenset({5354}),5354,0.5384615384615384,True,2025-06,1,1762,1
WN,PHX,BOI,2025,6,1090,12,7,0.0,frozenset({1406}),1406,0.5833333333333334,True,2025-06,1,1763,2
OH,DFW,PNS,2025,6,912,26,14,3.0,frozenset({5647}),5647,0.5384615384615384,True,2025-06,1,1764,1
WN,PHL,STL,2025,6,1220,16,9,0.0,"frozenset({4192, 3886})",4192,0.5625,True,2025-06,1,1765,2
OH,DFW,PNS,2025,6,1261,26,14,2.0,frozenset({5510}),5510,0.5384615384615384,True,2025-06,1,1766,1
OH,DFW,SDF,2025,6,865,25,16,2.0,frozenset({5449}),5449,0.64,True,2025-06,1,1767,1
OH,DFW,LFT,2025,6,904,26,15,1.0,frozenset({5207}),5207,0.5769230769230769,True,2025-06,1,1768,1
OH,ORD,DAY,2025,6,1228,26,14,1.0,frozenset({5122}),5122,0.5384615384615384,True,2025-06,1,1769,2
OH,DFW,CAE,2025,6,1167,26,16,2.0,frozenset({5270}),5270,0.6153846153846154,True,2025-06,1,1770,1
OH,DCA,VPS,2025,6,1199,25,16,4.0,frozenset({5388}),5388,0.64,True,2025-06,1,1771,2
WN,RDU,DEN,2025,6,1025,18,11,1.0,"frozenset({107, 444})",444,0.6111111111111112,True,2025-06,1,1772,2
OH,DCA,SAV,2025,6,1019,22,13,4.0,frozenset({5419}),5419,0.5909090909090909,True,2025-06,1,1773,2
OH,DCA,SAV,2025,6,1185,26,14,2.0,frozenset({5384}),5384,0.5384615384615384,True,2025-06,1,1774,2
WN,PWM,BWI,2025,6,1060,17,10,0.0,"frozenset({1498, 770})",770,0.5882352941176471,True,2025-06,1,1775,2
OH,DCA,SDF,2025,6,1032,26,19,6.0,"frozenset({5186, 5268})",5268,0.7307692307692307,True,2025-06,1,1776,2
WN,PVD,TPA,2025,6,1030,14,8,0.0,"frozenset({333, 3477})",3477,0.5714285714285714,True,2025-06,1,1777,1
WN,PVD,BWI,2025,6,1220,12,8,3.0,frozenset({2877}),2877,0.6666666666666666,True,2025-06,1,1778,1
OH,DFW,BHM,2025,6,1175,29,18,3.0,"frozenset({5513, 5255})",5513,0.6206896551724138,True,2025-06,1,1779,2
OH,DCA,STL,2025,6,1199,22,16,7.0,frozenset({5109}),5109,0.7272727272727273,True,2025-06,1,1780,1
WN,PIT,DEN,2025,6,1160,10,6,0.0,"frozenset({522, 2359})",2359,0.6,True,2025-06,1,1781,2
WN,PIT,DEN,2025,6,1110,15,8,0.0,"frozenset({771, 4170, 522})",522,0.5333333333333333,True,2025-06,1,1782,2
OH,DCA,TLH,2025,6,1190,29,16,7.0,"frozenset({5597, 5477})",5477,0.5517241379310345,True,2025-06,1,1783,2
OH,DCA,TVC,2025,6,899,11,8,4.0,frozenset({5468}),5468,0.7272727272727273,True,2025-06,1,1784,1
WN,PIT,BWI,2025,6,1085,15,8,0.0,"frozenset({3387, 1797})",1797,0.5333333333333333,True,2025-06,1,1785,1
OH,DCA,TYS,2025,6,929,25,15,1.0,frozenset({5276}),5276,0.6,True,2025-06,1,1786,1
OH,DCA,TYS,2025,6,1210,26,16,5.0,frozenset({5484}),5484,0.6153846153846154,True,2025-06,2,723,3
WN,PIT,MCO,2025,6,1165,21,11,0.0,"frozenset({320, 2098, 2700, 1549})",2098,0.5238095238095238,True,2025-06,1,1787,1
OH,DCA,GSP,2025,6,1049,26,17,7.0,"frozenset({5608, 5274})",5274,0.6538461538461539,True,2025-06,1,1788,2
OH,ORD,GSP,2025,6,1130,26,21,2.0,frozenset({5181}),5181,0.8076923076923077,True,2025-06,1,1789,2
OH,ORF,CLT,2025,6,1090,16,11,1.0,frozenset({5635}),5635,0.6875,True,2025-06,1,1790,2
WN,LGA,DAL,2025,6,1105,21,13,2.0,"frozenset({3904, 4029})",3904,0.6190476190476191,True,2025-06,1,1791,2
OO,DFW,ASE,2025,6,1005,26,16,3.0,frozenset({6419}),6419,0.6153846153846154,True,2025-06,1,1792,1
WN,LBB,DAL,2025,6,1180,16,9,2.0,frozenset({3544}),3544,0.5625,True,2025-06,1,1793,1
DL,MCO,JFK,2025,6,1170,30,16,2.0,"frozenset({1685, 1511})",1685,0.5333333333333333,True,2025-06,1,1794,1
OO,DFW,JAN,2025,6,1214,22,13,1.0,frozenset({6359}),6359,0.5909090909090909,True,2025-06,1,1795,1
WN,LAX,SFO,2025,6,1240,10,7,0.0,"frozenset({3025, 2842, 636, 2303})",636,0.7,True,2025-06,1,1796,1
OO,DFW,SPS,2025,6,1370,26,15,4.0,frozenset({6420}),6420,0.5769230769230769,True,2025-06,1,1797,1
OO,DHN,ATL,2025,6,1100,19,11,0.0,frozenset({3922}),3922,0.5789473684210527,True,2025-06,1,1798,1
OO,DIK,DEN,2025,6,1067,26,14,0.0,"frozenset({5032, 5098})",5032,0.5384615384615384,True,2025-06,1,1799,1
OO,DLH,ORD,2025,6,1093,19,10,0.0,"frozenset({5321, 5716})",5716,0.5263157894736842,True,2025-06,1,1800,1
OO,DSM,ORD,2025,6,1078,26,18,1.0,frozenset({6536}),6536,0.6923076923076923,True,2025-06,1,1801,1
WN,LAX,DEN,2025,6,915,18,10,0.0,"frozenset({3489, 432, 2896, 1779, 4248})",3489,0.5555555555555556,True,2025-06,1,1802,1
OO,DVL,DEN,2025,6,1104,30,19,2.0,"frozenset({5043, 5053})",5053,0.6333333333333333,True,2025-06,1,1803,1
OO,EUG,SEA,2025,6,1165,11,6,0.0,frozenset({3406}),3406,0.5454545454545454,True,2025-06,1,1804,1
OO,FAR,DEN,2025,6,1005,30,18,1.0,frozenset({4634}),4634,0.6,True,2025-06,1,1805,2
OO,DEN,RAP,2025,6,1160,25,14,0.0,frozenset({5303}),5303,0.56,True,2025-06,2,542,2
OO,DEN,MKE,2025,6,1225,30,17,0.0,frozenset({4806}),4806,0.5666666666666667,True,2025-06,1,1806,1
OO,DEN,MAF,2025,6,1076,25,17,0.0,frozenset({4732}),4732,0.68,True,2025-06,1,1807,1
OO,DEN,LNK,2025,6,1224,30,19,1.0,frozenset({5824}),5824,0.6333333333333333,True,2025-06,1,1808,2
OO,CMH,ORD,2025,6,1249,22,17,0.0,frozenset({6532}),6532,0.7727272727272727,True,2025-06,1,1809,1
OO,COD,DEN,2025,6,1079,30,18,3.0,"frozenset({5101, 5085})",5085,0.6,True,2025-06,2,745,2
WN,LGA,DEN,2025,6,1055,23,16,2.0,"frozenset({1884, 2309, 3919})",2309,0.6956521739130435,True,2025-06,1,1810,2
OO,COS,DEN,2025,6,1110,30,16,4.0,"frozenset({4668, 5391})",4668,0.5333333333333333,True,2025-06,1,1811,1
OO,CPR,DEN,2025,6,911,30,18,0.0,frozenset({5809}),5809,0.6,True,2025-06,2,740,2
OO,DDC,DEN,2025,6,1140,22,15,1.0,"frozenset({5138, 5019})",5138,0.6818181818181818,True,2025-06,1,1812,1
OO,DEN,AMA,2025,6,875,25,13,0.0,frozenset({5233}),5233,0.52,True,2025-06,1,1813,1
OO,FNT,ORD,2025,6,1137,22,13,0.0,frozenset({4950}),4950,0.5909090909090909,True,2025-06,1,1814,2
OO,DEN,ASE,2025,6,1045,29,20,0.0,frozenset({5775}),5775,0.6896551724137931,True,2025-06,1,1815,2
OO,DEN,COS,2025,6,1185,30,17,0.0,frozenset({4650}),4650,0.5666666666666667,True,2025-06,1,1816,3
OO,DEN,CPR,2025,6,1145,30,16,1.0,frozenset({5802}),5802,0.5333333333333333,True,2025-06,1,1817,2
OO,DEN,DIK,2025,6,1230,30,16,3.0,"frozenset({5097, 5045})",5045,0.5333333333333333,True,2025-06,1,1818,1
OO,DEN,FAR,2025,6,1244,30,16,1.0,frozenset({5856}),5856,0.5333333333333333,True,2025-06,1,1819,1
OO,DEN,HOB,2025,6,1055,30,22,1.0,frozenset({5750}),5750,0.7333333333333333,True,2025-06,1,1820,1
OO,DEN,LAX,2025,6,1053,26,15,0.0,frozenset({6418}),6418,0.5769230769230769,True,2025-06,1,1821,1
OO,DEN,LNK,2025,6,1048,30,20,1.0,frozenset({5622}),5622,0.6666666666666666,True,2025-06,2,540,3
OO,DEN,BFL,2025,6,1155,30,16,0.0,frozenset({4672}),4672,0.5333333333333333,True,2025-06,1,1822,1
OO,CMH,ORD,2025,6,878,26,16,0.0,frozenset({4898}),4898,0.6153846153846154,True,2025-06,1,1823,2
OO,FSD,ORD,2025,6,1076,26,20,0.0,frozenset({6303}),6303,0.7692307692307693,True,2025-06,1,1824,1
OO,GRR,ORD,2025,6,767,25,18,0.0,frozenset({6361}),6361,0.72,True,2025-06,1,1825,2
OO,MEI,IAH,2025,6,843,22,13,3.0,frozenset({5068}),5068,0.5909090909090909,True,2025-06,1,1826,1
WN,LAS,DEN,2025,6,1055,29,15,0.0,"frozenset({1994, 1937, 2233, 2235, 985, 2621})",2235,0.5172413793103449,True,2025-06,1,1827,1
OO,MKE,ORD,2025,6,1033,47,29,0.0,"frozenset({5648, 6485})",6485,0.6170212765957447,True,2025-06,1,1828,1
OO,MOT,DEN,2025,6,1032,30,18,1.0,frozenset({5476}),5476,0.6,True,2025-06,1,1829,2
OO,MSO,DEN,2025,6,1035,30,16,1.0,"frozenset({5922, 5941})",5941,0.5333333333333333,True,2025-06,2,609,2
OO,OKC,DEN,2025,6,1024,30,19,0.0,frozenset({4768}),4768,0.6333333333333333,True,2025-06,2,607,3
OO,OKC,PHX,2025,6,1153,30,16,0.0,frozenset({4936}),4936,0.5333333333333333,True,2025-06,1,1830,1
WN,LAS,DEN,2025,6,955,12,7,0.0,"frozenset({2235, 3542})",2235,0.5833333333333334,True,2025-06,1,1831,2
OO,ORD,BNA,2025,6,1030,26,18,0.0,frozenset({6279}),6279,0.6923076923076923,True,2025-06,1,1832,2
WN,JAX,BWI,2025,6,1185,17,10,1.0,"frozenset({1872, 4027})",1872,0.5882352941176471,True,2025-06,1,1833,1
OO,ORD,BNA,2025,6,1227,26,15,0.0,frozenset({6326}),6326,0.5769230769230769,True,2025-06,1,1834,1
OO,ORD,BTV,2025,6,822,21,12,0.0,frozenset({4885}),4885,0.5714285714285714,True,2025-06,1,1835,1
OO,ORD,BTV,2025,6,1147,26,17,2.0,frozenset({4943}),4943,0.6538461538461539,True,2025-06,1,1836,2
OO,ORD,CLE,2025,6,820,22,12,2.0,"frozenset({4909, 6253})",6253,0.5454545454545454,True,2025-06,1,1837,1
OO,ORD,CLE,2025,6,873,19,13,0.0,frozenset({4909}),4909,0.6842105263157895,True,2025-06,1,1838,1
OO,MAF,DEN,2025,6,1025,30,16,1.0,"frozenset({5306, 4747})",5306,0.5333333333333333,True,2025-06,1,1839,1
OO,MAF,DEN,2025,6,540,30,16,0.0,"frozenset({4699, 5820})",5820,0.5333333333333333,True,2025-06,1,1840,1
OO,LNK,DEN,2025,6,1058,30,17,1.0,frozenset({5431}),5431,0.5666666666666667,True,2025-06,2,514,4
OO,LIT,DFW,2025,6,1008,26,17,2.0,frozenset({6346}),6346,0.6538461538461539,True,2025-06,1,1841,1
OO,HLN,DEN,2025,6,879,30,18,1.0,frozenset({5911}),5911,0.6,True,2025-06,1,1842,2
OO,HLN,DEN,2025,6,1059,30,16,0.0,frozenset({5784}),5784,0.5333333333333333,True,2025-06,2,503,3
OO,HYS,DEN,2025,6,1152,22,14,1.0,"frozenset({5088, 5107})",5107,0.6363636363636364,True,2025-06,1,1843,1
OO,IAH,MEM,2025,6,1000,17,9,0.0,frozenset({5361}),5361,0.5294117647058824,True,2025-06,1,1844,1
OO,ICT,DEN,2025,6,1045,30,17,1.0,frozenset({5597}),5597,0.5666666666666667,True,2025-06,1,1845,1
OO,ICT,ORD,2025,6,763,26,14,0.0,frozenset({4987}),4987,0.5384615384615384,True,2025-06,1,1846,1
OO,IDA,DEN,2025,6,1075,30,16,1.0,"frozenset({5318, 5551})",5551,0.5333333333333333,True,2025-06,2,499,2
WN,LAS,SAN,2025,6,925,15,8,0.0,"frozenset({482, 2167, 591})",2167,0.5333333333333333,True,2025-06,1,1847,1
OO,JAC,DEN,2025,6,1068,25,13,1.0,frozenset({5382}),5382,0.52,True,2025-06,2,498,2
OO,LAX,ASE,2025,6,885,24,13,0.0,frozenset({3704}),3704,0.5416666666666666,True,2025-06,1,1848,1
OO,LAX,PDX,2025,6,1206,26,15,0.0,frozenset({6424}),6424,0.5769230769230769,True,2025-06,1,1849,1
OO,LBB,DEN,2025,6,1045,30,19,0.0,frozenset({5989}),5989,0.6333333333333333,True,2025-06,1,1850,3
OO,LBF,DEN,2025,6,1150,22,14,0.0,"frozenset({5034, 5052})",5034,0.6363636363636364,True,2025-06,1,1851,1
OO,LBL,DEN,2025,6,1170,23,15,1.0,"frozenset({5122, 5086})",5122,0.6521739130434783,True,2025-06,1,1852,1
OO,LEX,ORD,2025,6,1128,26,18,0.0,frozenset({6314}),6314,0.6923076923076923,True,2025-06,1,1853,2
OO,LIT,DEN,2025,6,1004,30,21,0.0,frozenset({5369}),5369,0.7,True,2025-06,2,520,4
OO,JLN,DEN,2025,6,1109,30,19,1.0,"frozenset({5125, 5070})",5125,0.6333333333333333,True,2025-06,1,1854,1
OO,CLT,SHV,2025,6,1233,26,15,1.0,frozenset({6412}),6412,0.5769230769230769,True,2025-06,1,1855,1
OO,CLE,ORD,2025,6,1052,19,14,0.0,frozenset({4913}),4913,0.7368421052631579,True,2025-06,1,1856,2
OO,CLE,ORD,2025,6,992,22,14,2.0,frozenset({6527}),6527,0.6363636363636364,True,2025-06,1,1857,1
OH,PNS,CLT,2025,6,1118,22,12,1.0,frozenset({5634}),5634,0.5454545454545454,True,2025-06,1,1858,1
OH,PNS,DCA,2025,6,945,17,14,2.0,frozenset({5443}),5443,0.8235294117647058,True,2025-06,1,1859,1
OH,PNS,DFW,2025,6,813,26,15,2.0,frozenset({5535}),5535,0.5769230769230769,True,2025-06,1,1860,1
OH,PNS,DFW,2025,6,1056,26,17,2.0,frozenset({5647}),5647,0.6538461538461539,True,2025-06,1,1861,1
OH,PVD,DCA,2025,6,1188,26,18,11.0,"frozenset({5116, 5438})",5438,0.6923076923076923,True,2025-06,1,1862,2
WN,MCO,DAL,2025,6,1180,27,15,0.0,"frozenset({2618, 2669, 534, 286})",2669,0.5555555555555556,True,2025-06,1,1863,1
OH,RDU,DCA,2025,6,943,26,16,4.0,frozenset({5589}),5589,0.6153846153846154,True,2025-06,1,1864,2
OH,RIC,PHL,2025,6,1003,25,20,6.0,frozenset({5604}),5604,0.8,True,2025-06,1,1865,1
WN,MCO,CMH,2025,6,1295,17,9,0.0,"frozenset({1105, 3692})",3692,0.5294117647058824,True,2025-06,1,1866,1
OH,ROC,DCA,2025,6,1069,26,14,4.0,frozenset({5457}),5457,0.5384615384615384,True,2025-06,1,1867,3
OH,SAV,DCA,2025,6,1160,22,18,9.0,frozenset({5023}),5023,0.8181818181818182,True,2025-06,1,1868,2
OH,SBN,CLT,2025,6,1194,23,12,4.0,frozenset({5586}),5586,0.5217391304347826,True,2025-06,1,1869,1
OH,SDF,CLT,2025,6,1084,25,16,0.0,frozenset({5450}),5450,0.64,True,2025-06,1,1870,1
WN,MCI,DEN,2025,6,1195,11,6,0.0,"frozenset({3845, 2893, 1894})",3845,0.5454545454545454,True,2025-06,1,1871,1
OH,SDF,DCA,2025,6,1200,26,18,7.0,"frozenset({5186, 5268})",5268,0.6923076923076923,True,2025-06,1,1872,2
WN,MCO,DCA,2025,6,1220,25,16,0.0,"frozenset({2627, 3332, 806})",806,0.64,True,2025-06,1,1873,2
WN,MCO,MCI,2025,6,1210,26,14,0.0,"frozenset({353, 1579, 2644, 3311})",353,0.5384615384615384,True,2025-06,1,1874,2
OH,PIA,CLT,2025,6,966,30,19,0.0,frozenset({5187}),5187,0.6333333333333333,True,2025-06,1,1875,1
OH,PHL,RIC,2025,6,909,25,15,3.0,frozenset({5577}),5577,0.6,True,2025-06,1,1876,1
WN,MDW,BHM,2025,6,1250,16,10,1.0,"frozenset({2605, 4245})",2605,0.625,True,2025-06,1,1877,2
WN,MDW,BDL,2025,6,1160,10,6,0.0,frozenset({1542}),1542,0.6,True,2025-06,1,1878,1
WN,MCO,STL,2025,6,1310,19,10,0.0,"frozenset({4353, 2916, 533})",2916,0.5263157894736842,True,2025-06,1,1879,2
WN,MCO,MSY,2025,6,1310,22,16,0.0,"frozenset({1900, 149})",1900,0.7272727272727273,True,2025-06,1,1880,1
OH,ORF,DCA,2025,6,1217,22,15,8.0,frozenset({5162}),5162,0.6818181818181818,True,2025-06,1,1881,2
OH,PHL,BHM,2025,6,1167,29,15,3.0,"frozenset({5402, 5357})",5402,0.5172413793103449,True,2025-06,1,1882,1
OH,PHL,CLE,2025,6,1168,23,14,4.0,"frozenset({5352, 5279})",5352,0.6086956521739131,True,2025-06,1,1883,1
OH,SDF,DFW,2025,6,1005,26,15,3.0,frozenset({5060}),5060,0.5769230769230769,True,2025-06,1,1884,1
OH,PHL,CVG,2025,6,1115,27,14,1.0,"frozenset({5099, 5583})",5583,0.5185185185185185,True,2025-06,1,1885,1
OH,PHL,DTW,2025,6,1140,18,11,3.0,frozenset({5169}),5169,0.6111111111111112,True,2025-06,1,1886,1
OH,PHL,GSO,2025,6,972,22,12,0.0,frozenset({5255}),5255,0.5454545454545454,True,2025-06,1,1887,1
OH,PHL,GSP,2025,6,1115,30,20,3.0,"frozenset({5618, 5058})",5618,0.6666666666666666,True,2025-06,1,1888,1
OH,PHL,MEM,2025,6,1175,30,16,4.0,"frozenset({5616, 5449})",5616,0.5333333333333333,True,2025-06,1,1889,1
OH,PHL,OMA,2025,6,1159,26,14,3.0,frozenset({5545}),5545,0.5384615384615384,True,2025-06,1,1890,1
OH,PHL,ORF,2025,6,1184,26,17,2.0,"frozenset({5632, 5335})",5632,0.6538461538461539,True,2025-06,1,1891,2
OH,PHL,PNS,2025,6,1155,30,16,3.0,"frozenset({5345, 5330})",5345,0.5333333333333333,True,2025-06,1,1892,1
OH,PHL,DSM,2025,6,1185,26,18,5.0,frozenset({5478}),5478,0.6923076923076923,True,2025-06,1,1893,1
WN,MCI,DEN,2025,6,1145,11,11,0.0,"frozenset({130, 2427, 2893})",130,1.0,True,2025-06,1,1894,2
OH,SYR,DCA,2025,6,1066,26,17,10.0,"frozenset({5541, 5526})",5541,0.6538461538461539,True,2025-06,1,1895,2
OH,TLH,DFW,2025,6,1114,26,17,2.0,frozenset({5336}),5336,0.6538461538461539,True,2025-06,1,1896,1
OO,ASE,LAX,2025,6,1120,31,16,3.0,"frozenset({6522, 5940})",6522,0.5161290322580645,True,2025-06,1,1897,1
WN,LGA,MDW,2025,6,935,21,11,0.0,"frozenset({505, 3556})",505,0.5238095238095238,True,2025-06,1,1898,1
WN,LGA,HOU,2025,6,1050,25,16,0.0,"frozenset({3556, 3797})",3556,0.64,True,2025-06,1,1899,1
WN,LGA,HOU,2025,6,870,26,15,0.0,"frozenset({3555, 3398})",3555,0.5769230769230769,True,2025-06,1,1900,1
OO,AUS,DFW,2025,6,1045,30,21,3.0,"frozenset({6410, 6236})",6410,0.7,True,2025-06,1,1901,2
OO,BFF,DEN,2025,6,1101,30,18,1.0,"frozenset({5129, 5074})",5129,0.6,True,2025-06,1,1902,1
OO,BIL,DEN,2025,6,976,30,17,2.0,frozenset({5240}),5240,0.5666666666666667,True,2025-06,2,719,3
OO,ASE,IAH,2025,6,875,29,19,2.0,"frozenset({5702, 5806})",5806,0.6551724137931034,True,2025-06,1,1903,1
OO,BIS,DEN,2025,6,1029,30,17,2.0,frozenset({4642}),4642,0.5666666666666667,True,2025-06,1,1904,3
WN,LGA,DEN,2025,6,1315,25,15,3.0,"frozenset({3553, 4491})",3553,0.6,True,2025-06,1,1905,2
OO,BTV,ORD,2025,6,1045,21,17,1.0,frozenset({6330}),6330,0.8095238095238095,True,2025-06,1,1906,3
OO,BWI,ORD,2025,6,1120,15,8,0.0,frozenset({5396}),5396,0.5333333333333333,True,2025-06,1,1907,2
OO,BZN,DEN,2025,6,1064,30,16,0.0,"frozenset({5640, 5542})",5542,0.5333333333333333,True,2025-06,2,747,2
OO,CHA,CLT,2025,6,1096,26,17,1.0,frozenset({6351}),6351,0.6538461538461539,True,2025-06,1,1908,1
OO,CHA,DFW,2025,6,1088,26,15,4.0,frozenset({6354}),6354,0.5769230769230769,True,2025-06,1,1909,1
OO,CHA,ORD,2025,6,1055,11,9,1.0,frozenset({5350}),5350,0.8181818181818182,True,2025-06,1,1910,1
OO,BNA,ORD,2025,6,1162,26,22,0.0,frozenset({6389}),6389,0.8461538461538461,True,2025-06,1,1911,2
OH,ORD,TYS,2025,6,1129,26,16,2.0,frozenset({5341}),5341,0.6153846153846154,True,2025-06,1,1912,2
WN,LGA,MDW,2025,6,1090,23,15,2.0,"frozenset({3137, 3563, 2203, 301})",3563,0.6521739130434783,True,2025-06,1,1913,2
OO,ASE,DFW,2025,6,871,26,15,5.0,frozenset({6434}),6434,0.5769230769230769,True,2025-06,1,1914,1
WN,MCI,DEN,2025,6,1075,22,14,1.0,"frozenset({2161, 3845, 3629, 1894})",3629,0.6363636363636364,True,2025-06,1,1915,2
WN,MCI,DEN,2025,6,980,19,11,0.0,"frozenset({3628, 4542, 1286})",3628,0.5789473684210527,True,2025-06,1,1916,2
OH,TUL,DCA,2025,6,1041,22,13,5.0,frozenset({5395}),5395,0.5909090909090909,True,2025-06,1,1917,1
OH,TVC,DCA,2025,6,1067,11,7,4.0,"frozenset({5161, 5675})",5675,0.6363636363636364,True,2025-06,1,1918,1
WN,MCI,AUS,2025,6,1115,14,8,0.0,"frozenset({3283, 884})",3283,0.5714285714285714,True,2025-06,1,1919,2
WN,LIT,DEN,2025,6,955,14,8,0.0,"frozenset({3793, 2418})",3793,0.5714285714285714,True,2025-06,1,1920,2
WN,LGB,DEN,2025,6,920,10,8,0.0,"frozenset({2010, 2551})",2010,0.8,True,2025-06,1,1921,2
OO,ASE,DFW,2025,6,995,26,15,4.0,frozenset({6345}),6345,0.5769230769230769,True,2025-06,1,1922,1
OH,TYS,DCA,2025,6,1032,25,15,6.0,frozenset({5458}),5458,0.6,True,2025-06,1,1923,2
OH,VPS,CLT,2025,6,1115,26,16,3.0,frozenset({5201}),5201,0.6153846153846154,True,2025-06,1,1924,1
OH,XNA,CLT,2025,6,1103,21,12,1.0,frozenset({5269}),5269,0.5714285714285714,True,2025-06,1,1925,1
OH,XNA,PHL,2025,6,827,26,14,3.0,frozenset({5628}),5628,0.5384615384615384,True,2025-06,1,1926,1
WN,LGA,MSY,2025,6,1000,21,13,1.0,"frozenset({3730, 670})",670,0.6190476190476191,True,2025-06,1,1927,2
OO,ASE,AUS,2025,6,814,26,20,8.0,frozenset({6482}),6482,0.7692307692307693,True,2025-06,1,1928,2
OO,ASE,DEN,2025,6,930,24,17,4.0,frozenset({5776}),5776,0.7083333333333334,True,2025-06,1,1929,2
WN,LGA,MDW,2025,6,1305,22,12,2.0,"frozenset({1697, 3564, 3494})",3564,0.5454545454545454,True,2025-06,1,1930,2
OH,TYS,ORD,2025,6,1119,26,15,1.0,frozenset({5302}),5302,0.5769230769230769,True,2025-06,1,1931,2
OO,DFW,HOU,2025,6,1118,26,14,3.0,frozenset({6269}),6269,0.5384615384615384,True,2025-06,1,1932,1
AA,ABQ,DFW,2025,6,1025,30,16,3.0,frozenset({9}),9,0.5333333333333333,True,2025-06,1,1933,1
AS,KOA,SEA,2025,6,784,11,6,0.0,frozenset({808}),808,0.5454545454545454,True,2025-06,1,1934,1
AA,CLT,GSO,2025,6,1380,20,11,2.0,frozenset({2802}),2802,0.55,True,2025-06,1,1935,1
DL,ATL,RNO,2025,6,1199,30,18,3.0,frozenset({391}),391,0.6,True,2025-06,1,1936,1
AA,MKE,DFW,2025,6,1107,26,16,2.0,frozenset({869}),869,0.6153846153846154,True,2025-06,2,546,3
B6,JFK,FLL,2025,6,1260,25,13,3.0,"frozenset({2401, 2101})",2101,0.52,True,2025-06,1,1937,2
DL,ATL,RDU,2025,6,1316,28,16,1.0,"frozenset({2368, 3244})",3244,0.5714285714285714,True,2025-06,1,1938,1
DL,ATL,PWM,2025,6,1308,27,14,2.0,frozenset({2138}),2138,0.5185185185185185,True,2025-06,1,1939,1
AA,MSN,DFW,2025,6,1053,29,16,1.0,frozenset({1826}),1826,0.5517241379310345,True,2025-06,1,1940,1
DL,ATL,RSW,2025,6,1259,22,12,2.0,frozenset({1083}),1083,0.5454545454545454,True,2025-06,1,1941,1
AA,DFW,MCI,2025,6,1185,25,16,1.0,frozenset({2267}),2267,0.64,True,2025-06,1,1942,2
AA,DFW,MCI,2025,6,1300,26,18,1.0,frozenset({1036}),1036,0.6923076923076923,True,2025-06,1,1943,3
AA,PHL,MCO,2025,6,1020,26,15,2.0,frozenset({1673}),1673,0.5769230769230769,True,2025-06,1,1944,3
AA,PHL,MCO,2025,6,956,29,16,1.0,frozenset({2141}),2141,0.5517241379310345,True,2025-06,1,1945,3
AA,CLT,JFK,2025,6,1050,30,19,1.0,"frozenset({657, 1574})",657,0.6333333333333333,True,2025-06,1,1946,2
DL,ATL,PNS,2025,6,1225,25,15,1.0,frozenset({3021}),3021,0.6,True,2025-06,1,1947,1
DL,ATL,PHX,2025,6,1304,30,17,1.0,frozenset({842}),842,0.5666666666666667,True,2025-06,1,1948,1
AA,DFW,SYR,2025,6,1130,30,20,0.0,frozenset({421}),421,0.6666666666666666,True,2025-06,1,1949,1
AA,MSP,DFW,2025,6,1122,26,18,3.0,frozenset({2104}),2104,0.6923076923076923,True,2025-06,1,1950,1
AA,MSY,DFW,2025,6,1094,26,15,3.0,frozenset({2224}),2224,0.5769230769230769,True,2025-06,1,1951,2
AA,DFW,TPA,2025,6,866,26,16,1.0,frozenset({2512}),2512,0.6153846153846154,True,2025-06,1,1952,1
AA,DFW,MCI,2025,6,1051,30,18,3.0,"frozenset({2267, 2116})",2116,0.6,True,2025-06,1,1953,3
AA,PHL,ORD,2025,6,983,30,17,1.0,"frozenset({865, 3063})",865,0.5666666666666667,True,2025-06,1,1954,1
DL,ATL,VPS,2025,6,1247,28,15,1.0,frozenset({1684}),1684,0.5357142857142857,True,2025-06,1,1955,1
DL,ATL,TYS,2025,6,1383,30,17,3.0,frozenset({3072}),3072,0.5666666666666667,True,2025-06,1,1956,1
DL,ATL,TYS,2025,6,973,20,12,1.0,frozenset({1972}),1972,0.6,True,2025-06,1,1957,1
AA,MIA,PHL,2025,6,1005,26,14,0.0,frozenset({3060}),3060,0.5384615384615384,True,2025-06,1,1958,1
AA,CLT,FLL,2025,6,1155,26,16,2.0,frozenset({976}),976,0.6153846153846154,True,2025-06,1,1959,1
DL,ATL,TPA,2025,6,1423,16,9,1.0,frozenset({326}),326,0.5625,True,2025-06,1,1960,2
B6,JFK,DCA,2025,6,1290,30,16,1.0,frozenset({955}),955,0.5333333333333333,True,2025-06,1,1961,2
AA,PHL,MSP,2025,6,1204,20,11,1.0,frozenset({1841}),1841,0.55,True,2025-06,1,1962,2
DL,ATL,SRQ,2025,6,1185,13,7,0.0,frozenset({1057}),1057,0.5384615384615384,True,2025-06,1,1963,1
AA,CLT,GRR,2025,6,1240,26,14,1.0,frozenset({3113}),3113,0.5384615384615384,True,2025-06,1,1964,1
DL,ATL,SLC,2025,6,1363,29,16,1.0,frozenset({453}),453,0.5517241379310345,True,2025-06,1,1965,1
B6,JFK,BUR,2025,6,1019,30,18,0.0,frozenset({358}),358,0.6,True,2025-06,1,1966,1
DL,ATL,SLC,2025,6,1191,30,16,1.0,frozenset({660}),660,0.5333333333333333,True,2025-06,1,1967,1
DL,ATL,SGF,2025,6,1038,18,11,1.0,frozenset({1530}),1530,0.6111111111111112,True,2025-06,1,1968,1
AA,DEN,ORD,2025,6,1050,26,16,0.0,frozenset({2712}),2712,0.6153846153846154,True,2025-06,1,1969,1
DL,ATL,TPA,2025,6,1240,23,18,1.0,frozenset({1591}),1591,0.782608695652174,True,2025-06,1,1970,1
B6,JFK,BUF,2025,6,1335,19,11,0.0,frozenset({102}),102,0.5789473684210527,True,2025-06,1,1971,2
DL,ATL,PHL,2025,6,1230,27,15,0.0,frozenset({1174}),1174,0.5555555555555556,True,2025-06,1,1972,1
DL,ATL,PBI,2025,6,1317,30,16,1.0,"frozenset({1065, 1495})",1495,0.5333333333333333,True,2025-06,1,1973,1
AA,DEN,CLT,2025,6,960,30,16,1.0,frozenset({1283}),1283,0.5333333333333333,True,2025-06,1,1974,2
DL,ATL,MIA,2025,6,1252,17,11,1.0,"frozenset({1234, 1588})",1234,0.6470588235294118,True,2025-06,1,1975,1
AA,OMA,DFW,2025,6,1176,25,13,3.0,frozenset({2270}),2270,0.52,True,2025-06,1,1976,1
B6,JFK,ROC,2025,6,1310,30,16,0.0,frozenset({1186}),1186,0.5333333333333333,True,2025-06,1,1977,2
DL,ATL,MIA,2025,6,973,29,17,0.0,"frozenset({1328, 1323})",1323,0.5862068965517241,True,2025-06,1,1978,1
AA,PHL,CLT,2025,6,1122,30,16,2.0,frozenset({3218}),3218,0.5333333333333333,True,2025-06,1,1979,1
B6,JFK,SAV,2025,6,991,21,12,1.0,frozenset({341}),341,0.5714285714285714,True,2025-06,1,1980,2
B6,JFK,RDU,2025,6,1229,19,15,2.0,frozenset({185}),185,0.7894736842105263,True,2025-06,1,1981,2
AA,ORD,ATL,2025,6,929,26,17,0.0,frozenset({3175}),3175,0.6538461538461539,True,2025-06,1,1982,1
AA,DFW,MCO,2025,6,1000,26,20,0.0,frozenset({2791}),2791,0.7692307692307693,True,2025-06,1,1983,3
AA,CLT,MCO,2025,6,1080,26,16,3.0,frozenset({612}),612,0.6153846153846154,True,2025-06,1,1984,3
B6,JFK,SFO,2025,6,1190,30,16,0.0,frozenset({615}),615,0.5333333333333333,True,2025-06,1,1985,1
AA,ORD,BNA,2025,6,1334,26,17,2.0,frozenset({1880}),1880,0.6538461538461539,True,2025-06,1,1986,2
AA,DCA,TPA,2025,6,954,26,16,0.0,frozenset({1944}),1944,0.6153846153846154,True,2025-06,1,1987,1
AA,CLT,MCO,2025,6,1155,30,20,0.0,"frozenset({3200, 612, 1783})",1783,0.6666666666666666,True,2025-06,1,1988,2
B6,JFK,SYR,2025,6,1350,30,16,0.0,frozenset({1516}),1516,0.5333333333333333,True,2025-06,1,1989,1
AA,ORD,ATL,2025,6,1116,22,15,0.0,frozenset({2779}),2779,0.6818181818181818,True,2025-06,1,1990,1
DL,ATL,PHL,2025,6,1139,25,13,1.0,frozenset({2065}),2065,0.52,True,2025-06,1,1991,2
AA,OKC,DFW,2025,6,899,18,10,0.0,frozenset({2929}),2929,0.5555555555555556,True,2025-06,1,1992,1
B6,JFK,PWM,2025,6,1335,19,12,0.0,frozenset({308}),308,0.631578947368421,True,2025-06,1,1993,2
AA,PHL,JAX,2025,6,975,30,17,1.0,frozenset({1970}),1970,0.5666666666666667,True,2025-06,1,1994,1
DL,ATL,PBI,2025,6,1232,30,18,1.0,"frozenset({1065, 1058})",1065,0.6,True,2025-06,1,1995,1
DL,ATL,PBI,2025,6,1166,30,17,1.0,frozenset({1606}),1606,0.5666666666666667,True,2025-06,1,1996,1
DL,ATL,ORD,2025,6,1054,25,15,0.0,frozenset({2879}),2879,0.6,True,2025-06,1,1997,2
AA,CLT,JFK,2025,6,1204,30,24,2.0,frozenset({1727}),1727,0.8,True,2025-06,1,1998,2
AA,DEN,DFW,2025,6,1111,30,23,2.0,frozenset({1322}),1322,0.7666666666666667,True,2025-06,1,1999,3
AA,PHL,IAH,2025,6,1125,30,16,2.0,"frozenset({889, 3021})",3021,0.5333333333333333,True,2025-06,1,2000,2
AA,MYR,DFW,2025,6,1077,26,15,1.0,frozenset({2180}),2180,0.5769230769230769,True,2025-06,1,2001,1
B6,JFK,PBI,2025,6,920,19,10,1.0,frozenset({53}),53,0.5263157894736842,True,2025-06,1,2002,2
B6,JFK,PIT,2025,6,1319,30,18,1.0,frozenset({1195}),1195,0.6,True,2025-06,1,2003,2
DL,ATL,MOB,2025,6,1390,23,13,2.0,frozenset({2029}),2029,0.5652173913043478,True,2025-06,1,2004,1
AA,CLT,LAX,2025,6,1123,30,16,0.0,frozenset({3035}),3035,0.5333333333333333,True,2025-06,1,2005,1
AA,CLT,LGA,2025,6,950,26,14,2.0,"frozenset({1722, 1942})",1942,0.5384615384615384,True,2025-06,1,2006,2
AA,CLT,LGA,2025,6,1000,26,14,5.0,frozenset({1722}),1722,0.5384615384615384,True,2025-06,1,2007,2
DL,ATL,MOB,2025,6,1012,21,12,0.0,frozenset({1937}),1937,0.5714285714285714,True,2025-06,1,2008,1
AA,DEN,DFW,2025,6,996,30,19,1.0,frozenset({1832}),1832,0.6333333333333333,True,2025-06,1,2009,3
DL,ATL,MSP,2025,6,1152,30,17,0.0,frozenset({1280}),1280,0.5666666666666667,True,2025-06,1,2010,1
B6,LAS,JFK,2025,6,770,11,6,0.0,frozenset({748}),748,0.5454545454545454,True,2025-06,1,2011,1
B6,JFK,BUF,2025,6,1033,23,13,2.0,frozenset({1202}),1202,0.5652173913043478,True,2025-06,1,2012,2
DL,AUS,LAX,2025,6,1165,24,15,0.0,"frozenset({1584, 487})",1584,0.625,True,2025-06,1,2013,1
DL,DTW,EWR,2025,6,1063,13,9,0.0,frozenset({2567}),2567,0.6923076923076923,True,2025-06,1,2014,2
AA,MEM,DFW,2025,6,1173,20,11,3.0,"frozenset({2153, 2151})",2151,0.55,True,2025-06,1,2015,1
AA,DFW,BNA,2025,6,1259,30,18,1.0,frozenset({1500}),1500,0.6,True,2025-06,1,2016,1
AA,MEM,MIA,2025,6,1065,20,11,0.0,frozenset({3199}),3199,0.55,True,2025-06,1,2017,1
DL,DTW,DCA,2025,6,898,29,19,1.0,frozenset({1454}),1454,0.6551724137931034,True,2025-06,2,855,3
AA,CLT,BWI,2025,6,1169,20,16,0.0,frozenset({1495}),1495,0.8,True,2025-06,1,2018,2
AA,DFW,LAS,2025,6,1319,29,16,1.0,"frozenset({2872, 2390})",2872,0.5517241379310345,True,2025-06,1,2019,1
AA,MEM,CLT,2025,6,1122,26,15,0.0,frozenset({1786}),1786,0.5769230769230769,True,2025-06,1,2020,1
B6,FLL,DCA,2025,6,1005,19,10,0.0,frozenset({1880}),1880,0.5263157894736842,True,2025-06,1,2021,2
B6,FLL,DCA,2025,6,1105,19,10,0.0,frozenset({2080}),2080,0.5263157894736842,True,2025-06,1,2022,2
AA,DFW,LAS,2025,6,1379,30,20,0.0,frozenset({2998}),2998,0.6666666666666666,True,2025-06,1,2023,3
B6,FLL,EWR,2025,6,1076,12,9,0.0,frozenset({106}),106,0.75,True,2025-06,1,2024,2
AA,DFW,TUS,2025,6,1397,26,15,3.0,frozenset({785}),785,0.5769230769230769,True,2025-06,1,2025,2
DL,DEN,SEA,2025,6,1180,23,13,1.0,frozenset({1675}),1675,0.5652173913043478,True,2025-06,1,2026,1
DL,DEN,MSP,2025,6,1154,25,14,0.0,frozenset({1220}),1220,0.56,True,2025-06,1,2027,2
AA,MIA,DCA,2025,6,945,26,14,0.0,frozenset({2412}),2412,0.5384615384615384,True,2025-06,1,2028,2
DL,DTW,AUS,2025,6,984,26,14,0.0,frozenset({1612}),1612,0.5384615384615384,True,2025-06,1,2029,1
DL,DEN,LGA,2025,6,1065,26,15,3.0,frozenset({716}),716,0.5769230769230769,True,2025-06,1,2030,2
AA,PIT,DFW,2025,6,1166,30,16,0.0,frozenset({1868}),1868,0.5333333333333333,True,2025-06,1,2031,2
AA,DFW,LAS,2025,6,1163,26,15,2.0,frozenset({1771}),1771,0.5769230769230769,True,2025-06,1,2032,3
AA,PVD,DCA,2025,6,1052,11,7,0.0,"frozenset({739, 3238})",3238,0.6363636363636364,True,2025-06,1,2033,1
AA,PVD,CLT,2025,6,1157,22,14,1.0,frozenset({2338}),2338,0.6363636363636364,True,2025-06,1,2034,1
AA,MCO,ORD,2025,6,1055,26,19,1.0,frozenset({2153}),2153,0.7307692307692307,True,2025-06,1,2035,2
AA,MCO,ORD,2025,6,1151,30,19,0.0,frozenset({1247}),1247,0.6333333333333333,True,2025-06,2,978,4
B6,EWR,MCO,2025,6,1027,17,10,1.0,frozenset({1727}),1727,0.5882352941176471,True,2025-06,2,769,3
DL,DTW,LGA,2025,6,1087,26,15,1.0,frozenset({2604}),2604,0.5769230769230769,True,2025-06,1,2036,2
B6,EWR,MCO,2025,6,1310,17,10,0.0,frozenset({1827}),1827,0.5882352941176471,True,2025-06,1,2037,3
AA,PIT,ORD,2025,6,1225,26,15,1.0,frozenset({2902}),2902,0.5769230769230769,True,2025-06,1,2038,2
AA,CLT,AUS,2025,6,1230,26,14,2.0,frozenset({434}),434,0.5384615384615384,True,2025-06,1,2039,1
AA,DFW,VPS,2025,6,1003,27,14,2.0,"frozenset({2673, 2262})",2673,0.5185185185185185,True,2025-06,1,2040,1
AA,MCO,PHL,2025,6,1047,29,18,2.0,frozenset({2502}),2502,0.6206896551724138,True,2025-06,2,971,4
AA,CLT,BNA,2025,6,1263,30,18,2.0,frozenset({526}),526,0.6,True,2025-06,1,2041,1
AA,MCO,PHL,2025,6,1159,29,17,2.0,frozenset({2805}),2805,0.5862068965517241,True,2025-06,2,970,3
DL,DTW,JFK,2025,6,983,23,12,0.0,frozenset({2934}),2934,0.5217391304347826,True,2025-06,1,2042,1
B6,EWR,TPA,2025,6,938,19,11,1.0,frozenset({873}),873,0.5789473684210527,True,2025-06,1,2043,2
AA,PIT,PHL,2025,6,999,30,16,1.0,"frozenset({3248, 1142})",3248,0.5333333333333333,True,2025-06,1,2044,3
AA,CLT,AVL,2025,6,1139,16,9,2.0,frozenset({1375}),1375,0.5625,True,2025-06,1,2045,1
AA,PHL,ORD,2025,6,1115,30,16,2.0,frozenset({490}),490,0.5333333333333333,True,2025-06,1,2046,2
AA,CLT,CID,2025,6,1365,26,14,1.0,frozenset({1887}),1887,0.5384615384615384,True,2025-06,1,2047,1
AA,CLT,CLE,2025,6,1369,30,16,1.0,frozenset({2260}),2260,0.5333333333333333,True,2025-06,1,2048,1
AA,DFW,LBB,2025,6,1366,30,16,3.0,"frozenset({1635, 2452})",2452,0.5333333333333333,True,2025-06,1,2049,2
B6,IAH,BOS,2025,6,1009,13,8,1.0,frozenset({932}),932,0.6153846153846154,True,2025-06,1,2050,1
B6,JAX,BOS,2025,6,1249,13,7,0.0,frozenset({810}),810,0.5384615384615384,True,2025-06,1,2051,1
AA,DFW,LGA,2025,6,811,26,16,0.0,"frozenset({672, 2388})",2388,0.6153846153846154,True,2025-06,1,2052,2
AA,DFW,ATL,2025,6,985,30,18,3.0,frozenset({2403}),2403,0.6,True,2025-06,1,2053,3
AA,CLT,DFW,2025,6,1230,26,15,3.0,"frozenset({2947, 3124})",3124,0.5769230769230769,True,2025-06,1,2054,1
AA,MIA,MCI,2025,6,1302,26,15,0.0,frozenset({670}),670,0.5769230769230769,True,2025-06,1,2055,1
AA,CLT,DEN,2025,6,1290,30,19,1.0,"frozenset({3156, 2870})",3156,0.6333333333333333,True,2025-06,1,2056,2
B6,JFK,ATL,2025,6,1255,13,9,4.0,frozenset({719}),719,0.6923076923076923,True,2025-06,1,2057,2
AA,DFW,LGA,2025,6,1043,30,17,2.0,"frozenset({1011, 2142})",2142,0.5666666666666667,True,2025-06,1,2058,2
AA,PHL,PBI,2025,6,1180,28,15,3.0,frozenset({3145}),3145,0.5357142857142857,True,2025-06,1,2059,2
B6,JFK,BNA,2025,6,1200,19,12,2.0,frozenset({473}),473,0.631578947368421,True,2025-06,1,2060,2
DL,BOS,DEN,2025,6,1215,15,10,0.0,frozenset({2199}),2199,0.6666666666666666,True,2025-06,1,2061,1
AA,CLT,EWR,2025,6,867,30,16,1.0,"frozenset({3258, 1330})",3258,0.5333333333333333,True,2025-06,1,2062,2
AA,CLT,EWR,2025,6,1005,21,12,3.0,frozenset({1330}),1330,0.5714285714285714,True,2025-06,2,678,3
AA,CLT,EWR,2025,6,1232,26,14,3.0,frozenset({2794}),2794,0.5384615384615384,True,2025-06,1,2063,3
AA,CLT,DTW,2025,6,1240,26,17,0.0,frozenset({419}),419,0.6538461538461539,True,2025-06,1,2064,1
DL,DCA,MSP,2025,6,1134,28,16,0.0,frozenset({2963}),2963,0.5714285714285714,True,2025-06,1,2065,2
AA,MIA,LGA,2025,6,1028,30,16,3.0,frozenset({2669}),2669,0.5333333333333333,True,2025-06,1,2066,2
DL,BWI,ATL,2025,6,1105,27,17,0.0,frozenset({1267}),1267,0.6296296296296297,True,2025-06,1,2067,2
AA,DFW,BNA,2025,6,901,26,14,0.0,"frozenset({2244, 2126})",2244,0.5384615384615384,True,2025-06,1,2068,2
AA,MIA,JAX,2025,6,1355,26,14,1.0,frozenset({416}),416,0.5384615384615384,True,2025-06,1,2069,1
AA,MIA,JFK,2025,6,979,26,15,2.0,frozenset({2026}),2026,0.5769230769230769,True,2025-06,1,2070,1
DL,DCA,DTW,2025,6,1049,29,19,1.0,frozenset({1454}),1454,0.6551724137931034,True,2025-06,2,838,3
AA,CLT,CMH,2025,6,1261,27,17,2.0,"frozenset({1891, 1540})",1540,0.6296296296296297,True,2025-06,1,2071,1
AA,CLT,DCA,2025,6,853,26,14,0.0,frozenset({2839}),2839,0.5384615384615384,True,2025-06,1,2072,2
B6,FLL,JFK,2025,6,1117,27,15,0.0,frozenset({602}),602,0.5555555555555556,True,2025-06,1,2073,2
AA,CLT,DEN,2025,6,1112,26,18,0.0,frozenset({1529}),1529,0.6923076923076923,True,2025-06,1,2074,2
AA,PHL,STL,2025,6,944,20,13,1.0,frozenset({2554}),2554,0.65,True,2025-06,1,2075,1
AA,DFW,LAX,2025,6,1180,28,16,1.0,"frozenset({3328, 1084})",3328,0.5714285714285714,True,2025-06,1,2076,2
AA,CLT,DCA,2025,6,1084,25,16,1.0,frozenset({527}),527,0.64,True,2025-06,1,2077,2
DL,CLT,ATL,2025,6,1081,23,13,2.0,frozenset({2135}),2135,0.5652173913043478,True,2025-06,1,2078,1
B6,FLL,LGA,2025,6,1024,19,12,0.0,frozenset({472}),472,0.631578947368421,True,2025-06,1,2079,2
DL,CHA,ATL,2025,6,983,20,11,2.0,frozenset({2388}),2388,0.55,True,2025-06,1,2080,1
DL,BWI,ATL,2025,6,1183,19,12,1.0,frozenset({2928}),2928,0.631578947368421,True,2025-06,1,2081,1
B6,HPN,MCO,2025,6,965,19,11,0.0,frozenset({495}),495,0.5789473684210527,True,2025-06,1,2082,2
DL,DCA,ATL,2025,6,1110,29,15,2.0,frozenset({850}),850,0.5172413793103449,True,2025-06,1,2083,1
DL,DTW,MCO,2025,6,965,30,16,0.0,frozenset({1133}),1133,0.5333333333333333,True,2025-06,1,2084,3
DL,ATL,MCO,2025,6,1305,26,14,1.0,frozenset({1162}),1162,0.5384615384615384,True,2025-06,1,2085,1
DL,ATL,MCO,2025,6,1170,30,18,0.0,frozenset({2881}),2881,0.6,True,2025-06,1,2086,3
AA,DFW,OKC,2025,6,1313,26,14,1.0,frozenset({1458}),1458,0.5384615384615384,True,2025-06,1,2087,1
DL,ATL,DCA,2025,6,1259,26,14,2.0,frozenset({378}),378,0.5384615384615384,True,2025-06,1,2088,2
AA,DFW,OKC,2025,6,1375,30,17,2.0,frozenset({2734}),2734,0.5666666666666667,True,2025-06,1,2089,1
DL,ATL,DCA,2025,6,1199,26,15,1.0,frozenset({727}),727,0.5769230769230769,True,2025-06,1,2090,2
AA,CLT,RSW,2025,6,1300,26,15,4.0,frozenset({1176}),1176,0.5769230769230769,True,2025-06,1,2091,1
B6,MIA,BOS,2025,6,874,19,11,0.0,frozenset({1220}),1220,0.5789473684210527,True,2025-06,1,2092,1
AA,CLT,SAT,2025,6,1215,30,16,1.0,"frozenset({2441, 366})",2441,0.5333333333333333,True,2025-06,1,2093,1
B6,MCO,SJU,2025,6,1335,14,10,0.0,frozenset({1433}),1433,0.7142857142857143,True,2025-06,1,2094,2
AA,ORD,LGA,2025,6,767,22,12,4.0,frozenset({2041}),2041,0.5454545454545454,True,2025-06,1,2095,1
DL,ATL,DCA,2025,6,1007,29,17,0.0,frozenset({950}),950,0.5862068965517241,True,2025-06,1,2096,2
DL,ATL,CMH,2025,6,1194,16,9,1.0,"frozenset({1545, 2636})",1545,0.5625,True,2025-06,1,2097,1
AA,DCA,CHS,2025,6,1030,22,12,2.0,frozenset({1040}),1040,0.5454545454545454,True,2025-06,1,2098,2
DL,ATL,CLT,2025,6,1361,30,17,1.0,"frozenset({3177, 1959})",1959,0.5666666666666667,True,2025-06,1,2099,1
DL,ATL,CLT,2025,6,1295,12,7,2.0,frozenset({3137}),3137,0.5833333333333334,True,2025-06,1,2100,1
B6,MVY,DCA,2025,6,926,19,10,1.0,frozenset({1413}),1413,0.5263157894736842,True,2025-06,1,2101,1
B6,ORF,BOS,2025,6,1077,30,19,0.0,frozenset({1814}),1814,0.6333333333333333,True,2025-06,1,2102,2
DL,ATL,DCA,2025,6,1139,30,18,2.0,frozenset({325}),325,0.6,True,2025-06,1,2103,1
DL,ATL,CLE,2025,6,1310,29,16,1.0,frozenset({971}),971,0.5517241379310345,True,2025-06,1,2104,1
AA,DFW,RSW,2025,6,903,29,15,0.0,frozenset({2736}),2736,0.5172413793103449,True,2025-06,1,2105,1
DL,ATL,DEN,2025,6,1139,30,19,0.0,frozenset({746}),746,0.6333333333333333,True,2025-06,1,2106,2
DL,ATL,DFW,2025,6,1230,18,14,1.0,frozenset({31}),31,0.7777777777777778,True,2025-06,1,2107,2
B6,MCO,JFK,2025,6,1141,30,18,0.0,"frozenset({2984, 1284})",2984,0.6,True,2025-06,1,2108,3
DL,ATL,DFW,2025,6,1038,22,12,0.0,frozenset({436}),436,0.5454545454545454,True,2025-06,2,530,2
AA,ORD,JAX,2025,6,1199,22,13,4.0,frozenset({2096}),2096,0.5909090909090909,True,2025-06,1,2109,2
DL,ATL,DFW,2025,6,921,29,16,0.0,frozenset({374}),374,0.5517241379310345,True,2025-06,2,532,2
AA,DFW,MSO,2025,6,1160,22,14,0.0,frozenset({2941}),2941,0.6363636363636364,True,2025-06,1,2110,1
AA,DFW,MSP,2025,6,926,26,15,1.0,frozenset({2104}),2104,0.5769230769230769,True,2025-06,1,2111,1
DL,ATL,DEN,2025,6,1013,30,23,0.0,frozenset({519}),519,0.7666666666666667,True,2025-06,1,2112,2
AA,ORD,JFK,2025,6,1019,30,20,1.0,"frozenset({696, 2091})",2091,0.6666666666666666,True,2025-06,1,2113,1
AA,DFW,MSY,2025,6,955,26,14,3.0,"frozenset({2224, 2291})",2224,0.5384615384615384,True,2025-06,1,2114,1
AA,DCA,DFW,2025,6,1035,30,17,2.0,"frozenset({1650, 1414})",1414,0.5666666666666667,True,2025-06,1,2115,1
B6,MCO,LGA,2025,6,959,23,12,0.0,frozenset({1098}),1098,0.5217391304347826,True,2025-06,1,2116,2
B6,MCO,LGA,2025,6,1133,16,10,0.0,frozenset({798}),798,0.625,True,2025-06,1,2117,2
AA,DFW,SAN,2025,6,1379,30,16,3.0,frozenset({2568}),2568,0.5333333333333333,True,2025-06,1,2118,3
AA,CLT,RDU,2025,6,1107,24,14,2.0,"frozenset({1904, 1645})",1904,0.5833333333333334,True,2025-06,1,2119,2
DL,ATL,DEN,2025,6,1378,16,9,2.0,frozenset({956}),956,0.5625,True,2025-06,2,631,3
AA,DCA,DFW,2025,6,1173,25,13,5.0,frozenset({1158}),1158,0.52,True,2025-06,1,2120,2
AA,DFW,MSN,2025,6,1267,30,18,1.0,frozenset({876}),876,0.6,True,2025-06,1,2121,1
DL,ATL,CHA,2025,6,1220,20,11,1.0,frozenset({1366}),1366,0.55,True,2025-06,1,2122,1
AA,CLT,SDF,2025,6,1359,30,16,5.0,frozenset({671}),671,0.5333333333333333,True,2025-06,1,2123,2
AA,DFW,PHL,2025,6,906,26,17,2.0,frozenset({410}),410,0.6538461538461539,True,2025-06,1,2124,1
B6,PBI,JFK,2025,6,1206,18,11,1.0,frozenset({1154}),1154,0.6111111111111112,True,2025-06,1,2125,2
AA,DFW,PHL,2025,6,792,30,18,2.0,"frozenset({1781, 2989})",1781,0.6,True,2025-06,1,2126,1
AA,ORD,MCO,2025,6,1010,26,17,0.0,frozenset({486}),486,0.6538461538461539,True,2025-06,1,2127,2
AA,CLT,SMF,2025,6,1150,25,16,2.0,frozenset({2508}),2508,0.64,True,2025-06,1,2128,1
B6,SAV,JFK,2025,6,1199,22,14,1.0,frozenset({342}),342,0.6363636363636364,True,2025-06,1,2129,2
AA,DFW,ORD,2025,6,1105,33,21,1.0,"frozenset({2881, 1309})",2881,0.6363636363636364,True,2025-06,2,918,3
AA,DFW,PHL,2025,6,1128,30,18,1.0,"frozenset({3242, 2542})",3242,0.6,True,2025-06,1,2130,1
AA,CLT,TPA,2025,6,1055,26,17,0.0,frozenset({1550}),1550,0.6538461538461539,True,2025-06,1,2131,1
B6,PIT,BOS,2025,6,1059,15,8,0.0,frozenset({1786}),1786,0.5333333333333333,True,2025-06,1,2132,1
AA,DFW,PDX,2025,6,1359,26,19,0.0,frozenset({2620}),2620,0.7307692307692307,True,2025-06,1,2133,1
B6,RSW,BOS,2025,6,1237,14,10,1.0,frozenset({2066}),2066,0.7142857142857143,True,2025-06,1,2134,1
AA,ORD,OMA,2025,6,1352,26,14,1.0,frozenset({3198}),3198,0.5384615384615384,True,2025-06,1,2135,2
AA,ORD,PDX,2025,6,1222,28,15,1.0,frozenset({2977}),2977,0.5357142857142857,True,2025-06,1,2136,2
AA,CLT,VPS,2025,6,1262,30,16,0.0,frozenset({2197}),2197,0.5333333333333333,True,2025-06,1,2137,1
AA,CMH,DFW,2025,6,1163,25,13,3.0,"frozenset({2337, 3079})",2337,0.52,True,2025-06,1,2138,1
B6,PHL,BOS,2025,6,1160,17,9,0.0,frozenset({560}),560,0.5294117647058824,True,2025-06,1,2139,2
DL,ATL,CHA,2025,6,1132,21,12,2.0,frozenset({3235}),3235,0.5714285714285714,True,2025-06,1,2140,1
B6,TPA,EWR,2025,6,1139,19,11,0.0,frozenset({874}),874,0.5789473684210527,True,2025-06,1,2141,2
B6,PBI,EWR,2025,6,1206,17,10,0.0,frozenset({144}),144,0.5882352941176471,True,2025-06,2,638,3
AA,ORD,SEA,2025,6,1296,16,9,0.0,frozenset({3029}),3029,0.5625,True,2025-06,1,2142,2
DL,ATL,BWI,2025,6,1363,30,17,1.0,frozenset({2590}),2590,0.5666666666666667,True,2025-06,1,2143,1
DL,ATL,BWI,2025,6,932,27,14,0.0,frozenset({1267}),1267,0.5185185185185185,True,2025-06,1,2144,2
AA,DFW,OMA,2025,6,1020,25,13,1.0,frozenset({2270}),2270,0.52,True,2025-06,1,2145,1
DL,ATL,BNA,2025,6,1170,11,6,0.0,frozenset({2725}),2725,0.5454545454545454,True,2025-06,1,2146,1
AA,DFW,ONT,2025,6,1375,30,18,2.0,"frozenset({1534, 711})",1534,0.6,True,2025-06,1,2147,2
AA,DFW,PHX,2025,6,1244,29,15,0.0,"frozenset({1317, 1222})",1222,0.5172413793103449,True,2025-06,1,2148,2
AA,ORD,PHX,2025,6,1338,26,15,0.0,frozenset({2504}),2504,0.5769230769230769,True,2025-06,1,2149,1
DL,ATL,AUS,2025,6,1297,30,18,2.0,frozenset({1081}),1081,0.6,True,2025-06,1,2150,1
AA,ORD,SAT,2025,6,1241,26,15,2.0,frozenset({431}),431,0.5769230769230769,True,2025-06,1,2151,1
DL,ATL,AGS,2025,6,1226,18,12,0.0,frozenset({2405}),2405,0.6666666666666666,True,2025-06,1,2152,1
AA,CLT,SFO,2025,6,1155,16,10,2.0,frozenset({2411}),2411,0.625,True,2025-06,1,2153,2
AA,DCA,BOS,2025,6,1020,26,15,1.0,"frozenset({3295, 3207})",3207,0.5769230769230769,True,2025-06,1,2154,2
AA,CLT,SFO,2025,6,1226,30,19,1.0,frozenset({1580}),1580,0.6333333333333333,True,2025-06,1,2155,1
AA,DCA,BNA,2025,6,1210,22,12,1.0,frozenset({1163}),1163,0.5454545454545454,True,2025-06,1,2156,1
B6,TPA,LGA,2025,6,1121,25,16,0.0,"frozenset({48, 1248})",1248,0.64,True,2025-06,1,2157,2
DL,ATL,AUS,2025,6,1035,30,17,0.0,frozenset({1060}),1060,0.5666666666666667,True,2025-06,2,713,3
DL,ATL,MCO,2025,6,1245,28,16,1.0,frozenset({1733}),1733,0.5714285714285714,True,2025-06,1,2158,2
B6,MCO,JFK,2025,6,1085,30,19,0.0,"frozenset({2984, 1284})",1284,0.6333333333333333,True,2025-06,1,2159,2
AA,DFW,SAV,2025,6,1147,30,16,0.0,frozenset({2327}),2327,0.5333333333333333,True,2025-06,2,905,3
AA,ORD,DCA,2025,6,1070,26,15,0.0,frozenset({2999}),2999,0.5769230769230769,True,2025-06,1,2160,2
DL,ATL,JFK,2025,6,1360,30,16,0.0,frozenset({2386}),2386,0.5333333333333333,True,2025-06,1,2161,1
AA,ORD,DCA,2025,6,1157,30,16,2.0,frozenset({1787}),1787,0.5333333333333333,True,2025-06,1,2162,2
AA,ORD,DCA,2025,6,1235,30,17,3.0,frozenset({903}),903,0.5666666666666667,True,2025-06,1,2163,2
DL,ATL,JFK,2025,6,1180,30,16,0.0,frozenset({2378}),2378,0.5333333333333333,True,2025-06,1,2164,2
AA,PHL,BOS,2025,6,1051,22,13,2.0,frozenset({1147}),1147,0.5909090909090909,True,2025-06,1,2165,2
DL,ATL,JFK,2025,6,1000,24,14,1.0,frozenset({2466}),2466,0.5833333333333334,True,2025-06,1,2166,2
AA,ORD,CLT,2025,6,1250,26,16,3.0,frozenset({2976}),2976,0.6153846153846154,True,2025-06,1,2167,1
AA,DCA,PIT,2025,6,1025,22,12,0.0,frozenset({1985}),1985,0.5454545454545454,True,2025-06,1,2168,2
DL,ATL,JAX,2025,6,1435,12,8,2.0,frozenset({1096}),1096,0.6666666666666666,True,2025-06,1,2169,2
DL,ATL,JAX,2025,6,1225,23,16,2.0,frozenset({2265}),2265,0.6956521739130435,True,2025-06,1,2170,1
DL,ATL,JAN,2025,6,1390,23,12,3.0,frozenset({3117}),3117,0.5217391304347826,True,2025-06,1,2171,1
DL,ATL,JAC,2025,6,1105,24,13,1.0,"frozenset({315, 8783})",315,0.5416666666666666,True,2025-06,1,2172,1
AA,ORD,DFW,2025,6,1325,26,14,2.0,frozenset({2600}),2600,0.5384615384615384,True,2025-06,1,2173,2
AA,DCA,ORD,2025,6,1329,25,14,3.0,frozenset({2903}),2903,0.56,True,2025-06,1,2174,2
AA,DCA,ORD,2025,6,1079,26,15,2.0,"frozenset({1637, 1630})",1630,0.5769230769230769,True,2025-06,1,2175,2
AA,ORD,DEN,2025,6,1105,26,16,0.0,frozenset({1387}),1387,0.6153846153846154,True,2025-06,1,2176,4
AA,DFW,MEM,2025,6,1258,30,17,2.0,"frozenset({1481, 1646, 1935})",1646,0.5666666666666667,True,2025-06,1,2177,2
AA,DFW,SLC,2025,6,1260,26,17,1.0,frozenset({2993}),2993,0.6538461538461539,True,2025-06,1,2178,1
DL,ATL,LAS,2025,6,1070,23,12,0.0,frozenset({711}),711,0.5217391304347826,True,2025-06,1,2179,1
DL,ATL,MCO,2025,6,1095,30,16,1.0,frozenset({2035}),2035,0.5333333333333333,True,2025-06,1,2180,1
B6,LAX,JFK,2025,6,630,16,9,0.0,frozenset({424}),424,0.5625,True,2025-06,1,2181,1
DL,ATL,MCO,2025,6,1025,30,19,0.0,frozenset({1497}),1497,0.6333333333333333,True,2025-06,1,2182,2
DL,ATL,MCO,2025,6,965,30,19,0.0,frozenset({1742}),1742,0.6333333333333333,True,2025-06,1,2183,1
AA,CLT,MCO,2025,6,1218,24,13,0.0,frozenset({3200}),3200,0.5416666666666666,True,2025-06,1,2184,3
B6,LAX,JFK,2025,6,790,17,9,0.0,"frozenset({224, 324})",224,0.5294117647058824,True,2025-06,1,2185,2
AA,ORD,BOS,2025,6,919,24,13,0.0,frozenset({3160}),3160,0.5416666666666666,True,2025-06,1,2186,2
AA,DFW,MDT,2025,6,1158,30,19,0.0,frozenset({2469}),2469,0.6333333333333333,True,2025-06,1,2187,2
DL,ATL,LGA,2025,6,1080,29,18,1.0,"frozenset({434, 468})",468,0.6206896551724138,True,2025-06,1,2188,1
DL,ATL,LGA,2025,6,1020,30,16,2.0,frozenset({997}),997,0.5333333333333333,True,2025-06,1,2189,1
AA,ORD,BUF,2025,6,1239,22,13,4.0,frozenset({564}),564,0.5909090909090909,True,2025-06,1,2190,1
AA,ORD,CLE,2025,6,1331,26,18,4.0,frozenset({2923}),2923,0.6923076923076923,True,2025-06,1,2191,3
B6,LGA,MCO,2025,6,895,19,10,1.0,frozenset({399}),399,0.5263157894736842,True,2025-06,1,2192,3
DL,ATL,LGA,2025,6,930,27,16,2.0,frozenset({433}),433,0.5925925925925926,True,2025-06,1,2193,1
DL,ATL,LEX,2025,6,1091,20,12,2.0,"frozenset({953, 3149, 1897})",1897,0.6,True,2025-06,1,2194,1
DL,ATL,LAX,2025,6,1307,24,13,2.0,frozenset({331}),331,0.5416666666666666,True,2025-06,1,2195,1
B6,LGA,FLL,2025,6,955,26,17,1.0,frozenset({471}),471,0.6538461538461539,True,2025-06,1,2196,2
DL,ATL,DFW,2025,6,1385,24,14,3.0,frozenset({818}),818,0.5833333333333334,True,2025-06,1,2197,1
DL,ATL,IAH,2025,6,1190,12,11,0.0,frozenset({1284}),1284,0.9166666666666666,True,2025-06,1,2198,1
DL,ATL,IAH,2025,6,930,23,13,1.0,frozenset({2113}),2113,0.5652173913043478,True,2025-06,1,2199,1
AA,CLT,MSY,2025,6,1375,20,11,2.0,frozenset({608}),608,0.55,True,2025-06,1,2200,2
B6,MCO,EWR,2025,6,1055,17,10,0.0,frozenset({1728}),1728,0.5882352941176471,True,2025-06,2,681,4
AA,CLT,OKC,2025,6,1346,26,15,2.0,frozenset({768}),768,0.5769230769230769,True,2025-06,1,2201,1
AA,DFW,MKE,2025,6,924,26,17,1.0,frozenset({869}),869,0.6538461538461539,True,2025-06,1,2202,2
AA,ORD,GRR,2025,6,1325,26,15,3.0,frozenset({652}),652,0.5769230769230769,True,2025-06,1,2203,1
AA,DFW,SDF,2025,6,1180,26,14,0.0,frozenset({2895}),2895,0.5384615384615384,True,2025-06,1,2204,2
AA,CLT,OMA,2025,6,1372,22,15,0.0,frozenset({961}),961,0.6818181818181818,True,2025-06,1,2205,2
AA,ORD,EWR,2025,6,1164,30,17,3.0,frozenset({3253}),3253,0.5666666666666667,True,2025-06,2,569,3
AA,DFW,SDF,2025,6,995,22,12,2.0,frozenset({2907}),2907,0.5454545454545454,True,2025-06,1,2206,1
DL,ATL,EWR,2025,6,1250,30,21,2.0,frozenset({2527}),2527,0.7,True,2025-06,2,525,3
DL,ATL,ELP,2025,6,1254,29,15,0.0,frozenset({1713}),1713,0.5172413793103449,True,2025-06,1,2207,1
AA,ORD,IAH,2025,6,890,26,14,0.0,"frozenset({2600, 2025, 1494})",1494,0.5384615384615384,True,2025-06,1,2208,1
DL,ATL,ECP,2025,6,1215,12,7,1.0,frozenset({2494}),2494,0.5833333333333334,True,2025-06,1,2209,1
DL,ATL,DTW,2025,6,1378,24,13,1.0,frozenset({2940}),2940,0.5416666666666666,True,2025-06,1,2210,1
AA,DFW,MKE,2025,6,1182,26,17,1.0,frozenset({1234}),1234,0.6538461538461539,True,2025-06,1,2211,2
AA,ORD,TUS,2025,6,1246,26,16,1.0,frozenset({2661}),2661,0.6153846153846154,True,2025-06,1,2212,2
AA,DCA,MCO,2025,6,1039,30,20,2.0,frozenset({2139}),2139,0.6666666666666666,True,2025-06,2,556,4
DL,ATL,IAH,2025,6,1113,11,6,0.0,frozenset({1284}),1284,0.5454545454545454,True,2025-06,1,2213,2
B6,MCO,DCA,2025,6,875,23,13,0.0,frozenset({2324}),2324,0.5652173913043478,True,2025-06,1,2214,2
AA,CLT,MSP,2025,6,1345,26,14,4.0,frozenset({2176}),2176,0.5384615384615384,True,2025-06,1,2215,1
DL,ATL,IAD,2025,6,1080,11,6,3.0,frozenset({1687}),1687,0.5454545454545454,True,2025-06,1,2216,1
DL,ATL,IAD,2025,6,1010,16,9,0.0,"frozenset({2902, 1687})",1687,0.5625,True,2025-06,1,2217,1
AA,ORD,DSM,2025,6,1123,26,14,1.0,frozenset({856}),856,0.5384615384615384,True,2025-06,1,2218,1
AA,CLT,MEM,2025,6,1218,22,16,0.0,frozenset({2695}),2695,0.7272727272727273,True,2025-06,1,2219,1
DL,ATL,HSV,2025,6,1280,18,10,2.0,frozenset({3065}),3065,0.5555555555555556,True,2025-06,1,2220,1
AA,DCA,MIA,2025,6,1199,25,14,3.0,frozenset({1533}),1533,0.56,True,2025-06,1,2221,1
DL,ATL,GSO,2025,6,1385,27,14,1.0,frozenset({3005}),3005,0.5185185185185185,True,2025-06,1,2222,1
AA,DFW,SFO,2025,6,1265,18,11,1.0,"frozenset({2083, 2430})",2430,0.6111111111111112,True,2025-06,1,2223,2
DL,ATL,GRR,2025,6,1295,30,17,1.0,frozenset({2865}),2865,0.5666666666666667,True,2025-06,1,2224,1
AA,CLT,MIA,2025,6,1120,30,18,1.0,frozenset({1577}),1577,0.6,True,2025-06,1,2225,1
AA,DCA,MIA,2025,6,1056,27,15,1.0,"frozenset({897, 1233, 1540})",1233,0.5555555555555556,True,2025-06,1,2226,2
AA,DFW,SFO,2025,6,1350,30,19,4.0,frozenset({446}),446,0.6333333333333333,True,2025-06,1,2227,3
DL,ATL,FLL,2025,6,1288,16,9,0.0,frozenset({1107}),1107,0.5625,True,2025-06,1,2228,1
DL,ATL,FLL,2025,6,1199,30,18,0.0,frozenset({1489}),1489,0.6,True,2025-06,1,2229,1
DL,ATL,FLL,2025,6,1065,30,16,0.0,"frozenset({1619, 1670})",1670,0.5333333333333333,True,2025-06,1,2230,1
DL,ATL,FLL,2025,6,1005,30,17,0.0,frozenset({1295}),1295,0.5666666666666667,True,2025-06,1,2231,1
AA,PDX,ORD,2025,6,9,25,13,1.0,frozenset({2846}),2846,0.52,True,2025-06,1,2232,1
B6,DTW,BOS,2025,6,1206,13,8,0.0,frozenset({1136}),1136,0.6153846153846154,True,2025-06,1,2233,1
B6,RDU,JFK,2025,6,1065,19,13,2.0,frozenset({86}),86,0.6842105263157895,True,2025-06,1,2234,2
AA,CLT,ALB,2025,6,1240,25,14,1.0,frozenset({1858}),1858,0.56,True,2025-06,1,2235,2
AA,BNA,CLT,2025,6,1115,22,12,3.0,frozenset({1565}),1565,0.5454545454545454,True,2025-06,1,2236,1
AA,IAH,ORD,2025,6,1108,26,16,0.0,"frozenset({2064, 2025, 2358})",2064,0.6153846153846154,True,2025-06,1,2237,2
DL,IAH,ATL,2025,6,959,20,11,2.0,frozenset({1572}),1572,0.55,True,2025-06,1,2238,1
AA,AUS,JFK,2025,6,905,30,17,1.0,"frozenset({3026, 1405})",3026,0.5666666666666667,True,2025-06,1,2239,2
DL,IAH,ATL,2025,6,1080,23,13,3.0,frozenset({2113}),2113,0.5652173913043478,True,2025-06,1,2240,1
AA,LGA,DFW,2025,6,1019,30,18,0.0,"frozenset({2484, 3103})",3103,0.6,True,2025-06,1,2241,2
B6,BOS,DTW,2025,6,1015,13,8,0.0,frozenset({1237}),1237,0.6153846153846154,True,2025-06,1,2242,2
AA,RSW,ORD,2025,6,983,26,20,0.0,frozenset({2354}),2354,0.7692307692307693,True,2025-06,1,2243,2
AA,MCI,ORD,2025,6,1027,21,13,0.0,frozenset({3134}),3134,0.6190476190476191,True,2025-06,1,2244,1
AA,LGA,DFW,2025,6,1261,22,15,4.0,frozenset({2913}),2913,0.6818181818181818,True,2025-06,1,2245,2
AA,BWI,CLT,2025,6,1058,20,16,0.0,frozenset({2225}),2225,0.8,True,2025-06,1,2246,1
DL,JAX,ATL,2025,6,1060,30,18,1.0,frozenset({2720}),2720,0.6,True,2025-06,1,2247,1
DL,LGA,MSY,2025,6,930,30,16,0.0,"frozenset({2405, 3223})",3223,0.5333333333333333,True,2025-06,1,2248,1
AS,SEA,ORD,2025,6,825,19,10,0.0,frozenset({410}),410,0.5263157894736842,True,2025-06,1,2249,1
AA,DFW,FAT,2025,6,1361,30,17,1.0,frozenset({3091}),3091,0.5666666666666667,True,2025-06,1,2250,1
AA,BOS,ORD,2025,6,1170,24,13,0.0,"frozenset({3233, 1691})",3233,0.5416666666666666,True,2025-06,1,2251,2
AA,AVL,CLT,2025,6,1233,16,11,3.0,frozenset({2158}),2158,0.6875,True,2025-06,1,2252,1
AA,DFW,CLT,2025,6,1240,30,17,4.0,frozenset({1229}),1229,0.5666666666666667,True,2025-06,1,2253,2
DL,JFK,BOS,2025,6,1260,27,14,0.0,frozenset({2639}),2639,0.5185185185185185,True,2025-06,1,2254,2
AS,BNA,SEA,2025,6,1064,19,11,1.0,frozenset({522}),522,0.5789473684210527,True,2025-06,1,2255,1
AS,ATL,SEA,2025,6,1171,30,17,0.0,"frozenset({334, 463})",334,0.5666666666666667,True,2025-06,1,2256,1
AA,DFW,FAT,2025,6,1035,30,17,1.0,"frozenset({1381, 1223})",1223,0.5666666666666667,True,2025-06,1,2257,1
AA,AUS,CLT,2025,6,1071,30,16,1.0,frozenset({1161}),1161,0.5333333333333333,True,2025-06,1,2258,1
AA,TPA,LGA,2025,6,1161,22,17,0.0,frozenset({936}),936,0.7727272727272727,True,2025-06,1,2259,3
AA,DFW,IAD,2025,6,1120,28,15,0.0,"frozenset({1560, 2756})",2756,0.5357142857142857,True,2025-06,1,2260,2
AA,DFW,DEN,2025,6,880,30,16,1.0,frozenset({1832}),1832,0.5333333333333333,True,2025-06,1,2261,2
AA,LAX,JFK,2025,6,750,30,16,0.0,frozenset({274}),274,0.5333333333333333,True,2025-06,1,2262,1
B6,BUF,JFK,2025,6,1193,23,15,1.0,frozenset({201}),201,0.6521739130434783,True,2025-06,1,2263,2
DL,IAD,ATL,2025,6,1174,16,9,3.0,"frozenset({2902, 1687})",1687,0.5625,True,2025-06,1,2264,2
AA,STL,DCA,2025,6,1067,22,13,0.0,frozenset({2286}),2286,0.5909090909090909,True,2025-06,1,2265,1
AA,DFW,DEN,2025,6,999,30,18,0.0,frozenset({1322}),1322,0.6,True,2025-06,2,764,4
AA,SFO,ORD,2025,6,812,22,12,2.0,frozenset({1515}),1515,0.5454545454545454,True,2025-06,1,2266,2
DL,LGA,DEN,2025,6,1080,26,17,1.0,frozenset({710}),710,0.6538461538461539,True,2025-06,1,2267,2
AA,LAX,ORD,2025,6,902,26,14,0.0,frozenset({1595}),1595,0.5384615384615384,True,2025-06,1,2268,1
B6,BOS,DCA,2025,6,975,26,14,0.0,frozenset({1355}),1355,0.5384615384615384,True,2025-06,1,2269,2
AA,DFW,DEN,2025,6,1130,30,17,1.0,frozenset({2235}),2235,0.5666666666666667,True,2025-06,2,763,4
AA,LGA,ORD,2025,6,1040,22,16,6.0,frozenset({679}),679,0.7272727272727273,True,2025-06,1,2270,2
AA,DFW,CLE,2025,6,1254,22,12,2.0,frozenset({2818}),2818,0.5454545454545454,True,2025-06,1,2271,1
B6,BOS,DCA,2025,6,1090,29,15,0.0,"frozenset({1955, 2255})",1955,0.5172413793103449,True,2025-06,1,2272,2
AA,LGA,TPA,2025,6,926,22,16,0.0,frozenset({936}),936,0.7272727272727273,True,2025-06,1,2273,3
AA,DFW,EWR,2025,6,1049,26,18,3.0,frozenset({618}),618,0.6923076923076923,True,2025-06,2,739,3
DL,LGA,DEN,2025,6,865,30,16,1.0,frozenset({716}),716,0.5333333333333333,True,2025-06,1,2274,2
AA,EWR,DFW,2025,6,1009,26,14,2.0,frozenset({1878}),1878,0.5384615384615384,True,2025-06,1,2275,2
AA,BWI,MIA,2025,6,1156,24,13,1.0,"frozenset({2476, 2372})",2476,0.5416666666666666,True,2025-06,1,2276,2
AA,BNA,DFW,2025,6,1065,26,17,1.0,frozenset({2244}),2244,0.6538461538461539,True,2025-06,1,2277,2
DL,LGA,PBI,2025,6,1195,20,12,1.0,frozenset({2410}),2410,0.6,True,2025-06,2,866,3
AA,IND,PHL,2025,6,963,16,9,0.0,frozenset({682}),682,0.5625,True,2025-06,1,2278,2
AA,MCO,CLT,2025,6,1116,20,14,1.0,frozenset({1682}),1682,0.7,True,2025-06,1,2279,2
AA,SNA,DFW,2025,6,750,23,13,1.0,frozenset({2485}),2485,0.5652173913043478,True,2025-06,1,2280,1
DL,JFK,DEN,2025,6,955,23,16,0.0,frozenset({3243}),3243,0.6956521739130435,True,2025-06,1,2281,2
AA,EWR,MIA,2025,6,1115,26,15,1.0,frozenset({2933}),2933,0.5769230769230769,True,2025-06,1,2282,2
AA,IND,CLT,2025,6,1182,26,15,2.0,frozenset({1050}),1050,0.5769230769230769,True,2025-06,1,2283,1
DL,LGA,ATL,2025,6,1139,26,14,4.0,frozenset({970}),970,0.5384615384615384,True,2025-06,1,2284,2
AA,DFW,FLL,2025,6,1249,24,13,0.0,frozenset({1393}),1393,0.5416666666666666,True,2025-06,1,2285,1
DL,LGA,ATL,2025,6,960,30,18,2.0,frozenset({969}),969,0.6,True,2025-06,1,2286,2
B6,BOS,MIA,2025,6,1232,12,8,0.0,frozenset({2619}),2619,0.6666666666666666,True,2025-06,1,2287,1
AA,BDL,ORD,2025,6,711,11,6,0.0,"frozenset({2545, 3325})",3325,0.5454545454545454,True,2025-06,1,2288,1
AA,IAH,PHL,2025,6,878,20,11,2.0,frozenset({1875}),1875,0.55,True,2025-06,1,2289,2
AA,BDL,ORD,2025,6,1095,26,17,1.0,frozenset({1408}),1408,0.6538461538461539,True,2025-06,1,2290,2
AS,SLC,SEA,2025,6,1244,23,13,1.0,"frozenset({715, 719})",719,0.5652173913043478,True,2025-06,1,2291,1
B6,BOS,JFK,2025,6,825,16,10,2.0,frozenset({817}),817,0.625,True,2025-06,1,2292,2
AA,DFW,ICT,2025,6,1315,26,19,1.0,frozenset({2863}),2863,0.7307692307692307,True,2025-06,1,2293,1
AA,TPA,ORD,2025,6,1090,30,21,0.0,frozenset({1101}),1101,0.7,True,2025-06,1,2294,1
AA,MCI,DFW,2025,6,1069,26,15,0.0,frozenset({3030}),3030,0.5769230769230769,True,2025-06,1,2295,3
AA,FLL,CLT,2025,6,1181,29,15,2.0,frozenset({1829}),1829,0.5172413793103449,True,2025-06,1,2296,1
AA,BOS,PHL,2025,6,1164,26,16,3.0,"frozenset({2166, 1086})",1086,0.6153846153846154,True,2025-06,1,2297,2
AA,DFW,IAH,2025,6,1131,26,16,1.0,frozenset({1392}),1392,0.6153846153846154,True,2025-06,1,2298,1
AA,FLL,DFW,2025,6,1175,24,17,3.0,frozenset({1793}),1793,0.7083333333333334,True,2025-06,1,2299,1
AS,SMF,SEA,2025,6,493,30,16,0.0,"frozenset({129, 1255})",1255,0.5333333333333333,True,2025-06,1,2300,1
DL,LAX,DEN,2025,6,899,30,16,1.0,frozenset({2004}),2004,0.5333333333333333,True,2025-06,1,2301,2
AA,LGA,MCO,2025,6,1100,22,17,0.0,frozenset({2835}),2835,0.7727272727272727,True,2025-06,1,2302,2
AA,BOS,PHL,2025,6,962,30,16,3.0,"frozenset({1776, 2616})",2616,0.5333333333333333,True,2025-06,1,2303,2
DL,LAX,JFK,2025,6,670,30,16,1.0,frozenset({951}),951,0.5333333333333333,True,2025-06,1,2304,1
AA,MCI,DFW,2025,6,1189,30,19,4.0,frozenset({2100}),2100,0.6333333333333333,True,2025-06,1,2305,3
AA,ATL,PHL,2025,6,934,16,12,0.0,frozenset({621}),621,0.75,True,2025-06,1,2306,2
AA,LGA,MIA,2025,6,930,22,14,0.0,frozenset({3017}),3017,0.6363636363636364,True,2025-06,1,2307,1
DL,LGA,ORD,2025,6,1135,26,15,4.0,frozenset({2801}),2801,0.5769230769230769,True,2025-06,1,2308,2
B6,BOS,SEA,2025,6,1109,19,11,0.0,frozenset({197}),197,0.5789473684210527,True,2025-06,1,2309,1
AA,SAT,DFW,2025,6,1164,26,15,4.0,frozenset({499}),499,0.5769230769230769,True,2025-06,1,2310,1
AA,LGA,MIA,2025,6,1186,22,13,3.0,frozenset({3237}),3237,0.5909090909090909,True,2025-06,1,2311,2
AA,DFW,CMH,2025,6,1258,22,12,2.0,frozenset({398}),398,0.5454545454545454,True,2025-06,1,2312,2
AA,DFW,DEN,2025,6,1361,30,19,1.0,frozenset({662}),662,0.6333333333333333,True,2025-06,2,757,4
AA,AVL,DFW,2025,6,983,30,19,2.0,frozenset({569}),569,0.6333333333333333,True,2025-06,1,2313,2
AA,BUF,CLT,2025,6,1193,16,12,1.0,frozenset({1486}),1486,0.75,True,2025-06,1,2314,1
AA,DFW,FLL,2025,6,898,25,16,1.0,frozenset({1793}),1793,0.64,True,2025-06,1,2315,1
AA,VPS,DFW,2025,6,1170,27,15,2.0,"frozenset({2673, 2262})",2673,0.5555555555555556,True,2025-06,1,2316,1
AA,EWR,ORD,2025,6,1175,26,14,3.0,frozenset({1691}),1691,0.5384615384615384,True,2025-06,1,2317,2
AA,SAV,DFW,2025,6,1142,26,16,1.0,frozenset({3246}),3246,0.6153846153846154,True,2025-06,1,2318,2
AS,SFO,SEA,2025,6,500,26,16,0.0,"frozenset({1169, 1123, 742})",1169,0.6153846153846154,True,2025-06,1,2319,2
DL,LGA,ORD,2025,6,960,24,13,1.0,frozenset({1390}),1390,0.5416666666666666,True,2025-06,1,2320,1
AA,IND,DFW,2025,6,1178,30,16,2.0,frozenset({1945}),1945,0.5333333333333333,True,2025-06,1,2321,2
AA,FCA,ORD,2025,6,1012,26,17,0.0,frozenset({2743}),2743,0.6538461538461539,True,2025-06,1,2322,2
AA,LGA,MIA,2025,6,1080,30,19,3.0,frozenset({1576}),1576,0.6333333333333333,True,2025-06,1,2323,2
AA,IND,DFW,2025,6,1049,14,8,1.0,frozenset({624}),624,0.5714285714285714,True,2025-06,1,2324,1
AS,SFO,SEA,2025,6,1189,30,19,1.0,"frozenset({1065, 1043, 1327})",1327,0.6333333333333333,True,2025-06,1,2325,1
AS,STS,SEA,2025,6,1201,30,16,0.0,frozenset({1321}),1321,0.5333333333333333,True,2025-06,2,633,2
AA,DFW,IND,2025,6,940,30,17,1.0,frozenset({2798}),2798,0.5666666666666667,True,2025-06,1,2326,2
AA,DFW,IAH,2025,6,996,30,16,1.0,frozenset({2438}),2438,0.5333333333333333,True,2025-06,1,2327,1
AA,DFW,IAH,2025,6,1045,30,16,2.0,"frozenset({1865, 1635})",1635,0.5333333333333333,True,2025-06,1,2328,3
AA,DFW,IND,2025,6,1054,26,15,1.0,frozenset({2800}),2800,0.5769230769230769,True,2025-06,1,2329,1
B6,BUR,JFK,2025,6,1280,30,16,0.0,frozenset({359}),359,0.5333333333333333,True,2025-06,1,2330,1
AS,SEA,JFK,2025,6,877,30,21,1.0,frozenset({16}),16,0.7,True,2025-06,2,655,3
AS,SEA,DFW,2025,6,750,10,7,0.0,frozenset({592}),592,0.7,True,2025-06,1,2331,1
AA,TPA,DCA,2025,6,1144,29,17,0.0,"frozenset({1944, 3072})",1944,0.5862068965517241,True,2025-06,1,2332,2
AA,DFW,BOI,2025,6,1177,14,9,1.0,frozenset({1104}),1104,0.6428571428571429,True,2025-06,1,2333,1
DL,MCO,BOS,2025,6,1195,29,15,0.0,"frozenset({1570, 1327})",1570,0.5172413793103449,True,2025-06,1,2334,2
DL,EWR,ATL,2025,6,1140,26,14,1.0,frozenset({2340}),2340,0.5384615384615384,True,2025-06,2,793,3
AS,JFK,SFO,2025,6,999,20,11,2.0,"frozenset({41, 114})",114,0.55,True,2025-06,1,2335,1
AA,DFW,JFK,2025,6,981,30,18,0.0,frozenset({578}),578,0.6,True,2025-06,1,2336,2
B6,BNA,JFK,2025,6,952,21,18,3.0,frozenset({1174}),1174,0.8571428571428571,True,2025-06,1,2337,2
AA,DFW,ECP,2025,6,794,30,18,3.0,frozenset({1739}),1739,0.6,True,2025-06,1,2338,2
AA,DFW,COS,2025,6,1284,26,15,1.0,frozenset({1857}),1857,0.5769230769230769,True,2025-06,1,2339,1
AA,GRR,CLT,2025,6,1064,25,14,1.0,frozenset({1735}),1735,0.56,True,2025-06,1,2340,1
DL,EWR,DTW,2025,6,1215,13,9,0.0,frozenset({2567}),2567,0.6923076923076923,True,2025-06,1,2341,2
DL,LGA,DTW,2025,6,1260,26,16,1.0,frozenset({1014}),1014,0.6153846153846154,True,2025-06,1,2342,2
AA,DFW,BOS,2025,6,958,30,17,0.0,"frozenset({1048, 2306})",1048,0.5666666666666667,True,2025-06,1,2343,1
AA,ECP,DFW,2025,6,955,30,18,3.0,frozenset({1739}),1739,0.6,True,2025-06,1,2344,2
B6,BOS,CLE,2025,6,1250,20,12,0.0,"frozenset({441, 541})",541,0.6,True,2025-06,1,2345,2
AA,DFW,DSM,2025,6,1338,26,16,1.0,frozenset({1371}),1371,0.6153846153846154,True,2025-06,1,2346,2
AA,RDU,PHL,2025,6,971,26,16,0.0,"frozenset({2851, 987})",2851,0.6153846153846154,True,2025-06,1,2347,2
DL,LGA,MCO,2025,6,1079,30,16,1.0,frozenset({2561}),2561,0.5333333333333333,True,2025-06,1,2348,2
DL,MCO,ATL,2025,6,1199,24,13,1.0,frozenset({1497}),1497,0.5416666666666666,True,2025-06,1,2349,3
B6,BOS,ATL,2025,6,1230,11,6,0.0,frozenset({597}),597,0.5454545454545454,True,2025-06,1,2350,1
AA,JAX,CLT,2025,6,1218,29,15,2.0,"frozenset({2978, 1615})",1615,0.5172413793103449,True,2025-06,1,2351,1
DL,LGA,MCO,2025,6,947,29,20,2.0,frozenset({2520}),2520,0.6896551724137931,True,2025-06,2,880,3
AS,JFK,SEA,2025,6,1133,30,22,1.0,frozenset({17}),17,0.7333333333333333,True,2025-06,2,782,3
AS,JFK,SFO,2025,6,1049,10,7,0.0,frozenset({41}),41,0.7,True,2025-06,1,2352,1
DL,ECP,ATL,2025,6,1015,25,13,0.0,frozenset({3094}),3094,0.52,True,2025-06,2,801,2
AA,JAX,DCA,2025,6,1146,26,15,1.0,frozenset({1463}),1463,0.5769230769230769,True,2025-06,1,2353,2
B6,DFW,BOS,2025,6,863,19,11,0.0,frozenset({1214}),1214,0.5789473684210527,True,2025-06,1,2354,1
AA,BOS,CLT,2025,6,1008,25,17,1.0,frozenset({1379}),1379,0.68,True,2025-06,1,2355,1
B6,AUS,BOS,2025,6,1032,16,11,0.0,frozenset({1138}),1138,0.6875,True,2025-06,1,2356,1
AA,PWM,PHL,2025,6,962,30,17,1.0,"frozenset({2296, 3248})",2296,0.5666666666666667,True,2025-06,1,2357,1
AA,CLE,PHL,2025,6,980,26,17,4.0,frozenset({974}),974,0.6538461538461539,True,2025-06,1,2358,1
AA,RDU,CLT,2025,6,1216,22,12,3.0,frozenset({1904}),1904,0.5454545454545454,True,2025-06,1,2359,1
B6,DCA,PBI,2025,6,1080,21,12,0.0,frozenset({23}),23,0.5714285714285714,True,2025-06,1,2360,2
B6,BNA,BOS,2025,6,740,10,6,0.0,frozenset({1806}),1806,0.6,True,2025-06,1,2361,1
AA,MCO,LAX,2025,6,1160,26,16,0.0,frozenset({1205}),1205,0.6153846153846154,True,2025-06,1,2362,3
AA,ALB,CLT,2025,6,1038,14,9,0.0,"frozenset({1857, 572})",572,0.6428571428571429,True,2025-06,1,2363,1
AA,GSP,DFW,2025,6,1071,26,15,1.0,frozenset({1805}),1805,0.5769230769230769,True,2025-06,1,2364,2
AA,BOS,CLT,2025,6,1106,30,18,0.0,frozenset({1448}),1448,0.6,True,2025-06,1,2365,2
AA,CLE,DFW,2025,6,1181,23,12,2.0,"frozenset({2336, 3302})",2336,0.5217391304347826,True,2025-06,1,2366,2
B6,ATL,JFK,2025,6,1050,19,13,3.0,frozenset({520}),520,0.6842105263157895,True,2025-06,1,2367,2
AA,BNA,ORD,2025,6,1073,16,10,0.0,frozenset({1570}),1570,0.625,True,2025-06,1,2368,2
AS,JFK,SFO,2025,6,1229,30,18,0.0,"frozenset({40, 41})",41,0.6,True,2025-06,1,2369,2
DL,DTW,TVC,2025,6,1370,27,14,1.0,frozenset({2424}),2424,0.5185185185185185,True,2025-06,1,2370,1
DL,MCO,DCA,2025,6,1199,26,17,0.0,frozenset({2729}),2729,0.6538461538461539,True,2025-06,1,2371,3
AA,DFW,GSP,2025,6,1245,26,18,0.0,frozenset({2992}),2992,0.6923076923076923,True,2025-06,1,2372,2
DL,ECP,ATL,2025,6,887,23,14,0.0,frozenset({2529}),2529,0.6086956521739131,True,2025-06,1,2373,1
B6,DCA,FLL,2025,6,1212,19,10,0.0,frozenset({1979}),1979,0.5263157894736842,True,2025-06,1,2374,2
B6,DCA,BOS,2025,6,1130,26,15,0.0,frozenset({2754}),2754,0.5769230769230769,True,2025-06,1,2375,2
B6,BOS,JFK,2025,6,1050,29,18,1.0,"frozenset({217, 1417})",1417,0.6206896551724138,True,2025-06,1,2376,2
AS,SEA,DEN,2025,6,949,16,9,1.0,frozenset({602}),602,0.5625,True,2025-06,1,2377,3
AA,LGA,ORD,2025,6,1133,26,21,0.0,frozenset({1582}),1582,0.8076923076923077,True,2025-06,1,2378,2
AA,EWR,CLT,2025,6,1169,25,13,4.0,frozenset({1330}),1330,0.52,True,2025-06,1,2379,2
AA,DFW,JAX,2025,6,1250,26,14,2.0,frozenset({2506}),2506,0.5384615384615384,True,2025-06,1,2380,1
AA,EWR,CLT,2025,6,1045,26,18,4.0,frozenset({1216}),1216,0.6923076923076923,True,2025-06,1,2381,2
DL,LGA,DFW,2025,6,1255,26,15,4.0,frozenset({860}),860,0.5769230769230769,True,2025-06,1,2382,2
AA,JFK,DFW,2025,6,1100,26,16,0.0,frozenset({1953}),1953,0.6153846153846154,True,2025-06,1,2383,1
DL,FLL,JFK,2025,6,1199,30,18,1.0,"frozenset({1683, 1931})",1931,0.6,True,2025-06,1,2384,2
AA,LGA,ORD,2025,6,1193,26,16,1.0,"frozenset({2057, 359})",2057,0.6153846153846154,True,2025-06,1,2385,2
AS,PHL,SEA,2025,6,1132,30,18,0.0,frozenset({443}),443,0.6,True,2025-06,1,2386,2
B6,CHS,JFK,2025,6,1139,30,18,0.0,frozenset({1274}),1274,0.6,True,2025-06,1,2387,2
AS,SEA,ANC,2025,6,700,11,8,0.0,frozenset({113}),113,0.7272727272727273,True,2025-06,1,2388,1
DL,GSO,ATL,2025,6,1137,11,6,2.0,frozenset({2314}),2314,0.5454545454545454,True,2025-06,1,2389,1
AA,DFW,ELP,2025,6,1155,26,18,0.0,frozenset({841}),841,0.6923076923076923,True,2025-06,1,2390,2
DL,FLL,LGA,2025,6,1180,29,16,4.0,"frozenset({1008, 2321})",1008,0.5517241379310345,True,2025-06,1,2391,2
AS,DFW,SEA,2025,6,1173,10,6,0.0,"frozenset({1309, 124, 909})",909,0.6,True,2025-06,1,2392,1
DL,LGA,MCO,2025,6,1169,29,17,0.0,"frozenset({2842, 2540})",2842,0.5862068965517241,True,2025-06,1,2393,2
AA,ATL,DFW,2025,6,1223,30,19,4.0,frozenset({2403}),2403,0.6333333333333333,True,2025-06,1,2394,3
AA,DFW,JAX,2025,6,1148,30,16,2.0,"frozenset({2263, 679})",2263,0.5333333333333333,True,2025-06,1,2395,2
AS,FLL,SEA,2025,6,1107,11,6,1.0,frozenset({517}),517,0.5454545454545454,True,2025-06,1,2396,1
AA,TPA,DFW,2025,6,1125,26,17,1.0,frozenset({2512}),2512,0.6538461538461539,True,2025-06,1,2397,2
DL,IAD,ATL,2025,6,1049,28,15,0.0,frozenset({1695}),1695,0.5357142857142857,True,2025-06,1,2398,2
B6,DCA,BOS,2025,6,935,30,16,0.0,"frozenset({1354, 2154})",1354,0.5333333333333333,True,2025-06,1,2399,2
DL,MCO,ATL,2025,6,1139,30,18,1.0,frozenset({1742}),1742,0.6,True,2025-06,1,2400,1
AS,JFK,PDX,2025,6,1049,20,13,0.0,frozenset({19}),19,0.65,True,2025-06,1,2401,2
AS,DEN,SEA,2025,6,1232,16,9,2.0,frozenset({615}),615,0.5625,True,2025-06,1,2402,2
DL,MCO,ATL,2025,6,935,30,16,0.0,"frozenset({1576, 1235})",1576,0.5333333333333333,True,2025-06,1,2403,1
AA,IAH,DFW,2025,6,1091,30,16,1.0,frozenset({2438}),2438,0.5333333333333333,True,2025-06,1,2404,1
DL,LGA,TPA,2025,6,940,29,19,1.0,"frozenset({1824, 2404})",1824,0.6551724137931034,True,2025-06,1,2405,2
AA,RDU,PHL,2025,6,1075,30,17,1.0,frozenset({1441}),1441,0.5666666666666667,True,2025-06,1,2406,3
AA,TPA,CLT,2025,6,1202,26,16,3.0,frozenset({2525}),2525,0.6153846153846154,True,2025-06,1,2407,1
AA,ATL,ORD,2025,6,1142,26,19,0.0,frozenset({2910}),2910,0.7307692307692307,True,2025-06,1,2408,2
WN,LAS,DEN,2025,7,955,14,8,0.0,frozenset({2235}),2235,0.5714285714285714,True,2025-07,2,1831,2
WN,DEN,MKE,2025,7,1125,12,7,0.0,frozenset({1368}),1368,0.5833333333333334,True,2025-07,2,1550,2
OO,ATW,DTW,2025,7,1087,25,13,0.0,frozenset({4166}),4166,0.52,True,2025-07,1,2409,1
AA,TPA,DFW,2025,7,1126,29,18,1.0,frozenset({2512}),2512,0.6206896551724138,True,2025-07,2,2397,2
AA,DFW,MEM,2025,7,1319,27,17,1.0,"frozenset({1646, 1935})",1646,0.6296296296296297,True,2025-07,2,2177,2
OO,ORD,ABQ,2025,7,1185,30,20,1.0,frozenset({5484}),5484,0.6666666666666666,True,2025-07,1,2410,1
WN,DEN,MKE,2025,7,1225,22,13,0.0,"frozenset({1368, 2630})",2630,0.5909090909090909,True,2025-07,2,1523,2
AA,PBI,ORD,2025,7,1121,28,16,2.0,frozenset({2371}),2371,0.5714285714285714,True,2025-07,1,2411,1
AA,TPA,DCA,2025,7,1134,30,20,4.0,frozenset({1944}),1944,0.6666666666666666,True,2025-07,2,2332,2
WN,LAS,OAK,2025,7,1195,16,9,0.0,frozenset({977}),977,0.5625,True,2025-07,1,2412,1
AA,TPA,DFW,2025,7,789,31,16,0.0,frozenset({2780}),2780,0.5161290322580645,True,2025-07,1,2413,1
OO,ATL,SHV,2025,7,1146,24,15,0.0,"frozenset({3806, 3782})",3806,0.625,True,2025-07,1,2414,1
OO,ASE,IAH,2025,7,900,30,17,2.0,frozenset({5702}),5702,0.5666666666666667,True,2025-07,1,2415,2
WN,DEN,MSP,2025,7,1080,17,10,1.0,"frozenset({2641, 1243})",2641,0.5882352941176471,True,2025-07,1,2416,1
WN,DEN,MSY,2025,7,1215,30,17,0.0,"frozenset({2643, 843})",843,0.5666666666666667,True,2025-07,2,1545,2
AA,DFW,MIA,2025,7,1133,31,18,2.0,frozenset({2959}),2959,0.5806451612903226,True,2025-07,1,2417,2
WN,LAS,ONT,2025,7,1205,22,13,1.0,"frozenset({482, 2214})",482,0.5909090909090909,True,2025-07,1,2418,1
AA,PHL,BDL,2025,7,1285,29,16,4.0,frozenset({3195}),3195,0.5517241379310345,True,2025-07,1,2419,1
AA,PDX,ORD,2025,7,1434,27,16,3.0,frozenset({2977}),2977,0.5925925925925926,True,2025-07,1,2420,1
AA,DFW,MIA,2025,7,865,31,16,1.0,frozenset({1167}),1167,0.5161290322580645,True,2025-07,1,2421,2
OO,MSO,DEN,2025,7,1040,31,16,1.0,frozenset({5922}),5922,0.5161290322580645,True,2025-07,1,2422,1
WN,DEN,OAK,2025,7,1305,14,10,0.0,"frozenset({2464, 2709})",2709,0.7142857142857143,True,2025-07,2,1547,2
AA,DFW,GEG,2025,7,1310,29,15,3.0,frozenset({303}),303,0.5172413793103449,True,2025-07,1,2423,1
WN,DEN,OAK,2025,7,1350,16,12,0.0,frozenset({3704}),3704,0.75,True,2025-07,2,1548,2
OO,MSN,ORD,2025,7,1046,16,11,0.0,frozenset({5563}),5563,0.6875,True,2025-07,1,2424,1
WN,LAS,OKC,2025,7,1290,16,10,0.0,"frozenset({849, 1301})",1301,0.625,True,2025-07,1,2425,1
WN,LAS,DEN,2025,7,1210,10,6,0.0,frozenset({2585}),2585,0.6,True,2025-07,1,2426,1
AA,DFW,MDT,2025,7,1162,30,20,2.0,frozenset({2469}),2469,0.6666666666666666,True,2025-07,2,2187,2
AA,TPA,LGA,2025,7,1164,26,20,4.0,frozenset({936}),936,0.7692307692307693,True,2025-07,2,2259,3
OO,MOT,DEN,2025,7,1033,31,16,3.0,frozenset({5476}),5476,0.5161290322580645,True,2025-07,2,1829,2
OO,ATL,ABY,2025,7,1185,31,17,1.0,frozenset({3659}),3659,0.5483870967741935,True,2025-07,1,2427,1
AA,DFW,MIA,2025,7,945,27,18,0.0,frozenset({3083}),3083,0.6666666666666666,True,2025-07,1,2428,1
WN,DEN,MSP,2025,7,1250,12,8,0.0,frozenset({3503}),3503,0.6666666666666666,True,2025-07,2,1544,2
AA,PBI,PHL,2025,7,1037,26,15,2.0,frozenset({2489}),2489,0.5769230769230769,True,2025-07,1,2429,2
OO,OKC,DEN,2025,7,1020,31,17,0.0,frozenset({4768}),4768,0.5483870967741935,True,2025-07,3,607,3
AA,PHL,BNA,2025,7,1165,30,20,1.0,frozenset({2277}),2277,0.6666666666666666,True,2025-07,1,2430,1
WN,DEN,OAK,2025,7,1090,12,7,2.0,frozenset({2709}),2709,0.5833333333333334,True,2025-07,2,1547,2
WN,DEN,OAK,2025,7,1055,10,8,0.0,frozenset({3598}),3598,0.8,True,2025-07,1,2431,1
OO,MSN,DEN,2025,7,1070,26,16,0.0,frozenset({5993}),5993,0.6153846153846154,True,2025-07,1,2432,1
WN,LAS,PHX,2025,7,1270,16,9,1.0,"frozenset({3245, 2974})",3245,0.5625,True,2025-07,1,2433,1
WN,DEN,MCI,2025,7,1115,10,7,0.0,frozenset({878}),878,0.7,True,2025-07,1,2434,1
WN,DEN,MEM,2025,7,1170,14,8,0.0,frozenset({2621}),2621,0.5714285714285714,True,2025-07,2,1511,2
AS,JFK,SEA,2025,7,1133,31,19,3.0,frozenset({17}),17,0.6129032258064516,True,2025-07,3,782,3
WN,DEN,HOU,2025,7,1055,10,7,0.0,frozenset({3696}),3696,0.7,True,2025-07,1,2435,1
WN,DEN,HOU,2025,7,1130,17,9,1.0,"frozenset({3284, 2372})",2372,0.5294117647058824,True,2025-07,2,1502,2
WN,DEN,HOU,2025,7,1225,12,8,0.0,frozenset({3284}),3284,0.6666666666666666,True,2025-07,1,2436,1
AS,JFK,PDX,2025,7,1049,31,16,5.0,frozenset({19}),19,0.5161290322580645,True,2025-07,2,2401,2
OH,SYR,DCA,2025,7,1066,26,17,5.0,frozenset({5541}),5541,0.6538461538461539,True,2025-07,2,1895,2
AS,IAD,LAX,2025,7,1219,30,18,0.0,frozenset({213}),213,0.6,True,2025-07,1,2437,1
AS,EWR,SEA,2025,7,1050,31,18,2.0,frozenset({462}),462,0.5806451612903226,True,2025-07,1,2438,1
AA,DFW,ECP,2025,7,793,25,16,1.0,frozenset({1739}),1739,0.64,True,2025-07,2,2338,2
AA,DFW,ONT,2025,7,1319,29,19,2.0,frozenset({711}),711,0.6551724137931034,True,2025-07,1,2439,1
WN,DEN,IAD,2025,7,1045,10,6,0.0,frozenset({2558}),2558,0.6,True,2025-07,1,2440,1
WN,DEN,IAD,2025,7,1080,16,12,1.0,frozenset({360}),360,0.75,True,2025-07,2,1501,2
AA,DFW,ONT,2025,7,1075,31,18,0.0,frozenset({3006}),3006,0.5806451612903226,True,2025-07,1,2441,2
WN,LGA,MCI,2025,7,1255,22,12,6.0,"frozenset({1571, 779})",779,0.5454545454545454,True,2025-07,1,2442,1
WN,DEN,ICT,2025,7,1220,30,20,1.0,"frozenset({3728, 1501})",3728,0.6666666666666666,True,2025-07,2,1500,2
AS,DEN,SEA,2025,7,1232,25,14,1.0,frozenset({615}),615,0.56,True,2025-07,2,2402,2
AS,DEN,SEA,2025,7,903,31,18,1.0,frozenset({535}),535,0.5806451612903226,True,2025-07,1,2443,1
WN,DEN,IND,2025,7,1060,14,9,0.0,"frozenset({3939, 3229})",3939,0.6428571428571429,True,2025-07,2,1487,2
WN,DEN,IND,2025,7,1110,12,8,0.0,frozenset({3229}),3229,0.6666666666666666,True,2025-07,2,1486,2
WN,DEN,IND,2025,7,1190,10,6,0.0,frozenset({2552}),2552,0.6,True,2025-07,1,2444,1
AA,DFW,ELP,2025,7,1150,29,15,1.0,frozenset({841}),841,0.5172413793103449,True,2025-07,2,2390,2
AA,ORD,PHL,2025,7,1241,27,15,3.0,frozenset({3153}),3153,0.5555555555555556,True,2025-07,1,2445,1
OH,SDF,DCA,2025,7,1164,23,14,8.0,frozenset({5268}),5268,0.6086956521739131,True,2025-07,2,1872,2
OO,ORD,ICT,2025,7,940,12,7,0.0,frozenset({5635}),5635,0.5833333333333334,True,2025-07,1,2446,1
AA,DFW,ONT,2025,7,1375,29,16,1.0,frozenset({1534}),1534,0.5517241379310345,True,2025-07,2,2147,2
WN,DEN,DAL,2025,7,1230,26,17,1.0,"frozenset({2056, 2506})",2056,0.6538461538461539,True,2025-07,2,1516,2
AA,DFW,ORD,2025,7,1035,27,15,3.0,frozenset({2740}),2740,0.5555555555555556,True,2025-07,1,2447,1
OH,SAV,DCA,2025,7,1165,26,24,8.0,frozenset({5023}),5023,0.9230769230769231,True,2025-07,2,1868,2
OO,ORD,MSN,2025,7,940,16,9,0.0,frozenset({5586}),5586,0.5625,True,2025-07,1,2448,1
WN,LGA,MDW,2025,7,1305,22,13,7.0,"frozenset({1697, 3564})",3564,0.5909090909090909,True,2025-07,2,1930,2
WN,DEN,DSM,2025,7,1175,10,7,0.0,frozenset({1935}),1935,0.7,True,2025-07,1,2449,1
WN,DEN,DSM,2025,7,1215,20,11,0.0,"frozenset({594, 1287})",594,0.55,True,2025-07,1,2450,1
AA,DFW,ORD,2025,7,739,31,16,1.0,"frozenset({2474, 2988})",2474,0.5161290322580645,True,2025-07,1,2451,1
AS,JFK,SFO,2025,7,1229,31,21,0.0,frozenset({41}),41,0.6774193548387096,True,2025-07,2,2369,2
WN,DEN,DTW,2025,7,1045,10,6,0.0,frozenset({2145}),2145,0.6,True,2025-07,1,2452,1
OH,TYS,DCA,2025,7,1039,30,23,10.0,frozenset({5458}),5458,0.7666666666666667,True,2025-07,2,1923,2
WN,DEN,DTW,2025,7,1220,12,8,1.0,frozenset({3213}),3213,0.6666666666666666,True,2025-07,2,1517,2
AA,ORD,PDX,2025,7,1225,29,15,3.0,frozenset({2977}),2977,0.5172413793103449,True,2025-07,2,2136,2
OO,ORD,MHK,2025,7,1322,27,16,3.0,frozenset({6500}),6500,0.5925925925925926,True,2025-07,2,1436,2
AA,ORD,PHL,2025,7,1013,30,21,3.0,"frozenset({1848, 3185})",1848,0.7,True,2025-07,1,2453,1
WN,DEN,ELP,2025,7,1005,12,7,0.0,frozenset({2943}),2943,0.5833333333333334,True,2025-07,1,2454,1
WN,LGA,MDW,2025,7,1090,27,16,5.0,"frozenset({3137, 3563, 2203})",3563,0.5925925925925926,True,2025-07,2,1913,2
OO,ORD,LEX,2025,7,1245,29,16,2.0,frozenset({6498}),6498,0.5517241379310345,True,2025-07,2,1435,2
OO,ORD,LEX,2025,7,978,31,17,1.0,frozenset({6314}),6314,0.5483870967741935,True,2025-07,1,2455,1
AA,ORD,PHL,2025,7,1185,30,19,4.0,frozenset({2443}),2443,0.6333333333333333,True,2025-07,1,2456,1
WN,DEN,GEG,2025,7,1305,14,9,0.0,"frozenset({2530, 1523})",2530,0.6428571428571429,True,2025-07,2,1519,2
WN,DEN,GEG,2025,7,1355,16,10,0.0,frozenset({1523}),1523,0.625,True,2025-07,2,1503,2
OO,ORD,MKE,2025,7,995,23,13,1.0,frozenset({4988}),4988,0.5652173913043478,True,2025-07,1,2457,1
WN,DEN,IND,2025,7,1230,12,7,0.0,frozenset({3939}),3939,0.5833333333333334,True,2025-07,2,1487,2
OH,TYS,ORD,2025,7,1109,29,22,6.0,frozenset({5302}),5302,0.7586206896551724,True,2025-07,2,1931,2
AA,ORD,SEA,2025,7,1265,15,10,1.0,frozenset({3029}),3029,0.6666666666666666,True,2025-07,2,2142,2
WN,DEN,MCI,2025,7,1265,16,9,0.0,frozenset({2600}),2600,0.5625,True,2025-07,1,2458,1
WN,DEN,MCO,2025,7,1095,16,11,1.0,"frozenset({3755, 2532})",2532,0.6875,True,2025-07,2,1495,2
OO,ASE,AUS,2025,7,815,30,17,5.0,"frozenset({6354, 6482})",6482,0.5666666666666667,True,2025-07,2,1928,2
OO,ORD,BWI,2025,7,895,15,8,1.0,frozenset({5988}),5988,0.5333333333333333,True,2025-07,1,2459,1
AA,DFW,MKE,2025,7,1179,31,20,2.0,frozenset({1234}),1234,0.6451612903225806,True,2025-07,2,2211,2
AA,TYS,DFW,2025,7,1102,30,18,1.0,frozenset({2550}),2550,0.6,True,2025-07,1,2460,1
OO,ASE,DEN,2025,7,923,31,17,2.0,frozenset({5776}),5776,0.5483870967741935,True,2025-07,2,1929,2
OO,ASE,DEN,2025,7,1095,29,16,8.0,frozenset({5778}),5778,0.5517241379310345,True,2025-07,1,2461,1
OO,ORD,BTV,2025,7,1134,29,19,2.0,frozenset({4943}),4943,0.6551724137931034,True,2025-07,2,1836,2
AA,DFW,MKE,2025,7,919,29,17,1.0,frozenset({869}),869,0.5862068965517241,True,2025-07,2,2202,2
WN,DEN,MCI,2025,7,1215,26,15,1.0,frozenset({1982}),1982,0.5769230769230769,True,2025-07,1,2462,1
WN,LAX,DEN,2025,7,965,12,7,0.0,frozenset({642}),642,0.5833333333333334,True,2025-07,1,2463,1
WN,LAS,SNA,2025,7,1020,16,9,1.0,frozenset({1160}),1160,0.5625,True,2025-07,1,2464,1
WN,DEN,MDW,2025,7,1290,14,10,1.0,"frozenset({3440, 2618})",2618,0.7142857142857143,True,2025-07,2,1496,2
OO,ORD,BNA,2025,7,1030,29,16,2.0,frozenset({6279}),6279,0.5517241379310345,True,2025-07,2,1832,2
WN,LAS,SMF,2025,7,1250,16,11,0.0,"frozenset({2515, 507})",2515,0.6875,True,2025-07,1,2465,1
AA,ORD,TUS,2025,7,1250,30,18,4.0,frozenset({2661}),2661,0.6,True,2025-07,2,2212,2
AA,PBI,DFW,2025,7,925,31,20,1.0,frozenset({1844}),1844,0.6451612903225806,True,2025-07,1,2466,2
AA,PBI,DFW,2025,7,1169,29,17,3.0,frozenset({2640}),2640,0.5862068965517241,True,2025-07,1,2467,1
WN,LAS,SLC,2025,7,1305,10,6,0.0,frozenset({274}),274,0.6,True,2025-07,1,2468,1
WN,LAS,SAT,2025,7,1165,10,6,1.0,frozenset({3411}),3411,0.6,True,2025-07,1,2469,1
WN,LAS,SAN,2025,7,1190,26,16,0.0,"frozenset({3112, 909})",909,0.6153846153846154,True,2025-07,1,2470,1
WN,DEN,MDW,2025,7,1145,10,6,0.0,frozenset({2376}),2376,0.6,True,2025-07,2,1498,2
AA,DFW,MIA,2025,7,1248,29,19,1.0,frozenset({2090}),2090,0.6551724137931034,True,2025-07,1,2471,1
AA,ORD,STL,2025,7,1356,27,14,0.0,"frozenset({1466, 1188})",1466,0.5185185185185185,True,2025-07,1,2472,1
WN,LAS,DEN,2025,7,840,30,18,0.0,"frozenset({2545, 1756, 278})",278,0.6,True,2025-07,1,2473,1
OO,ORD,DTW,2025,7,1153,30,16,2.0,frozenset({6409}),6409,0.5333333333333333,True,2025-07,1,2474,1
WN,LGA,DEN,2025,7,1315,26,16,7.0,frozenset({3553}),3553,0.6153846153846154,True,2025-07,2,1905,2
WN,LGA,DEN,2025,7,1055,26,18,2.0,"frozenset({1884, 2309})",2309,0.6923076923076923,True,2025-07,2,1810,2
WN,DEN,LAS,2025,7,1195,30,16,1.0,"frozenset({40, 2571, 3655})",40,0.5333333333333333,True,2025-07,1,2475,1
AA,DFW,EWR,2025,7,852,31,18,2.0,frozenset({2861}),2861,0.5806451612903226,True,2025-07,1,2476,1
WN,LGA,DAL,2025,7,1105,23,12,4.0,frozenset({3904}),3904,0.5217391304347826,True,2025-07,2,1791,2
AA,DFW,EWR,2025,7,1049,29,16,3.0,frozenset({618}),618,0.5517241379310345,True,2025-07,3,739,3
WN,DEN,LAX,2025,7,1210,10,6,0.0,frozenset({1905}),1905,0.6,True,2025-07,1,2477,1
WN,DEN,LAX,2025,7,1355,16,9,2.0,"frozenset({2754, 3775})",2754,0.5625,True,2025-07,2,1489,2
AA,DFW,MSY,2025,7,1139,31,21,1.0,"frozenset({1472, 2237})",1472,0.6774193548387096,True,2025-07,1,2478,1
OO,ORD,CLE,2025,7,1151,19,12,1.0,frozenset({4989}),4989,0.631578947368421,True,2025-07,1,2479,1
AA,DFW,MSY,2025,7,1040,25,13,0.0,frozenset({2237}),2237,0.52,True,2025-07,1,2480,1
WN,LGA,ATL,2025,7,1250,27,15,7.0,frozenset({3546}),3546,0.5555555555555556,True,2025-07,1,2481,1
OO,ORD,CMX,2025,7,975,21,12,1.0,frozenset({5106}),5106,0.5714285714285714,True,2025-07,1,2482,1
WN,DEN,LGA,2025,7,1035,31,23,0.0,"frozenset({697, 2405})",2405,0.7419354838709677,True,2025-07,2,1491,2
WN,DEN,LGB,2025,7,1130,18,10,0.0,frozenset({3077}),3077,0.5555555555555556,True,2025-07,1,2483,1
OO,ORD,CMH,2025,7,1020,19,12,4.0,frozenset({6449}),6449,0.631578947368421,True,2025-07,1,2484,1
WN,LGA,ATL,2025,7,1015,31,19,3.0,frozenset({2913}),2913,0.6129032258064516,True,2025-07,1,2485,1
WN,LAX,SFO,2025,7,1195,20,13,0.0,frozenset({4713}),4713,0.65,True,2025-07,1,2486,1
WN,DEN,MAF,2025,7,1215,20,14,1.0,frozenset({2591}),2591,0.7,True,2025-07,2,1492,2
WN,DEN,MCI,2025,7,890,17,9,1.0,"frozenset({3336, 1982})",3336,0.5294117647058824,True,2025-07,1,2487,1
WN,DEN,MCI,2025,7,1020,26,14,0.0,"frozenset({203, 878})",203,0.5384615384615384,True,2025-07,1,2488,1
WN,DEN,LGA,2025,7,875,16,10,4.0,"frozenset({2517, 2078})",2517,0.625,True,2025-07,1,2489,1
OO,ATW,ORD,2025,7,1049,26,16,2.0,frozenset({4707}),4707,0.6153846153846154,True,2025-07,1,2490,2
AA,DFW,MCO,2025,7,877,31,16,0.0,frozenset({2117}),2117,0.5161290322580645,True,2025-07,1,2491,1
WN,LAS,BUF,2025,7,1090,12,7,0.0,frozenset({3259}),3259,0.5833333333333334,True,2025-07,1,2492,1
WN,DEN,SFO,2025,7,1210,22,16,1.0,"frozenset({2770, 2775})",2775,0.7272727272727273,True,2025-07,2,1535,2
WN,FLL,BWI,2025,7,1065,22,13,0.0,frozenset({1614}),1614,0.5909090909090909,True,2025-07,2,1377,2
OO,FSD,ORD,2025,7,1078,35,18,3.0,"frozenset({5561, 6271, 6303})",6271,0.5142857142857142,True,2025-07,1,2493,1
AA,PHL,RDU,2025,7,1135,31,16,4.0,frozenset({3310}),3310,0.5161290322580645,True,2025-07,1,2494,1
WN,DEN,SFO,2025,7,1310,14,8,0.0,frozenset({4847}),4847,0.5714285714285714,True,2025-07,1,2495,1
OO,FSD,DEN,2025,7,1129,21,11,2.0,frozenset({5588}),5588,0.5238095238095238,True,2025-07,1,2496,1
OO,FSD,DEN,2025,7,1030,31,18,2.0,frozenset({5848}),5848,0.5806451612903226,True,2025-07,1,2497,1
AA,RSW,DFW,2025,7,881,31,16,0.0,frozenset({2358}),2358,0.5161290322580645,True,2025-07,1,2498,1
AA,DFW,LAX,2025,7,1350,29,16,1.0,frozenset({1999}),1999,0.5517241379310345,True,2025-07,1,2499,1
AA,DFW,LAX,2025,7,1245,30,16,2.0,frozenset({1084}),1084,0.5333333333333333,True,2025-07,1,2500,1
WN,DEN,SJC,2025,7,1090,14,8,1.0,frozenset({3334}),3334,0.5714285714285714,True,2025-07,2,1536,2
OO,COS,ORD,2025,7,724,31,16,0.0,"frozenset({6476, 6295})",6295,0.5161290322580645,True,2025-07,1,2501,1
OO,FNT,ORD,2025,7,1129,24,15,2.0,frozenset({4950}),4950,0.625,True,2025-07,2,1814,2
AA,RSW,CLT,2025,7,967,30,16,0.0,frozenset({2018}),2018,0.5333333333333333,True,2025-07,1,2502,1
WN,DEN,SJC,2025,7,1170,26,17,0.0,"frozenset({3881, 3334})",3881,0.6538461538461539,True,2025-07,1,2503,1
WN,DEN,SJC,2025,7,1280,20,12,1.0,"frozenset({3881, 4820})",4820,0.6,True,2025-07,2,1537,2
OO,FAR,ORD,2025,7,995,16,10,1.0,frozenset({5865}),5865,0.625,True,2025-07,1,2504,1
AA,DFW,LAX,2025,7,1180,29,18,1.0,frozenset({3328}),3328,0.6206896551724138,True,2025-07,2,2076,2
OO,FAR,DEN,2025,7,1030,31,18,0.0,frozenset({4634}),4634,0.5806451612903226,True,2025-07,2,1805,2
AA,PHL,SEA,2025,7,1115,27,14,2.0,frozenset({2001}),2001,0.5185185185185185,True,2025-07,1,2505,1
OO,CRW,ORD,2025,7,1046,30,21,0.0,frozenset({4644}),4644,0.7,True,2025-07,1,2506,1
AA,PHL,SJU,2025,7,1130,31,18,0.0,frozenset({3065}),3065,0.5806451612903226,True,2025-07,1,2507,1
AA,PHL,STL,2025,7,1125,26,14,3.0,frozenset({1368}),1368,0.5384615384615384,True,2025-07,1,2508,1
WN,ELP,LAS,2025,7,1160,12,8,0.0,frozenset({2515}),2515,0.6666666666666666,True,2025-07,1,2509,1
AA,PHL,RSW,2025,7,1175,23,12,3.0,frozenset({2571}),2571,0.5217391304347826,True,2025-07,1,2510,1
WN,DEN,DAL,2025,7,1170,30,18,0.0,"frozenset({2808, 2506})",2506,0.6,True,2025-07,2,1515,2
AA,PHL,RDU,2025,7,976,31,18,3.0,frozenset({1441}),1441,0.5806451612903226,True,2025-07,1,2511,1
OO,FWA,ORD,2025,7,1009,30,17,1.0,frozenset({5436}),5436,0.5666666666666667,True,2025-07,1,2512,1
OO,HLN,DEN,2025,7,1059,29,16,2.0,frozenset({5784}),5784,0.5517241379310345,True,2025-07,3,503,3
OO,HLN,DEN,2025,7,874,31,20,0.0,frozenset({5911}),5911,0.6451612903225806,True,2025-07,2,1842,2
AA,PHL,ORD,2025,7,923,27,17,1.0,frozenset({470}),470,0.6296296296296297,True,2025-07,1,2513,1
AA,PHL,ORD,2025,7,1125,31,20,8.0,frozenset({490}),490,0.6451612903225806,True,2025-07,2,2046,2
AA,PHL,ORD,2025,7,1275,30,19,5.0,frozenset({1327}),1327,0.6333333333333333,True,2025-07,1,2514,1
OO,GUC,DEN,2025,7,450,31,16,1.0,frozenset({5602}),5602,0.5161290322580645,True,2025-07,1,2515,1
AA,RSW,PHL,2025,7,891,31,18,4.0,frozenset({1866}),1866,0.5806451612903226,True,2025-07,1,2516,1
AA,RSW,ORD,2025,7,986,30,18,2.0,frozenset({2354}),2354,0.6,True,2025-07,2,2243,2
AA,DFW,LGA,2025,7,871,27,18,3.0,frozenset({610}),610,0.6666666666666666,True,2025-07,1,2517,1
AA,DFW,LGA,2025,7,806,30,16,1.0,"frozenset({672, 2388})",2388,0.5333333333333333,True,2025-07,2,2052,2
OO,GRR,ORD,2025,7,958,29,17,2.0,"frozenset({6458, 6245})",6245,0.5862068965517241,True,2025-07,1,2518,1
OO,GRR,ORD,2025,7,748,31,17,0.0,frozenset({6361}),6361,0.5483870967741935,True,2025-07,2,1825,2
AA,PHL,PBI,2025,7,1185,30,19,5.0,frozenset({3145}),3145,0.6333333333333333,True,2025-07,2,2059,2
WN,DEN,SAN,2025,7,1220,26,16,1.0,"frozenset({3898, 3415})",3898,0.6153846153846154,True,2025-07,2,1529,2
WN,DEN,SAN,2025,7,1310,18,10,1.0,frozenset({1646}),1646,0.5555555555555556,True,2025-07,2,1530,2
OO,COS,DEN,2025,7,1040,31,16,2.0,frozenset({4719}),4719,0.5161290322580645,True,2025-07,1,2519,2
OO,COS,DEN,2025,7,1115,29,17,4.0,frozenset({5391}),5391,0.5862068965517241,True,2025-07,1,2520,2
WN,FLL,DAL,2025,7,1115,14,10,1.0,"frozenset({512, 2426})",2426,0.7142857142857143,True,2025-07,2,1404,2
WN,DEN,SAT,2025,7,955,17,12,0.0,"frozenset({1201, 4446})",1201,0.7058823529411765,True,2025-07,1,2521,1
OO,GJT,DEN,2025,7,921,31,16,2.0,frozenset({4635}),4635,0.5161290322580645,True,2025-07,1,2522,1
AA,PHL,PDX,2025,7,1140,31,16,3.0,frozenset({2214}),2214,0.5161290322580645,True,2025-07,1,2523,1
AA,DFW,IND,2025,7,944,30,16,0.0,frozenset({2798}),2798,0.5333333333333333,True,2025-07,2,2326,2
AA,PHL,PHX,2025,7,1140,30,19,6.0,"frozenset({1984, 3186})",1984,0.6333333333333333,True,2025-07,1,2524,1
WN,DEN,SAT,2025,7,1240,10,7,0.0,frozenset({130}),130,0.7,True,2025-07,1,2525,1
WN,DEN,SDF,2025,7,1045,10,8,0.0,frozenset({3559}),3559,0.8,True,2025-07,1,2526,1
WN,ELP,DEN,2025,7,1045,22,17,0.0,"frozenset({3680, 565})",565,0.7727272727272727,True,2025-07,2,1381,2
WN,DEN,SLC,2025,7,1040,10,7,0.0,frozenset({2047}),2047,0.7,True,2025-07,1,2527,1
AA,RDU,PHL,2025,7,1110,27,18,3.0,frozenset({1441}),1441,0.6666666666666666,True,2025-07,2,2406,3
OO,DEN,ASE,2025,7,1040,31,17,0.0,frozenset({5775}),5775,0.5483870967741935,True,2025-07,2,1815,2
AA,PHX,SAT,2025,7,771,20,12,0.0,frozenset({570}),570,0.6,True,2025-07,1,2528,1
WN,DEN,STL,2025,7,1145,14,8,0.0,"frozenset({3324, 3604})",3324,0.5714285714285714,True,2025-07,2,1610,2
AA,RDU,DFW,2025,7,1162,29,18,2.0,frozenset({1217}),1217,0.6206896551724138,True,2025-07,1,2529,1
WN,DEN,TUL,2025,7,1225,20,14,1.0,frozenset({302}),302,0.7,True,2025-07,2,1631,2
AA,PIT,DFW,2025,7,1143,29,18,0.0,frozenset({1868}),1868,0.6206896551724138,True,2025-07,2,2031,2
AA,PIT,ORD,2025,7,1228,27,14,2.0,frozenset({2902}),2902,0.5185185185185185,True,2025-07,2,2038,2
AA,RDU,CLT,2025,7,1110,30,20,1.0,frozenset({1894}),1894,0.6666666666666666,True,2025-07,1,2530,1
WN,DEN,TPA,2025,7,780,11,6,0.0,"frozenset({2832, 324})",324,0.5454545454545454,True,2025-07,1,2531,1
AA,PIT,PHL,2025,7,997,30,16,6.0,frozenset({3248}),3248,0.5333333333333333,True,2025-07,2,2044,3
WN,DEN,TPA,2025,7,930,13,7,0.0,frozenset({2702}),2702,0.5384615384615384,True,2025-07,1,2532,1
AA,PNS,DFW,2025,7,957,31,16,0.0,frozenset({2328}),2328,0.5161290322580645,True,2025-07,1,2533,1
OO,DEN,LBB,2025,7,1147,31,16,3.0,frozenset({5428}),5428,0.5161290322580645,True,2025-07,1,2534,1
OO,DEN,LEX,2025,7,1040,31,16,0.0,frozenset({4681}),4681,0.5161290322580645,True,2025-07,1,2535,1
OO,DEN,SGU,2025,7,1265,31,17,0.0,frozenset({5141}),5141,0.5483870967741935,True,2025-07,1,2536,1
OO,DEN,LIT,2025,7,1045,31,16,1.0,frozenset({4676}),4676,0.5161290322580645,True,2025-07,1,2537,2
WN,DEN,TUL,2025,7,1180,10,7,0.0,frozenset({302}),302,0.7,True,2025-07,2,1631,2
OO,DEN,SGF,2025,7,1040,31,17,0.0,frozenset({5886}),5886,0.5483870967741935,True,2025-07,1,2538,1
OO,DEN,RKS,2025,7,1264,31,16,1.0,frozenset({5129}),5129,0.5161290322580645,True,2025-07,1,2539,1
OO,DEN,RAP,2025,7,1070,31,16,2.0,frozenset({5580}),5580,0.5161290322580645,True,2025-07,1,2540,1
AA,PNS,DFW,2025,7,1168,29,17,1.0,frozenset({1351}),1351,0.5862068965517241,True,2025-07,1,2541,2
WN,DEN,TPA,2025,7,1080,26,16,0.0,"frozenset({2837, 2702})",2837,0.6153846153846154,True,2025-07,2,1632,2
OO,DEN,PSP,2025,7,1140,31,17,0.0,frozenset({5297}),5297,0.5483870967741935,True,2025-07,1,2542,1
AA,DFW,JFK,2025,7,976,31,16,3.0,frozenset({578}),578,0.5161290322580645,True,2025-07,2,2336,2
AA,PWM,DCA,2025,7,1047,23,13,5.0,frozenset({2884}),2884,0.5652173913043478,True,2025-07,1,2543,1
OO,DEN,LNK,2025,7,1050,31,19,0.0,frozenset({5622}),5622,0.6129032258064516,True,2025-07,3,540,3
AA,PHX,ORD,2025,7,924,31,17,1.0,frozenset({2786}),2786,0.5483870967741935,True,2025-07,1,2544,1
WN,DEN,RNO,2025,7,1305,14,9,1.0,"frozenset({3033, 3959})",3033,0.6428571428571429,True,2025-07,1,2545,1
OO,DLH,ORD,2025,7,1093,21,11,1.0,frozenset({5456}),5456,0.5238095238095238,True,2025-07,1,2546,1
WN,DEN,STL,2025,7,1040,13,8,0.0,frozenset({3293}),3293,0.6153846153846154,True,2025-07,1,2547,1
AA,RDU,PHL,2025,7,971,26,19,2.0,frozenset({2851}),2851,0.7307692307692307,True,2025-07,2,2347,2
WN,DEN,SLC,2025,7,1085,12,10,0.0,frozenset({2049}),2049,0.8333333333333334,True,2025-07,1,2548,1
WN,DEN,SLC,2025,7,1200,14,8,1.0,"frozenset({3313, 2049})",3313,0.5714285714285714,True,2025-07,2,1538,2
AA,DFW,JAX,2025,7,1143,30,18,3.0,frozenset({2263}),2263,0.6,True,2025-07,2,2395,2
WN,DEN,SLC,2025,7,1290,26,19,1.0,"frozenset({3313, 2785})",3313,0.7307692307692307,True,2025-07,2,1538,2
WN,DEN,SLC,2025,7,1365,16,9,0.0,frozenset({4773}),4773,0.5625,True,2025-07,1,2549,1
AA,DFW,LAS,2025,7,1379,29,17,1.0,frozenset({2998}),2998,0.5862068965517241,True,2025-07,2,2023,3
OO,DTW,GRR,2025,7,1080,26,15,0.0,frozenset({4035}),4035,0.5769230769230769,True,2025-07,1,2550,1
OO,DEN,COS,2025,7,1140,31,19,4.0,frozenset({4660}),4660,0.6129032258064516,True,2025-07,1,2551,2
WN,DEN,SMF,2025,7,1170,10,6,0.0,frozenset({1183}),1183,0.6,True,2025-07,1,2552,1
OO,DTW,FWA,2025,7,1188,31,16,0.0,frozenset({3917}),3917,0.5161290322580645,True,2025-07,1,2553,1
WN,DEN,SMF,2025,7,1305,26,16,1.0,frozenset({4896}),4896,0.6153846153846154,True,2025-07,2,1534,2
OO,DTW,BHM,2025,7,1190,23,13,1.0,frozenset({4102}),4102,0.5652173913043478,True,2025-07,1,2554,1
AA,DFW,LAS,2025,7,1255,30,16,2.0,frozenset({1797}),1797,0.5333333333333333,True,2025-07,1,2555,1
OO,DEN,COS,2025,7,1200,29,15,1.0,frozenset({4650}),4650,0.5172413793103449,True,2025-07,2,1816,3
WN,DEN,SNA,2025,7,1040,10,6,0.0,frozenset({2812}),2812,0.6,True,2025-07,1,2556,1
WN,DEN,SNA,2025,7,1130,13,8,1.0,"frozenset({2811, 2812})",2811,0.6153846153846154,True,2025-07,2,1524,2
WN,DTW,DEN,2025,7,1055,10,6,0.0,frozenset({2860}),2860,0.6,True,2025-07,1,2557,1
AA,DFW,LAS,2025,7,1165,31,16,0.0,frozenset({1771}),1771,0.5161290322580645,True,2025-07,2,2032,3
OO,DSM,ORD,2025,7,1089,29,16,3.0,"frozenset({6536, 6512, 4965})",6512,0.5517241379310345,True,2025-07,1,2558,1
OO,DRO,DEN,2025,7,920,31,16,2.0,frozenset({5952}),5952,0.5161290322580645,True,2025-07,1,2559,1
OO,DEN,CPR,2025,7,1152,31,16,0.0,frozenset({5802}),5802,0.5161290322580645,True,2025-07,2,1817,2
AA,RDU,MIA,2025,7,1040,27,14,1.0,frozenset({3008}),3008,0.5185185185185185,True,2025-07,1,2560,1
OO,DEN,DIK,2025,7,1230,30,16,4.0,frozenset({5097}),5097,0.5333333333333333,True,2025-07,1,2561,1
WN,DEN,TUS,2025,7,1315,14,9,1.0,"frozenset({2844, 205})",205,0.6428571428571429,True,2025-07,1,2562,1
OO,DEN,HLN,2025,7,1154,31,17,4.0,frozenset({4705}),4705,0.5483870967741935,True,2025-07,1,2563,1
OO,HYS,DEN,2025,7,1157,22,13,5.0,frozenset({5042}),5042,0.5909090909090909,True,2025-07,1,2564,1
WN,DEN,RIC,2025,7,1090,14,9,0.0,frozenset({4020}),4020,0.6428571428571429,True,2025-07,2,1528,2
AA,DFW,LGA,2025,7,933,30,19,3.0,"frozenset({610, 2028})",2028,0.6333333333333333,True,2025-07,1,2565,1
AA,DFW,MCO,2025,7,1000,31,19,1.0,frozenset({2791}),2791,0.6129032258064516,True,2025-07,2,1983,3
AA,STL,DFW,2025,7,1047,26,14,1.0,frozenset({1363}),1363,0.5384615384615384,True,2025-07,1,2566,1
OO,BIL,DEN,2025,7,975,31,16,0.0,frozenset({5240}),5240,0.5161290322580645,True,2025-07,3,719,3
OO,DEN,LNK,2025,7,1239,31,16,0.0,frozenset({5824}),5824,0.5161290322580645,True,2025-07,2,1808,2
OO,BIS,DEN,2025,7,1031,31,18,0.0,frozenset({4642}),4642,0.5806451612903226,True,2025-07,2,1904,3
OO,LNK,DEN,2025,7,1053,31,18,1.0,frozenset({5431}),5431,0.5806451612903226,True,2025-07,3,514,4
WN,ISP,MCO,2025,7,1130,12,9,0.0,frozenset({3225}),3225,0.75,True,2025-07,1,2567,1
AA,PHL,CMH,2025,7,1135,12,7,2.0,frozenset({1481}),1481,0.5833333333333334,True,2025-07,1,2568,1
WN,DEN,PDX,2025,7,1180,12,7,1.0,frozenset({1083}),1083,0.5833333333333334,True,2025-07,2,1556,2
OO,BNA,ORD,2025,7,1093,16,9,0.0,frozenset({6007}),6007,0.5625,True,2025-07,1,2569,1
WN,DEN,PDX,2025,7,1305,14,9,0.0,"frozenset({2698, 2895})",2895,0.6428571428571429,True,2025-07,2,1557,2
AA,PHL,DEN,2025,7,1140,31,19,5.0,frozenset({3158}),3158,0.6129032258064516,True,2025-07,1,2570,1
WN,DEN,PDX,2025,7,1350,16,11,2.0,frozenset({2698}),2698,0.6875,True,2025-07,1,2571,1
OO,BNA,ORD,2025,7,1158,29,19,3.0,frozenset({6389}),6389,0.6551724137931034,True,2025-07,2,1911,2
OO,LIT,DEN,2025,7,1000,31,20,0.0,frozenset({5369}),5369,0.6451612903225806,True,2025-07,3,520,4
AA,DFW,IAD,2025,7,822,27,16,0.0,frozenset({1863}),1863,0.5925925925925926,True,2025-07,1,2572,2
AA,PHL,DFW,2025,7,938,31,17,1.0,frozenset({3254}),3254,0.5483870967741935,True,2025-07,1,2573,1
AA,PHL,DFW,2025,7,1120,31,18,7.0,frozenset({2533}),2533,0.5806451612903226,True,2025-07,1,2574,1
AA,SRQ,DFW,2025,7,1080,30,20,0.0,frozenset({2679}),2679,0.6666666666666666,True,2025-07,1,2575,1
AA,DFW,IAD,2025,7,1125,29,16,5.0,frozenset({2756}),2756,0.5517241379310345,True,2025-07,2,2260,2
OO,BTV,ORD,2025,7,1076,23,18,3.0,frozenset({6330}),6330,0.782608695652174,True,2025-07,2,1906,3
OO,LGA,OKC,2025,7,1134,27,15,8.0,frozenset({3998}),3998,0.5555555555555556,True,2025-07,1,2576,1
OO,LGA,BNA,2025,7,1200,27,16,7.0,frozenset({3747}),3747,0.5925925925925926,True,2025-07,1,2577,1
WN,ICT,DEN,2025,7,960,15,9,0.0,"frozenset({3842, 2547})",2547,0.6,True,2025-07,2,1420,2
OO,LEX,ORD,2025,7,1153,29,19,3.0,frozenset({6314}),6314,0.6551724137931034,True,2025-07,2,1853,2
AA,DFW,HNL,2025,7,675,31,16,1.0,frozenset({5}),5,0.5161290322580645,True,2025-07,1,2578,1
WN,IAD,DEN,2025,7,1140,14,8,2.0,frozenset({2687}),2687,0.5714285714285714,True,2025-07,1,2579,1
AA,DFW,MCO,2025,7,1073,31,17,1.0,frozenset({2974}),2974,0.5483870967741935,True,2025-07,1,2580,1
OO,MAF,DEN,2025,7,1038,31,18,2.0,frozenset({4747}),4747,0.5806451612903226,True,2025-07,1,2581,1
WN,DEN,OKC,2025,7,1025,16,10,0.0,"frozenset({279, 3127})",3127,0.625,True,2025-07,1,2582,1
WN,DEN,OKC,2025,7,1170,14,8,0.0,"frozenset({2154, 279})",279,0.5714285714285714,True,2025-07,2,1549,2
WN,DEN,OKC,2025,7,1225,12,11,1.0,frozenset({2154}),2154,0.9166666666666666,True,2025-07,2,1551,2
WN,LAS,AUS,2025,7,1070,11,6,0.0,"frozenset({1324, 2805})",1324,0.5454545454545454,True,2025-07,1,2583,1
WN,DEN,OMA,2025,7,1070,12,7,1.0,frozenset({4120}),4120,0.5833333333333334,True,2025-07,1,2584,1
WN,DEN,OMA,2025,7,1230,26,19,0.0,"frozenset({3525, 2679})",2679,0.7307692307692307,True,2025-07,2,1559,2
OO,MKE,ORD,2025,7,1077,49,26,3.0,"frozenset({5648, 6319})",6319,0.5306122448979592,True,2025-07,1,2585,1
AA,PHL,BOS,2025,7,1055,31,17,5.0,"frozenset({1776, 1147})",1147,0.5483870967741935,True,2025-07,2,2165,2
OO,MKE,DEN,2025,7,1072,26,14,0.0,frozenset({5589}),5589,0.5384615384615384,True,2025-07,1,2586,1
AA,PHL,BOS,2025,7,1130,27,14,5.0,frozenset({1776}),1776,0.5185185185185185,True,2025-07,1,2587,1
OO,AUS,DFW,2025,7,1045,30,19,1.0,frozenset({6410}),6410,0.6333333333333333,True,2025-07,2,1901,2
AA,DFW,GSP,2025,7,827,31,16,0.0,frozenset({1805}),1805,0.5161290322580645,True,2025-07,1,2588,1
AA,PHL,BOS,2025,7,1290,29,15,3.0,frozenset({1874}),1874,0.5172413793103449,True,2025-07,1,2589,1
OO,AVL,ORD,2025,7,1058,27,14,1.0,frozenset({5794}),5794,0.5185185185185185,True,2025-07,1,2590,1
WN,JAX,STL,2025,7,1175,10,6,0.0,frozenset({3185}),3185,0.6,True,2025-07,1,2591,1
WN,JAX,BWI,2025,7,975,13,7,1.0,frozenset({1783}),1783,0.5384615384615384,True,2025-07,1,2592,1
OO,BDL,ORD,2025,7,1105,16,12,0.0,frozenset({4750}),4750,0.75,True,2025-07,1,2593,1
WN,DEN,ONT,2025,7,1120,15,10,0.0,frozenset({4681}),4681,0.6666666666666666,True,2025-07,2,1553,2
WN,DEN,ONT,2025,7,1170,12,9,1.0,frozenset({4681}),4681,0.75,True,2025-07,2,1553,2
WN,DEN,ONT,2025,7,1310,14,10,0.0,frozenset({1715}),1715,0.7142857142857143,True,2025-07,2,1554,2
AA,DFW,MCO,2025,7,1193,30,17,2.0,frozenset({364}),364,0.5666666666666667,True,2025-07,1,2594,1
OO,BFF,DEN,2025,7,1109,31,17,2.0,frozenset({5074}),5074,0.5483870967741935,True,2025-07,1,2595,1
AA,DFW,GSP,2025,7,1245,30,16,1.0,frozenset({2992}),2992,0.5333333333333333,True,2025-07,2,2372,2
AA,DFW,MCO,2025,7,1126,30,22,1.0,frozenset({2186}),2186,0.7333333333333333,True,2025-07,1,2596,1
WN,DEN,ORD,2025,7,795,27,15,0.0,"frozenset({3968, 2686})",2686,0.5555555555555556,True,2025-07,1,2597,1
WN,DEN,ORD,2025,7,1170,31,17,1.0,frozenset({1438}),1438,0.5483870967741935,True,2025-07,2,1555,2
WN,LAS,BWI,2025,7,925,12,8,1.0,frozenset({940}),940,0.6666666666666666,True,2025-07,1,2598,1
OO,LEX,ORD,2025,7,1064,30,16,1.0,frozenset({5871}),5871,0.5333333333333333,True,2025-07,1,2599,1
AA,PHL,FLL,2025,7,1231,30,18,5.0,frozenset({1864}),1864,0.6,True,2025-07,1,2600,2
WN,DEN,PHX,2025,7,1205,20,11,0.0,frozenset({2718}),2718,0.55,True,2025-07,2,1540,2
AA,SAV,DFW,2025,7,1181,27,15,3.0,frozenset({3246}),3246,0.5555555555555556,True,2025-07,2,2318,2
WN,DEN,PHX,2025,7,1255,14,11,0.0,"frozenset({2721, 4366})",2721,0.7857142857142857,True,2025-07,2,1539,2
WN,DEN,PHX,2025,7,1365,16,10,1.0,frozenset({2721}),2721,0.625,True,2025-07,2,1539,2
OO,CLE,ORD,2025,7,1073,21,15,4.0,frozenset({4913}),4913,0.7142857142857143,True,2025-07,2,1856,2
OO,CLE,ORD,2025,7,1170,16,9,0.0,frozenset({5618}),5618,0.5625,True,2025-07,1,2601,1
OO,IDA,DEN,2025,7,973,31,20,1.0,frozenset({5237}),5237,0.6451612903225806,True,2025-07,1,2602,2
WN,HOU,AUS,2025,7,1220,20,11,0.0,"frozenset({3337, 2372})",3337,0.55,True,2025-07,1,2603,1
WN,GSP,BWI,2025,7,1060,12,7,0.0,frozenset({2537}),2537,0.5833333333333334,True,2025-07,1,2604,1
WN,GEG,DEN,2025,7,880,10,8,0.0,frozenset({1362}),1362,0.8,True,2025-07,1,2605,1
AA,DFW,LIT,2025,7,1360,29,16,2.0,frozenset({3300}),3300,0.5517241379310345,True,2025-07,1,2606,1
OO,CMH,ORD,2025,7,884,31,16,2.0,frozenset({4898}),4898,0.5161290322580645,True,2025-07,2,1823,2
AA,PHL,MIA,2025,7,1120,31,16,2.0,frozenset({1181}),1181,0.5161290322580645,True,2025-07,1,2607,1
OO,CMH,ORD,2025,7,1198,14,11,3.0,frozenset({6449}),6449,0.7857142857142857,True,2025-07,1,2608,1
WN,DEN,PIT,2025,7,1190,14,8,2.0,"frozenset({2722, 2727})",2722,0.5714285714285714,True,2025-07,2,1526,2
AA,DFW,LGA,2025,7,1140,31,16,5.0,frozenset({2708}),2708,0.5161290322580645,True,2025-07,1,2609,1
WN,FLL,DEN,2025,7,875,13,7,0.0,"frozenset({1688, 2591})",1688,0.5384615384615384,True,2025-07,1,2610,1
AA,DFW,LGA,2025,7,1041,31,18,2.0,frozenset({2142}),2142,0.5806451612903226,True,2025-07,2,2058,2
WN,DEN,RDU,2025,7,1090,26,15,0.0,"frozenset({2733, 430})",2733,0.5769230769230769,True,2025-07,2,1527,2
OO,CMX,ORD,2025,7,1168,20,13,2.0,frozenset({5082}),5082,0.65,True,2025-07,1,2611,1
WN,FLL,DCA,2025,7,1095,10,7,0.0,frozenset({2529}),2529,0.7,True,2025-07,1,2612,1
AA,PHL,MSP,2025,7,1198,20,15,0.0,frozenset({1841}),1841,0.75,True,2025-07,2,1962,2
AA,DFW,LGA,2025,7,987,27,14,3.0,frozenset({2513}),2513,0.5185185185185185,True,2025-07,1,2613,1
OO,COD,DEN,2025,7,1081,31,20,3.0,frozenset({5101}),5101,0.6451612903225806,True,2025-07,1,2614,1
AA,SAN,DFW,2025,7,922,30,16,1.0,frozenset({2885}),2885,0.5333333333333333,True,2025-07,1,2615,1
AA,PHL,MCO,2025,7,1155,30,26,3.0,frozenset({2531}),2531,0.8666666666666667,True,2025-07,1,2616,1
AA,PHL,DFW,2025,7,1281,29,15,6.0,frozenset({808}),808,0.5172413793103449,True,2025-07,1,2617,1
OO,CIU,ORD,2025,7,950,31,16,0.0,frozenset({5076}),5076,0.5161290322580645,True,2025-07,1,2618,1
WN,HOU,LGA,2025,7,1135,10,7,1.0,frozenset({2713}),2713,0.7,True,2025-07,1,2619,1
WN,DEN,PHL,2025,7,1110,14,9,1.0,"frozenset({2699, 2701})",2699,0.6428571428571429,True,2025-07,2,1558,2
OO,LBL,DEN,2025,7,1170,31,16,3.0,frozenset({5086}),5086,0.5161290322580645,True,2025-07,1,2620,1
WN,DEN,PHL,2025,7,1155,16,9,1.0,frozenset({2701}),2701,0.5625,True,2025-07,2,1542,2
AA,DFW,MCI,2025,7,1300,30,20,2.0,frozenset({1036}),1036,0.6666666666666666,True,2025-07,2,1943,3
OO,BWI,ORD,2025,7,1130,15,12,1.0,frozenset({5396}),5396,0.8,True,2025-07,2,1907,2
AA,PHL,IAH,2025,7,1135,30,19,3.0,frozenset({3021}),3021,0.6333333333333333,True,2025-07,2,2000,2
AA,DFW,MCI,2025,7,1179,29,21,2.0,frozenset({2267}),2267,0.7241379310344828,True,2025-07,2,1942,2
OO,LBB,DEN,2025,7,1055,31,18,1.0,frozenset({5989}),5989,0.5806451612903226,True,2025-07,2,1850,3
AA,SFO,ORD,2025,7,800,26,16,3.0,frozenset({1515}),1515,0.6153846153846154,True,2025-07,2,2266,2
OO,CAK,ORD,2025,7,1070,30,16,1.0,frozenset({4698}),4698,0.5333333333333333,True,2025-07,1,2621,1
AA,DFW,IAH,2025,7,1042,31,17,2.0,frozenset({1635}),1635,0.5483870967741935,True,2025-07,2,2328,3
AA,PHL,LAS,2025,7,961,31,16,0.0,frozenset({3040}),3040,0.5161290322580645,True,2025-07,1,2622,1
AA,SFO,JFK,2025,7,797,31,16,0.0,frozenset({166}),166,0.5161290322580645,True,2025-07,1,2623,1
AA,PHL,LAS,2025,7,1165,27,16,5.0,frozenset({3005}),3005,0.5925925925925926,True,2025-07,1,2624,1
AA,PHL,MCI,2025,7,1165,31,16,2.0,frozenset({2901}),2901,0.5161290322580645,True,2025-07,1,2625,1
AA,DFW,MCI,2025,7,1053,31,19,0.0,frozenset({2116}),2116,0.6129032258064516,True,2025-07,2,1953,3
OO,CHO,ORD,2025,7,1065,30,17,2.0,frozenset({5606}),5606,0.5666666666666667,True,2025-07,1,2626,1
AA,PHL,MCO,2025,7,945,31,19,1.0,frozenset({2141}),2141,0.6129032258064516,True,2025-07,2,1945,3
WN,DEN,PHX,2025,7,1000,12,9,1.0,frozenset({4065}),4065,0.75,True,2025-07,1,2627,1
WN,DEN,PHX,2025,7,1040,10,8,0.0,frozenset({4065}),4065,0.8,True,2025-07,1,2628,1
OO,JMS,DEN,2025,7,1110,31,16,1.0,frozenset({5087}),5087,0.5161290322580645,True,2025-07,1,2629,1
WN,HOU,MIA,2025,7,1225,20,12,0.0,"frozenset({1817, 3086})",1817,0.6,True,2025-07,1,2630,1
WN,DEN,PHX,2025,7,1085,21,11,1.0,frozenset({3836}),3836,0.5238095238095238,True,2025-07,2,1541,2
OO,CID,DEN,2025,7,1098,26,15,0.0,frozenset({5692}),5692,0.5769230769230769,True,2025-07,1,2631,1
AA,PHL,MCO,2025,7,1039,30,17,2.0,frozenset({1673}),1673,0.5666666666666667,True,2025-07,2,1944,3
OO,JAC,LAX,2025,7,990,12,9,0.0,frozenset({4891}),4891,0.75,True,2025-07,1,2632,1
AA,DFW,LBB,2025,7,1366,29,18,2.0,frozenset({2452}),2452,0.6206896551724138,True,2025-07,2,2049,2
YX,TYS,LGA,2025,7,985,19,10,3.0,frozenset({4761}),4761,0.5263157894736842,True,2025-07,2,1740,2
OO,ORD,OKC,2025,7,1176,30,16,2.0,frozenset({5392}),5392,0.5333333333333333,True,2025-07,1,2633,1
WN,BWI,DAL,2025,7,1280,26,14,4.0,"frozenset({1672, 3455})",1672,0.5384615384615384,True,2025-07,1,2634,1
UA,MIA,EWR,2025,7,1245,26,15,3.0,frozenset({1231}),1231,0.5769230769230769,True,2025-07,1,2635,2
UA,MIA,EWR,2025,7,1064,27,18,3.0,frozenset({1386}),1386,0.6666666666666666,True,2025-07,1,2636,2
WN,BWI,DEN,2025,7,910,17,12,2.0,frozenset({2292}),2292,0.7058823529411765,True,2025-07,2,1595,2
AA,MCO,DCA,2025,7,842,31,16,5.0,frozenset({1153}),1153,0.5161290322580645,True,2025-07,1,2637,1
AA,MCO,DCA,2025,7,976,30,19,2.0,frozenset({1725}),1725,0.6333333333333333,True,2025-07,1,2638,2
AA,MCO,DCA,2025,7,1262,31,23,0.0,frozenset({958}),958,0.7419354838709677,True,2025-07,1,2639,1
WN,BWI,DEN,2025,7,1050,22,13,1.0,"frozenset({2453, 1702})",1702,0.5909090909090909,True,2025-07,2,1596,2
WN,BWI,DTW,2025,7,1295,14,8,1.0,"frozenset({1681, 2750})",2750,0.5714285714285714,True,2025-07,1,2640,1
UA,MCO,IAH,2025,7,1158,25,15,0.0,frozenset({1818}),1818,0.6,True,2025-07,1,2641,2
WN,BWI,DTW,2025,7,1350,16,9,2.0,frozenset({1681}),1681,0.5625,True,2025-07,1,2642,1
UA,MCO,EWR,2025,7,1211,26,18,1.0,frozenset({1893}),1893,0.6923076923076923,True,2025-07,1,2643,1
UA,MCO,EWR,2025,7,1016,31,19,2.0,frozenset({1557}),1557,0.6129032258064516,True,2025-07,3,951,4
UA,MCO,EWR,2025,7,950,31,22,1.0,frozenset({2321}),2321,0.7096774193548387,True,2025-07,1,2644,1
AA,ECP,DFW,2025,7,952,25,19,1.0,frozenset({1739}),1739,0.76,True,2025-07,2,2344,2
AA,MCO,DFW,2025,7,966,31,18,0.0,frozenset({2143}),2143,0.5806451612903226,True,2025-07,1,2645,2
AA,MCO,DFW,2025,7,1050,30,22,1.0,frozenset({2148}),2148,0.7333333333333333,True,2025-07,1,2646,2
UA,LGA,ORD,2025,7,1045,27,19,2.0,frozenset({2005}),2005,0.7037037037037037,True,2025-07,1,2647,1
UA,LGA,ORD,2025,7,1110,31,20,2.0,"frozenset({3010, 598})",598,0.6451612903225806,True,2025-07,1,2648,1
UA,LGA,ORD,2025,7,1170,27,16,3.0,"frozenset({1568, 1819})",1819,0.5925925925925926,True,2025-07,1,2649,1
UA,LGA,ORD,2025,7,1230,27,17,3.0,frozenset({2181}),2181,0.6296296296296297,True,2025-07,1,2650,1
UA,LGA,ORD,2025,7,1290,27,14,2.0,frozenset({393}),393,0.5185185185185185,True,2025-07,1,2651,1
WN,BWI,LAX,2025,7,1200,10,7,1.0,frozenset({1753}),1753,0.7,True,2025-07,2,1564,2
WN,BWI,DAL,2025,7,1160,14,8,2.0,"frozenset({1672, 1670})",1670,0.5714285714285714,True,2025-07,2,1593,2
WN,BWI,LAS,2025,7,1115,10,6,1.0,frozenset({572}),572,0.6,True,2025-07,1,2652,1
WN,BWI,JAX,2025,7,1010,15,8,0.0,"frozenset({1729, 1733})",1729,0.5333333333333333,True,2025-07,1,2653,1
AA,DSM,DFW,2025,7,1162,29,17,2.0,frozenset({2229}),2229,0.5862068965517241,True,2025-07,1,2654,1
AA,DTW,PHL,2025,7,957,17,9,0.0,frozenset({2949}),2949,0.5294117647058824,True,2025-07,1,2655,1
WN,BWI,GRR,2025,7,1220,10,6,1.0,frozenset({2752}),2752,0.6,True,2025-07,1,2656,1
UA,MCI,DEN,2025,7,1035,31,18,0.0,frozenset({2123}),2123,0.5806451612903226,True,2025-07,3,945,3
AA,MCO,DFW,2025,7,1180,29,21,2.0,frozenset({2385}),2385,0.7241379310344828,True,2025-07,1,2657,2
WN,BWI,JAX,2025,7,1135,10,6,0.0,frozenset({2327}),2327,0.6,True,2025-07,1,2658,1
AA,EWR,CLT,2025,7,1040,30,19,5.0,frozenset({1216}),1216,0.6333333333333333,True,2025-07,2,2381,2
AA,EWR,CLT,2025,7,1169,26,16,4.0,frozenset({1330}),1330,0.6153846153846154,True,2025-07,2,2379,2
WN,BWI,CVG,2025,7,1300,14,8,1.0,"frozenset({1073, 1662})",1073,0.5714285714285714,True,2025-07,1,2659,1
WN,BWI,ATL,2025,7,1145,30,19,1.0,"frozenset({667, 2132, 4253})",4253,0.6333333333333333,True,2025-07,2,1585,2
WN,BWI,ATL,2025,7,1035,27,15,3.0,"frozenset({667, 2132, 4253, 1446})",667,0.5555555555555556,True,2025-07,2,1584,2
AA,FCA,ORD,2025,7,1013,30,19,1.0,frozenset({2743}),2743,0.6333333333333333,True,2025-07,2,2322,2
UA,ORD,CLE,2025,7,1175,31,16,1.0,frozenset({1708}),1708,0.5161290322580645,True,2025-07,1,2660,1
UA,ORD,CLT,2025,7,1115,30,16,0.0,frozenset({617}),617,0.5333333333333333,True,2025-07,1,2661,1
UA,ORD,CMH,2025,7,1280,30,19,1.0,frozenset({1641}),1641,0.6333333333333333,True,2025-07,1,2662,1
AA,EWR,ORD,2025,7,1173,29,20,5.0,frozenset({1691}),1691,0.6896551724137931,True,2025-07,2,2317,2
AA,MCI,DFW,2025,7,1189,29,18,2.0,frozenset({2100}),2100,0.6206896551724138,True,2025-07,2,2305,3
UA,ORD,DCA,2025,7,960,27,14,1.0,frozenset({1755}),1755,0.5185185185185185,True,2025-07,1,2663,1
UA,ORD,DCA,2025,7,1080,31,20,0.0,frozenset({1269}),1269,0.6451612903225806,True,2025-07,1,2664,1
UA,ORD,DCA,2025,7,1180,31,19,0.0,frozenset({1069}),1069,0.6129032258064516,True,2025-07,1,2665,1
WN,BUR,DEN,2025,7,970,12,7,0.0,frozenset({1486}),1486,0.5833333333333334,True,2025-07,2,1582,2
AA,MCI,DFW,2025,7,1069,30,17,2.0,frozenset({3030}),3030,0.5666666666666667,True,2025-07,2,2295,3
UA,ORD,DEN,2025,7,980,31,21,3.0,frozenset({1801}),1801,0.6774193548387096,True,2025-07,1,2666,1
UA,ORD,DCA,2025,7,835,31,19,1.0,frozenset({1693}),1693,0.6129032258064516,True,2025-07,1,2667,1
UA,LGA,ORD,2025,7,985,31,21,3.0,frozenset({1842}),1842,0.6774193548387096,True,2025-07,1,2668,1
AA,EWR,MIA,2025,7,1110,30,23,4.0,frozenset({2933}),2933,0.7666666666666667,True,2025-07,2,2282,2
WN,BWI,BOS,2025,7,1270,12,7,0.0,frozenset({1614}),1614,0.5833333333333334,True,2025-07,1,2669,1
AA,MCO,CLT,2025,7,1116,21,14,0.0,"frozenset({1682, 2127})",1682,0.6666666666666666,True,2025-07,2,2279,2
UA,MSP,DEN,2025,7,1019,31,17,0.0,frozenset({2272}),2272,0.5483870967741935,True,2025-07,4,446,4
UA,MSP,EWR,2025,7,1184,27,17,2.0,frozenset({2467}),2467,0.6296296296296297,True,2025-07,1,2670,1
WN,BWI,CLT,2025,7,1135,10,7,1.0,frozenset({185}),185,0.7,True,2025-07,2,1598,2
UA,MSP,ORD,2025,7,1035,29,15,0.0,frozenset({658}),658,0.5172413793103449,True,2025-07,1,2671,1
AA,EWR,DFW,2025,7,1009,28,17,3.0,frozenset({1878}),1878,0.6071428571428571,True,2025-07,2,2275,2
UA,ORD,BOS,2025,7,948,31,19,1.0,frozenset({1677}),1677,0.6129032258064516,True,2025-07,1,2672,1
AA,MCI,ORD,2025,7,1019,26,17,1.0,"frozenset({3134, 2086})",2086,0.6538461538461539,True,2025-07,1,2673,1
WN,BWI,CLE,2025,7,1355,16,9,4.0,frozenset({1648}),1648,0.5625,True,2025-07,1,2674,1
WN,BWI,CLE,2025,7,1305,14,9,2.0,frozenset({3129}),3129,0.6428571428571429,True,2025-07,1,2675,1
UA,MTJ,DEN,2025,7,930,31,20,1.0,frozenset({2175}),2175,0.6451612903225806,True,2025-07,1,2676,1
UA,OMA,DEN,2025,7,1043,31,23,1.0,frozenset({1816}),1816,0.7419354838709677,True,2025-07,1,2677,2
WN,BWI,BOS,2025,7,1305,14,10,0.0,frozenset({3174}),3174,0.7142857142857143,True,2025-07,2,1587,2
UA,ORD,AUS,2025,7,1193,30,16,1.0,frozenset({457}),457,0.5333333333333333,True,2025-07,1,2678,1
UA,MSY,EWR,2025,7,1135,27,17,2.0,frozenset({2235}),2235,0.6296296296296297,True,2025-07,1,2679,2
UA,LGA,ORD,2025,7,925,31,16,1.0,frozenset({1504}),1504,0.5161290322580645,True,2025-07,1,2680,1
WN,BWI,MCI,2025,7,1230,16,9,0.0,frozenset({1161}),1161,0.5625,True,2025-07,1,2681,1
AA,MCO,LAX,2025,7,1150,31,22,0.0,frozenset({1205}),1205,0.7096774193548387,True,2025-07,2,2362,3
WN,BWI,PWM,2025,7,1055,16,9,2.0,"frozenset({500, 1757})",500,0.5625,True,2025-07,1,2682,1
AA,MIA,CLT,2025,7,1048,30,18,1.0,frozenset({400}),400,0.6,True,2025-07,1,2683,1
AA,MIA,AUS,2025,7,923,31,18,0.0,frozenset({3193}),3193,0.5806451612903226,True,2025-07,1,2684,1
WN,BWI,PVD,2025,7,1000,12,8,1.0,frozenset({1879}),1879,0.6666666666666666,True,2025-07,1,2685,1
UA,IAD,EWR,2025,7,1045,31,23,4.0,frozenset({2366}),2366,0.7419354838709677,True,2025-07,1,2686,2
UA,IAD,EWR,2025,7,1350,31,16,3.0,frozenset({1997}),1997,0.5161290322580645,True,2025-07,1,2687,1
WN,BWI,ROC,2025,7,1300,14,8,2.0,"frozenset({766, 1247})",1247,0.5714285714285714,True,2025-07,1,2688,1
WN,BWI,PIT,2025,7,1355,20,13,1.0,frozenset({2186}),2186,0.65,True,2025-07,1,2689,1
UA,IAD,IAH,2025,7,1075,31,16,0.0,frozenset({2217}),2217,0.5161290322580645,True,2025-07,1,2690,1
UA,IAD,LAX,2025,7,1065,31,21,1.0,frozenset({2276}),2276,0.6774193548387096,True,2025-07,1,2691,1
WN,BWI,PHX,2025,7,1280,12,8,0.0,frozenset({3028}),3028,0.6666666666666666,True,2025-07,1,2692,1
UA,IAD,ORD,2025,7,1033,31,20,1.0,frozenset({2497}),2497,0.6451612903225806,True,2025-07,1,2693,1
UA,IAD,SEA,2025,7,1075,31,16,0.0,frozenset({326}),326,0.5161290322580645,True,2025-07,1,2694,1
WN,BWI,PBI,2025,7,1135,10,6,0.0,frozenset({2182}),2182,0.6,True,2025-07,1,2695,1
AA,DFW,TUS,2025,7,1134,30,17,2.0,frozenset({1207}),1207,0.5666666666666667,True,2025-07,1,2696,2
UA,IAD,SFO,2025,7,1073,31,18,2.0,frozenset({1757}),1757,0.5806451612903226,True,2025-07,3,942,3
AA,MIA,DCA,2025,7,944,31,21,3.0,frozenset({2412}),2412,0.6774193548387096,True,2025-07,2,2028,2
AA,MIA,DFW,2025,7,1180,31,17,3.0,frozenset({2828}),2828,0.5483870967741935,True,2025-07,1,2697,1
AA,MIA,JFK,2025,7,1198,31,16,2.0,frozenset({1357}),1357,0.5161290322580645,True,2025-07,1,2698,1
UA,EWR,RDU,2025,7,1219,31,17,5.0,frozenset({2192}),2192,0.5483870967741935,True,2025-07,1,2699,1
UA,EWR,SAV,2025,7,1303,30,19,2.0,"frozenset({334, 2478})",2478,0.6333333333333333,True,2025-07,1,2700,1
AA,MIA,JFK,2025,7,1055,27,19,4.0,frozenset({1922}),1922,0.7037037037037037,True,2025-07,1,2701,1
UA,EWR,SFO,2025,7,1080,31,19,2.0,frozenset({1707}),1707,0.6129032258064516,True,2025-07,1,2702,1
UA,EWR,SFO,2025,7,1215,30,17,7.0,frozenset({555}),555,0.5666666666666667,True,2025-07,1,2703,1
AA,MIA,DCA,2025,7,1049,26,17,6.0,frozenset({667}),667,0.6538461538461539,True,2025-07,1,2704,1
AA,DFW,TPA,2025,7,1250,29,15,2.0,frozenset({2256}),2256,0.5172413793103449,True,2025-07,1,2705,1
AA,MIA,JFK,2025,7,926,27,16,1.0,frozenset({642}),642,0.5925925925925926,True,2025-07,1,2706,1
UA,FLL,DEN,2025,7,932,31,16,0.0,frozenset({1729}),1729,0.5161290322580645,True,2025-07,1,2707,1
AA,MIA,EWR,2025,7,874,31,18,4.0,frozenset({2933}),2933,0.5806451612903226,True,2025-07,1,2708,1
UA,FLL,EWR,2025,7,921,27,14,2.0,frozenset({2001}),2001,0.5185185185185185,True,2025-07,1,2709,1
UA,FLL,EWR,2025,7,1161,30,19,1.0,frozenset({2188}),2188,0.6333333333333333,True,2025-07,1,2710,1
AA,DFW,TUL,2025,7,1369,29,16,1.0,frozenset({531}),531,0.5517241379310345,True,2025-07,1,2711,1
UA,EWR,SRQ,2025,7,1269,31,19,2.0,frozenset({1499}),1499,0.6129032258064516,True,2025-07,1,2712,1
UA,ORD,DEN,2025,7,1115,31,19,2.0,frozenset({767}),767,0.6129032258064516,True,2025-07,1,2713,1
UA,IAD,SMF,2025,7,1125,31,16,0.0,frozenset({2435}),2435,0.5161290322580645,True,2025-07,1,2714,1
AA,DFW,TUS,2025,7,1405,29,17,3.0,frozenset({785}),785,0.5862068965517241,True,2025-07,2,2025,2
AA,MCO,ORD,2025,7,892,30,18,1.0,frozenset({3031}),3031,0.6,True,2025-07,1,2715,1
UA,JAX,EWR,2025,7,995,31,24,1.0,frozenset({2735}),2735,0.7741935483870968,True,2025-07,1,2716,1
UA,JAX,ORD,2025,7,990,26,14,0.0,frozenset({457}),457,0.5384615384615384,True,2025-07,1,2717,1
AA,MCO,MIA,2025,7,1165,30,18,2.0,frozenset({2886}),2886,0.6,True,2025-07,1,2718,1
WN,BWI,MCO,2025,7,1200,20,15,2.0,frozenset({693}),693,0.75,True,2025-07,1,2719,1
UA,LAX,EWR,2025,7,735,29,15,0.0,frozenset({1950}),1950,0.5172413793103449,True,2025-07,1,2720,1
AA,MCO,ORD,2025,7,1055,30,18,1.0,frozenset({2153}),2153,0.6,True,2025-07,2,2035,2
UA,LGA,DEN,2025,7,1015,27,15,0.0,frozenset({1325}),1325,0.5555555555555556,True,2025-07,1,2721,1
WN,BWI,MCO,2025,7,1110,31,22,2.0,"frozenset({1912, 693, 1774})",1774,0.7096774193548387,True,2025-07,1,2722,1
AA,MCO,LGA,2025,7,885,30,18,4.0,frozenset({2738}),2738,0.6,True,2025-07,1,2723,1
WN,BWI,MCO,2025,7,1070,10,7,1.0,frozenset({1771}),1771,0.7,True,2025-07,1,2724,1
UA,LGA,IAH,2025,7,945,26,20,0.0,frozenset({2395}),2395,0.7692307692307693,True,2025-07,1,2725,1
UA,LGA,IAH,2025,7,1076,30,18,3.0,frozenset({582}),582,0.6,True,2025-07,1,2726,1
UA,LGA,IAH,2025,7,1205,26,16,4.0,frozenset({2189}),2189,0.6153846153846154,True,2025-07,2,1370,2
UA,LGA,DEN,2025,7,1130,27,16,1.0,frozenset({1904}),1904,0.5925925925925926,True,2025-07,1,2727,1
WN,BWI,ORF,2025,7,1355,16,9,2.0,frozenset({393}),393,0.5625,True,2025-07,1,2728,1
AA,MCO,ORD,2025,7,1148,27,16,1.0,frozenset({1247}),1247,0.5925925925925926,True,2025-07,3,978,4
WN,BWI,MHT,2025,7,1360,16,10,2.0,"frozenset({1913, 1791})",1791,0.625,True,2025-07,1,2729,1
UA,IAH,CHS,2025,7,1150,30,16,1.0,frozenset({2682}),2682,0.5333333333333333,True,2025-07,1,2730,1
WN,BWI,MSY,2025,7,1265,26,14,1.0,"frozenset({2363, 2125})",2125,0.5384615384615384,True,2025-07,1,2731,1
UA,IAH,DCA,2025,7,1085,31,19,0.0,"frozenset({1627, 1381})",1627,0.6129032258064516,True,2025-07,1,2732,1
UA,IAH,DCA,2025,7,1190,30,16,1.0,frozenset({2224}),2224,0.5333333333333333,True,2025-07,2,1362,2
AA,DFW,TYS,2025,7,1245,30,19,2.0,frozenset({1081}),1081,0.6333333333333333,True,2025-07,1,2733,1
UA,IAH,DEN,2025,7,1085,31,17,0.0,frozenset({1654}),1654,0.5483870967741935,True,2025-07,1,2734,1
UA,IND,ORD,2025,7,1003,27,15,0.0,frozenset({1761}),1761,0.5555555555555556,True,2025-07,1,2735,1
AA,MCO,PHX,2025,7,1060,29,17,0.0,frozenset({2226}),2226,0.5862068965517241,True,2025-07,1,2736,2
AA,MCO,PHL,2025,7,1149,30,22,3.0,frozenset({2805}),2805,0.7333333333333333,True,2025-07,3,970,3
AA,MCO,PHL,2025,7,1054,31,22,0.0,frozenset({2502}),2502,0.7096774193548387,True,2025-07,3,971,4
UA,IAH,EWR,2025,7,1000,31,17,4.0,frozenset({1646}),1646,0.5483870967741935,True,2025-07,3,964,3
UA,IAH,EWR,2025,7,1099,31,16,2.0,frozenset({404}),404,0.5161290322580645,True,2025-07,1,2737,1
AA,MCO,PHL,2025,7,862,31,18,3.0,frozenset({1311}),1311,0.5806451612903226,True,2025-07,1,2738,1
UA,IAH,LGA,2025,7,1040,31,16,0.0,frozenset({1373}),1373,0.5161290322580645,True,2025-07,1,2739,1
WN,BWI,MIA,2025,7,1205,20,11,2.0,frozenset({2351}),2351,0.55,True,2025-07,2,1567,2
UA,ORD,DFW,2025,7,1190,30,16,2.0,frozenset({516}),516,0.5333333333333333,True,2025-07,1,2740,1
UA,ORD,DSM,2025,7,1220,31,21,2.0,frozenset({1531}),1531,0.6774193548387096,True,2025-07,1,2741,1
AA,LGA,TPA,2025,7,930,26,15,2.0,frozenset({936}),936,0.5769230769230769,True,2025-07,2,2273,3
AA,LGA,DFW,2025,7,1020,30,18,3.0,frozenset({3103}),3103,0.6,True,2025-07,2,2241,2
WN,ABQ,DEN,2025,7,985,10,7,0.0,frozenset({878}),878,0.7,True,2025-07,1,2742,1
WN,ABQ,DEN,2025,7,1045,12,7,0.0,frozenset({1438}),1438,0.5833333333333334,True,2025-07,1,2743,1
AA,IND,DFW,2025,7,1183,29,18,1.0,frozenset({1945}),1945,0.6206896551724138,True,2025-07,2,2321,2
WN,ALB,LAS,2025,7,985,12,8,0.0,frozenset({2815}),2815,0.6666666666666666,True,2025-07,1,2744,1
WN,BNA,CHS,2025,7,1255,16,9,1.0,frozenset({3138}),3138,0.5625,True,2025-07,2,1378,2
AA,LGA,DFW,2025,7,1085,30,18,6.0,"frozenset({1571, 2092})",1571,0.6,True,2025-07,1,2745,1
AA,IND,ORD,2025,7,1171,20,11,1.0,frozenset({1676}),1676,0.55,True,2025-07,1,2746,1
AA,LGA,DFW,2025,7,960,27,17,1.0,frozenset({1608}),1608,0.6296296296296297,True,2025-07,1,2747,1
WN,ATL,BWI,2025,7,1115,14,9,1.0,"frozenset({3184, 3062})",3184,0.6428571428571429,True,2025-07,2,1365,2
WN,ATL,BWI,2025,7,1185,16,10,3.0,frozenset({3062}),3062,0.625,True,2025-07,2,1376,2
WN,BNA,BWI,2025,7,1255,16,11,1.0,frozenset({298}),298,0.6875,True,2025-07,2,1393,2
AA,LGA,CLT,2025,7,1155,29,18,6.0,frozenset({3221}),3221,0.6206896551724138,True,2025-07,1,2748,1
AA,LGA,CLT,2025,7,1025,27,20,4.0,frozenset({2068}),2068,0.7407407407407407,True,2025-07,1,2749,1
WN,ATL,AUS,2025,7,1120,16,9,0.0,"frozenset({2225, 314})",314,0.5625,True,2025-07,1,2750,1
AA,LGA,CLT,2025,7,895,31,21,2.0,frozenset({3280}),3280,0.6774193548387096,True,2025-07,1,2751,1
UA,TPA,EWR,2025,7,1172,31,16,3.0,frozenset({2458}),2458,0.5161290322580645,True,2025-07,1,2752,2
UA,TPA,EWR,2025,7,969,31,22,3.0,frozenset({1393}),1393,0.7096774193548387,True,2025-07,1,2753,1
WN,BNA,LGA,2025,7,1010,27,15,6.0,"frozenset({1139, 1142})",1142,0.5555555555555556,True,2025-07,2,1384,2
UA,SMF,ORD,2025,7,1425,30,16,1.0,frozenset({2437}),2437,0.5333333333333333,True,2025-07,1,2754,1
AA,IAH,ORD,2025,7,1102,29,17,2.0,"frozenset({2064, 1494})",2064,0.5862068965517241,True,2025-07,2,2237,2
UA,SNA,EWR,2025,7,757,31,16,1.0,frozenset({1559}),1559,0.5161290322580645,True,2025-07,1,2755,1
WN,BNA,GSP,2025,7,1045,16,10,0.0,frozenset({1728}),1728,0.625,True,2025-07,1,2756,1
AA,LGA,MCO,2025,7,1100,26,20,7.0,frozenset({2835}),2835,0.7692307692307693,True,2025-07,2,2302,2
UA,TPA,EWR,2025,7,1070,31,21,1.0,frozenset({472}),472,0.6774193548387096,True,2025-07,1,2757,1
UA,STL,DEN,2025,7,1005,31,19,0.0,frozenset({475}),475,0.6129032258064516,True,2025-07,1,2758,1
WN,BNA,DEN,2025,7,1115,15,9,0.0,"frozenset({2979, 3853})",2979,0.6,True,2025-07,1,2759,1
WN,BNA,DEN,2025,7,990,15,8,0.0,"frozenset({1048, 3706, 4276})",1048,0.5333333333333333,True,2025-07,2,1382,2
UA,TPA,DEN,2025,7,987,31,16,0.0,frozenset({2074}),2074,0.5161290322580645,True,2025-07,1,2760,2
AA,IAH,PHL,2025,7,926,11,6,0.0,frozenset({1875}),1875,0.5454545454545454,True,2025-07,2,2289,2
AA,LGA,DFW,2025,7,1261,27,14,7.0,frozenset({2913}),2913,0.5185185185185185,True,2025-07,2,2245,2
AA,LGA,DFW,2025,7,1140,27,19,2.0,frozenset({2092}),2092,0.7037037037037037,True,2025-07,1,2761,1
WN,BNA,DEN,2025,7,1190,16,9,0.0,frozenset({3853}),3853,0.5625,True,2025-07,1,2762,1
UA,SLC,DEN,2025,7,1086,27,15,0.0,frozenset({1943}),1943,0.5555555555555556,True,2025-07,1,2763,1
AA,IND,PHL,2025,7,960,17,11,0.0,frozenset({682}),682,0.6470588235294118,True,2025-07,2,2278,2
WN,ATL,DCA,2025,7,950,14,8,2.0,"frozenset({120, 371})",371,0.5714285714285714,True,2025-07,2,1399,2
AA,JAX,PHL,2025,7,1017,30,19,6.0,frozenset({2753}),2753,0.6333333333333333,True,2025-07,1,2764,1
WN,AUS,ATL,2025,7,1000,27,17,0.0,"frozenset({2458, 469})",469,0.6296296296296297,True,2025-07,2,1407,2
WN,AUS,SNA,2025,7,1050,11,8,0.0,"frozenset({623, 159})",623,0.7272727272727273,True,2025-07,1,2765,1
WN,AUS,BWI,2025,7,990,21,12,1.0,"frozenset({1833, 3483, 503})",1833,0.5714285714285714,True,2025-07,1,2766,1
WN,AUS,BWI,2025,7,1145,10,6,0.0,frozenset({503}),503,0.6,True,2025-07,1,2767,1
WN,AUS,ORD,2025,7,820,14,8,0.0,frozenset({2134}),2134,0.5714285714285714,True,2025-07,1,2768,1
WN,ATL,MDW,2025,7,1315,12,7,0.0,frozenset({3978}),3978,0.5833333333333334,True,2025-07,1,2769,1
WN,AUS,MKE,2025,7,1210,12,8,0.0,frozenset({291}),291,0.6666666666666666,True,2025-07,1,2770,1
AA,JAX,DFW,2025,7,994,27,14,0.0,frozenset({2415}),2415,0.5185185185185185,True,2025-07,1,2771,2
AA,JAX,DCA,2025,7,1141,26,14,6.0,frozenset({1463}),1463,0.5384615384615384,True,2025-07,2,2353,2
WN,AUS,FLL,2025,7,1180,16,9,0.0,frozenset({570}),570,0.5625,True,2025-07,2,1411,2
AA,JAX,DCA,2025,7,865,31,20,2.0,"frozenset({2925, 1463})",2925,0.6451612903225806,True,2025-07,1,2772,1
WN,AUS,HOU,2025,7,1035,10,8,0.0,frozenset({2713}),2713,0.8,True,2025-07,1,2773,1
WN,AUS,HRL,2025,7,1240,22,14,0.0,"frozenset({4721, 804})",4721,0.6363636363636364,True,2025-07,1,2774,1
WN,AUS,MDW,2025,7,1165,16,9,1.0,"frozenset({611, 2805})",611,0.5625,True,2025-07,1,2775,1
AA,LAX,ORD,2025,7,760,31,16,8.0,frozenset({2321}),2321,0.5161290322580645,True,2025-07,1,2776,1
WN,BDL,BWI,2025,7,1040,16,11,1.0,frozenset({3722}),3722,0.6875,True,2025-07,1,2777,1
WN,ATL,MCO,2025,7,1045,19,12,0.0,"frozenset({411, 1204, 2557, 423})",411,0.631578947368421,True,2025-07,2,1413,2
WN,ATL,DCA,2025,7,1060,13,8,2.0,frozenset({2458}),2458,0.6153846153846154,True,2025-07,2,1398,2
WN,ATL,DCA,2025,7,1200,10,6,0.0,frozenset({1973}),1973,0.6,True,2025-07,1,2778,1
WN,BNA,BOS,2025,7,930,13,8,1.0,frozenset({2982}),2982,0.6153846153846154,True,2025-07,2,1394,2
WN,ATL,DEN,2025,7,1115,12,8,0.0,frozenset({377}),377,0.6666666666666666,True,2025-07,2,1400,2
WN,ATL,DEN,2025,7,1175,14,9,0.0,"frozenset({1264, 4295})",1264,0.6428571428571429,True,2025-07,2,1401,2
AA,LAS,JFK,2025,7,691,31,16,1.0,frozenset({1051}),1051,0.5161290322580645,True,2025-07,1,2779,1
WN,ATL,MCO,2025,7,1245,12,7,0.0,frozenset({423}),423,0.5833333333333334,True,2025-07,2,1406,2
WN,ATL,HOU,2025,7,1090,12,7,0.0,frozenset({2350}),2350,0.5833333333333334,True,2025-07,1,2780,1
AA,JFK,MIA,2025,7,1090,31,20,1.0,frozenset({1174}),1174,0.6451612903225806,True,2025-07,1,2781,1
AA,JFK,MIA,2025,7,965,27,15,1.0,frozenset({1479}),1479,0.5555555555555556,True,2025-07,1,2782,1
WN,ATL,LGA,2025,7,910,23,15,5.0,"frozenset({2377, 410, 409})",410,0.6521739130434783,True,2025-07,1,2783,1
WN,ATL,LGA,2025,7,1180,27,18,2.0,frozenset({416}),416,0.6666666666666666,True,2025-07,2,1405,2
WN,BNA,AUS,2025,7,880,11,6,0.0,"frozenset({1522, 623})",623,0.5454545454545454,True,2025-07,1,2784,1
WN,BDL,MDW,2025,7,1070,16,9,2.0,"frozenset({3123, 867})",867,0.5625,True,2025-07,1,2785,1
AA,IND,PHL,2025,7,1105,23,12,4.0,frozenset({3015}),3015,0.5217391304347826,True,2025-07,1,2786,1
UA,EWR,PWM,2025,7,1305,26,17,5.0,frozenset({2127}),2127,0.6538461538461539,True,2025-07,1,2787,1
AA,LGA,MIA,2025,7,1019,26,16,1.0,frozenset({1751}),1751,0.6153846153846154,True,2025-07,1,2788,1
AA,LGA,MIA,2025,7,1194,26,16,9.0,frozenset({3237}),3237,0.6153846153846154,True,2025-07,2,2311,2
UA,ORD,LGA,2025,7,1080,58,33,7.0,"frozenset({2865, 1006})",1006,0.5689655172413793,True,2025-07,1,2789,1
UA,ORD,LGA,2025,7,1200,31,18,4.0,frozenset({1576}),1576,0.5806451612903226,True,2025-07,1,2790,1
WN,BOS,STL,2025,7,1180,16,10,1.0,"frozenset({2307, 2717})",2307,0.625,True,2025-07,1,2791,1
WN,BOS,MDW,2025,7,1225,12,7,0.0,frozenset({1908}),1908,0.5833333333333334,True,2025-07,1,2792,1
WN,BOS,DEN,2025,7,1125,20,14,0.0,frozenset({1029}),1029,0.7,True,2025-07,2,1483,2
UA,ORD,MDT,2025,7,1192,11,6,0.0,frozenset({1761}),1761,0.5454545454545454,True,2025-07,1,2793,1
UA,ORD,LGA,2025,7,1020,27,17,2.0,frozenset({2048}),2048,0.6296296296296297,True,2025-07,1,2794,1
UA,ORD,MSN,2025,7,1280,11,7,0.0,frozenset({630}),630,0.6363636363636364,True,2025-07,1,2795,1
UA,ORD,MSP,2025,7,1310,21,14,1.0,frozenset({2627}),2627,0.6666666666666666,True,2025-07,1,2796,1
AA,FSD,DFW,2025,7,1031,26,15,0.0,frozenset({1295}),1295,0.5769230769230769,True,2025-07,1,2797,1
UA,ORD,OMA,2025,7,1213,31,18,1.0,frozenset({533}),533,0.5806451612903226,True,2025-07,1,2798,1
WN,BOS,BWI,2025,7,1315,12,8,0.0,frozenset({3244}),3244,0.6666666666666666,True,2025-07,1,2799,1
UA,ORD,PHL,2025,7,1100,31,18,0.0,frozenset({1776}),1776,0.5806451612903226,True,2025-07,1,2800,1
UA,ORD,PHL,2025,7,1283,20,12,0.0,frozenset({2487}),2487,0.6,True,2025-07,1,2801,1
UA,ORD,MSP,2025,7,1205,30,17,1.0,frozenset({1564}),1564,0.5666666666666667,True,2025-07,1,2802,1
WN,BOS,BWI,2025,7,1250,14,9,4.0,"frozenset({3244, 1781})",3244,0.6428571428571429,True,2025-07,1,2803,1
UA,ORD,LGA,2025,7,960,31,18,2.0,frozenset({1946}),1946,0.5806451612903226,True,2025-07,1,2804,1
WN,BUF,BWI,2025,7,1015,14,8,1.0,"frozenset({1451, 2382})",1451,0.5714285714285714,True,2025-07,1,2805,1
UA,ORD,EWR,2025,7,867,31,16,2.0,frozenset({2649}),2649,0.5161290322580645,True,2025-07,1,2806,1
UA,ORD,EWR,2025,7,940,31,19,6.0,frozenset({2133}),2133,0.6129032258064516,True,2025-07,1,2807,1
UA,ORD,EWR,2025,7,1006,30,19,2.0,frozenset({1785}),1785,0.6333333333333333,True,2025-07,1,2808,1
UA,ORD,EWR,2025,7,1075,31,19,2.0,frozenset({534}),534,0.6129032258064516,True,2025-07,1,2809,1
UA,ORD,EWR,2025,7,1175,30,19,3.0,frozenset({2362}),2362,0.6333333333333333,True,2025-07,3,995,3
UA,ORD,EWR,2025,7,1285,30,18,4.0,frozenset({396}),396,0.6,True,2025-07,1,2810,1
UA,ORD,LGA,2025,7,900,27,14,3.0,frozenset({202}),202,0.5185185185185185,True,2025-07,1,2811,1
UA,ORD,FSD,2025,7,1208,30,20,1.0,frozenset({2113}),2113,0.6666666666666666,True,2025-07,1,2812,1
UA,ORD,IAH,2025,7,1175,31,17,1.0,frozenset({2426}),2426,0.5483870967741935,True,2025-07,1,2813,1
UA,ORD,IAH,2025,7,1267,31,17,0.0,frozenset({2665}),2665,0.5483870967741935,True,2025-07,1,2814,1
UA,ORD,ICT,2025,7,1200,30,19,0.0,frozenset({1301}),1301,0.6333333333333333,True,2025-07,1,2815,1
UA,ORD,IND,2025,7,1290,27,17,1.0,frozenset({1289}),1289,0.6296296296296297,True,2025-07,1,2816,1
AA,FLL,DFW,2025,7,1051,30,16,2.0,frozenset({1373}),1373,0.5333333333333333,True,2025-07,1,2817,1
UA,ORD,JAX,2025,7,1106,27,14,1.0,frozenset({1655}),1655,0.5185185185185185,True,2025-07,1,2818,1
UA,ORD,IAD,2025,7,1076,31,16,0.0,frozenset({2677}),2677,0.5161290322580645,True,2025-07,1,2819,1
AA,LGA,MIA,2025,7,1098,30,18,5.0,frozenset({1576}),1576,0.6,True,2025-07,2,2323,2
UA,ORD,RSW,2025,7,1088,11,6,0.0,"frozenset({1681, 793})",1681,0.5454545454545454,True,2025-07,1,2820,1
UA,ORD,SMF,2025,7,1210,30,16,0.0,frozenset({1710}),1710,0.5333333333333333,True,2025-07,1,2821,2
AA,LGA,ORD,2025,7,1129,31,21,4.0,frozenset({1582}),1582,0.6774193548387096,True,2025-07,2,2378,2
AA,LGA,ORD,2025,7,1020,27,19,4.0,frozenset({679}),679,0.7037037037037037,True,2025-07,2,2270,2
UA,RDU,EWR,2025,7,1103,31,24,3.0,frozenset({2478}),2478,0.7741935483870968,True,2025-07,1,2822,2
AA,IAH,DFW,2025,7,1161,29,17,2.0,frozenset({1865}),1865,0.5862068965517241,True,2025-07,1,2823,2
AA,LGA,ORD,2025,7,960,31,19,3.0,frozenset({396}),396,0.6129032258064516,True,2025-07,1,2824,1
UA,RSW,EWR,2025,7,1095,27,17,0.0,frozenset({2601}),2601,0.6296296296296297,True,2025-07,1,2825,1
UA,RDU,DEN,2025,7,990,31,16,0.0,frozenset({2288}),2288,0.5161290322580645,True,2025-07,1,2826,1
WN,BNA,ORF,2025,7,885,12,7,0.0,frozenset({2599}),2599,0.5833333333333334,True,2025-07,1,2827,1
UA,SAV,EWR,2025,7,983,23,13,2.0,frozenset({2471}),2471,0.5652173913043478,True,2025-07,1,2828,1
WN,BNA,ORD,2025,7,875,17,10,0.0,frozenset({480}),480,0.5882352941176471,True,2025-07,2,1386,2
UA,SAV,ORD,2025,7,1005,31,23,1.0,frozenset({1631}),1631,0.7419354838709677,True,2025-07,1,2829,2
WN,BNA,MCI,2025,7,1100,17,9,1.0,"frozenset({4331, 1876})",1876,0.5294117647058824,True,2025-07,1,2830,1
WN,BNA,MCI,2025,7,1030,10,6,0.0,frozenset({1898}),1898,0.6,True,2025-07,2,1385,2
UA,SFO,DCA,2025,7,803,31,17,1.0,frozenset({2386}),2386,0.5483870967741935,True,2025-07,1,2831,1
UA,SAN,DEN,2025,7,970,31,16,1.0,frozenset({682}),682,0.5161290322580645,True,2025-07,1,2832,1
WN,BOS,BWI,2025,7,1160,16,9,2.0,frozenset({1781}),1781,0.5625,True,2025-07,2,1414,2
UA,PWM,ORD,2025,7,1016,30,16,0.0,frozenset({2466}),2466,0.5333333333333333,True,2025-07,1,2833,1
AA,IAD,DFW,2025,7,1124,27,18,1.0,frozenset({1863}),1863,0.6666666666666666,True,2025-07,1,2834,1
WN,BOS,BWI,2025,7,1035,17,9,2.0,"frozenset({1673, 2573})",1673,0.5294117647058824,True,2025-07,1,2835,1
UA,ORD,TVC,2025,7,1192,19,10,0.0,frozenset({2363}),2363,0.5263157894736842,True,2025-07,1,2836,1
UA,ORD,TVC,2025,7,1270,11,8,0.0,frozenset({1495}),1495,0.7272727272727273,True,2025-07,1,2837,1
WN,BOS,BNA,2025,7,1195,16,12,1.0,"frozenset({600, 1898})",1898,0.75,True,2025-07,2,1392,2
AA,GRR,DFW,2025,7,1170,29,16,1.0,frozenset({310}),310,0.5517241379310345,True,2025-07,1,2838,1
WN,BOI,SJC,2025,7,970,12,8,0.0,frozenset({1399}),1399,0.6666666666666666,True,2025-07,2,1391,2
AA,LGA,ORD,2025,7,1179,26,20,5.0,frozenset({2057}),2057,0.7692307692307693,True,2025-07,2,2385,2
UA,PBI,EWR,2025,7,875,30,19,3.0,frozenset({1232}),1232,0.6333333333333333,True,2025-07,1,2839,1
UA,PBI,EWR,2025,7,1113,30,22,2.0,frozenset({2320}),2320,0.7333333333333333,True,2025-07,1,2840,2
AA,GSP,DFW,2025,7,1073,30,19,1.0,frozenset({1805}),1805,0.6333333333333333,True,2025-07,2,2364,2
WN,BNA,TPA,2025,7,890,10,7,0.0,frozenset({1350}),1350,0.7,True,2025-07,1,2841,1
WN,BNA,SEA,2025,7,870,12,7,0.0,frozenset({1315}),1315,0.5833333333333334,True,2025-07,1,2842,1
UA,PHL,ORD,2025,7,1132,20,11,0.0,frozenset({2378}),2378,0.55,True,2025-07,1,2843,1
WN,BNA,SAV,2025,7,1180,10,6,0.0,frozenset({3355}),3355,0.6,True,2025-07,1,2844,1
UA,PBI,EWR,2025,7,1025,27,20,4.0,frozenset({2279}),2279,0.7407407407407407,True,2025-07,1,2845,1
WN,BWI,SAV,2025,7,1165,14,9,0.0,frozenset({3413}),3413,0.6428571428571429,True,2025-07,2,1576,2
WN,BWI,SAV,2025,7,1240,16,11,1.0,"frozenset({547, 3413})",3413,0.6875,True,2025-07,2,1576,2
UA,EWR,PBI,2025,7,1019,29,17,3.0,frozenset({1115}),1115,0.5862068965517241,True,2025-07,1,2846,1
AA,DFW,SAV,2025,7,925,29,16,1.0,frozenset({3246}),3246,0.5517241379310345,True,2025-07,1,2847,1
OO,STL,DFW,2025,7,1178,28,17,2.0,frozenset({6344}),6344,0.6071428571428571,True,2025-07,2,1424,2
OO,STL,ORD,2025,7,1201,27,15,2.0,"frozenset({6512, 4897})",4897,0.5555555555555556,True,2025-07,1,2848,1
AA,DFW,SAV,2025,7,1147,30,18,2.0,frozenset({2327}),2327,0.6,True,2025-07,3,905,3
WN,LGA,MSY,2025,7,1000,22,13,2.0,frozenset({670}),670,0.5909090909090909,True,2025-07,2,1927,2
WN,DAL,MCO,2025,7,1040,22,15,0.0,frozenset({3762}),3762,0.6818181818181818,True,2025-07,1,2849,1
OO,SPI,ORD,2025,7,1116,19,11,4.0,frozenset({5001}),5001,0.5789473684210527,True,2025-07,2,1423,2
WN,DAL,MCO,2025,7,975,17,9,0.0,"frozenset({2776, 2281})",2281,0.5294117647058824,True,2025-07,1,2850,1
OO,SUX,DEN,2025,7,1133,31,17,2.0,frozenset({5129}),5129,0.5483870967741935,True,2025-07,1,2851,1
AA,DFW,SDF,2025,7,1176,30,18,1.0,frozenset({2895}),2895,0.6,True,2025-07,2,2204,2
WN,DAL,LIT,2025,7,1250,14,9,0.0,frozenset({1705}),1705,0.6428571428571429,True,2025-07,1,2852,1
OO,TUL,DEN,2025,7,1035,31,18,1.0,frozenset({5914}),5914,0.5806451612903226,True,2025-07,1,2853,1
AA,ORD,EWR,2025,7,1229,29,19,3.0,frozenset({2549}),2549,0.6551724137931034,True,2025-07,1,2854,1
WN,DAL,LGA,2025,7,1040,27,14,3.0,frozenset({3861}),3861,0.5185185185185185,True,2025-07,2,1620,2
WN,DAL,MCI,2025,7,1150,11,6,1.0,"frozenset({2273, 1067})",1067,0.5454545454545454,True,2025-07,1,2855,1
AA,DFW,SEA,2025,7,1350,29,15,1.0,frozenset({1487}),1487,0.5172413793103449,True,2025-07,1,2856,1
WN,DAL,OAK,2025,7,1250,16,9,0.0,"frozenset({1464, 3799})",1464,0.5625,True,2025-07,2,1604,2
WN,DAL,PHL,2025,7,920,12,8,0.0,frozenset({2323}),2323,0.6666666666666666,True,2025-07,1,2857,1
OO,SDF,LGA,2025,7,999,27,14,7.0,frozenset({3920}),3920,0.5185185185185185,True,2025-07,1,2858,1
WN,DCA,HOU,2025,7,1105,14,9,2.0,"frozenset({2413, 2199})",2413,0.6428571428571429,True,2025-07,2,1611,2
WN,DCA,DAL,2025,7,1260,10,7,2.0,frozenset({1495}),1495,0.7,True,2025-07,2,1608,2
AA,DFW,SAT,2025,7,1054,31,17,1.0,frozenset({499}),499,0.5483870967741935,True,2025-07,1,2859,1
WN,DCA,BNA,2025,7,1215,22,13,5.0,"frozenset({1179, 1660})",1179,0.5909090909090909,True,2025-07,1,2860,1
WN,DCA,AUS,2025,7,1065,27,15,1.0,frozenset({3335}),3335,0.5555555555555556,True,2025-07,2,1607,2
WN,DAL,ORD,2025,7,1150,31,18,0.0,"frozenset({532, 3100})",532,0.5806451612903226,True,2025-07,1,2861,1
WN,DCA,ATL,2025,7,1180,10,6,2.0,frozenset({1316}),1316,0.6,True,2025-07,1,2862,1
OO,SGF,DEN,2025,7,1030,31,17,1.0,frozenset({5404}),5404,0.5483870967741935,True,2025-07,3,577,3
WN,DCA,ATL,2025,7,1135,16,12,2.0,"frozenset({434, 1316})",434,0.75,True,2025-07,2,1606,2
AA,ORD,IND,2025,7,1335,26,15,3.0,frozenset({2144}),2144,0.5769230769230769,True,2025-07,1,2863,1
WN,DAL,TPA,2025,7,1075,10,7,0.0,frozenset({458}),458,0.7,True,2025-07,1,2864,1
WN,DAL,TPA,2025,7,980,16,9,0.0,"frozenset({34, 2086})",34,0.5625,True,2025-07,1,2865,1
WN,DAL,STL,2025,7,1080,13,7,0.0,frozenset({1053}),1053,0.5384615384615384,True,2025-07,1,2866,1
AA,ORD,JAX,2025,7,1132,23,13,1.0,frozenset({2096}),2096,0.5652173913043478,True,2025-07,2,2109,2
AA,DFW,SAN,2025,7,1395,29,15,1.0,frozenset({2568}),2568,0.5172413793103449,True,2025-07,2,2118,3
AA,ORD,EWR,2025,7,1164,30,19,3.0,frozenset({3253}),3253,0.6333333333333333,True,2025-07,3,569,3
OO,TVC,ORD,2025,7,1256,27,14,7.0,"frozenset({4937, 6362})",6362,0.5185185185185185,True,2025-07,2,1427,3
AA,ORD,DCA,2025,7,1245,30,22,11.0,frozenset({903}),903,0.7333333333333333,True,2025-07,2,2163,2
UA,AUS,EWR,2025,7,950,27,19,3.0,frozenset({2293}),2293,0.7037037037037037,True,2025-07,1,2867,1
UA,AUS,EWR,2025,7,1131,27,15,0.0,frozenset({255}),255,0.5555555555555556,True,2025-07,3,578,3
AA,ORD,DCA,2025,7,1156,30,20,7.0,frozenset({1787}),1787,0.6666666666666666,True,2025-07,2,2162,2
AA,ORD,DCA,2025,7,1069,31,19,2.0,frozenset({2999}),2999,0.6129032258064516,True,2025-07,2,2160,2
UA,BDL,ORD,2025,7,1017,30,16,0.0,frozenset({1846}),1846,0.5333333333333333,True,2025-07,1,2868,1
UA,AUS,DEN,2025,7,1080,31,16,3.0,frozenset({439}),439,0.5161290322580645,True,2025-07,1,2869,1
UA,BIL,DEN,2025,7,875,27,14,0.0,frozenset({478}),478,0.5185185185185185,True,2025-07,1,2870,1
UA,BNA,DEN,2025,7,1049,26,15,0.0,frozenset({649}),649,0.5769230769230769,True,2025-07,1,2871,1
UA,BNA,EWR,2025,7,838,27,16,4.0,frozenset({560}),560,0.5925925925925926,True,2025-07,1,2872,1
UA,BNA,EWR,2025,7,1150,26,18,3.0,frozenset({2430}),2430,0.6923076923076923,True,2025-07,1,2873,1
AA,DFW,SLC,2025,7,1064,31,16,1.0,frozenset({558}),558,0.5161290322580645,True,2025-07,1,2874,2
WN,DAL,COS,2025,7,1255,16,10,0.0,frozenset({2183}),2183,0.625,True,2025-07,2,1638,2
AA,DFW,SLC,2025,7,1365,29,17,1.0,frozenset({2378}),2378,0.5862068965517241,True,2025-07,1,2875,2
AA,ORD,DCA,2025,7,485,31,16,3.0,frozenset({2345}),2345,0.5161290322580645,True,2025-07,1,2876,1
OO,TVC,ORD,2025,7,1078,26,19,1.0,frozenset({4937}),4937,0.7307692307692307,True,2025-07,2,1426,2
AA,ORD,DEN,2025,7,1245,27,15,4.0,frozenset({1387}),1387,0.5555555555555556,True,2025-07,2,2176,4
UA,ATL,EWR,2025,7,1169,22,17,4.0,frozenset({2247}),2247,0.7727272727272727,True,2025-07,1,2877,1
WN,DAL,ELP,2025,7,1130,11,6,1.0,"frozenset({1008, 921})",1008,0.5454545454545454,True,2025-07,2,1636,2
WN,DAL,DEN,2025,7,1175,18,11,2.0,"frozenset({154, 3667})",154,0.6111111111111112,True,2025-07,1,2878,1
WN,DAL,DEN,2025,7,1065,16,10,0.0,"frozenset({40, 1227})",40,0.625,True,2025-07,1,2879,1
OO,TYS,ORD,2025,7,1066,31,16,0.0,frozenset({5767}),5767,0.5161290322580645,True,2025-07,1,2880,1
WN,DAL,DEN,2025,7,1030,11,7,0.0,"frozenset({4730, 1002})",1002,0.6363636363636364,True,2025-07,2,1634,2
AA,DFW,SFO,2025,7,1208,29,20,2.0,"frozenset({2228, 2430})",2228,0.6896551724137931,True,2025-07,1,2881,1
WN,DAL,DCA,2025,7,995,31,16,1.0,"frozenset({3784, 516})",3784,0.5161290322580645,True,2025-07,2,1633,2
OO,XNA,DEN,2025,7,1025,31,18,0.0,frozenset({5694}),5694,0.5806451612903226,True,2025-07,2,1428,2
AA,DFW,SFO,2025,7,1270,17,11,0.0,frozenset({2430}),2430,0.6470588235294118,True,2025-07,2,2223,2
AA,DFW,SFO,2025,7,1350,29,17,2.0,frozenset({446}),446,0.5862068965517241,True,2025-07,2,2227,3
AA,ORD,DFW,2025,7,1325,29,17,4.0,frozenset({2600}),2600,0.5862068965517241,True,2025-07,2,2173,2
AA,ORD,DFW,2025,7,1251,29,15,5.0,frozenset({2281}),2281,0.5172413793103449,True,2025-07,1,2882,1
AA,ORD,DFW,2025,7,952,30,16,0.0,frozenset({1193}),1193,0.5333333333333333,True,2025-07,1,2883,1
UA,ATL,EWR,2025,7,987,27,17,5.0,frozenset({1508}),1508,0.6296296296296297,True,2025-07,1,2884,1
OO,XWA,DEN,2025,7,1030,31,20,1.0,frozenset({5620}),5620,0.6451612903225806,True,2025-07,1,2885,1
AA,ORD,CLE,2025,7,1330,27,21,6.0,frozenset({2923}),2923,0.7777777777777778,True,2025-07,2,2191,3
OO,SBP,SFO,2025,7,505,31,17,0.0,frozenset({5649}),5649,0.5483870967741935,True,2025-07,1,2886,1
AA,DFW,SAN,2025,7,1285,27,15,1.0,frozenset({1011}),1011,0.5555555555555556,True,2025-07,1,2887,1
OO,ORD,SPI,2025,7,1014,19,12,3.0,frozenset({5004}),5004,0.631578947368421,True,2025-07,1,2888,1
AA,ORD,MCO,2025,7,1124,29,23,0.0,frozenset({3176}),3176,0.7931034482758621,True,2025-07,1,2889,2
OO,ORD,STL,2025,7,1069,27,15,1.0,frozenset({6299}),6299,0.5555555555555556,True,2025-07,2,1445,2
WN,DEN,BUR,2025,7,1170,15,8,0.0,"frozenset({2485, 254})",254,0.5333333333333333,True,2025-07,1,2890,1
WN,DEN,BUF,2025,7,1185,10,6,0.0,frozenset({3156}),3156,0.6,True,2025-07,1,2891,1
AA,ORD,MCO,2025,7,1000,30,20,0.0,frozenset({486}),486,0.6666666666666666,True,2025-07,2,2127,2
OO,ORD,SLC,2025,7,1005,31,20,0.0,frozenset({6300}),6300,0.6451612903225806,True,2025-07,1,2892,1
WN,DEN,BOS,2025,7,1120,22,12,0.0,"frozenset({2850, 3499})",3499,0.5454545454545454,True,2025-07,1,2893,1
WN,DEN,BOI,2025,7,1305,14,8,0.0,"frozenset({1379, 2479})",1379,0.5714285714285714,True,2025-07,2,1505,2
AA,DFW,PHL,2025,7,865,26,17,0.0,frozenset({2973}),2973,0.6538461538461539,True,2025-07,1,2894,1
AA,ORD,MCI,2025,7,1350,27,14,3.0,frozenset({2126}),2126,0.5185185185185185,True,2025-07,1,2895,1
AA,DFW,PHL,2025,7,1240,29,18,5.0,frozenset({2542}),2542,0.6206896551724138,True,2025-07,1,2896,1
WN,DEN,BNA,2025,7,1215,26,16,3.0,"frozenset({2492, 807})",2492,0.6153846153846154,True,2025-07,2,1504,2
OO,PHX,SBA,2025,7,641,12,7,2.0,frozenset({6510}),6510,0.5833333333333334,True,2025-07,1,2897,1
WN,DEN,BOS,2025,7,915,22,12,0.0,"frozenset({3244, 2437})",3244,0.5454545454545454,True,2025-07,2,1507,2
OO,PIA,ORD,2025,7,939,31,17,2.0,frozenset({5483}),5483,0.5483870967741935,True,2025-07,1,2898,1
WN,DEN,BWI,2025,7,985,17,11,2.0,"frozenset({2488, 3253})",3253,0.6470588235294118,True,2025-07,1,2899,1
WN,DEN,BWI,2025,7,1175,12,7,0.0,frozenset({2488}),2488,0.5833333333333334,True,2025-07,2,1509,2
AA,DFW,ORD,2025,7,1110,30,18,2.0,frozenset({2881}),2881,0.6,True,2025-07,3,918,3
AA,DFW,ORD,2025,7,1265,29,15,3.0,frozenset({2346}),2346,0.5172413793103449,True,2025-07,1,2900,1
AA,ORD,OMA,2025,7,1348,27,15,2.0,frozenset({3198}),3198,0.5555555555555556,True,2025-07,2,2135,2
WN,DEN,COS,2025,7,1315,14,9,1.0,frozenset({2519}),2519,0.6428571428571429,True,2025-07,2,1514,2
AA,DFW,ORF,2025,7,1119,31,16,1.0,frozenset({2587}),2587,0.5161290322580645,True,2025-07,1,2901,1
AA,ORD,MSP,2025,7,920,23,16,0.0,frozenset({329}),329,0.6956521739130435,True,2025-07,1,2902,1
WN,DEN,BWI,2025,7,1045,14,9,0.0,frozenset({2488}),2488,0.6428571428571429,True,2025-07,2,1509,2
AA,DFW,PBI,2025,7,888,30,16,1.0,"frozenset({2640, 2467})",2640,0.5333333333333333,True,2025-07,1,2903,1
OO,ORD,RIC,2025,7,1195,26,17,3.0,frozenset({4902}),4902,0.6538461538461539,True,2025-07,2,1443,2
WN,DEN,CLE,2025,7,1080,22,14,1.0,frozenset({2495}),2495,0.6363636363636364,True,2025-07,2,1512,2
AA,DFW,PDX,2025,7,1167,31,16,2.0,frozenset({2298}),2298,0.5161290322580645,True,2025-07,1,2904,2
OO,ORD,RST,2025,7,1341,27,14,1.0,frozenset({6396}),6396,0.5185185185185185,True,2025-07,2,1444,2
WN,DEN,BZN,2025,7,1385,16,10,2.0,"frozenset({2085, 5151})",5151,0.625,True,2025-07,1,2905,1
OO,ORD,SBN,2025,7,1175,30,16,2.0,frozenset({5499}),5499,0.5333333333333333,True,2025-07,1,2906,1
OO,ORD,RIC,2025,7,1000,31,16,4.0,frozenset({4990}),4990,0.5161290322580645,True,2025-07,2,1442,2
WN,DCA,MCO,2025,7,1140,31,18,5.0,"frozenset({2429, 1980, 1757, 558})",1980,0.5806451612903226,True,2025-07,2,1613,2
OO,PIT,ORD,2025,7,1022,23,13,0.0,frozenset({6348}),6348,0.5652173913043478,True,2025-07,1,2907,1
WN,DEN,BNA,2025,7,1085,16,10,0.0,frozenset({807}),807,0.625,True,2025-07,2,1521,2
AA,DFW,RDU,2025,7,1260,30,23,3.0,frozenset({542}),542,0.7666666666666667,True,2025-07,1,2908,1
OO,RST,ORD,2025,7,1040,24,13,2.0,frozenset({4888}),4888,0.5416666666666666,True,2025-07,2,1419,2
WN,DEN,ABQ,2025,7,1080,16,12,1.0,frozenset({270}),270,0.75,True,2025-07,2,1617,2
AA,DFW,RNO,2025,7,1370,29,16,2.0,frozenset({1273}),1273,0.5517241379310345,True,2025-07,1,2909,1
WN,DCA,TPA,2025,7,1005,13,8,0.0,"frozenset({4683, 1903})",4683,0.6153846153846154,True,2025-07,1,2910,1
WN,DCA,STL,2025,7,1135,31,19,3.0,frozenset({2310}),2310,0.6129032258064516,True,2025-07,1,2911,1
WN,DEN,ALB,2025,7,1090,22,16,1.0,frozenset({1891}),1891,0.7272727272727273,True,2025-07,2,1562,2
WN,DCA,PVD,2025,7,1015,27,15,1.0,"frozenset({2394, 2799})",2799,0.5555555555555556,True,2025-07,1,2912,1
OO,SAN,SFO,2025,7,459,31,16,0.0,frozenset({3283}),3283,0.5161290322580645,True,2025-07,1,2913,1
OO,SBA,PHX,2025,7,771,12,8,2.0,frozenset({6510}),6510,0.6666666666666666,True,2025-07,1,2914,1
WN,DCA,MDW,2025,7,1130,26,15,2.0,frozenset({2147}),2147,0.5769230769230769,True,2025-07,1,2915,1
AA,ORD,JFK,2025,7,996,30,21,6.0,"frozenset({2091, 1421})",1421,0.7,True,2025-07,1,2916,1
OO,SBN,ORD,2025,7,1013,30,18,0.0,frozenset({5675}),5675,0.6,True,2025-07,1,2917,1
OO,SBN,ORD,2025,7,1100,30,16,1.0,frozenset({5828}),5828,0.5333333333333333,True,2025-07,1,2918,1
WN,DCA,MSY,2025,7,1135,15,9,3.0,"frozenset({2449, 2451})",2451,0.6,True,2025-07,2,1615,2
AA,ORD,MCI,2025,7,1139,30,18,1.0,frozenset({453}),453,0.6,True,2025-07,1,2919,1
AA,ORD,LAS,2025,7,1251,16,9,2.0,"frozenset({2912, 3323})",2912,0.5625,True,2025-07,1,2920,1
WN,DEN,ATL,2025,7,985,13,8,0.0,frozenset({2467}),2467,0.6153846153846154,True,2025-07,1,2921,1
AA,DFW,PHX,2025,7,1130,33,21,0.0,"frozenset({696, 1689})",1689,0.6363636363636364,True,2025-07,1,2922,1
AA,DFW,PHX,2025,7,1245,30,16,1.0,frozenset({1222}),1222,0.5333333333333333,True,2025-07,2,2148,2
AA,DFW,PNS,2025,7,1017,29,17,0.0,frozenset({1351}),1351,0.5862068965517241,True,2025-07,1,2923,2
WN,DEN,BDL,2025,7,1045,10,7,1.0,frozenset({819}),819,0.7,True,2025-07,1,2924,1
OO,RAP,DEN,2025,7,998,31,19,4.0,frozenset({5708}),5708,0.6129032258064516,True,2025-07,3,618,3
WN,DEN,AUS,2025,7,1215,26,18,0.0,"frozenset({3817, 2474})",2474,0.6923076923076923,True,2025-07,2,1560,2
AA,DFW,PSP,2025,7,1265,29,15,2.0,frozenset({2709}),2709,0.5172413793103449,True,2025-07,1,2925,1
WN,DEN,AUS,2025,7,1075,13,9,0.0,frozenset({3817}),3817,0.6923076923076923,True,2025-07,1,2926,1
OO,RHI,ORD,2025,7,1133,30,20,3.0,frozenset({5045}),5045,0.6666666666666666,True,2025-07,1,2927,1
AA,ORD,LGA,2025,7,1087,31,21,4.0,frozenset({774}),774,0.6774193548387096,True,2025-07,1,2928,2
AA,ORD,LGA,2025,7,1008,30,17,6.0,frozenset({673}),673,0.5666666666666667,True,2025-07,1,2929,1
OO,RIC,ORD,2025,7,938,27,16,0.0,frozenset({4931}),4931,0.5925925925925926,True,2025-07,2,1429,2
OO,RIC,ORD,2025,7,1215,27,16,4.0,frozenset({4990}),4990,0.5925925925925926,True,2025-07,2,1417,2
WN,DEN,ATL,2025,7,1050,14,9,0.0,"frozenset({3400, 2467})",3400,0.6428571428571429,True,2025-07,2,1561,2
WN,DEN,AUS,2025,7,1035,10,7,0.0,frozenset({2050}),2050,0.7,True,2025-07,1,2930,1
WN,DEN,DAL,2025,7,1030,11,6,0.0,"frozenset({2128, 2849})",2128,0.5454545454545454,True,2025-07,1,2931,1
UA,BOI,DEN,2025,7,1062,31,16,0.0,frozenset({395}),395,0.5161290322580645,True,2025-07,1,2932,1
WN,DAL,BWI,2025,7,990,12,8,0.0,frozenset({1686}),1686,0.6666666666666666,True,2025-07,1,2933,1
AA,MIA,MSY,2025,7,1375,31,17,1.0,frozenset({2552}),2552,0.5483870967741935,True,2025-07,1,2934,1
UA,DFW,EWR,2025,7,1040,23,15,1.0,frozenset({1517}),1517,0.6521739130434783,True,2025-07,1,2935,1
WN,BZN,LAS,2025,7,1115,12,7,0.0,frozenset({1998}),1998,0.5833333333333334,True,2025-07,1,2936,1
UA,DSM,DEN,2025,7,1032,27,16,0.0,frozenset({2681}),2681,0.5925925925925926,True,2025-07,1,2937,1
UA,DTW,ORD,2025,7,1095,26,18,1.0,frozenset({1495}),1495,0.6923076923076923,True,2025-07,1,2938,1
AA,MIA,MEM,2025,7,1363,31,17,1.0,frozenset({1551}),1551,0.5483870967741935,True,2025-07,1,2939,1
AA,MIA,ORD,2025,7,1120,30,16,1.0,frozenset({2194}),2194,0.5333333333333333,True,2025-07,1,2940,1
UA,EWR,ATL,2025,7,959,23,14,3.0,frozenset({440}),440,0.6086956521739131,True,2025-07,1,2941,1
UA,EWR,AUS,2025,7,1155,30,17,0.0,frozenset({1261}),1261,0.5666666666666667,True,2025-07,1,2942,1
WN,BWI,TPA,2025,7,1200,20,11,3.0,"frozenset({4117, 3903})",3903,0.55,True,2025-07,1,2943,1
AA,MIA,MCO,2025,7,1374,31,17,0.0,frozenset({2667}),2667,0.5483870967741935,True,2025-07,1,2944,1
UA,EWR,BOS,2025,7,985,23,13,3.0,frozenset({1429}),1429,0.5652173913043478,True,2025-07,1,2945,1
UA,EWR,BOS,2025,7,1169,30,21,6.0,frozenset({1639}),1639,0.7,True,2025-07,1,2946,1
UA,EWR,BOS,2025,7,1305,30,17,5.0,"frozenset({1568, 1045})",1045,0.5666666666666667,True,2025-07,1,2947,1
UA,EWR,ATL,2025,7,1048,30,17,2.0,frozenset({1329}),1329,0.5666666666666667,True,2025-07,1,2948,1
AA,DFW,TPA,2025,7,1015,30,16,0.0,frozenset({844}),844,0.5333333333333333,True,2025-07,1,2949,1
UA,DFW,DEN,2025,7,1010,31,16,0.0,frozenset({2655}),2655,0.5161290322580645,True,2025-07,1,2950,1
AA,MIA,RIC,2025,7,1311,27,15,0.0,frozenset({983}),983,0.5555555555555556,True,2025-07,1,2951,1
UA,DEN,MKE,2025,7,1068,27,16,0.0,frozenset({421}),421,0.5925925925925926,True,2025-07,2,1452,2
UA,DEN,MSP,2025,7,1255,30,16,1.0,frozenset({439}),439,0.5333333333333333,True,2025-07,1,2952,1
UA,DEN,MSY,2025,7,1065,31,18,1.0,frozenset({1541}),1541,0.5806451612903226,True,2025-07,1,2953,1
UA,DEN,OMA,2025,7,1272,31,17,1.0,frozenset({1347}),1347,0.5483870967741935,True,2025-07,1,2954,1
UA,DEN,ORD,2025,7,1140,31,16,1.0,frozenset({2258}),2258,0.5161290322580645,True,2025-07,1,2955,1
UA,DEN,ORF,2025,7,1040,31,17,1.0,frozenset({1390}),1390,0.5483870967741935,True,2025-07,1,2956,1
AA,MIA,RDU,2025,7,1293,31,16,1.0,frozenset({1286}),1286,0.5161290322580645,True,2025-07,1,2957,1
UA,DEN,PDX,2025,7,1185,31,16,1.0,frozenset({498}),498,0.5161290322580645,True,2025-07,1,2958,1
AA,MIA,TPA,2025,7,1250,31,17,0.0,frozenset({1921}),1921,0.5483870967741935,True,2025-07,1,2959,1
AA,MIA,TPA,2025,7,1014,26,15,1.0,frozenset({2510}),2510,0.5769230769230769,True,2025-07,1,2960,1
UA,DEN,RIC,2025,7,1068,31,18,0.0,frozenset({1795}),1795,0.5806451612903226,True,2025-07,1,2961,1
UA,DEN,SFO,2025,7,1200,21,16,3.0,frozenset({1412}),1412,0.7619047619047619,True,2025-07,1,2962,1
UA,DEN,SJC,2025,7,1165,31,16,0.0,frozenset({2187}),2187,0.5161290322580645,True,2025-07,1,2963,1
AA,MIA,SJU,2025,7,770,31,16,0.0,frozenset({1329}),1329,0.5161290322580645,True,2025-07,1,2964,1
UA,DEN,PDX,2025,7,1235,29,16,1.0,frozenset({1325}),1325,0.5517241379310345,True,2025-07,1,2965,1
AA,MKE,DFW,2025,7,1111,29,16,3.0,frozenset({869}),869,0.5517241379310345,True,2025-07,3,546,3
AA,DFW,TPA,2025,7,1120,31,22,2.0,frozenset({2401}),2401,0.7096774193548387,True,2025-07,1,2966,2
WN,BWI,SMF,2025,7,970,10,6,0.0,frozenset({978}),978,0.6,True,2025-07,1,2967,1
UA,EWR,LAS,2025,7,1230,16,10,1.0,frozenset({203}),203,0.625,True,2025-07,1,2968,1
UA,EWR,LAX,2025,7,1110,31,16,2.0,frozenset({2641}),2641,0.5161290322580645,True,2025-07,1,2969,1
UA,EWR,LAX,2025,7,1200,29,22,5.0,frozenset({1393}),1393,0.7586206896551724,True,2025-07,1,2970,1
UA,EWR,MCI,2025,7,1205,30,18,2.0,frozenset({1606}),1606,0.6,True,2025-07,1,2971,1
AA,MIA,LAX,2025,7,1209,30,16,0.0,frozenset({1221}),1221,0.5333333333333333,True,2025-07,1,2972,1
UA,EWR,MCO,2025,7,959,27,14,0.0,frozenset({1205}),1205,0.5185185185185185,True,2025-07,1,2973,1
UA,EWR,LAS,2025,7,1185,27,14,2.0,frozenset({2001}),2001,0.5185185185185185,True,2025-07,1,2974,1
UA,EWR,MCO,2025,7,1139,27,15,6.0,frozenset({1695}),1695,0.5555555555555556,True,2025-07,1,2975,1
AA,MIA,LAS,2025,7,975,31,17,0.0,frozenset({3236}),3236,0.5483870967741935,True,2025-07,1,2976,1
UA,EWR,ORD,2025,7,925,31,16,2.0,frozenset({1144}),1144,0.5161290322580645,True,2025-07,1,2977,1
UA,EWR,ORD,2025,7,1018,31,22,6.0,frozenset({2698}),2698,0.7096774193548387,True,2025-07,1,2978,1
UA,EWR,ORD,2025,7,1095,30,21,2.0,frozenset({254}),254,0.7,True,2025-07,2,1460,2
UA,EWR,ORD,2025,7,1194,30,18,3.0,frozenset({353}),353,0.6,True,2025-07,1,2979,1
UA,EWR,ORD,2025,7,1319,30,17,3.0,frozenset({1308}),1308,0.5666666666666667,True,2025-07,1,2980,1
UA,EWR,MCO,2025,7,1242,30,17,1.0,"frozenset({212, 1717})",212,0.5666666666666667,True,2025-07,1,2981,1
WN,BWI,SRQ,2025,7,1105,12,7,0.0,frozenset({1960}),1960,0.5833333333333334,True,2025-07,1,2982,1
AA,MIA,LGA,2025,7,895,31,20,3.0,frozenset({1553}),1553,0.6451612903225806,True,2025-07,1,2983,1
UA,EWR,IAD,2025,7,1259,31,18,3.0,"frozenset({3011, 2279})",2279,0.5806451612903226,True,2025-07,1,2984,1
WN,BWI,SJU,2025,7,1225,16,11,1.0,frozenset({2509}),2509,0.6875,True,2025-07,1,2985,1
WN,BWI,SDF,2025,7,1350,16,11,4.0,frozenset({1941}),1941,0.6875,True,2025-07,1,2986,1
AA,MIA,MCO,2025,7,1150,27,19,0.0,frozenset({2803}),2803,0.7037037037037037,True,2025-07,1,2987,2
UA,EWR,BUF,2025,7,1319,31,17,4.0,frozenset({225}),225,0.5483870967741935,True,2025-07,1,2988,1
UA,EWR,CLE,2025,7,1109,28,17,1.0,"frozenset({1513, 1149})",1513,0.6071428571428571,True,2025-07,1,2989,1
AA,MIA,MCO,2025,7,1042,30,18,2.0,frozenset({2147}),2147,0.6,True,2025-07,1,2990,2
UA,EWR,IAH,2025,7,1175,31,18,1.0,frozenset({2213}),2213,0.5806451612903226,True,2025-07,1,2991,1
UA,EWR,CLT,2025,7,1226,27,17,1.0,frozenset({1183}),1183,0.6296296296296297,True,2025-07,1,2992,1
UA,EWR,DEN,2025,7,1130,31,20,2.0,frozenset({407}),407,0.6451612903225806,True,2025-07,1,2993,1
AA,MIA,LGA,2025,7,1079,26,18,3.0,frozenset({2271}),2271,0.6923076923076923,True,2025-07,1,2994,1
AA,MIA,LGA,2025,7,1021,31,17,2.0,frozenset({2669}),2669,0.5483870967741935,True,2025-07,2,2066,2
AA,MIA,LGA,2025,7,946,27,16,4.0,frozenset({3070}),3070,0.5925925925925926,True,2025-07,1,2995,1
UA,EWR,IAD,2025,7,895,31,19,4.0,frozenset({1992}),1992,0.6129032258064516,True,2025-07,1,2996,1
UA,EWR,IAD,2025,7,1194,27,16,2.0,frozenset({1332}),1332,0.5925925925925926,True,2025-07,1,2997,1
UA,EWR,DEN,2025,7,1007,31,20,4.0,frozenset({1197}),1197,0.6451612903225806,True,2025-07,2,1458,2
AA,ORD,BUF,2025,7,1040,23,14,0.0,frozenset({403}),403,0.6086956521739131,True,2025-07,1,2998,1
UA,DEN,MCI,2025,7,1247,31,16,1.0,frozenset({1476}),1476,0.5161290322580645,True,2025-07,1,2999,1
UA,DEN,LAS,2025,7,1053,18,12,0.0,frozenset({757}),757,0.6666666666666666,True,2025-07,1,3000,1
AA,DFW,SMF,2025,7,1036,31,18,0.0,frozenset({651}),651,0.5806451612903226,True,2025-07,1,3001,1
AA,DFW,SMF,2025,7,1142,13,7,0.0,frozenset({2386}),2386,0.5384615384615384,True,2025-07,1,3002,1
AA,DFW,SMF,2025,7,1350,29,16,3.0,frozenset({509}),509,0.5517241379310345,True,2025-07,1,3003,1
AA,ORD,AUS,2025,7,1274,29,17,3.0,frozenset({935}),935,0.5862068965517241,True,2025-07,1,3004,2
UA,CLE,EWR,2025,7,1131,22,16,3.0,frozenset({1929}),1929,0.7272727272727273,True,2025-07,1,3005,1
WN,CVG,DEN,2025,7,1250,16,10,0.0,"frozenset({2140, 4175})",2140,0.625,True,2025-07,1,3006,1
UA,BZN,DEN,2025,7,992,27,14,0.0,frozenset({345}),345,0.5185185185185185,True,2025-07,1,3007,1
AA,ONT,DFW,2025,7,766,31,17,1.0,frozenset({2956}),2956,0.5483870967741935,True,2025-07,1,3008,1
WN,COS,DEN,2025,7,1115,16,11,1.0,frozenset({1726}),1726,0.6875,True,2025-07,2,1624,2
UA,CLT,EWR,2025,7,1088,31,22,2.0,frozenset({702}),702,0.7096774193548387,True,2025-07,1,3009,1
UA,CLT,EWR,2025,7,1192,26,17,5.0,frozenset({1579}),1579,0.6538461538461539,True,2025-07,1,3010,2
AA,DFW,SRQ,2025,7,818,30,18,0.0,frozenset({2679}),2679,0.6,True,2025-07,1,3011,1
WN,COS,DAL,2025,7,1085,12,7,0.0,frozenset({2114}),2114,0.5833333333333334,True,2025-07,2,1622,2
UA,CMH,ORD,2025,7,1072,30,21,1.0,frozenset({1182}),1182,0.7,True,2025-07,1,3012,1
WN,CVG,BWI,2025,7,1070,20,12,2.0,frozenset({3433}),3433,0.6,True,2025-07,1,3013,1
WN,CMH,MCO,2025,7,1115,14,10,1.0,"frozenset({3339, 927})",3339,0.7142857142857143,True,2025-07,1,3014,1
UA,BZN,DEN,2025,7,881,31,16,2.0,frozenset({1109}),1109,0.5161290322580645,True,2025-07,1,3015,1
UA,BWI,ORD,2025,7,1040,30,17,1.0,frozenset({590}),590,0.5666666666666667,True,2025-07,1,3016,2
WN,DAL,BWI,2025,7,945,14,9,1.0,"frozenset({1686, 1359})",1359,0.6428571428571429,True,2025-07,1,3017,1
AA,ORD,BOS,2025,7,1230,26,14,2.0,frozenset({2682}),2682,0.5384615384615384,True,2025-07,1,3018,1
AA,ORD,BOS,2025,7,914,20,14,2.0,frozenset({3160}),3160,0.7,True,2025-07,2,2186,2
UA,BOS,EWR,2025,7,993,23,16,1.0,frozenset({1606}),1606,0.6956521739130435,True,2025-07,2,1470,2
UA,BOS,EWR,2025,7,1144,22,17,4.0,frozenset({1308}),1308,0.7727272727272727,True,2025-07,2,1471,3
UA,BOS,EWR,2025,7,1202,30,17,4.0,frozenset({688}),688,0.5666666666666667,True,2025-07,1,3019,1
WN,DAL,BNA,2025,7,1020,10,6,0.0,frozenset({2441}),2441,0.6,True,2025-07,1,3020,1
UA,BOS,IAD,2025,7,1152,31,16,1.0,frozenset({2136}),2136,0.5161290322580645,True,2025-07,1,3021,1
AA,ORD,BNA,2025,7,1343,27,18,3.0,frozenset({1880}),1880,0.6666666666666666,True,2025-07,2,1986,2
UA,BOS,ORD,2025,7,987,30,18,1.0,frozenset({2040}),2040,0.6,True,2025-07,1,3022,1
UA,BOS,ORD,2025,7,1083,30,19,0.0,frozenset({1015}),1015,0.6333333333333333,True,2025-07,2,1472,2
UA,BOS,ORD,2025,7,1220,16,11,1.0,frozenset({2229}),2229,0.6875,True,2025-07,1,3023,1
WN,DAL,BOS,2025,7,900,13,8,0.0,"frozenset({3621, 765})",765,0.6153846153846154,True,2025-07,1,3024,1
WN,DAL,BNA,2025,7,1075,17,10,0.0,"frozenset({1067, 4229})",1067,0.5882352941176471,True,2025-07,1,3025,1
UA,BOS,IAH,2025,7,1051,31,16,1.0,frozenset({2474}),2474,0.5161290322580645,True,2025-07,1,3026,1
UA,DEN,LAS,2025,7,1170,31,16,1.0,frozenset({655}),655,0.5161290322580645,True,2025-07,1,3027,1
UA,COS,DEN,2025,7,935,31,17,3.0,frozenset({2101}),2101,0.5483870967741935,True,2025-07,1,3028,1
UA,DCA,ORD,2025,7,1020,31,17,1.0,frozenset({1068}),1068,0.5483870967741935,True,2025-07,1,3029,1
AA,MSY,DFW,2025,7,1178,25,13,2.0,frozenset({2291}),2291,0.52,True,2025-07,1,3030,1
AA,MSY,DFW,2025,7,1096,30,19,2.0,frozenset({2224}),2224,0.6333333333333333,True,2025-07,2,1951,2
AA,MSP,ORD,2025,7,1066,23,19,0.0,frozenset({329}),329,0.8260869565217391,True,2025-07,1,3031,1
WN,CLT,DAL,2025,7,1010,10,6,0.0,frozenset({3806}),3806,0.6,True,2025-07,1,3032,1
UA,DEN,EWR,2025,7,755,31,16,2.0,frozenset({1877}),1877,0.5161290322580645,True,2025-07,1,3033,1
UA,DEN,EWR,2025,7,945,31,20,1.0,frozenset({1715}),1715,0.6451612903225806,True,2025-07,3,518,3
UA,DEN,EGE,2025,7,1184,31,16,0.0,frozenset({2859}),2859,0.5161290322580645,True,2025-07,1,3034,1
UA,DEN,EWR,2025,7,1072,31,17,1.0,frozenset({2613}),2613,0.5483870967741935,True,2025-07,3,519,3
UA,DEN,FSD,2025,7,1063,31,16,0.0,frozenset({645}),645,0.5161290322580645,True,2025-07,1,3035,1
WN,CLT,BWI,2025,7,1135,14,9,1.0,"frozenset({2045, 398})",398,0.6428571428571429,True,2025-07,1,3036,1
UA,DEN,GRR,2025,7,1067,31,16,2.0,frozenset({1770}),1770,0.5161290322580645,True,2025-07,1,3037,1
UA,DEN,GTF,2025,7,1158,31,16,0.0,frozenset({2121}),2121,0.5161290322580645,True,2025-07,1,3038,1
UA,DEN,IAD,2025,7,1062,31,17,1.0,frozenset({2408}),2408,0.5483870967741935,True,2025-07,1,3039,1
UA,DEN,IAH,2025,7,1065,31,17,0.0,frozenset({2326}),2326,0.5483870967741935,True,2025-07,1,3040,1
UA,DEN,EWR,2025,7,1151,30,18,3.0,frozenset({1816}),1816,0.6,True,2025-07,1,3041,1
UA,DCA,ORD,2025,7,930,27,16,2.0,frozenset({1888}),1888,0.5925925925925926,True,2025-07,1,3042,1
UA,DEN,DSM,2025,7,1050,31,16,0.0,frozenset({2238}),2238,0.5161290322580645,True,2025-07,1,3043,1
WN,CMH,BWI,2025,7,990,10,6,1.0,frozenset({674}),674,0.6,True,2025-07,1,3044,1
UA,DCA,ORD,2025,7,1080,27,19,2.0,frozenset({1340}),1340,0.7037037037037037,True,2025-07,1,3045,1
UA,DCA,ORD,2025,7,1140,31,19,2.0,frozenset({1193}),1193,0.6129032258064516,True,2025-07,1,3046,1
UA,DCA,ORD,2025,7,1200,27,15,1.0,frozenset({2218}),2218,0.5555555555555556,True,2025-07,1,3047,1
UA,DCA,SFO,2025,7,1079,31,19,4.0,frozenset({698}),698,0.6129032258064516,True,2025-07,1,3048,1
AA,MSY,LGA,2025,7,1048,27,15,2.0,frozenset({3222}),3222,0.5555555555555556,True,2025-07,1,3049,1
UA,DEN,ATL,2025,7,1060,31,20,0.0,frozenset({1305}),1305,0.6451612903225806,True,2025-07,2,1478,2
UA,DEN,DFW,2025,7,1050,31,17,0.0,frozenset({1565}),1565,0.5483870967741935,True,2025-07,2,1480,2
WN,CMH,DEN,2025,7,1180,14,8,0.0,frozenset({4846}),4846,0.5714285714285714,True,2025-07,2,1601,2
UA,DEN,BUR,2025,7,1145,31,17,0.0,frozenset({2411}),2411,0.5483870967741935,True,2025-07,1,3050,1
UA,DEN,CID,2025,7,1130,29,15,2.0,frozenset({1771}),1771,0.5172413793103449,True,2025-07,1,3051,1
UA,DEN,CLT,2025,7,1058,31,17,0.0,frozenset({616}),616,0.5483870967741935,True,2025-07,1,3052,1
UA,DEN,COS,2025,7,1264,29,19,2.0,frozenset({1418}),1418,0.6551724137931034,True,2025-07,1,3053,1
WN,CMH,DEN,2025,7,1100,12,7,0.0,frozenset({4846}),4846,0.5833333333333334,True,2025-07,2,1601,2
UA,DEN,CVG,2025,7,1111,27,14,0.0,frozenset({1615}),1615,0.5185185185185185,True,2025-07,2,1479,2
UA,DEN,BUF,2025,7,1065,31,19,0.0,frozenset({1593}),1593,0.6129032258064516,True,2025-07,1,3054,1
WN,DAL,MDW,2025,7,1070,16,9,1.0,frozenset({1851}),1851,0.5625,True,2025-07,1,3055,1
WN,AUS,MCO,2025,7,1010,26,18,2.0,"frozenset({1994, 675})",1994,0.6923076923076923,True,2025-07,2,1396,2
WN,LGA,STL,2025,7,1135,26,17,6.0,frozenset({3571}),3571,0.6538461538461539,True,2025-07,1,3056,1
F9,ATL,PHL,2025,7,1344,20,15,3.0,frozenset({2552}),2552,0.75,True,2025-07,2,1161,2
YX,BOS,DCA,2025,7,1020,19,10,6.0,frozenset({4455}),4455,0.5263157894736842,True,2025-07,1,3057,1
DL,ATL,JAX,2025,7,1365,31,19,1.0,"frozenset({1001, 2276})",2276,0.6129032258064516,True,2025-07,1,3058,1
DL,ATL,JAX,2025,7,1425,15,8,2.0,frozenset({1096}),1096,0.5333333333333333,True,2025-07,2,2169,2
YX,BOS,DCA,2025,7,1065,39,22,7.0,"frozenset({5843, 4455})",5843,0.5641025641025641,True,2025-07,1,3059,1
YX,BOS,DCA,2025,7,1140,27,14,9.0,"frozenset({5836, 4349})",4349,0.5185185185185185,True,2025-07,2,1096,2
YX,BOS,DCA,2025,7,1225,26,18,5.0,frozenset({5811}),5811,0.6923076923076923,True,2025-07,1,3060,1
YX,LGA,PIT,2025,7,1135,28,16,5.0,"frozenset({5696, 5628})",5696,0.5714285714285714,True,2025-07,1,3061,1
DL,LGA,ATL,2025,7,1230,27,16,5.0,frozenset({975}),975,0.5925925925925926,True,2025-07,1,3062,1
AA,CLT,MCO,2025,7,1216,20,11,2.0,frozenset({3200}),3200,0.55,True,2025-07,2,2184,3
AA,CLT,MCO,2025,7,1155,30,19,0.0,"frozenset({3200, 1783})",1783,0.6333333333333333,True,2025-07,2,1988,2
YX,BOS,EWR,2025,7,810,23,13,3.0,frozenset({5841}),5841,0.5652173913043478,True,2025-07,1,3063,1
NK,CHS,EWR,2025,7,868,13,8,2.0,frozenset({1881}),1881,0.6153846153846154,True,2025-07,1,3064,1
NK,CAE,EWR,2025,7,804,10,7,1.0,frozenset({1217}),1217,0.7,True,2025-07,1,3065,1
NK,BWI,MSY,2025,7,801,13,7,1.0,frozenset({1425}),1425,0.5384615384615384,True,2025-07,1,3066,1
NK,BWI,MCO,2025,7,1120,20,11,1.0,frozenset({1961}),1961,0.55,True,2025-07,2,1233,2
NK,BWI,DTW,2025,7,890,13,7,0.0,frozenset({1556}),1556,0.5384615384615384,True,2025-07,1,3067,1
DL,ATL,JFK,2025,7,998,31,16,0.0,frozenset({2466}),2466,0.5161290322580645,True,2025-07,2,2166,2
DL,ATL,JFK,2025,7,1180,31,16,1.0,frozenset({2378}),2378,0.5161290322580645,True,2025-07,2,2164,2
NK,BOS,MYR,2025,7,998,17,9,1.0,"frozenset({2522, 1006})",1006,0.5294117647058824,True,2025-07,1,3068,1
YX,BOS,EWR,2025,7,990,11,8,4.0,"frozenset({3516, 5718})",3516,0.7272727272727273,True,2025-07,1,3069,1
YX,BOS,EWR,2025,7,1048,23,14,8.0,frozenset({5718}),5718,0.6086956521739131,True,2025-07,3,539,3
NK,BOS,BWI,2025,7,1248,17,10,4.0,"frozenset({1609, 2523})",1609,0.5882352941176471,True,2025-07,1,3070,1
YX,BOS,IND,2025,7,1040,25,13,3.0,frozenset({4585}),4585,0.52,True,2025-07,1,3071,1
AA,CLT,MCO,2025,7,1080,31,21,2.0,frozenset({612}),612,0.6774193548387096,True,2025-07,2,1984,3
NK,BNA,EWR,2025,7,1259,13,10,2.0,frozenset({1419}),1419,0.7692307692307693,True,2025-07,1,3072,1
NK,BHM,EWR,2025,7,857,20,14,3.0,frozenset({1417}),1417,0.7,True,2025-07,1,3073,1
DL,LGA,ATL,2025,7,1140,27,19,6.0,frozenset({970}),970,0.7037037037037037,True,2025-07,2,2284,2
YX,BOS,JAX,2025,7,1170,23,12,2.0,frozenset({5815}),5815,0.5217391304347826,True,2025-07,1,3074,1
NK,DFW,ORD,2025,7,896,17,10,0.0,frozenset({1634}),1634,0.5882352941176471,True,2025-07,1,3075,1
AA,CLT,MCO,2025,7,1025,31,20,0.0,frozenset({1660}),1660,0.6451612903225806,True,2025-07,1,3076,1
NK,DTW,EWR,2025,7,1099,13,9,4.0,frozenset({1078}),1078,0.6923076923076923,True,2025-07,1,3077,1
NK,DTW,LGA,2025,7,1039,20,11,3.0,frozenset({1085}),1085,0.55,True,2025-07,1,3078,1
YX,BGR,PHL,2025,7,951,11,6,2.0,frozenset({4663}),4663,0.5454545454545454,True,2025-07,1,3079,1
YX,BNA,DCA,2025,7,1030,27,15,4.0,"frozenset({5712, 5707})",5712,0.5555555555555556,True,2025-07,1,3080,1
NK,FLL,EWR,2025,7,899,20,13,3.0,frozenset({1225}),1225,0.65,True,2025-07,1,3081,1
DL,ATL,EWR,2025,7,1137,31,18,2.0,frozenset({2498}),2498,0.5806451612903226,True,2025-07,1,3082,1
YX,BNA,DCA,2025,7,1085,26,19,7.0,frozenset({4495}),4495,0.7307692307692307,True,2025-07,1,3083,1
AA,CLT,MSY,2025,7,1114,10,9,0.0,frozenset({608}),608,0.9,True,2025-07,2,2200,2
YX,BNA,JFK,2025,7,987,31,22,8.0,frozenset({4693}),4693,0.7096774193548387,True,2025-07,2,1105,2
YX,BNA,LGA,2025,7,863,27,14,1.0,frozenset({4660}),4660,0.5185185185185185,True,2025-07,1,3084,1
YX,BNA,LGA,2025,7,960,27,16,5.0,frozenset({5629}),5629,0.5925925925925926,True,2025-07,1,3085,1
DL,ATL,EWR,2025,7,1252,30,18,2.0,frozenset({2527}),2527,0.6,True,2025-07,3,525,3
DL,ATL,EWR,2025,7,1366,27,16,1.0,frozenset({2552}),2552,0.5925925925925926,True,2025-07,1,3086,1
YX,LGA,RDU,2025,7,1170,26,16,9.0,frozenset({4436}),4436,0.6153846153846154,True,2025-07,2,1246,2
YX,BNA,LGA,2025,7,1047,26,18,7.0,frozenset({4481}),4481,0.6923076923076923,True,2025-07,2,1108,2
NK,EWR,MYR,2025,7,1080,22,13,2.0,"frozenset({1004, 2655})",1004,0.5909090909090909,True,2025-07,1,3087,1
DL,ATL,FLL,2025,7,1065,31,16,0.0,"frozenset({1619, 1670})",1619,0.5161290322580645,True,2025-07,1,3088,1
AA,BOS,LAX,2025,7,1091,31,16,0.0,frozenset({1578}),1578,0.5161290322580645,True,2025-07,1,3089,1
YX,BOS,BWI,2025,7,1215,26,14,3.0,frozenset({5851}),5851,0.5384615384615384,True,2025-07,1,3090,1
DL,ATL,FLL,2025,7,1385,23,14,1.0,frozenset({1229}),1229,0.6086956521739131,True,2025-07,1,3091,1
AA,CLT,MIA,2025,7,1282,30,16,2.0,frozenset({2919}),2919,0.5333333333333333,True,2025-07,1,3092,1
DL,ATL,FSD,2025,7,1286,31,18,0.0,frozenset({2615}),2615,0.5806451612903226,True,2025-07,1,3093,1
NK,EWR,IAH,2025,7,1052,23,12,4.0,frozenset({1207}),1207,0.5217391304347826,True,2025-07,1,3094,1
DL,ATL,GSO,2025,7,1252,14,8,0.0,frozenset({1617}),1617,0.5714285714285714,True,2025-07,1,3095,1
YX,LGA,PIT,2025,7,1275,27,15,7.0,frozenset({5722}),5722,0.5555555555555556,True,2025-07,1,3096,1
DL,LGA,BNA,2025,7,1043,27,15,2.0,frozenset({2705}),2705,0.5555555555555556,True,2025-07,1,3097,1
NK,EWR,DTW,2025,7,1260,16,9,4.0,frozenset({1079}),1079,0.5625,True,2025-07,1,3098,1
NK,EWR,BNA,2025,7,1115,13,10,3.0,frozenset({1418}),1418,0.7692307692307693,True,2025-07,1,3099,1
NK,EWR,ATL,2025,7,1320,13,7,2.0,frozenset({1212}),1212,0.5384615384615384,True,2025-07,1,3100,1
DL,ATL,IAH,2025,7,1193,15,10,1.0,frozenset({1284}),1284,0.6666666666666666,True,2025-07,2,2213,2
F9,ATL,PHL,2025,7,925,27,20,1.0,frozenset({2298}),2298,0.7407407407407407,True,2025-07,3,931,3
YX,BOS,DCA,2025,7,910,50,29,7.0,"frozenset({4632, 5689, 5776})",5689,0.58,True,2025-07,2,1097,2
YX,BGR,LGA,2025,7,1010,27,15,7.0,frozenset({4488}),4488,0.5555555555555556,True,2025-07,1,3101,1
AA,CLT,MCO,2025,7,965,31,18,0.0,frozenset({1682}),1682,0.5806451612903226,True,2025-07,1,3102,2
NK,ATL,TPA,2025,7,1201,16,12,0.0,frozenset({1293}),1293,0.75,True,2025-07,1,3103,1
AA,CLT,LGA,2025,7,1096,30,18,3.0,frozenset({1060}),1060,0.6,True,2025-07,1,3104,1
YX,BTV,PHL,2025,7,983,27,18,6.0,"frozenset({4509, 4527})",4509,0.6666666666666666,True,2025-07,1,3105,1
YX,BUF,LGA,2025,7,1086,53,27,16.0,"frozenset({4496, 5654})",5654,0.5094339622641509,True,2025-07,1,3106,1
YX,LGA,OMA,2025,7,1169,27,16,9.0,frozenset({4512}),4512,0.5925925925925926,True,2025-07,1,3107,1
MQ,ORD,CMH,2025,7,1173,25,13,0.0,frozenset({3447}),3447,0.52,True,2025-07,1,3108,1
MQ,ORD,CMH,2025,7,829,17,9,0.0,frozenset({3414}),3414,0.5294117647058824,True,2025-07,1,3109,1
MQ,ORD,CLE,2025,7,1075,24,13,3.0,frozenset({4310}),4310,0.5416666666666666,True,2025-07,1,3110,1
YX,LGA,OKC,2025,7,1080,19,12,6.0,frozenset({4526}),4526,0.631578947368421,True,2025-07,2,1167,2
MQ,ORD,CHS,2025,7,1224,29,15,2.0,frozenset({4228}),4228,0.5172413793103449,True,2025-07,1,3111,1
YX,LGA,MSN,2025,7,1285,27,14,7.0,frozenset({5668}),5668,0.5185185185185185,True,2025-07,1,3112,1
AA,CLT,LGA,2025,7,1023,27,17,2.0,frozenset({1722}),1722,0.6296296296296297,True,2025-07,2,2007,2
YX,CHS,EWR,2025,7,919,31,18,7.0,frozenset({3403}),3403,0.5806451612903226,True,2025-07,1,3113,1
AA,CLT,LGA,2025,7,961,31,23,3.0,"frozenset({1722, 1942})",1942,0.7419354838709677,True,2025-07,2,2006,2
YX,CHS,LGA,2025,7,1110,27,14,6.0,frozenset({5675}),5675,0.5185185185185185,True,2025-07,2,1149,2
AA,CLT,LGA,2025,7,735,31,18,2.0,frozenset({2033}),2033,0.5806451612903226,True,2025-07,1,3114,1
MQ,OMA,ORD,2025,7,1160,27,15,1.0,frozenset({3391}),3391,0.5555555555555556,True,2025-07,1,3115,1
DL,ATL,MIA,2025,7,1380,31,16,2.0,frozenset({1589}),1589,0.5161290322580645,True,2025-07,1,3116,1
MQ,MSP,ORD,2025,7,1170,27,14,2.0,frozenset({4151}),4151,0.5185185185185185,True,2025-07,1,3117,1
YX,CLE,JFK,2025,7,1038,31,19,9.0,frozenset({4387}),4387,0.6129032258064516,True,2025-07,2,1156,2
YX,CLE,LGA,2025,7,1095,23,15,9.0,frozenset({4513}),4513,0.6521739130434783,True,2025-07,2,1158,2
YX,CLT,JFK,2025,7,1052,27,14,5.0,frozenset({5714}),5714,0.5185185185185185,True,2025-07,1,3118,1
AA,CLT,LAS,2025,7,1104,31,16,0.0,frozenset({596}),596,0.5161290322580645,True,2025-07,1,3119,1
MQ,MDT,ORD,2025,7,1116,29,15,2.0,frozenset({3719}),3719,0.5172413793103449,True,2025-07,1,3120,1
AA,CLT,JFK,2025,7,1172,28,22,3.0,frozenset({1727}),1727,0.7857142857142857,True,2025-07,2,1998,2
DL,ATL,MSY,2025,7,1314,15,8,1.0,frozenset({2072}),2072,0.5333333333333333,True,2025-07,1,3121,2
YX,CMH,DCA,2025,7,1134,25,15,7.0,frozenset({4409}),4409,0.6,True,2025-07,2,1120,2
AA,CLT,JFK,2025,7,1037,31,23,1.0,frozenset({657}),657,0.7419354838709677,True,2025-07,2,1946,2
DL,ATL,MYR,2025,7,1365,23,12,0.0,frozenset({3074}),3074,0.5217391304347826,True,2025-07,1,3122,1
MQ,HSV,DCA,2025,7,1110,26,16,8.0,frozenset({4288}),4288,0.6153846153846154,True,2025-07,2,1298,2
YX,BTV,EWR,2025,7,1087,30,19,8.0,frozenset({3689}),3689,0.6333333333333333,True,2025-07,1,3123,1
NK,AUS,EWR,2025,7,1112,20,12,0.0,frozenset({1721}),1721,0.6,True,2025-07,1,3124,1
MQ,ORD,DTW,2025,7,1076,27,15,3.0,frozenset({4058}),4058,0.5555555555555556,True,2025-07,1,3125,1
DL,ATL,MEM,2025,7,1319,15,8,1.0,frozenset({1577}),1577,0.5333333333333333,True,2025-07,1,3126,1
NK,ATL,PHL,2025,7,1086,16,11,0.0,frozenset({1399}),1399,0.6875,True,2025-07,1,3127,1
DL,ATL,LGA,2025,7,1140,31,16,2.0,"frozenset({434, 490})",434,0.5161290322580645,True,2025-07,1,3128,1
DL,ATL,LGA,2025,7,1200,27,16,1.0,frozenset({490}),490,0.5925925925925926,True,2025-07,1,3129,1
NK,ATL,MCO,2025,7,1170,20,13,0.0,frozenset({1902}),1902,0.65,True,2025-07,1,3130,1
YX,BOS,JFK,2025,7,1025,31,21,7.0,frozenset({5648}),5648,0.6774193548387096,True,2025-07,2,1089,2
DL,LGA,ATL,2025,7,960,31,18,1.0,frozenset({969}),969,0.5806451612903226,True,2025-07,2,2286,2
YX,LGA,PIT,2025,7,1079,26,15,4.0,frozenset({4410}),4410,0.5769230769230769,True,2025-07,1,3131,1
YX,LGA,ORF,2025,7,1225,53,29,17.0,"frozenset({4589, 5862})",5862,0.5471698113207547,True,2025-07,1,3132,1
MQ,XNA,ORD,2025,7,1156,27,14,3.0,frozenset({4292}),4292,0.5185185185185185,True,2025-07,2,1250,2
DL,ATL,MCO,2025,7,1020,31,16,0.0,frozenset({1497}),1497,0.5161290322580645,True,2025-07,2,2182,2
DL,ATL,MCO,2025,7,1170,31,18,0.0,frozenset({2881}),2881,0.5806451612903226,True,2025-07,2,2086,3
DL,ATL,MCO,2025,7,1245,27,16,0.0,frozenset({1733}),1733,0.5925925925925926,True,2025-07,2,2158,2
YX,BOS,JFK,2025,7,1076,31,22,10.0,frozenset({4580}),4580,0.7096774193548387,True,2025-07,2,1092,2
YX,BOS,JFK,2025,7,1259,31,19,3.0,frozenset({5820}),5820,0.6129032258064516,True,2025-07,1,3133,1
MQ,RDU,DCA,2025,7,1170,23,14,8.0,frozenset({3770}),3770,0.6086956521739131,True,2025-07,1,3134,1
MQ,RAP,ORD,2025,7,1081,27,15,1.0,frozenset({3975}),3975,0.5555555555555556,True,2025-07,1,3135,1
MQ,PVD,ORD,2025,7,1058,27,17,3.0,"frozenset({3618, 3607})",3607,0.6296296296296297,True,2025-07,1,3136,1
DL,ATL,MCO,2025,7,1439,15,8,1.0,frozenset({1735}),1735,0.5333333333333333,True,2025-07,1,3137,1
MQ,PNS,DCA,2025,7,938,23,12,5.0,frozenset({3364}),3364,0.5217391304347826,True,2025-07,1,3138,1
YX,BOS,LGA,2025,7,960,27,16,6.0,frozenset({5786}),5786,0.5925925925925926,True,2025-07,1,3139,1
YX,BOS,LGA,2025,7,1020,57,29,13.0,"frozenset({5721, 4430})",5721,0.5087719298245614,True,2025-07,1,3140,1
YX,BOS,LGA,2025,7,1080,27,16,10.0,frozenset({5831}),5831,0.5925925925925926,True,2025-07,1,3141,1
YX,BOS,LGA,2025,7,1140,49,26,15.0,"frozenset({4724, 5716})",5716,0.5306122448979592,True,2025-07,2,1093,2
YX,BOS,MEM,2025,7,1240,22,12,1.0,frozenset({5594}),5594,0.5454545454545454,True,2025-07,1,3142,1
YX,BOS,PHL,2025,7,1090,23,13,4.0,"frozenset({4625, 4404})",4404,0.5652173913043478,True,2025-07,1,3143,1
MQ,ORD,LIT,2025,7,1224,24,15,2.0,frozenset({3561}),3561,0.625,True,2025-07,1,3144,1
YX,BOS,PHL,2025,7,1195,23,12,5.0,frozenset({5860}),5860,0.5217391304347826,True,2025-07,1,3145,1
YX,BOS,PIT,2025,7,1205,26,14,2.0,frozenset({5623}),5623,0.5384615384615384,True,2025-07,1,3146,1
YX,BOS,RIC,2025,7,1245,26,14,3.0,frozenset({5676}),5676,0.5384615384615384,True,2025-07,1,3147,1
AA,BOS,ORD,2025,7,1166,19,16,2.0,frozenset({3233}),3233,0.8421052631578947,True,2025-07,2,2251,2
YX,BGR,EWR,2025,7,1095,30,19,10.0,frozenset({3645}),3645,0.6333333333333333,True,2025-07,1,3148,1
NK,FLL,ORD,2025,7,1290,22,12,2.0,"frozenset({1219, 2188})",1219,0.5454545454545454,True,2025-07,1,3149,1
AA,CLT,OMA,2025,7,1370,26,14,0.0,frozenset({961}),961,0.5384615384615384,True,2025-07,2,2205,2
B6,SFO,JFK,2025,7,790,31,19,3.0,frozenset({416}),416,0.6129032258064516,True,2025-07,1,3150,1
AA,CLT,SFO,2025,7,1155,16,9,0.0,frozenset({2411}),2411,0.5625,True,2025-07,2,2153,2
WN,SLC,DEN,2025,7,885,14,9,0.0,"frozenset({488, 203})",203,0.6428571428571429,True,2025-07,2,1738,2
WN,SLC,DEN,2025,7,940,12,7,0.0,frozenset({1640}),1640,0.5833333333333334,True,2025-07,1,3151,1
B6,SMF,JFK,2025,7,1388,31,19,2.0,frozenset({162}),162,0.6129032258064516,True,2025-07,1,3152,1
B6,TPA,BOS,2025,7,1195,11,6,1.0,frozenset({392}),392,0.5454545454545454,True,2025-07,1,3153,1
WN,SLC,DEN,2025,7,1210,16,9,0.0,"frozenset({2342, 2262})",2262,0.5625,True,2025-07,1,3154,1
WN,SLC,PHX,2025,7,1165,10,8,0.0,frozenset({2047}),2047,0.8,True,2025-07,1,3155,1
OH,BHM,DFW,2025,7,932,19,11,0.0,frozenset({5316}),5316,0.5789473684210527,True,2025-07,1,3156,1
B6,TPA,EWR,2025,7,1139,31,18,6.0,frozenset({874}),874,0.5806451612903226,True,2025-07,2,2141,2
AA,CLT,SFO,2025,7,1097,31,16,1.0,frozenset({2410}),2410,0.5161290322580645,True,2025-07,1,3157,1
DL,LGA,DFW,2025,7,906,27,14,1.0,frozenset({846}),846,0.5185185185185185,True,2025-07,1,3158,1
B6,TPA,JFK,2025,7,879,31,16,8.0,frozenset({226}),226,0.5161290322580645,True,2025-07,1,3159,1
B6,TPA,LGA,2025,7,1121,31,17,3.0,frozenset({1248}),1248,0.5483870967741935,True,2025-07,2,2157,2
WN,SMF,DEN,2025,7,1115,14,8,1.0,frozenset({116}),116,0.5714285714285714,True,2025-07,1,3160,1
WN,SMF,PDX,2025,7,1055,11,6,0.0,"frozenset({2797, 3766})",3766,0.5454545454545454,True,2025-07,1,3161,1
OH,AVL,DCA,2025,7,1146,26,17,7.0,frozenset({5486}),5486,0.6538461538461539,True,2025-07,2,1202,2
DL,ATL,AUS,2025,7,1036,31,16,0.0,frozenset({1060}),1060,0.5161290322580645,True,2025-07,3,713,3
DL,LGA,DEN,2025,7,1080,27,15,7.0,frozenset({710}),710,0.5555555555555556,True,2025-07,2,2267,2
DL,ATL,AUS,2025,7,1375,26,17,0.0,frozenset({3098}),3098,0.6538461538461539,True,2025-07,1,3162,1
DL,ATL,AVL,2025,7,1088,15,8,0.0,frozenset({2037}),2037,0.5333333333333333,True,2025-07,1,3163,1
AA,CLT,SDF,2025,7,1375,30,16,1.0,frozenset({671}),671,0.5333333333333333,True,2025-07,2,2123,2
F9,ATL,MCO,2025,7,938,12,8,0.0,frozenset({3976}),3976,0.6666666666666666,True,2025-07,2,1059,2
OH,ATL,DCA,2025,7,1164,26,21,11.0,"frozenset({5202, 5182})",5182,0.8076923076923077,True,2025-07,1,3164,1
DL,ATL,BOS,2025,7,1010,28,16,0.0,frozenset({518}),518,0.5714285714285714,True,2025-07,1,3165,1
DL,ATL,BOS,2025,7,1199,31,18,3.0,frozenset({300}),300,0.5806451612903226,True,2025-07,1,3166,1
DL,ATL,BWI,2025,7,930,25,14,2.0,frozenset({1267}),1267,0.56,True,2025-07,2,2144,2
NK,TPA,ATL,2025,7,1033,16,10,0.0,frozenset({1292}),1292,0.625,True,2025-07,1,3167,1
NK,SJU,EWR,2025,7,1439,13,7,2.0,frozenset({1227}),1227,0.5384615384615384,True,2025-07,1,3168,1
B6,SEA,JFK,2025,7,1400,31,16,0.0,frozenset({264}),264,0.5161290322580645,True,2025-07,1,3169,1
WN,SNA,DEN,2025,7,845,10,8,0.0,frozenset({4584}),4584,0.8,True,2025-07,1,3170,1
DL,LGA,DFW,2025,7,1255,26,14,5.0,frozenset({860}),860,0.5384615384615384,True,2025-07,2,2382,2
AA,BOS,DCA,2025,7,1266,23,12,7.0,frozenset({1004}),1004,0.5217391304347826,True,2025-07,1,3171,1
AA,BOS,CLT,2025,7,1110,30,18,5.0,frozenset({1448}),1448,0.6,True,2025-07,2,2365,2
B6,RDU,JFK,2025,7,1065,31,22,8.0,frozenset({86}),86,0.7096774193548387,True,2025-07,2,2234,2
WN,SFO,LAS,2025,7,595,12,7,0.0,frozenset({3403}),3403,0.5833333333333334,True,2025-07,1,3172,1
B6,RIC,BOS,2025,7,872,31,16,1.0,frozenset({1282}),1282,0.5161290322580645,True,2025-07,1,3173,1
DL,LGA,FLL,2025,7,915,28,15,2.0,"frozenset({1008, 2116})",1008,0.5357142857142857,True,2025-07,1,3174,1
YX,MCI,EWR,2025,7,896,27,17,5.0,frozenset({3639}),3639,0.6296296296296297,True,2025-07,1,3175,1
DL,LGA,DTW,2025,7,1260,26,14,3.0,frozenset({1014}),1014,0.5384615384615384,True,2025-07,2,2342,2
DL,LGA,DTW,2025,7,1025,27,15,4.0,frozenset({999}),999,0.5555555555555556,True,2025-07,1,3176,1
OH,CAE,DCA,2025,7,1185,26,20,8.0,frozenset({5095}),5095,0.7692307692307693,True,2025-07,2,1272,2
WN,SFO,SAN,2025,7,1005,13,8,0.0,frozenset({2438}),2438,0.6153846153846154,True,2025-07,1,3177,1
YX,LGA,XNA,2025,7,1105,22,12,5.0,frozenset({4554}),4554,0.5454545454545454,True,2025-07,1,3178,1
F9,ATL,LGA,2025,7,1260,31,23,3.0,frozenset({3288}),3288,0.7419354838709677,True,2025-07,3,923,3
YX,LGA,TYS,2025,7,1127,23,14,6.0,frozenset({4674}),4674,0.6086956521739131,True,2025-07,1,3179,1
WN,SJC,LAS,2025,7,1300,12,7,1.0,frozenset({1196}),1196,0.5833333333333334,True,2025-07,1,3180,1
AA,CLT,TPA,2025,7,1116,31,19,0.0,frozenset({1032}),1032,0.6129032258064516,True,2025-07,1,3181,1
WN,SJC,SEA,2025,7,1085,12,8,0.0,frozenset({2326}),2326,0.6666666666666666,True,2025-07,1,3182,1
OH,BUF,DCA,2025,7,1067,26,16,8.0,frozenset({5138}),5138,0.6153846153846154,True,2025-07,2,1336,2
OH,BUF,DCA,2025,7,892,31,20,8.0,frozenset({5093}),5093,0.6451612903225806,True,2025-07,1,3183,1
B6,RSW,JFK,2025,7,788,31,19,5.0,frozenset({1530}),1530,0.6129032258064516,True,2025-07,1,3184,1
B6,SAV,BOS,2025,7,815,31,17,2.0,frozenset({150}),150,0.5483870967741935,True,2025-07,1,3185,1
YX,LGA,STL,2025,7,1153,26,14,6.0,frozenset({4728}),4728,0.5384615384615384,True,2025-07,2,1195,2
B6,SAV,BOS,2025,7,1105,26,16,5.0,frozenset({250}),250,0.6153846153846154,True,2025-07,1,3186,1
WN,SLC,DAL,2025,7,1025,30,16,0.0,"frozenset({868, 3285})",868,0.5333333333333333,True,2025-07,1,3187,1
AA,CLT,SMF,2025,7,1013,10,7,0.0,frozenset({1859}),1859,0.7,True,2025-07,1,3188,1
OH,BTV,DCA,2025,7,875,23,12,5.0,frozenset({5576}),5576,0.5217391304347826,True,2025-07,1,3189,1
B6,SAV,JFK,2025,7,1199,22,17,8.0,frozenset({342}),342,0.7727272727272727,True,2025-07,2,2129,2
B6,SEA,BOS,2025,7,703,31,19,1.0,frozenset({398}),398,0.6129032258064516,True,2025-07,1,3190,1
OH,BNA,DCA,2025,7,1159,26,17,8.0,frozenset({5318}),5318,0.6538461538461539,True,2025-07,3,781,3
OH,BNA,DCA,2025,7,940,23,13,8.0,frozenset({5443}),5443,0.5652173913043478,True,2025-07,1,3191,1
B6,SEA,BOS,2025,7,1273,31,18,0.0,frozenset({198}),198,0.5806451612903226,True,2025-07,1,3192,1
WN,SNA,DEN,2025,7,1175,22,12,0.0,frozenset({582}),582,0.5454545454545454,True,2025-07,1,3193,1
NK,RDU,EWR,2025,7,1153,20,13,4.0,"frozenset({2115, 1787})",1787,0.65,True,2025-07,1,3194,1
WN,SNA,LAS,2025,7,1130,16,9,2.0,frozenset({3326}),3326,0.5625,True,2025-07,1,3195,1
AA,CLT,PHL,2025,7,1105,31,16,4.0,frozenset({423}),423,0.5161290322580645,True,2025-07,1,3196,1
YX,LGA,SAV,2025,7,1274,27,15,8.0,frozenset({5796}),5796,0.5555555555555556,True,2025-07,1,3197,1
WN,STL,LGA,2025,7,1065,23,12,7.0,"frozenset({4624, 4623})",4624,0.5217391304347826,True,2025-07,2,1130,2
NK,MCO,EWR,2025,7,1209,20,14,1.0,frozenset({1526}),1526,0.7,True,2025-07,1,3198,1
YX,LGA,RIC,2025,7,1245,28,15,8.0,"frozenset({4345, 5673})",5673,0.5357142857142857,True,2025-07,1,3199,1
F9,ATL,ORD,2025,7,1378,17,10,1.0,frozenset({3397}),3397,0.5882352941176471,True,2025-07,2,1054,2
DL,ATL,DEN,2025,7,1379,15,9,1.0,frozenset({956}),956,0.6,True,2025-07,3,631,3
WN,STL,MCI,2025,7,1360,16,9,0.0,"frozenset({784, 2307})",2307,0.5625,True,2025-07,1,3200,1
AA,CLT,PHL,2025,7,938,31,16,3.0,frozenset({1838}),1838,0.5161290322580645,True,2025-07,1,3201,1
NK,MCO,DFW,2025,7,1210,13,9,0.0,frozenset({1700}),1700,0.6923076923076923,True,2025-07,1,3202,1
AA,CLT,ORF,2025,7,1345,30,16,1.0,frozenset({2674}),2674,0.5333333333333333,True,2025-07,1,3203,1
WN,TPA,BWI,2025,7,965,26,14,1.0,"frozenset({1385, 2087})",2087,0.5384615384615384,True,2025-07,1,3204,1
WN,TPA,BWI,2025,7,1140,12,9,2.0,frozenset({1649}),1649,0.75,True,2025-07,1,3205,1
NK,MCO,BOS,2025,7,1195,23,12,0.0,frozenset({1452}),1452,0.5217391304347826,True,2025-07,1,3206,1
WN,TPA,CMH,2025,7,1255,30,17,0.0,"frozenset({4770, 2086})",4770,0.5666666666666667,True,2025-07,1,3207,1
NK,LGA,ORD,2025,7,1110,31,19,4.0,"frozenset({2178, 1179})",1179,0.6129032258064516,True,2025-07,1,3208,1
DL,ATL,DFW,2025,7,1230,25,13,0.0,"frozenset({818, 31})",31,0.52,True,2025-07,2,2107,2
WN,TPA,PIT,2025,7,1295,22,15,0.0,"frozenset({458, 2702})",2702,0.6818181818181818,True,2025-07,1,3209,1
WN,TPA,SJU,2025,7,1215,20,12,0.0,frozenset({3594}),3594,0.6,True,2025-07,1,3210,1
NK,LGA,FLL,2025,7,1195,28,18,5.0,"frozenset({2281, 1086})",1086,0.6428571428571429,True,2025-07,1,3211,1
YX,LGA,RIC,2025,7,1028,26,16,4.0,frozenset({4673}),4673,0.6153846153846154,True,2025-07,2,1226,2
WN,TUL,DEN,2025,7,1155,10,7,0.0,frozenset({4792}),4792,0.7,True,2025-07,1,3212,1
DL,ATL,EWR,2025,7,944,27,15,4.0,frozenset({2340}),2340,0.5555555555555556,True,2025-07,1,3213,1
AA,CLT,ORD,2025,7,1215,30,20,1.0,frozenset({815}),815,0.6666666666666666,True,2025-07,1,3214,1
WN,TUS,DEN,2025,7,850,16,10,0.0,"frozenset({3685, 3542})",3685,0.625,True,2025-07,1,3215,1
AA,BOS,DFW,2025,7,1093,29,17,2.0,frozenset({1401}),1401,0.5862068965517241,True,2025-07,1,3216,1
WN,TUS,DEN,2025,7,900,10,8,0.0,frozenset({3542}),3542,0.8,True,2025-07,1,3217,1
AA,CLT,ORD,2025,7,1084,31,17,2.0,frozenset({2488}),2488,0.5483870967741935,True,2025-07,1,3218,2
NK,FLL,PHL,2025,7,1250,23,12,2.0,frozenset({1246}),1246,0.5217391304347826,True,2025-07,1,3219,1
NK,MCO,LGA,2025,7,1238,23,15,1.0,frozenset({1703}),1703,0.6521739130434783,True,2025-07,1,3220,1
YX,LGA,SDF,2025,7,1025,26,15,2.0,frozenset({4616}),4616,0.5769230769230769,True,2025-07,2,1217,2
WN,STL,LAX,2025,7,1230,12,8,0.0,frozenset({2391}),2391,0.6666666666666666,True,2025-07,1,3221,1
F9,ATL,MDW,2025,7,1335,17,11,0.0,frozenset({2779}),2779,0.6470588235294118,True,2025-07,3,932,3
NK,PHL,MCO,2025,7,1145,28,18,3.0,"frozenset({2276, 1566})",1566,0.6428571428571429,True,2025-07,1,3222,2
F9,ATL,MCO,2025,7,1112,20,11,1.0,frozenset({3508}),3508,0.55,True,2025-07,2,1061,3
NK,PHL,ATL,2025,7,1272,16,10,0.0,frozenset({1400}),1400,0.625,True,2025-07,1,3223,1
WN,SRQ,BWI,2025,7,1160,16,9,2.0,frozenset({155}),155,0.5625,True,2025-07,1,3224,1
NK,ORD,SJU,2025,7,1103,20,11,0.0,frozenset({1635}),1635,0.55,True,2025-07,1,3225,1
WN,STL,BOS,2025,7,865,22,12,1.0,"frozenset({2746, 4607})",4607,0.5454545454545454,True,2025-07,1,3226,1
AA,CLT,RSW,2025,7,804,30,18,0.0,frozenset({2018}),2018,0.6,True,2025-07,1,3227,1
AA,CLT,RIC,2025,7,1251,30,21,3.0,frozenset({993}),993,0.7,True,2025-07,1,3228,1
NK,ORD,IAH,2025,7,1270,19,11,5.0,frozenset({1180}),1180,0.5789473684210527,True,2025-07,1,3229,1
AA,CLT,RIC,2025,7,1089,31,16,2.0,frozenset({1909}),1909,0.5161290322580645,True,2025-07,1,3230,1
DL,ATL,DCA,2025,7,1002,31,17,2.0,frozenset({950}),950,0.5483870967741935,True,2025-07,2,2096,2
DL,ATL,DCA,2025,7,1075,28,21,2.0,frozenset({832}),832,0.75,True,2025-07,1,3231,1
DL,ATL,DCA,2025,7,1195,27,19,0.0,frozenset({727}),727,0.7037037037037037,True,2025-07,2,2090,2
DL,ATL,DCA,2025,7,1255,25,15,2.0,frozenset({378}),378,0.6,True,2025-07,2,2088,2
DL,ATL,OMA,2025,7,1221,16,13,0.0,frozenset({2707}),2707,0.8125,True,2025-07,1,3232,1
AA,CLT,RDU,2025,7,1155,10,7,1.0,frozenset({1904}),1904,0.7,True,2025-07,2,2119,2
AA,CLT,RDU,2025,7,995,31,19,1.0,frozenset({1894}),1894,0.6129032258064516,True,2025-07,1,3233,1
F9,ATL,MCO,2025,7,1143,10,6,0.0,frozenset({3508}),3508,0.6,True,2025-07,2,1061,3
NK,MIA,EWR,2025,7,1071,16,13,2.0,frozenset({1211}),1211,0.8125,True,2025-07,1,3234,2
WN,STL,DEN,2025,7,935,22,16,1.0,"frozenset({3114, 2811})",3114,0.7272727272727273,True,2025-07,2,1005,2
WN,STL,DEN,2025,7,1010,17,10,1.0,frozenset({2811}),2811,0.5882352941176471,True,2025-07,2,1030,2
DL,ATL,DEN,2025,7,1019,31,16,0.0,frozenset({519}),519,0.5161290322580645,True,2025-07,2,2112,2
WN,STL,DEN,2025,7,1125,22,14,0.0,frozenset({4616}),4616,0.6363636363636364,True,2025-07,2,1021,2
DL,ATL,DEN,2025,7,1148,31,20,0.0,frozenset({746}),746,0.6451612903225806,True,2025-07,2,2106,2
YX,LGA,SDF,2025,7,1100,27,14,3.0,frozenset({5756}),5756,0.5185185185185185,True,2025-07,1,3235,1
WN,LGA,STL,2025,7,930,27,14,0.0,frozenset({4247}),4247,0.5185185185185185,True,2025-07,1,3236,1
AA,CLT,PVD,2025,7,1180,27,14,1.0,frozenset({2318}),2318,0.5185185185185185,True,2025-07,1,3237,1
NK,MCO,ORD,2025,7,1095,12,7,0.0,"frozenset({1114, 2541})",2541,0.5833333333333334,True,2025-07,1,3238,1
WN,STL,DTW,2025,7,1235,16,13,1.0,frozenset({4618}),4618,0.8125,True,2025-07,2,1133,2
DL,LGA,DEN,2025,7,869,31,16,0.0,frozenset({716}),716,0.5161290322580645,True,2025-07,2,2274,2
NK,MYR,LGA,2025,7,1220,28,16,5.0,"frozenset({1696, 2473})",1696,0.5714285714285714,True,2025-07,1,3239,1
MQ,HPN,ORD,2025,7,990,30,18,3.0,frozenset({3808}),3808,0.6,True,2025-07,1,3240,1
MQ,FAR,ORD,2025,7,962,22,14,0.0,frozenset({3865}),3865,0.6363636363636364,True,2025-07,1,3241,1
DL,ATL,ORD,2025,7,1049,23,14,1.0,frozenset({2879}),2879,0.6086956521739131,True,2025-07,2,1997,2
DL,DTW,LAX,2025,7,1274,20,11,1.0,frozenset({694}),694,0.55,True,2025-07,1,3242,1
F9,MCO,CVG,2025,7,1377,17,10,0.0,frozenset({2547}),2547,0.5882352941176471,True,2025-07,1,3243,1
F9,MCO,CVG,2025,7,934,12,9,0.0,frozenset({1749}),1749,0.75,True,2025-07,1,3244,1
AA,BOS,PHL,2025,7,960,31,20,3.0,frozenset({2616}),2616,0.6451612903225806,True,2025-07,2,2303,2
YX,IND,EWR,2025,7,1114,30,20,9.0,frozenset({3522}),3522,0.6666666666666666,True,2025-07,1,3245,1
YX,IND,LGA,2025,7,1098,27,14,8.0,frozenset({5646}),5646,0.5185185185185185,True,2025-07,1,3246,1
YX,JAX,BOS,2025,7,1190,23,14,3.0,frozenset({5847}),5847,0.6086956521739131,True,2025-07,1,3247,1
DL,DTW,LGA,2025,7,1079,26,15,3.0,frozenset({2604}),2604,0.5769230769230769,True,2025-07,2,2036,2
YX,JAX,EWR,2025,7,1136,27,19,8.0,frozenset({3578}),3578,0.7037037037037037,True,2025-07,1,3248,1
DL,JFK,MIA,2025,7,1199,31,19,5.0,frozenset({1428}),1428,0.6129032258064516,True,2025-07,1,3249,1
YX,JFK,BNA,2025,7,810,31,22,2.0,frozenset({4693}),4693,0.7096774193548387,True,2025-07,1,3250,1
F9,BWI,MIA,2025,7,958,14,8,1.0,frozenset({1665}),1665,0.5714285714285714,True,2025-07,1,3251,1
DL,JFK,MCO,2025,7,1210,30,16,4.0,frozenset({1740}),1740,0.5333333333333333,True,2025-07,1,3252,1
YX,JFK,BOS,2025,7,1320,27,15,10.0,frozenset({4659}),4659,0.5555555555555556,True,2025-07,2,1341,2
YX,JFK,CMH,2025,7,1250,31,17,6.0,frozenset({5781}),5781,0.5483870967741935,True,2025-07,1,3253,1
F9,LAX,PHL,2025,7,1352,22,15,3.0,frozenset({3588}),3588,0.6818181818181818,True,2025-07,3,826,3
DL,DTW,MCO,2025,7,969,29,19,1.0,frozenset({1133}),1133,0.6551724137931034,True,2025-07,2,2084,3
AA,CLT,ALB,2025,7,1260,26,16,2.0,frozenset({1858}),1858,0.6153846153846154,True,2025-07,2,2235,2
F9,BWI,SJU,2025,7,791,17,10,2.0,frozenset({2266}),2266,0.5882352941176471,True,2025-07,2,1263,3
F9,LAX,ATL,2025,7,1288,23,13,0.0,frozenset({3216}),3216,0.5652173913043478,True,2025-07,3,805,3
F9,LAX,ATL,2025,7,782,17,10,0.0,frozenset({4316}),4316,0.5882352941176471,True,2025-07,2,1180,2
YX,JFK,DCA,2025,7,1290,62,34,21.0,"frozenset({5688, 4546})",4546,0.5483870967741935,True,2025-07,2,1318,2
YX,JFK,IND,2025,7,959,31,16,6.0,frozenset({4449}),4449,0.5161290322580645,True,2025-07,1,3254,1
YX,JFK,IND,2025,7,1230,31,17,7.0,frozenset({4586}),4586,0.5483870967741935,True,2025-07,2,1300,2
AA,CLE,DFW,2025,7,1176,25,13,1.0,frozenset({2336}),2336,0.52,True,2025-07,2,2366,2
YX,JFK,ORD,2025,7,1165,31,17,8.0,frozenset({5679}),5679,0.5483870967741935,True,2025-07,2,1306,2
F9,LAS,SAN,2025,7,641,15,8,2.0,frozenset({1469}),1469,0.5333333333333333,True,2025-07,1,3255,1
YX,JFK,PIT,2025,7,1190,58,32,15.0,"frozenset({5658, 4611})",5658,0.5517241379310345,True,2025-07,1,3256,1
AA,CHS,MIA,2025,7,1184,20,11,1.0,"frozenset({1136, 1681})",1136,0.55,True,2025-07,1,3257,1
F9,MCO,PHL,2025,7,1132,17,11,4.0,frozenset({4170}),4170,0.6470588235294118,True,2025-07,2,1205,2
YX,JFK,RDU,2025,7,1289,31,16,10.0,frozenset({4573}),4573,0.5161290322580645,True,2025-07,2,1309,2
AA,CLT,BDL,2025,7,1245,30,17,1.0,frozenset({2169}),2169,0.5666666666666667,True,2025-07,1,3258,1
AA,CLT,BOS,2025,7,1035,30,18,2.0,frozenset({1422}),1422,0.6,True,2025-07,1,3259,1
DL,DFW,DTW,2025,7,1087,23,14,1.0,frozenset({1441}),1441,0.6086956521739131,True,2025-07,1,3260,1
F9,PHL,MYR,2025,7,1117,17,12,3.0,frozenset({3271}),3271,0.7058823529411765,True,2025-07,2,1244,2
YX,GSP,LGA,2025,7,1072,19,12,9.0,frozenset({4534}),4534,0.631578947368421,True,2025-07,1,3261,1
F9,PHL,MIA,2025,7,1056,17,10,0.0,frozenset({1203}),1203,0.5882352941176471,True,2025-07,2,1243,2
AA,CLT,BWI,2025,7,1018,30,18,1.0,frozenset({2859}),2859,0.6,True,2025-07,1,3262,1
YX,HHH,LGA,2025,7,958,30,17,2.0,frozenset({5621}),5621,0.5666666666666667,True,2025-07,1,3263,1
F9,PHL,MCO,2025,7,1349,17,10,4.0,frozenset({4169}),4169,0.5882352941176471,True,2025-07,3,856,3
DL,DTW,BOS,2025,7,1060,27,14,1.0,frozenset({1707}),1707,0.5185185185185185,True,2025-07,1,3264,1
DL,DTW,CLT,2025,7,1200,27,14,0.0,frozenset({2352}),2352,0.5185185185185185,True,2025-07,1,3265,1
YX,IAD,PWM,2025,7,1334,30,17,6.0,frozenset({3674}),3674,0.5666666666666667,True,2025-07,1,3266,1
YX,IAH,ORD,2025,7,992,15,8,1.0,frozenset({4591}),4591,0.5333333333333333,True,2025-07,1,3267,1
F9,PHL,ATL,2025,7,1125,30,21,2.0,"frozenset({2297, 1101})",1101,0.7,True,2025-07,2,1239,2
DL,DTW,DCA,2025,7,899,31,19,1.0,frozenset({1454}),1454,0.6129032258064516,True,2025-07,3,855,3
F9,PBI,PHL,2025,7,939,12,7,1.0,frozenset({2500}),2500,0.5833333333333334,True,2025-07,1,3268,1
F9,BWI,CLT,2025,7,991,18,11,3.0,frozenset({3075}),3075,0.6111111111111112,True,2025-07,1,3269,1
DL,DTW,DEN,2025,7,1319,23,14,1.0,frozenset({1644}),1644,0.6086956521739131,True,2025-07,1,3270,1
F9,ORD,SAN,2025,7,819,31,17,0.0,frozenset({1855}),1855,0.5483870967741935,True,2025-07,1,3271,1
F9,BWI,DEN,2025,7,1046,17,10,0.0,frozenset({2705}),2705,0.5882352941176471,True,2025-07,1,3272,1
F9,ORD,ATL,2025,7,1096,16,10,0.0,frozenset({1442}),1442,0.625,True,2025-07,2,1234,2
DL,DTW,EWR,2025,7,852,27,17,5.0,frozenset({2573}),2573,0.6296296296296297,True,2025-07,1,3273,1
YX,ILM,LGA,2025,7,1097,26,15,10.0,frozenset({4698}),4698,0.5769230769230769,True,2025-07,2,1325,2
DL,DTW,EWR,2025,7,1068,26,17,6.0,frozenset({2567}),2567,0.6538461538461539,True,2025-07,2,2014,2
AA,CLT,BOS,2025,7,1230,30,16,2.0,frozenset({1843}),1843,0.5333333333333333,True,2025-07,1,3274,1
F9,OMA,DEN,2025,7,1191,18,10,0.0,frozenset({1127}),1127,0.5555555555555556,True,2025-07,1,3275,1
F9,OKC,DEN,2025,7,1080,17,9,1.0,frozenset({1863}),1863,0.5294117647058824,True,2025-07,1,3276,1
F9,MYR,ISP,2025,7,1273,17,12,3.0,frozenset({1682}),1682,0.7058823529411765,True,2025-07,2,1230,2
YX,IND,BOS,2025,7,960,23,12,1.0,frozenset({4368}),4368,0.5217391304347826,True,2025-07,1,3277,1
F9,MSN,DEN,2025,7,1158,14,8,0.0,frozenset({4061}),4061,0.5714285714285714,True,2025-07,1,3278,1
YX,IND,BOS,2025,7,1040,26,14,1.0,frozenset({5627}),5627,0.5384615384615384,True,2025-07,1,3279,1
YX,IND,DCA,2025,7,1235,26,17,6.0,frozenset({4593}),4593,0.6538461538461539,True,2025-07,2,1329,2
F9,ISP,MCO,2025,7,1237,19,12,0.0,frozenset({1237}),1237,0.631578947368421,True,2025-07,1,3280,2
YX,LGA,BNA,2025,7,1229,26,14,7.0,frozenset({4392}),4392,0.5384615384615384,True,2025-07,1,3281,1
DL,EWR,ATL,2025,7,929,31,16,2.0,frozenset({2322}),2322,0.5161290322580645,True,2025-07,1,3282,1
F9,DEN,SEA,2025,7,1349,17,9,1.0,frozenset({3405}),3405,0.5294117647058824,True,2025-07,1,3283,1
F9,DEN,PHX,2025,7,1349,17,11,0.0,frozenset({4753}),4753,0.6470588235294118,True,2025-07,2,1331,2
DL,IAD,ATL,2025,7,1040,31,17,2.0,frozenset({1695}),1695,0.5483870967741935,True,2025-07,2,2398,2
AA,BWI,DFW,2025,7,1159,29,17,2.0,frozenset({1213}),1213,0.5862068965517241,True,2025-07,1,3284,1
F9,DEN,PHL,2025,7,985,17,9,0.0,frozenset({3266}),3266,0.5294117647058824,True,2025-07,2,1330,3
DL,IAD,ATL,2025,7,1176,15,8,1.0,frozenset({1687}),1687,0.5333333333333333,True,2025-07,2,2264,2
F9,DEN,PDX,2025,7,1350,17,9,2.0,frozenset({2687}),2687,0.5294117647058824,True,2025-07,1,3285,1
F9,DEN,MSP,2025,7,1287,31,17,0.0,frozenset({1292}),1292,0.5483870967741935,True,2025-07,1,3286,1
F9,DEN,MDW,2025,7,1046,13,7,0.0,frozenset({2210}),2210,0.5384615384615384,True,2025-07,1,3287,1
YX,LGA,CVG,2025,7,930,23,12,4.0,frozenset({4374}),4374,0.5217391304347826,True,2025-07,2,1187,2
DL,JAX,ATL,2025,7,1225,15,8,0.0,frozenset({2331}),2331,0.5333333333333333,True,2025-07,1,3288,1
DL,JAX,JFK,2025,7,1033,27,19,1.0,"frozenset({954, 1035})",954,0.7037037037037037,True,2025-07,1,3289,1
F9,DCA,DEN,2025,7,1080,25,13,0.0,frozenset({689}),689,0.52,True,2025-07,2,1297,2
DL,JFK,BOS,2025,7,1270,27,15,3.0,frozenset({2639}),2639,0.5555555555555556,True,2025-07,2,2254,2
YX,LGA,DSM,2025,7,1035,27,15,8.0,frozenset({4395}),4395,0.5555555555555556,True,2025-07,1,3290,1
F9,CVG,DEN,2025,7,1088,17,11,3.0,frozenset({3285}),3285,0.6470588235294118,True,2025-07,1,3291,1
F9,CLT,TPA,2025,7,1269,13,8,1.0,frozenset({3407}),3407,0.6153846153846154,True,2025-07,1,3292,1
F9,CLT,PHL,2025,7,949,31,17,2.0,frozenset({1384}),1384,0.5483870967741935,True,2025-07,3,865,3
DL,JFK,DEN,2025,7,975,31,16,3.0,frozenset({3243}),3243,0.5161290322580645,True,2025-07,2,2281,2
DL,JFK,DEN,2025,7,1195,30,17,4.0,frozenset({424}),424,0.5666666666666667,True,2025-07,1,3293,1
F9,CLT,MCO,2025,7,1143,18,13,3.0,frozenset({1445}),1445,0.7222222222222222,True,2025-07,1,3294,2
AA,BOS,PHL,2025,7,1160,26,20,7.0,frozenset({1086}),1086,0.7692307692307693,True,2025-07,2,2297,2
DL,JFK,DFW,2025,7,1079,31,16,2.0,frozenset({496}),496,0.5161290322580645,True,2025-07,1,3295,1
YX,LGA,DCA,2025,7,1035,57,31,15.0,"frozenset({4736, 5717})",5717,0.543859649122807,True,2025-07,1,3296,1
DL,JFK,FLL,2025,7,1195,31,17,6.0,frozenset({1414}),1414,0.5483870967741935,True,2025-07,1,3297,1
YX,LGA,DCA,2025,7,1150,28,16,7.0,frozenset({5591}),5591,0.5714285714285714,True,2025-07,1,3298,1
YX,LGA,DCA,2025,7,1220,26,18,12.0,frozenset({4719}),4719,0.6923076923076923,True,2025-07,2,1193,2
YX,LGA,DCA,2025,7,1285,27,14,7.0,frozenset({5751}),5751,0.5185185185185185,True,2025-07,1,3299,1
DL,JFK,LAS,2025,7,1275,16,9,0.0,frozenset({781}),781,0.5625,True,2025-07,1,3300,1
F9,DEN,SFO,2025,7,1296,14,12,0.0,"frozenset({1093, 3439})",1093,0.8571428571428571,True,2025-07,1,3301,1
F9,DEN,SLC,2025,7,1296,14,8,1.0,"frozenset({4251, 3981})",3981,0.5714285714285714,True,2025-07,1,3302,1
F9,DFW,ATL,2025,7,360,21,11,3.0,frozenset({3022}),3022,0.5238095238095238,True,2025-07,1,3303,1
F9,DFW,ATL,2025,7,1070,27,17,3.0,"frozenset({2496, 2494})",2496,0.6296296296296297,True,2025-07,2,1332,2
YX,LGA,BOS,2025,7,1080,49,27,16.0,"frozenset({5738, 4724})",5738,0.5510204081632653,True,2025-07,1,3304,1
F9,IAH,ORD,2025,7,605,17,9,0.0,frozenset({3136}),3136,0.5294117647058824,True,2025-07,1,3305,2
DL,EWR,ATL,2025,7,1079,31,16,5.0,frozenset({2312}),2312,0.5161290322580645,True,2025-07,1,3306,1
F9,IAH,ATL,2025,7,1002,22,15,0.0,frozenset({2400}),2400,0.6818181818181818,True,2025-07,3,808,3
DL,EWR,ATL,2025,7,1145,26,16,4.0,frozenset({2340}),2340,0.6153846153846154,True,2025-07,3,793,3
DL,EWR,DTW,2025,7,1019,27,19,5.0,frozenset({2573}),2573,0.7037037037037037,True,2025-07,1,3307,1
YX,LGA,BOS,2025,7,1139,27,17,3.0,frozenset({5746}),5746,0.6296296296296297,True,2025-07,1,3308,1
F9,IAD,TPA,2025,7,1087,21,15,1.0,frozenset({2953}),2953,0.7142857142857143,True,2025-07,2,1303,3
DL,EWR,DTW,2025,7,1215,26,16,6.0,frozenset({2567}),2567,0.6153846153846154,True,2025-07,2,2341,2
F9,IAD,SJU,2025,7,744,14,10,1.0,frozenset({2906}),2906,0.7142857142857143,True,2025-07,2,1299,2
DL,EWR,MSP,2025,7,1130,31,18,4.0,frozenset({1817}),1817,0.5806451612903226,True,2025-07,1,3309,1
DL,EWR,SLC,2025,7,1135,26,17,2.0,frozenset({2026}),2026,0.6538461538461539,True,2025-07,1,3310,1
YX,LGA,BOS,2025,7,1200,31,19,10.0,"frozenset({4768, 5853})",5853,0.6129032258064516,True,2025-07,1,3311,1
YX,LGA,BOS,2025,7,1259,24,15,8.0,"frozenset({4768, 4373})",4768,0.625,True,2025-07,1,3312,1
YX,GSP,EWR,2025,7,1065,26,17,7.0,frozenset({3507}),3507,0.6538461538461539,True,2025-07,1,3313,1
DL,FLL,ATL,2025,7,1245,15,9,0.0,frozenset({1619}),1619,0.6,True,2025-07,1,3314,1
YX,LGA,BUF,2025,7,1307,27,14,8.0,frozenset({5797}),5797,0.5185185185185185,True,2025-07,1,3315,1
F9,FLL,ATL,2025,7,1172,17,9,1.0,frozenset({2171}),2171,0.5294117647058824,True,2025-07,2,1337,3
DL,FLL,BOS,2025,7,1195,30,19,3.0,frozenset({2196}),2196,0.6333333333333333,True,2025-07,1,3316,1
DL,FLL,JFK,2025,7,1199,31,17,2.0,"frozenset({1419, 1931})",1931,0.5483870967741935,True,2025-07,2,2384,2
AA,CHS,DFW,2025,7,1147,29,18,2.0,frozenset({1510}),1510,0.6206896551724138,True,2025-07,1,3317,1
YX,LGA,CHS,2025,7,921,31,17,1.0,"frozenset({4562, 5675})",5675,0.5483870967741935,True,2025-07,1,3318,1
YX,LGA,CHS,2025,7,1199,27,18,8.0,frozenset({5670}),5670,0.6666666666666666,True,2025-07,1,3319,1
DL,FLL,LGA,2025,7,1181,27,21,5.0,frozenset({1008}),1008,0.7777777777777778,True,2025-07,2,2391,2
AA,CHS,DCA,2025,7,1178,26,16,4.0,frozenset({1040}),1040,0.6153846153846154,True,2025-07,1,3320,1
YX,LGA,CLE,2025,7,940,23,13,5.0,frozenset({4348}),4348,0.5652173913043478,True,2025-07,1,3321,1
YX,LGA,CLE,2025,7,1260,26,18,11.0,frozenset({4722}),4722,0.6923076923076923,True,2025-07,2,1312,2
AA,BWI,MIA,2025,7,1150,21,12,2.0,frozenset({2476}),2476,0.5714285714285714,True,2025-07,2,2276,2
YX,LGA,CMH,2025,7,1199,27,17,8.0,frozenset({5681}),5681,0.6296296296296297,True,2025-07,1,3322,1
F9,DFW,BWI,2025,7,900,19,10,2.0,frozenset({1476}),1476,0.5263157894736842,True,2025-07,1,3323,1
YX,LGA,BUF,2025,7,1225,26,14,11.0,frozenset({4521}),4521,0.5384615384615384,True,2025-07,1,3324,1
WN,SFO,DEN,2025,7,1075,10,6,1.0,frozenset({4407}),4407,0.6,True,2025-07,1,3325,1
YX,GSO,LGA,2025,7,1073,26,17,10.0,frozenset({4574}),4574,0.6538461538461539,True,2025-07,2,1265,2
F9,PHL,SJU,2025,7,1205,31,16,5.0,frozenset({4462}),4462,0.5161290322580645,True,2025-07,1,3326,1
G4,TYS,SFB,2025,7,901,17,9,0.0,"frozenset({1419, 1396, 2820, 1252})",1396,0.5294117647058824,True,2025-07,1,3327,1
YX,DCA,BOS,2025,7,1320,52,29,12.0,"frozenset({5667, 4382})",4382,0.5576923076923077,True,2025-07,2,1159,2
G4,SWF,MYR,2025,7,1122,14,12,0.0,"frozenset({184, 1794, 1824, 207})",1794,0.8571428571428571,True,2025-07,1,3328,1
YX,LGA,IND,2025,7,1105,26,17,4.0,frozenset({4793}),4793,0.6538461538461539,True,2025-07,1,3329,1
DL,ATL,TLH,2025,7,1180,15,8,0.0,frozenset({2295}),2295,0.5333333333333333,True,2025-07,1,3330,1
G4,SFB,PIT,2025,7,1115,12,8,0.0,"frozenset({1138, 2742, 2887})",1138,0.6666666666666666,True,2025-07,1,3331,1
YX,DCA,CMH,2025,7,1019,25,13,5.0,frozenset({4409}),4409,0.52,True,2025-07,2,1134,2
DL,ATL,TPA,2025,7,1428,15,11,0.0,frozenset({326}),326,0.7333333333333333,True,2025-07,2,1960,2
G4,SFB,CVG,2025,7,858,11,7,0.0,"frozenset({2012, 430})",430,0.6363636363636364,True,2025-07,1,3332,1
G4,SFB,ABE,2025,7,1080,17,9,0.0,"frozenset({1200, 202, 191})",1200,0.5294117647058824,True,2025-07,1,3333,1
DL,LAX,DEN,2025,7,895,31,16,0.0,frozenset({2004}),2004,0.5161290322580645,True,2025-07,2,2301,2
YX,DCA,IND,2025,7,1040,26,15,5.0,frozenset({4501}),4501,0.5769230769230769,True,2025-07,2,1135,2
DL,ATL,VPS,2025,7,1310,11,6,1.0,frozenset({3097}),3097,0.5454545454545454,True,2025-07,1,3334,1
YX,DCA,IND,2025,7,1185,26,15,10.0,frozenset({4520}),4520,0.5769230769230769,True,2025-07,2,1013,2
YX,LGA,ILM,2025,7,1199,26,16,7.0,frozenset({4792}),4792,0.6153846153846154,True,2025-07,1,3335,1
AA,CLT,EWR,2025,7,1230,30,16,4.0,frozenset({2794}),2794,0.5333333333333333,True,2025-07,2,2063,3
G4,PGD,PIT,2025,7,1275,11,6,1.0,"frozenset({2737, 2757, 2750})",2750,0.5454545454545454,True,2025-07,1,3336,1
G4,PGD,LEX,2025,7,1101,12,7,0.0,"frozenset({898, 923, 903})",923,0.5833333333333334,True,2025-07,1,3337,1
G4,PGD,IND,2025,7,1011,13,9,0.0,"frozenset({617, 620, 2229, 606})",2229,0.6923076923076923,True,2025-07,1,3338,1
G4,MYR,MDT,2025,7,1137,13,9,3.0,"frozenset({1267, 1332})",1332,0.6923076923076923,True,2025-07,1,3339,1
DL,BDL,ATL,2025,7,1151,15,10,0.0,frozenset({2735}),2735,0.6666666666666666,True,2025-07,1,3340,1
DL,LAS,AUS,2025,7,1030,26,15,0.0,frozenset({2260}),2260,0.5769230769230769,True,2025-07,1,3341,1
AA,CLT,EWR,2025,7,994,26,18,4.0,frozenset({1330}),1330,0.6923076923076923,True,2025-07,3,678,3
G4,MYR,ABE,2025,7,1294,14,12,1.0,"frozenset({201, 162, 183})",201,0.8571428571428571,True,2025-07,1,3342,1
G4,MDT,SFB,2025,7,1279,18,10,1.0,"frozenset({2889, 1196, 2845, 2870})",2845,0.5555555555555556,True,2025-07,1,3343,1
AA,CLT,EWR,2025,7,878,30,19,3.0,"frozenset({3258, 1330})",3258,0.6333333333333333,True,2025-07,2,2062,2
G4,MDT,MYR,2025,7,996,13,9,2.0,"frozenset({2968, 1345, 2848})",2848,0.6923076923076923,True,2025-07,1,3344,1
YX,DCA,JFK,2025,7,1146,31,20,13.0,frozenset({4629}),4629,0.6451612903225806,True,2025-07,2,1015,2
G4,LEX,PGD,2025,7,1280,12,7,0.0,"frozenset({913, 843, 899})",843,0.5833333333333334,True,2025-07,1,3345,1
YX,DCA,BOS,2025,7,1260,23,13,5.0,"frozenset({4555, 4431})",4555,0.5652173913043478,True,2025-07,1,3346,1
G4,LCK,SFB,2025,7,1268,12,7,0.0,"frozenset({2972, 1284, 1285})",1284,0.5833333333333334,True,2025-07,1,3347,1
G4,VPS,CVG,2025,7,1115,13,7,0.0,"frozenset({1483, 3069})",1483,0.5384615384615384,True,2025-07,1,3348,1
HA,ANC,SEA,2025,7,170,31,17,1.0,frozenset({698}),698,0.5483870967741935,True,2025-07,1,3349,2
DL,ATL,ORF,2025,7,1037,20,11,0.0,frozenset({1346}),1346,0.55,True,2025-07,1,3350,1
MQ,DTW,ORD,2025,7,1253,27,16,4.0,frozenset({4018}),4018,0.5925925925925926,True,2025-07,1,3351,1
MQ,DCA,SYR,2025,7,1327,26,16,6.0,frozenset({3804}),3804,0.6153846153846154,True,2025-07,2,1295,2
DL,ATL,PHL,2025,7,982,15,10,0.0,frozenset({1329}),1329,0.6666666666666666,True,2025-07,1,3352,1
DL,ATL,PHL,2025,7,1139,27,14,1.0,frozenset({2065}),2065,0.5185185185185185,True,2025-07,2,1991,2
MQ,DCA,GSO,2025,7,1289,23,13,8.0,frozenset({3740}),3740,0.5652173913043478,True,2025-07,1,3353,1
DL,ATL,PNS,2025,7,1325,15,9,0.0,frozenset({3086}),3086,0.6,True,2025-07,1,3354,1
YX,CMH,EWR,2025,7,992,27,17,8.0,frozenset({3675}),3675,0.6296296296296297,True,2025-07,3,665,3
AA,CLT,JAX,2025,7,1377,30,18,0.0,frozenset({2713}),2713,0.6,True,2025-07,1,3355,1
YX,CMH,JFK,2025,7,1121,31,16,7.0,"frozenset({5650, 5620})",5620,0.5161290322580645,True,2025-07,1,3356,1
YX,CMH,LGA,2025,7,975,27,14,6.0,frozenset({4453}),4453,0.5185185185185185,True,2025-07,1,3357,1
MQ,CMH,ORD,2025,7,1000,16,9,0.0,frozenset({3542}),3542,0.5625,True,2025-07,1,3358,1
YX,CMH,LGA,2025,7,1050,53,27,16.0,"frozenset({5617, 4791})",5617,0.5094339622641509,True,2025-07,1,3359,1
MQ,CLE,ORD,2025,7,1255,23,12,4.0,frozenset({3430}),3430,0.5217391304347826,True,2025-07,1,3360,1
F9,AUS,ATL,2025,7,1051,21,14,3.0,frozenset({4702}),4702,0.6666666666666666,True,2025-07,2,1291,3
YX,CVG,EWR,2025,7,1006,22,15,7.0,frozenset({3676}),3676,0.6818181818181818,True,2025-07,1,3361,1
MQ,CHS,ORD,2025,7,1188,27,14,3.0,frozenset({3592}),3592,0.5185185185185185,True,2025-07,1,3362,1
MQ,BWI,ORD,2025,7,1068,29,21,4.0,frozenset({4040}),4040,0.7241379310344828,True,2025-07,1,3363,1
YX,CVG,LGA,2025,7,1110,22,14,8.0,frozenset({4803}),4803,0.6363636363636364,True,2025-07,1,3364,1
YX,CVG,ORD,2025,7,1238,24,13,3.0,frozenset({4737}),4737,0.5416666666666666,True,2025-07,1,3365,1
MQ,BDL,DCA,2025,7,1197,26,14,8.0,frozenset({3775}),3775,0.5384615384615384,True,2025-07,2,1004,2
MQ,AVP,ORD,2025,7,1113,30,17,3.0,frozenset({3397}),3397,0.5666666666666667,True,2025-07,1,3366,1
YX,LGA,LIT,2025,7,1185,19,11,5.0,frozenset({4644}),4644,0.5789473684210527,True,2025-07,2,1162,2
DL,ATL,RIC,2025,7,1191,31,16,1.0,frozenset({3166}),3166,0.5161290322580645,True,2025-07,1,3367,1
AA,CLT,IND,2025,7,1244,30,18,2.0,frozenset({3087}),3087,0.6,True,2025-07,1,3368,1
MQ,ALB,ORD,2025,7,1097,26,16,2.0,frozenset({4240}),4240,0.6153846153846154,True,2025-07,1,3369,1
HA,SEA,HNL,2025,7,1240,31,22,0.0,frozenset({669}),669,0.7096774193548387,True,2025-07,2,1028,3
DL,ATL,SAN,2025,7,1319,15,10,1.0,frozenset({896}),896,0.6666666666666666,True,2025-07,1,3370,1
YX,DCA,BOS,2025,7,1005,30,17,5.0,frozenset({5682}),5682,0.5666666666666667,True,2025-07,1,3371,1
YX,DCA,BOS,2025,7,1139,27,15,6.0,frozenset({5776}),5776,0.5555555555555556,True,2025-07,1,3372,1
G4,IND,PGD,2025,7,814,13,7,0.0,"frozenset({2241, 634, 621, 2247})",2247,0.5384615384615384,True,2025-07,1,3373,1
YX,DCA,LGA,2025,7,1070,58,38,20.0,"frozenset({5763, 4719})",5763,0.6551724137931034,True,2025-07,2,1029,2
YX,LGA,GSP,2025,7,1229,27,15,10.0,"frozenset({4787, 4534})",4787,0.5555555555555556,True,2025-07,1,3374,1
AA,CLT,DCA,2025,7,1080,31,19,6.0,frozenset({527}),527,0.6129032258064516,True,2025-07,2,2077,2
YX,EWR,IND,2025,7,1127,30,16,7.0,frozenset({3519}),3519,0.5333333333333333,True,2025-07,3,645,3
F9,SFO,PHX,2025,7,1236,21,11,2.0,frozenset({2638}),2638,0.5238095238095238,True,2025-07,2,1211,2
YX,EWR,IND,2025,7,1220,31,19,8.0,frozenset({3486}),3486,0.6129032258064516,True,2025-07,1,3375,1
YX,EWR,JAX,2025,7,925,27,15,4.0,frozenset({3505}),3505,0.5555555555555556,True,2025-07,1,3376,1
AA,CLT,DCA,2025,7,874,31,18,1.0,frozenset({2839}),2839,0.5806451612903226,True,2025-07,2,2072,2
YX,EWR,MEM,2025,7,1237,31,20,9.0,frozenset({3712}),3712,0.6451612903225806,True,2025-07,1,3377,1
YX,EWR,MKE,2025,7,1320,30,19,11.0,frozenset({3617}),3617,0.6333333333333333,True,2025-07,1,3378,1
F9,SAN,SFO,2025,7,1073,21,12,2.0,frozenset({3383}),3383,0.5714285714285714,True,2025-07,2,1221,2
DL,DCA,ATL,2025,7,1175,27,16,3.0,frozenset({950}),950,0.5925925925925926,True,2025-07,1,3379,1
F9,SAN,ORD,2025,7,1004,31,20,0.0,frozenset({1856}),1856,0.6451612903225806,True,2025-07,2,1222,2
DL,DCA,ATL,2025,7,1246,26,15,3.0,frozenset({832}),832,0.5769230769230769,True,2025-07,1,3380,1
YX,EWR,MSN,2025,7,1139,27,16,6.0,frozenset({3449}),3449,0.5925925925925926,True,2025-07,1,3381,1
F9,SAN,LAS,2025,7,779,15,10,2.0,frozenset({1466}),1466,0.6666666666666666,True,2025-07,1,3382,2
DL,DCA,DTW,2025,7,1048,31,20,1.0,frozenset({1454}),1454,0.6451612903225806,True,2025-07,3,838,3
YX,EWR,ORF,2025,7,1019,15,11,4.0,frozenset({3671}),3671,0.7333333333333333,True,2025-07,1,3383,1
DL,DCA,LAX,2025,7,1030,31,16,0.0,frozenset({392}),392,0.5161290322580645,True,2025-07,1,3384,1
F9,BWI,ATL,2025,7,1057,31,25,3.0,frozenset({2509}),2509,0.8064516129032258,True,2025-07,3,911,3
YX,EWR,PIT,2025,7,1319,31,16,10.0,frozenset({3477}),3477,0.5161290322580645,True,2025-07,1,3385,1
DL,DCA,MSP,2025,7,1136,30,16,3.0,frozenset({2963}),2963,0.5333333333333333,True,2025-07,2,2065,2
F9,PNS,DEN,2025,7,989,12,8,0.0,frozenset({2443}),2443,0.6666666666666666,True,2025-07,1,3386,2
AA,CLT,CHS,2025,7,1373,30,16,1.0,frozenset({1141}),1141,0.5333333333333333,True,2025-07,1,3387,1
DL,DEN,LGA,2025,7,1070,27,15,3.0,frozenset({716}),716,0.5555555555555556,True,2025-07,2,2030,2
YX,EWR,STL,2025,7,1290,30,18,11.0,frozenset({3699}),3699,0.6,True,2025-07,1,3388,1
YX,GRR,LGA,2025,7,1030,27,16,5.0,frozenset({5639}),5639,0.5925925925925926,True,2025-07,1,3389,1
AA,CLT,BWI,2025,7,1170,25,13,1.0,frozenset({1495}),1495,0.52,True,2025-07,2,2018,2
F9,PHL,TPA,2025,7,1160,10,6,0.0,frozenset({2339}),2339,0.6,True,2025-07,1,3390,1
F9,PHL,TPA,2025,7,955,11,6,0.0,frozenset({2339}),2339,0.5454545454545454,True,2025-07,1,3391,1
DL,DEN,MSP,2025,7,1154,23,15,0.0,frozenset({1220}),1220,0.6521739130434783,True,2025-07,2,2027,2
AA,CLT,DCA,2025,7,1231,30,19,5.0,frozenset({545}),545,0.6333333333333333,True,2025-07,1,3392,1
DL,BWI,ATL,2025,7,1105,25,14,2.0,frozenset({1267}),1267,0.56,True,2025-07,2,2067,2
F9,SJU,PHL,2025,7,59,31,19,5.0,frozenset({1015}),1015,0.6129032258064516,True,2025-07,1,3393,2
F9,SJU,PHL,2025,7,659,17,10,0.0,frozenset({1165}),1165,0.5882352941176471,True,2025-07,1,3394,2
YX,DCA,LGA,2025,7,1180,31,17,11.0,"frozenset({5752, 4357})",5752,0.5483870967741935,True,2025-07,1,3395,1
YX,DCA,LGA,2025,7,1240,27,15,6.0,frozenset({5768}),5768,0.5555555555555556,True,2025-07,1,3396,1
YX,DCA,PWM,2025,7,1330,26,14,9.0,"frozenset({4502, 4423})",4502,0.5384615384615384,True,2025-07,1,3397,1
YX,LGA,GSO,2025,7,1269,23,14,9.0,frozenset({4577}),4577,0.6086956521739131,True,2025-07,1,3398,1
G4,FLL,IND,2025,7,1174,17,9,0.0,"frozenset({608, 633, 609, 631})",631,0.5294117647058824,True,2025-07,1,3399,1
AA,CLT,DFW,2025,7,1091,31,16,1.0,frozenset({2947}),2947,0.5161290322580645,True,2025-07,1,3400,1
DL,BOS,MCO,2025,7,1242,26,16,1.0,frozenset({1513}),1513,0.6153846153846154,True,2025-07,1,3401,1
YX,DCA,RDU,2025,7,1259,19,10,5.0,frozenset({4469}),4469,0.5263157894736842,True,2025-07,1,3402,1
YX,DCA,SDF,2025,7,1199,30,16,10.0,frozenset({4672}),4672,0.5333333333333333,True,2025-07,2,1068,2
G4,ALB,MYR,2025,7,1126,12,7,0.0,"frozenset({386, 413})",413,0.5833333333333334,True,2025-07,2,1259,2
AA,CLT,DEN,2025,7,1295,30,21,2.0,frozenset({3156}),3156,0.7,True,2025-07,2,2056,2
YX,DTW,EWR,2025,7,1060,27,16,8.0,frozenset({3684}),3684,0.5925925925925926,True,2025-07,1,3403,1
YX,DTW,EWR,2025,7,1135,26,20,9.0,frozenset({3455}),3455,0.7692307692307693,True,2025-07,1,3404,1
F9,TPA,PHL,2025,7,1192,11,10,0.0,frozenset({2836}),2836,0.9090909090909091,True,2025-07,1,3405,1
YX,LGA,GSO,2025,7,1220,27,18,7.0,frozenset({5773}),5773,0.6666666666666666,True,2025-07,1,3406,1
DL,JFK,PHX,2025,7,1229,17,9,1.0,frozenset({784}),784,0.5294117647058824,True,2025-07,1,3407,1
F9,TPA,IAD,2025,7,897,21,11,1.0,frozenset({2954}),2954,0.5238095238095238,True,2025-07,1,3408,1
YX,DTW,LGA,2025,7,1058,19,11,10.0,frozenset({4414}),4414,0.5789473684210527,True,2025-07,1,3409,1
YX,DTW,PHL,2025,7,1102,27,15,4.0,frozenset({4408}),4408,0.5555555555555556,True,2025-07,1,3410,1
YX,EWR,BGR,2025,7,1240,24,14,7.0,frozenset({3408}),3408,0.5833333333333334,True,2025-07,1,3411,1
AA,CLT,DEN,2025,7,1108,30,22,0.0,frozenset({1529}),1529,0.7333333333333333,True,2025-07,2,2074,2
F9,TPA,BOS,2025,7,1284,31,16,1.0,frozenset({1216}),1216,0.5161290322580645,True,2025-07,2,1305,2
DL,BOS,TPA,2025,7,955,29,16,0.0,frozenset({1439}),1439,0.5517241379310345,True,2025-07,1,3412,1
YX,EWR,BOS,2025,7,939,23,16,3.0,frozenset({5841}),5841,0.6956521739130435,True,2025-07,1,3413,1
YX,EWR,BOS,2025,7,1190,23,16,8.0,frozenset({5718}),5718,0.6956521739130435,True,2025-07,1,3414,1
YX,EWR,CHS,2025,7,1260,31,20,9.0,frozenset({3483}),3483,0.6451612903225806,True,2025-07,1,3415,1
YX,EWR,CMH,2025,7,1110,31,17,7.0,frozenset({3481}),3481,0.5483870967741935,True,2025-07,1,3416,1
F9,SLC,DFW,2025,7,1187,12,7,1.0,"frozenset({2426, 3278})",3278,0.5833333333333334,True,2025-07,1,3417,1
YX,EWR,GRR,2025,7,1165,31,16,8.0,frozenset({3580}),3580,0.5161290322580645,True,2025-07,1,3418,1
YX,EWR,GSP,2025,7,1289,30,18,8.0,frozenset({3666}),3666,0.6,True,2025-07,1,3419,1
DL,BOS,RDU,2025,7,1190,26,14,1.0,frozenset({817}),817,0.5384615384615384,True,2025-07,1,3420,1
DL,JFK,LAX,2025,7,1289,17,9,1.0,frozenset({752}),752,0.5294117647058824,True,2025-07,1,3421,1
YX,MEM,DCA,2025,7,1087,26,15,8.0,frozenset({4440}),4440,0.5769230769230769,True,2025-07,1,3422,1
B6,PWM,JFK,2025,7,859,31,19,7.0,frozenset({407}),407,0.6129032258064516,True,2025-07,1,3423,1
B6,CLE,BOS,2025,7,881,27,15,2.0,frozenset({640}),640,0.5555555555555556,True,2025-07,1,3424,1
YX,RDU,LGA,2025,7,1079,27,14,6.0,frozenset({5669}),5669,0.5185185185185185,True,2025-07,2,1264,2
WN,MDW,DAL,2025,7,1235,26,16,0.0,"frozenset({3376, 2408})",3376,0.6153846153846154,True,2025-07,2,1681,2
DL,ORD,LGA,2025,7,1070,31,19,4.0,"frozenset({962, 434, 1093})",1093,0.6129032258064516,True,2025-07,1,3425,1
AA,DFW,BOS,2025,7,1045,31,18,2.0,frozenset({2306}),2306,0.5806451612903226,True,2025-07,1,3426,2
B6,DCA,BOS,2025,7,945,31,17,3.0,frozenset({1354}),1354,0.5483870967741935,True,2025-07,2,2399,2
OH,FWA,ORD,2025,7,1064,28,18,4.0,frozenset({5121}),5121,0.6428571428571429,True,2025-07,2,1663,2
YX,RDU,LGA,2025,7,945,27,17,7.0,frozenset({4749}),4749,0.6296296296296297,True,2025-07,2,1267,2
B6,DCA,BOS,2025,7,1065,30,18,4.0,"frozenset({2754, 2954})",2954,0.6,True,2025-07,1,3427,1
B6,DCA,BOS,2025,7,1130,27,16,8.0,frozenset({2754}),2754,0.5925925925925926,True,2025-07,2,2375,2
WN,MDW,DEN,2025,7,995,16,12,0.0,"frozenset({3476, 3822})",3822,0.75,True,2025-07,1,3428,1
WN,MDW,DEN,2025,7,1060,22,12,1.0,frozenset({3823}),3823,0.5454545454545454,True,2025-07,1,3429,1
OH,DTW,DCA,2025,7,1040,30,18,7.0,"frozenset({5584, 5498})",5584,0.6,True,2025-07,1,3430,1
WN,MDW,BWI,2025,7,1185,16,9,1.0,frozenset({1679}),1679,0.5625,True,2025-07,1,3431,1
WN,MDW,DEN,2025,7,1200,21,11,0.0,"frozenset({2393, 737, 4025})",737,0.5238095238095238,True,2025-07,2,1695,2
YX,RDU,JFK,2025,7,1148,23,16,9.0,frozenset({4417}),4417,0.6956521739130435,True,2025-07,2,1323,2
WN,MDW,FLL,2025,7,1100,12,8,1.0,frozenset({3862}),3862,0.6666666666666666,True,2025-07,1,3432,1
WN,MDW,LGA,2025,7,1090,27,14,6.0,"frozenset({1384, 493, 2590})",493,0.5185185185185185,True,2025-07,1,3433,1
B6,DCA,FLL,2025,7,1030,31,21,3.0,frozenset({1579}),1579,0.6774193548387096,True,2025-07,1,3434,1
B6,DCA,FLL,2025,7,1212,21,12,2.0,frozenset({1979}),1979,0.5714285714285714,True,2025-07,2,2374,2
AA,DFW,BNA,2025,7,1302,29,15,4.0,frozenset({2750}),2750,0.5172413793103449,True,2025-07,1,3435,1
AA,DFW,BNA,2025,7,1129,30,19,3.0,frozenset({1076}),1076,0.6333333333333333,True,2025-07,1,3436,1
B6,DCA,PBI,2025,7,1080,20,12,1.0,frozenset({23}),23,0.6,True,2025-07,2,2360,2
AA,AUS,DFW,2025,7,935,16,9,0.0,frozenset({3307}),3307,0.5625,True,2025-07,1,3437,1
OH,DFW,LAW,2025,7,1305,25,13,1.0,frozenset({5071}),5071,0.52,True,2025-07,1,3438,1
AA,DFW,BNA,2025,7,1025,31,17,0.0,frozenset({2198}),2198,0.5483870967741935,True,2025-07,1,3439,1
WN,MDW,MEM,2025,7,1325,14,8,0.0,frozenset({559}),559,0.5714285714285714,True,2025-07,2,1705,2
WN,MDW,MSP,2025,7,1350,12,7,1.0,frozenset({332}),332,0.5833333333333334,True,2025-07,1,3440,1
WN,MDW,DTW,2025,7,1300,10,7,1.0,frozenset({3719}),3719,0.7,True,2025-07,1,3441,1
B6,CHS,JFK,2025,7,1139,31,26,8.0,frozenset({1274}),1274,0.8387096774193549,True,2025-07,2,2387,2
WN,MDW,BWI,2025,7,965,14,8,1.0,"frozenset({2602, 1679})",1679,0.5714285714285714,True,2025-07,1,3442,1
OH,GSP,DCA,2025,7,1180,26,15,9.0,frozenset({5123}),5123,0.5769230769230769,True,2025-07,3,735,3
OH,IAD,CLT,2025,7,1206,25,13,5.0,frozenset({5317}),5317,0.52,True,2025-07,1,3443,1
OH,IAD,CLT,2025,7,1059,28,15,1.0,frozenset({5447}),5447,0.5357142857142857,True,2025-07,1,3444,1
WN,MCO,SDF,2025,7,1255,16,9,0.0,"frozenset({3650, 1661})",1661,0.5625,True,2025-07,1,3445,1
B6,BOS,RDU,2025,7,1019,21,12,1.0,frozenset({2783}),2783,0.5714285714285714,True,2025-07,1,3446,1
B6,BOS,RIC,2025,7,1255,22,15,0.0,frozenset({381}),381,0.6818181818181818,True,2025-07,1,3447,1
B6,BOS,RSW,2025,7,1235,22,13,2.0,frozenset({265}),265,0.5909090909090909,True,2025-07,1,3448,1
WN,MCO,SJU,2025,7,1210,17,10,0.0,"frozenset({2281, 3764})",3764,0.5882352941176471,True,2025-07,1,3449,1
OH,HSV,DCA,2025,7,812,27,14,5.0,frozenset({5029}),5029,0.5185185185185185,True,2025-07,2,1646,2
DL,MSP,TPA,2025,7,1195,29,15,0.0,frozenset({2385}),2385,0.5172413793103449,True,2025-07,1,3450,1
WN,MCO,SMF,2025,7,865,11,6,0.0,frozenset({3766}),3766,0.5454545454545454,True,2025-07,1,3451,1
AA,DFW,CLT,2025,7,929,31,17,1.0,frozenset({1792}),1792,0.5483870967741935,True,2025-07,1,3452,1
WN,MCO,STL,2025,7,1070,19,11,1.0,"frozenset({2916, 533, 6325})",2916,0.5789473684210527,True,2025-07,2,1879,2
DL,LGA,PBI,2025,7,1195,27,17,6.0,frozenset({2410}),2410,0.6296296296296297,True,2025-07,3,866,3
DL,LGA,PBI,2025,7,940,31,20,1.0,frozenset({2460}),2460,0.6451612903225806,True,2025-07,1,3453,1
WN,MDW,BHM,2025,7,1250,16,10,1.0,"frozenset({2605, 4245})",2605,0.625,True,2025-07,2,1877,2
OH,HPN,DCA,2025,7,1049,26,18,6.0,frozenset({5401}),5401,0.6923076923076923,True,2025-07,2,1657,2
OH,HPN,DCA,2025,7,906,27,17,6.0,frozenset({5254}),5254,0.6296296296296297,True,2025-07,3,687,3
B6,BUF,BOS,2025,7,1110,28,15,1.0,frozenset({516}),516,0.5357142857142857,True,2025-07,1,3454,1
WN,MDW,BNA,2025,7,1130,12,7,1.0,frozenset({298}),298,0.5833333333333334,True,2025-07,1,3455,1
WN,MDW,BNA,2025,7,1355,12,8,1.0,frozenset({1957}),1957,0.6666666666666666,True,2025-07,1,3456,1
B6,BUF,FLL,2025,7,955,12,7,0.0,frozenset({1027}),1027,0.5833333333333334,True,2025-07,1,3457,1
OH,HPN,CLT,2025,7,1131,30,20,4.0,frozenset({5070}),5070,0.6666666666666666,True,2025-07,3,684,3
B6,BUF,JFK,2025,7,1195,31,21,12.0,frozenset({201}),201,0.6774193548387096,True,2025-07,2,2263,2
B6,BZN,JFK,2025,7,891,18,11,1.0,frozenset({944}),944,0.6111111111111112,True,2025-07,1,3458,1
DL,ORD,ATL,2025,7,1199,23,12,3.0,frozenset({2879}),2879,0.5217391304347826,True,2025-07,2,1081,2
WN,MDW,BOS,2025,7,935,16,9,1.0,frozenset({3787}),3787,0.5625,True,2025-07,1,3459,1
YX,RDU,ORD,2025,7,1116,24,14,2.0,frozenset({4425}),4425,0.5833333333333334,True,2025-07,1,3460,1
AA,DFW,CHS,2025,7,882,31,16,0.0,frozenset({1510}),1510,0.5161290322580645,True,2025-07,1,3461,1
YX,RDU,LGA,2025,7,1185,26,15,10.0,frozenset({4560}),4560,0.5769230769230769,True,2025-07,1,3462,1
B6,EWR,FLL,2025,7,1260,10,9,2.0,frozenset({305}),305,0.9,True,2025-07,1,3463,1
B6,EWR,FLL,2025,7,1320,21,15,5.0,frozenset({305}),305,0.7142857142857143,True,2025-07,1,3464,1
AA,AUS,JFK,2025,7,898,31,17,2.0,frozenset({3026}),3026,0.5483870967741935,True,2025-07,2,2239,2
B6,EWR,LAX,2025,7,1230,31,18,4.0,frozenset({2073}),2073,0.5806451612903226,True,2025-07,1,3465,1
OH,DCA,SAV,2025,7,1194,26,15,1.0,frozenset({5384}),5384,0.5769230769230769,True,2025-07,2,1774,2
OH,DCA,SAV,2025,7,1022,27,17,4.0,frozenset({5419}),5419,0.6296296296296297,True,2025-07,2,1773,2
B6,FLL,EWR,2025,7,1200,31,17,3.0,frozenset({706}),706,0.5483870967741935,True,2025-07,1,3466,2
WN,MDW,SEA,2025,7,915,10,6,0.0,frozenset({223}),223,0.6,True,2025-07,1,3467,1
YX,PIT,LGA,2025,7,1124,31,18,10.0,"frozenset({5784, 4610, 5628})",5784,0.5806451612903226,True,2025-07,1,3468,1
YX,PIT,EWR,2025,7,1102,30,17,10.0,frozenset({3533}),3533,0.5666666666666667,True,2025-07,1,3469,2
WN,MDW,SEA,2025,7,1005,16,10,0.0,frozenset({1437}),1437,0.625,True,2025-07,1,3470,1
WN,MDW,SFO,2025,7,815,13,7,0.0,"frozenset({537, 1100})",537,0.5384615384615384,True,2025-07,1,3471,1
OH,DCA,ROC,2025,7,1320,26,16,8.0,frozenset({5344}),5344,0.6153846153846154,True,2025-07,2,1750,2
WN,MDW,SRQ,2025,7,1240,12,7,1.0,frozenset({3935}),3935,0.5833333333333334,True,2025-07,1,3472,1
WN,MDW,TPA,2025,7,1130,26,14,1.0,"frozenset({2616, 1056, 1643})",2616,0.5384615384615384,True,2025-07,1,3473,1
B6,FLL,JFK,2025,7,1048,27,17,8.0,frozenset({1802}),1802,0.6296296296296297,True,2025-07,1,3474,1
B6,FLL,JFK,2025,7,1139,21,12,3.0,frozenset({602}),602,0.5714285714285714,True,2025-07,2,2073,2
AA,AVL,DFW,2025,7,979,31,16,1.0,frozenset({569}),569,0.5161290322580645,True,2025-07,2,2313,2
OH,DCA,PVD,2025,7,1340,26,18,9.0,"frozenset({5064, 5144, 5084})",5084,0.6923076923076923,True,2025-07,1,3475,1
OH,DCA,PVD,2025,7,1060,26,14,6.0,frozenset({5438}),5438,0.5384615384615384,True,2025-07,2,1729,2
B6,FLL,JFK,2025,7,1250,31,16,2.0,frozenset({2102}),2102,0.5161290322580645,True,2025-07,1,3476,1
AA,DFW,BDL,2025,7,819,29,16,1.0,frozenset({1367}),1367,0.5517241379310345,True,2025-07,1,3477,1
AA,BDL,CLT,2025,7,1048,30,17,0.0,frozenset({1446}),1446,0.5666666666666667,True,2025-07,1,3478,1
AA,DFW,AUS,2025,7,1200,30,19,3.0,frozenset({2707}),2707,0.6333333333333333,True,2025-07,1,3479,1
OH,DCA,PNS,2025,7,1185,30,18,7.0,frozenset({5544}),5544,0.6,True,2025-07,2,1726,2
B6,FLL,LGA,2025,7,1035,31,19,3.0,frozenset({472}),472,0.6129032258064516,True,2025-07,2,2079,2
WN,MKE,DEN,2025,7,1160,14,8,0.0,frozenset({3977}),3977,0.5714285714285714,True,2025-07,1,3480,1
B6,FLL,ORH,2025,7,725,14,8,2.0,frozenset({2020}),2020,0.5714285714285714,True,2025-07,1,3481,1
WN,MKE,MCO,2025,7,1075,10,7,0.0,frozenset({1521}),1521,0.7,True,2025-07,1,3482,1
OH,DCA,PHL,2025,7,1335,26,15,8.0,frozenset({5474}),5474,0.5769230769230769,True,2025-07,2,1723,2
WN,MSP,BWI,2025,7,1040,10,6,0.0,frozenset({429}),429,0.6,True,2025-07,1,3483,1
B6,RDU,BOS,2025,7,1205,21,13,1.0,frozenset({1484}),1484,0.6190476190476191,True,2025-07,1,3484,1
YX,PHL,MEM,2025,7,1191,27,15,4.0,frozenset({4416}),4416,0.5555555555555556,True,2025-07,1,3485,1
WN,MDW,SDF,2025,7,1065,12,7,1.0,frozenset({3107}),3107,0.5833333333333334,True,2025-07,1,3486,1
AA,DFW,CLT,2025,7,1240,30,17,3.0,frozenset({1229}),1229,0.5666666666666667,True,2025-07,2,2253,2
YX,PWM,LGA,2025,7,1010,22,13,5.0,frozenset({5677}),5677,0.5909090909090909,True,2025-07,1,3487,1
B6,FLL,EWR,2025,7,1076,17,11,6.0,frozenset({106}),106,0.6470588235294118,True,2025-07,2,2024,2
OH,DFW,DAY,2025,7,1177,30,16,2.0,frozenset({5245}),5245,0.5333333333333333,True,2025-07,1,3488,1
OH,DFW,CVG,2025,7,1259,30,16,2.0,frozenset({5264}),5264,0.5333333333333333,True,2025-07,2,1752,2
B6,EWR,MCO,2025,7,1027,27,20,6.0,frozenset({1727}),1727,0.7407407407407407,True,2025-07,3,769,3
OH,DFW,CHA,2025,7,1170,31,20,1.0,frozenset({5467}),5467,0.6451612903225806,True,2025-07,1,3489,1
B6,EWR,MCO,2025,7,1260,17,12,4.0,frozenset({1827}),1827,0.7058823529411765,True,2025-07,2,2037,3
OH,DFW,BHM,2025,7,1168,30,17,3.0,frozenset({5513}),5513,0.5666666666666667,True,2025-07,2,1779,2
WN,MDW,MSY,2025,7,900,12,7,0.0,frozenset({2579}),2579,0.5833333333333334,True,2025-07,1,3490,1
OH,DCA,VPS,2025,7,1199,30,16,4.0,frozenset({5388}),5388,0.5333333333333333,True,2025-07,2,1771,2
B6,EWR,TPA,2025,7,938,31,19,5.0,frozenset({873}),873,0.6129032258064516,True,2025-07,2,2043,2
OH,DCA,TYS,2025,7,1214,26,19,4.0,frozenset({5484}),5484,0.7307692307692307,True,2025-07,3,723,3
WN,MDW,MSY,2025,7,1235,18,12,0.0,"frozenset({2704, 3866, 3669})",3866,0.6666666666666666,True,2025-07,1,3491,1
WN,MDW,MSY,2025,7,1310,12,7,0.0,frozenset({2704}),2704,0.5833333333333334,True,2025-07,1,3492,1
AA,DFW,BNA,2025,7,898,27,18,1.0,frozenset({2244}),2244,0.6666666666666666,True,2025-07,2,2068,2
WN,MDW,ORF,2025,7,1225,16,10,0.0,"frozenset({2353, 2460})",2353,0.625,True,2025-07,2,1697,2
B6,FLL,BOS,2025,7,1046,30,17,3.0,frozenset({170}),170,0.5666666666666667,True,2025-07,1,3493,3
YX,RDU,BNA,2025,7,990,30,17,3.0,frozenset({4685}),4685,0.5666666666666667,True,2025-07,1,3494,1
YX,PWM,ORD,2025,7,1100,16,9,1.0,frozenset({3695}),3695,0.5625,True,2025-07,1,3495,1
B6,FLL,BOS,2025,7,1210,31,22,3.0,frozenset({470}),470,0.7096774193548387,True,2025-07,1,3496,1
WN,MDW,PHL,2025,7,955,22,13,1.0,frozenset({1274}),1274,0.5909090909090909,True,2025-07,1,3497,1
OH,DCA,TLH,2025,7,1185,30,16,8.0,frozenset({5477}),5477,0.5333333333333333,True,2025-07,2,1783,2
WN,MDW,PHL,2025,7,1275,12,7,0.0,frozenset({2970}),2970,0.5833333333333334,True,2025-07,1,3498,1
OH,DCA,SYR,2025,7,957,26,16,6.0,frozenset({5541}),5541,0.6153846153846154,True,2025-07,1,3499,1
WN,MDW,PVD,2025,7,1225,16,10,1.0,frozenset({1191}),1191,0.625,True,2025-07,2,1704,2
OH,DCA,STL,2025,7,1194,26,15,7.0,"frozenset({5368, 5109})",5368,0.5769230769230769,True,2025-07,1,3500,1
B6,FLL,DCA,2025,7,820,31,16,1.0,frozenset({1680}),1680,0.5161290322580645,True,2025-07,1,3501,1
B6,FLL,DCA,2025,7,1005,21,12,2.0,frozenset({1880}),1880,0.5714285714285714,True,2025-07,2,2021,2
B6,FLL,DCA,2025,7,1105,31,19,1.0,frozenset({2080}),2080,0.6129032258064516,True,2025-07,2,2022,2
OH,DCA,SDF,2025,7,1020,26,18,10.0,frozenset({5268}),5268,0.6923076923076923,True,2025-07,2,1776,2
B6,FLL,EWR,2025,7,1016,10,8,1.0,frozenset({106}),106,0.8,True,2025-07,2,2024,2
WN,MDW,SAT,2025,7,910,12,8,0.0,frozenset({3911}),3911,0.6666666666666666,True,2025-07,1,3502,1
DL,PBI,LGA,2025,7,910,31,16,1.0,frozenset({2396}),2396,0.5161290322580645,True,2025-07,1,3503,1
B6,BOS,PDX,2025,7,1135,31,21,1.0,frozenset({95}),95,0.6774193548387096,True,2025-07,1,3504,1
AA,ATL,PHL,2025,7,913,17,9,1.0,frozenset({621}),621,0.5294117647058824,True,2025-07,2,2306,2
AS,SEA,JFK,2025,7,877,31,24,1.0,frozenset({16}),16,0.7741935483870968,True,2025-07,3,655,3
WN,MCI,LGA,2025,7,985,10,6,3.0,frozenset({3635}),3635,0.6,True,2025-07,1,3505,1
AS,SEA,LAX,2025,7,1267,13,9,0.0,frozenset({1292}),1292,0.6923076923076923,True,2025-07,1,3506,1
OH,PHL,ORF,2025,7,1180,30,19,4.0,frozenset({5632}),5632,0.6333333333333333,True,2025-07,2,1891,2
AS,SEA,MCI,2025,7,1085,30,16,0.0,frozenset({564}),564,0.5333333333333333,True,2025-07,1,3507,1
WN,MCI,TPA,2025,7,1165,10,6,0.0,frozenset({2362}),2362,0.6,True,2025-07,1,3508,1
OH,PHL,MSY,2025,7,1190,27,14,5.0,frozenset({5454}),5454,0.5185185185185185,True,2025-07,1,3509,1
WN,MCI,TPA,2025,7,1250,12,7,0.0,frozenset({196}),196,0.5833333333333334,True,2025-07,1,3510,1
DL,MIA,BOS,2025,7,1220,30,19,3.0,"frozenset({776, 475})",776,0.6333333333333333,True,2025-07,1,3511,1
AS,SEA,SFO,2025,7,1300,22,12,0.0,frozenset({980}),980,0.5454545454545454,True,2025-07,1,3512,1
AS,SFO,IAD,2025,7,670,31,19,0.0,frozenset({434}),434,0.6129032258064516,True,2025-07,1,3513,1
AS,SFO,JFK,2025,7,804,31,18,0.0,frozenset({20}),20,0.5806451612903226,True,2025-07,1,3514,1
WN,MCO,AUS,2025,7,900,19,11,0.0,"frozenset({3408, 578, 1852, 532})",3408,0.5789473684210527,True,2025-07,1,3515,1
OH,PHL,SAV,2025,7,1115,31,17,3.0,frozenset({5273}),5273,0.5483870967741935,True,2025-07,1,3516,1
AS,SFO,SEA,2025,7,500,27,15,2.0,frozenset({1169}),1169,0.5555555555555556,True,2025-07,2,2319,2
WN,MCO,BHM,2025,7,1255,10,7,1.0,frozenset({1771}),1771,0.7,True,2025-07,1,3517,1
DL,MCO,ATL,2025,7,1199,23,14,0.0,frozenset({1497}),1497,0.6086956521739131,True,2025-07,2,2349,3
AA,DFW,DEN,2025,7,1295,30,18,3.0,frozenset({577}),577,0.6,True,2025-07,1,3518,2
AA,DFW,DEN,2025,7,1139,31,22,0.0,frozenset({2235}),2235,0.7096774193548387,True,2025-07,3,763,4
DL,MCO,ATL,2025,7,1065,31,16,0.0,frozenset({1150}),1150,0.5161290322580645,True,2025-07,1,3519,1
AA,DFW,DEN,2025,7,1001,31,26,0.0,frozenset({1322}),1322,0.8387096774193549,True,2025-07,3,764,4
WN,MCO,BWI,2025,7,1035,18,11,3.0,frozenset({2752}),2752,0.6111111111111112,True,2025-07,1,3520,1
WN,MCO,BWI,2025,7,1210,26,15,2.0,"frozenset({1499, 2477})",1499,0.5769230769230769,True,2025-07,1,3521,1
DL,MIA,JFK,2025,7,910,31,16,3.0,frozenset({790}),790,0.5161290322580645,True,2025-07,1,3522,1
AA,DFW,DEN,2025,7,883,31,18,0.0,frozenset({1832}),1832,0.5806451612903226,True,2025-07,2,2261,2
OH,ORF,DCA,2025,7,1218,26,18,8.0,frozenset({5162}),5162,0.6923076923076923,True,2025-07,2,1881,2
OH,ORF,CLT,2025,7,1195,10,6,1.0,frozenset({5635}),5635,0.6,True,2025-07,2,1790,2
B6,ATL,BOS,2025,7,1255,23,13,1.0,frozenset({1308}),1308,0.5652173913043478,True,2025-07,1,3523,1
AA,DFW,DEN,2025,7,1361,29,23,2.0,frozenset({662}),662,0.7931034482758621,True,2025-07,3,757,4
OH,PHL,TYS,2025,7,1118,31,17,4.0,frozenset({5066}),5066,0.5483870967741935,True,2025-07,1,3524,1
YX,STL,LGA,2025,7,1128,27,14,5.0,frozenset({5664}),5664,0.5185185185185185,True,2025-07,1,3525,1
AS,SEA,JFK,2025,7,666,31,18,2.0,frozenset({34}),34,0.5806451612903226,True,2025-07,1,3526,1
WN,LGB,DEN,2025,7,920,10,7,0.0,frozenset({2010}),2010,0.7,True,2025-07,2,1921,2
DL,MCO,DTW,2025,7,1194,29,18,0.0,frozenset({2298}),2298,0.6206896551724138,True,2025-07,1,3527,2
DL,MCO,JFK,2025,7,925,31,17,3.0,"frozenset({2090, 1622})",1622,0.5483870967741935,True,2025-07,1,3528,1
OH,ROC,DCA,2025,7,1070,26,15,4.0,frozenset({5457}),5457,0.5769230769230769,True,2025-07,2,1867,3
WN,LIT,DEN,2025,7,955,12,7,0.0,frozenset({3793}),3793,0.5833333333333334,True,2025-07,2,1920,2
AA,DFW,DSM,2025,7,1320,29,17,4.0,frozenset({1371}),1371,0.5862068965517241,True,2025-07,2,2346,2
WN,MCI,AUS,2025,7,1115,12,8,0.0,frozenset({3283}),3283,0.6666666666666666,True,2025-07,2,1919,2
AS,MCO,SFO,2025,7,1212,31,16,1.0,frozenset({369}),369,0.5161290322580645,True,2025-07,1,3529,1
WN,MCI,DCA,2025,7,1090,17,11,0.0,"frozenset({3336, 4711})",4711,0.6470588235294118,True,2025-07,1,3530,1
WN,MCI,DCA,2025,7,1155,10,6,0.0,frozenset({2516}),2516,0.6,True,2025-07,1,3531,1
OH,RDU,DCA,2025,7,938,26,15,4.0,frozenset({5589}),5589,0.5769230769230769,True,2025-07,2,1864,2
AS,ONT,SEA,2025,7,1138,30,16,1.0,frozenset({1087}),1087,0.5333333333333333,True,2025-07,1,3532,1
DL,MCO,JFK,2025,7,1175,30,18,3.0,"frozenset({857, 1685})",857,0.6,True,2025-07,1,3533,1
DL,MCO,DCA,2025,7,1215,26,14,2.0,frozenset({2729}),2729,0.5384615384615384,True,2025-07,2,2371,3
DL,MCO,LGA,2025,7,1199,30,20,7.0,frozenset({2520}),2520,0.6666666666666666,True,2025-07,3,884,3
WN,MCI,DEN,2025,7,910,22,12,1.0,"frozenset({4065, 1286})",4065,0.5454545454545454,True,2025-07,1,3534,1
OH,PVD,DCA,2025,7,1183,26,16,11.0,frozenset({5438}),5438,0.6153846153846154,True,2025-07,2,1862,2
OH,PVD,DCA,2025,7,1041,27,18,9.0,"frozenset({5154, 5438})",5154,0.6666666666666666,True,2025-07,1,3535,1
AS,PDX,DEN,2025,7,874,30,18,1.0,frozenset({1235}),1235,0.6,True,2025-07,1,3536,1
AS,PHL,SEA,2025,7,1132,30,20,1.0,frozenset({443}),443,0.6666666666666666,True,2025-07,2,2386,2
WN,MCI,DEN,2025,7,980,17,10,1.0,"frozenset({3628, 1286})",3628,0.5882352941176471,True,2025-07,2,1916,2
AS,SBA,SEA,2025,7,1170,30,17,1.0,frozenset({1139}),1139,0.5666666666666667,True,2025-07,1,3537,1
WN,MCI,DEN,2025,7,1075,22,14,0.0,"frozenset({3845, 3629})",3629,0.6363636363636364,True,2025-07,2,1915,2
AS,SEA,DEN,2025,7,949,26,17,0.0,frozenset({602}),602,0.6538461538461539,True,2025-07,2,2377,3
WN,MCI,DEN,2025,7,1145,14,11,1.0,"frozenset({130, 2427})",130,0.7857142857142857,True,2025-07,2,1894,2
AS,SEA,EWR,2025,7,610,31,16,1.0,frozenset({477}),477,0.5161290322580645,True,2025-07,1,3538,1
AS,SEA,HNL,2025,7,1105,31,17,2.0,frozenset({823}),823,0.5483870967741935,True,2025-07,1,3539,1
DL,MCO,BOS,2025,7,1199,30,18,0.0,frozenset({1570}),1570,0.6,True,2025-07,2,2334,2
DL,MIA,ATL,2025,7,1163,29,15,0.0,frozenset({1323}),1323,0.5172413793103449,True,2025-07,1,3540,1
WN,MCO,DAL,2025,7,1250,30,16,0.0,"frozenset({3349, 2669, 286})",286,0.5333333333333333,True,2025-07,1,3541,1
OH,ORD,TYS,2025,7,1125,29,19,5.0,frozenset({5341}),5341,0.6551724137931034,True,2025-07,2,1912,2
DL,MIA,JFK,2025,7,1175,30,22,4.0,frozenset({1203}),1203,0.7333333333333333,True,2025-07,2,1136,2
YX,STL,EWR,2025,7,1040,31,18,9.0,frozenset({3641}),3641,0.5806451612903226,True,2025-07,1,3542,1
B6,BOS,DEN,2025,7,1139,30,16,2.0,frozenset({993}),993,0.5333333333333333,True,2025-07,1,3543,1
OH,MCI,PHL,2025,7,988,28,15,3.0,frozenset({5222}),5222,0.5357142857142857,True,2025-07,2,1709,2
B6,BOS,DTW,2025,7,996,27,15,3.0,frozenset({1237}),1237,0.5555555555555556,True,2025-07,2,2242,2
OH,LFT,DFW,2025,7,1025,30,16,1.0,"frozenset({5185, 5489, 5207})",5489,0.5333333333333333,True,2025-07,1,3544,1
B6,BOS,DTW,2025,7,1243,18,11,0.0,frozenset({1337}),1337,0.6111111111111112,True,2025-07,1,3545,1
B6,BOS,FLL,2025,7,1049,31,17,0.0,"frozenset({2969, 69})",69,0.5483870967741935,True,2025-07,1,3546,1
B6,BOS,FLL,2025,7,1240,28,16,3.0,frozenset({369}),369,0.5714285714285714,True,2025-07,1,3547,1
DL,LGA,TPA,2025,7,1139,27,17,5.0,frozenset({2433}),2433,0.6296296296296297,True,2025-07,1,3548,1
WN,MCO,ORD,2025,7,945,27,14,0.0,frozenset({1320}),1320,0.5185185185185185,True,2025-07,1,3549,1
DL,LGA,TPA,2025,7,933,31,19,3.0,frozenset({1824}),1824,0.6129032258064516,True,2025-07,2,2405,2
DL,MSP,EWR,2025,7,860,31,18,4.0,frozenset({1817}),1817,0.5806451612903226,True,2025-07,1,3550,1
OH,LAN,DCA,2025,7,1043,26,14,8.0,frozenset({5640}),5640,0.5384615384615384,True,2025-07,2,1700,2
WN,MCO,PVD,2025,7,1185,10,6,0.0,frozenset({1429}),1429,0.6,True,2025-07,1,3551,1
OH,JAX,PHL,2025,7,920,30,17,5.0,frozenset({5250}),5250,0.5666666666666667,True,2025-07,2,1699,2
OH,IND,DCA,2025,7,1048,27,15,11.0,frozenset({5118}),5118,0.5555555555555556,True,2025-07,1,3552,1
OH,IND,DCA,2025,7,856,31,16,3.0,"frozenset({5144, 5229})",5144,0.5161290322580645,True,2025-07,1,3553,1
B6,BOS,JFK,2025,7,839,27,15,2.0,frozenset({817}),817,0.5555555555555556,True,2025-07,2,2292,2
OH,ILM,DCA,2025,7,1180,23,15,5.0,frozenset({5133}),5133,0.6521739130434783,True,2025-07,2,1677,2
OH,ILM,DCA,2025,7,940,27,14,2.0,frozenset({5290}),5290,0.5185185185185185,True,2025-07,1,3554,1
B6,BOS,JFK,2025,7,1025,31,25,7.0,frozenset({1417}),1417,0.8064516129032258,True,2025-07,2,2376,2
YX,ROA,LGA,2025,7,1050,26,20,3.0,frozenset({4688}),4688,0.7692307692307693,True,2025-07,1,3555,1
B6,BOS,JFK,2025,7,1180,32,20,8.0,"frozenset({2017, 317, 2817})",317,0.625,True,2025-07,1,3556,1
WN,MCO,RDU,2025,7,1225,30,17,1.0,"frozenset({1066, 3567})",1066,0.5666666666666667,True,2025-07,1,3557,1
B6,BOS,MCO,2025,7,980,31,21,1.0,frozenset({451}),451,0.6774193548387096,True,2025-07,1,3558,1
YX,RIC,LGA,2025,7,1150,26,16,10.0,frozenset({4673}),4673,0.6153846153846154,True,2025-07,2,1277,2
B6,BOS,MCO,2025,7,1285,13,9,0.0,frozenset({251}),251,0.6923076923076923,True,2025-07,1,3559,1
AA,ATL,ORD,2025,7,1107,23,13,3.0,frozenset({2910}),2910,0.5652173913043478,True,2025-07,2,2408,2
YX,RIC,EWR,2025,7,1140,31,23,11.0,frozenset({3687}),3687,0.7419354838709677,True,2025-07,1,3560,1
B6,BOS,PBI,2025,7,1210,30,17,1.0,frozenset({2421}),2421,0.5666666666666667,True,2025-07,1,3561,1
B6,BOS,DCA,2025,7,1095,31,16,4.0,frozenset({1955}),1955,0.5161290322580645,True,2025-07,2,2272,2
AA,ATL,PHL,2025,7,1095,30,18,1.0,"frozenset({2819, 2134})",2134,0.6,True,2025-07,1,3562,1
B6,BOS,DCA,2025,7,975,26,15,7.0,frozenset({1355}),1355,0.5769230769230769,True,2025-07,2,2269,2
AA,DFW,CMH,2025,7,1265,25,14,1.0,frozenset({398}),398,0.56,True,2025-07,2,2312,2
OH,ORD,GSP,2025,7,1126,30,19,3.0,frozenset({5181}),5181,0.6333333333333333,True,2025-07,2,1789,2
AA,DFW,CVG,2025,7,1150,27,19,2.0,frozenset({799}),799,0.7037037037037037,True,2025-07,1,3563,1
DL,MIA,LGA,2025,7,929,31,16,4.0,frozenset({824}),824,0.5161290322580645,True,2025-07,1,3564,1
OH,ORD,FWA,2025,7,910,28,16,1.0,frozenset({5120}),5120,0.5714285714285714,True,2025-07,1,3565,1
AA,DFW,CVG,2025,7,982,31,16,0.0,frozenset({3073}),3073,0.5161290322580645,True,2025-07,1,3566,1
WN,MCO,DCA,2025,7,1220,26,19,0.0,frozenset({806}),806,0.7307692307692307,True,2025-07,2,1873,2
OH,ORD,DAY,2025,7,1228,29,18,5.0,frozenset({5122}),5122,0.6206896551724138,True,2025-07,2,1769,2
B6,ATL,JFK,2025,7,1050,31,20,7.0,frozenset({520}),520,0.6451612903225806,True,2025-07,2,2367,2
DL,MIA,LGA,2025,7,1055,31,20,4.0,frozenset({2346}),2346,0.6451612903225806,True,2025-07,1,3567,1
WN,MCO,DEN,2025,7,1080,15,8,0.0,frozenset({793}),793,0.5333333333333333,True,2025-07,1,3568,1
DL,MIA,LGA,2025,7,1195,27,17,2.0,frozenset({834}),834,0.6296296296296297,True,2025-07,1,3569,1
OH,MYR,DCA,2025,7,866,31,17,3.0,frozenset({5159}),5159,0.5483870967741935,True,2025-07,1,3570,1
DL,MIA,RDU,2025,7,1116,31,16,1.0,frozenset({2992}),2992,0.5161290322580645,True,2025-07,1,3571,1
AA,ATL,DCA,2025,7,1015,22,14,1.0,frozenset({2991}),2991,0.6363636363636364,True,2025-07,1,3572,1
AA,ATL,DFW,2025,7,1115,30,16,2.0,frozenset({1248}),1248,0.5333333333333333,True,2025-07,1,3573,1
AA,ATL,DFW,2025,7,1224,29,15,2.0,frozenset({2403}),2403,0.5172413793103449,True,2025-07,2,2394,3
OH,MSY,DCA,2025,7,915,30,18,8.0,frozenset({5560}),5560,0.6,True,2025-07,2,1688,2
B6,BNA,BOS,2025,7,1157,26,18,5.0,frozenset({506}),506,0.6923076923076923,True,2025-07,1,3574,1
WN,MCO,MCI,2025,7,1210,26,18,0.0,"frozenset({353, 2644})",353,0.6923076923076923,True,2025-07,2,1874,2
WN,MCO,MDW,2025,7,1310,26,14,4.0,"frozenset({2634, 3726})",2634,0.5384615384615384,True,2025-07,1,3575,1
B6,BNA,JFK,2025,7,952,31,22,8.0,frozenset({1174}),1174,0.7096774193548387,True,2025-07,2,2337,2
DL,MSP,DEN,2025,7,1125,25,13,0.0,frozenset({2931}),2931,0.52,True,2025-07,2,1107,2
DL,MSP,DEN,2025,7,1340,23,13,0.0,frozenset({1181}),1181,0.5652173913043478,True,2025-07,1,3576,1
B6,BOS,ATL,2025,7,1016,23,14,1.0,frozenset({1317}),1317,0.6086956521739131,True,2025-07,1,3577,1
B6,BOS,BNA,2025,7,979,26,17,4.0,frozenset({507}),507,0.6538461538461539,True,2025-07,1,3578,1
OH,MKE,CLT,2025,7,976,25,13,2.0,"frozenset({5219, 5598})",5219,0.52,True,2025-07,1,3579,1
B6,BOS,BNA,2025,7,1259,31,17,2.0,frozenset({907}),907,0.5483870967741935,True,2025-07,1,3580,1
OH,MHT,DCA,2025,7,1041,26,17,6.0,frozenset({5126}),5126,0.6538461538461539,True,2025-07,1,3581,1
B6,BOS,CLE,2025,7,1199,27,15,2.0,frozenset({541}),541,0.5555555555555556,True,2025-07,2,2345,2
OH,MGM,DCA,2025,7,1100,26,14,4.0,frozenset({5148}),5148,0.5384615384615384,True,2025-07,3,692,3
OH,DCA,ORF,2025,7,1320,26,16,7.0,frozenset({5662}),5662,0.6153846153846154,True,2025-07,1,3582,1
DL,PBI,JFK,2025,7,1195,31,22,8.0,"frozenset({2912, 1638})",2912,0.7096774193548387,True,2025-07,2,1088,2
OH,DCA,ORF,2025,7,1065,26,14,1.0,frozenset({5162}),5162,0.5384615384615384,True,2025-07,2,1721,2
OH,DCA,AGS,2025,7,1190,30,19,9.0,frozenset({5042}),5042,0.6333333333333333,True,2025-07,1,3583,1
B6,MCO,EWR,2025,7,1259,30,22,2.0,frozenset({2128}),2128,0.7333333333333333,True,2025-07,1,3584,2
WN,RDU,DEN,2025,7,1025,22,15,0.0,"frozenset({107, 444})",444,0.6818181818181818,True,2025-07,2,1772,2
OH,DAY,ORD,2025,7,1058,29,18,4.0,frozenset({5132}),5132,0.6206896551724138,True,2025-07,2,1007,2
AA,DCA,JAX,2025,7,1224,23,14,3.0,frozenset({2816}),2816,0.6086956521739131,True,2025-07,1,3585,1
DL,LGA,MIA,2025,7,1155,27,19,5.0,frozenset({2382}),2382,0.7037037037037037,True,2025-07,1,3586,1
OH,DAY,DCA,2025,7,1165,26,17,6.0,frozenset({5284}),5284,0.6538461538461539,True,2025-07,3,672,3
WN,RIC,MCO,2025,7,1015,16,10,0.0,frozenset({3765}),3765,0.625,True,2025-07,1,3587,1
WN,RNO,DEN,2025,7,930,10,6,0.0,frozenset({2855}),2855,0.6,True,2025-07,1,3588,1
WN,RNO,DEN,2025,7,975,16,9,0.0,frozenset({1767}),1767,0.5625,True,2025-07,1,3589,1
WN,ROC,BWI,2025,7,1010,10,6,1.0,frozenset({3612}),3612,0.6,True,2025-07,1,3590,1
WN,RSW,BWI,2025,7,1080,14,8,0.0,"frozenset({2205, 1663})",2205,0.5714285714285714,True,2025-07,1,3591,1
WN,RSW,BWI,2025,7,1150,16,9,3.0,frozenset({1663}),1663,0.5625,True,2025-07,1,3592,1
AA,DCA,MCO,2025,7,1040,30,20,5.0,frozenset({2139}),2139,0.6666666666666666,True,2025-07,3,556,4
OH,CVG,PHL,2025,7,1086,19,11,4.0,frozenset({5204}),5204,0.5789473684210527,True,2025-07,1,3593,1
YX,MYR,EWR,2025,7,1032,30,20,9.0,frozenset({3714}),3714,0.6666666666666666,True,2025-07,1,3594,2
F9,ATL,BWI,2025,7,891,31,21,3.0,frozenset({2634}),2634,0.6774193548387096,True,2025-07,2,1137,2
AA,DCA,DFW,2025,7,1172,30,20,7.0,frozenset({1158}),1158,0.6666666666666666,True,2025-07,2,2120,2
OH,CVG,DCA,2025,7,1185,25,21,8.0,frozenset({5208}),5208,0.84,True,2025-07,2,1065,2
F9,ATL,BWI,2025,7,1346,27,14,2.0,frozenset({2510}),2510,0.5185185185185185,True,2025-07,2,1119,2
AA,BNA,DFW,2025,7,1146,16,9,1.0,frozenset({1769}),1769,0.5625,True,2025-07,1,3595,1
B6,MCO,JFK,2025,7,729,31,17,1.0,frozenset({184}),184,0.5483870967741935,True,2025-07,1,3596,1
B6,MCO,JFK,2025,7,830,31,18,4.0,frozenset({1084}),1084,0.5806451612903226,True,2025-07,1,3597,1
B6,MCO,JFK,2025,7,1085,31,24,6.0,frozenset({1284}),1284,0.7741935483870968,True,2025-07,2,2159,2
B6,MCO,JFK,2025,7,1140,31,28,6.0,frozenset({2984}),2984,0.9032258064516129,True,2025-07,2,2108,3
WN,SAN,ABQ,2025,7,1195,10,6,1.0,frozenset({4372}),4372,0.6,True,2025-07,1,3598,1
B6,MCO,JFK,2025,7,1208,31,22,2.0,frozenset({884}),884,0.7096774193548387,True,2025-07,1,3599,1
OH,CMH,DCA,2025,7,899,30,17,5.0,"frozenset({5608, 5660})",5608,0.5666666666666667,True,2025-07,1,3600,1
OH,CVG,PHL,2025,7,963,24,14,2.0,"frozenset({5514, 5515})",5514,0.5833333333333334,True,2025-07,1,3601,1
AA,BNA,DFW,2025,7,1062,26,18,2.0,frozenset({2244}),2244,0.6923076923076923,True,2025-07,2,2277,2
B6,MCO,EWR,2025,7,1022,17,12,4.0,frozenset({1728}),1728,0.7058823529411765,True,2025-07,3,681,4
B6,MCO,EWR,2025,7,810,27,15,5.0,frozenset({128}),128,0.5555555555555556,True,2025-07,1,3602,1
OH,DCA,BNA,2025,7,1030,26,22,11.0,frozenset({5318}),5318,0.8461538461538461,True,2025-07,3,664,3
WN,PHX,TPA,2025,7,1075,16,9,0.0,"frozenset({233, 185})",233,0.5625,True,2025-07,1,3603,1
DL,PBI,LGA,2025,7,1175,27,14,4.0,frozenset({856}),856,0.5185185185185185,True,2025-07,2,1090,2
B6,LGA,PBI,2025,7,1259,31,22,7.0,frozenset({1761}),1761,0.7096774193548387,True,2025-07,1,3604,1
DL,TPA,BOS,2025,7,1220,26,16,0.0,frozenset({1439}),1439,0.6153846153846154,True,2025-07,1,3605,1
B6,LGA,TPA,2025,7,1280,31,18,4.0,frozenset({47}),47,0.5806451612903226,True,2025-07,1,3606,1
OH,DCA,BHM,2025,7,1195,23,14,6.0,frozenset({5643}),5643,0.6086956521739131,True,2025-07,1,3607,1
B6,MCO,BDL,2025,7,1170,31,16,0.0,frozenset({438}),438,0.5161290322580645,True,2025-07,1,3608,1
B6,MCO,BOS,2025,7,1040,27,15,3.0,frozenset({1152}),1152,0.5555555555555556,True,2025-07,1,3609,1
B6,MCO,BOS,2025,7,1170,10,9,0.0,frozenset({1952}),1952,0.9,True,2025-07,1,3610,1
AA,DCA,ORD,2025,7,1020,24,16,3.0,"frozenset({1637, 1630})",1630,0.6666666666666666,True,2025-07,2,2175,2
OH,DCA,BGR,2025,7,1325,26,16,8.0,frozenset({5436}),5436,0.6153846153846154,True,2025-07,2,1132,2
WN,PIT,DEN,2025,7,1110,12,7,0.0,frozenset({522}),522,0.5833333333333334,True,2025-07,2,1782,2
WN,PIT,DEN,2025,7,1160,14,9,0.0,"frozenset({522, 2359})",2359,0.6428571428571429,True,2025-07,2,1781,2
DL,TPA,JFK,2025,7,1169,31,17,2.0,frozenset({1010}),1010,0.5483870967741935,True,2025-07,1,3611,1
AA,DCA,MIA,2025,7,1050,26,15,3.0,frozenset({1233}),1233,0.5769230769230769,True,2025-07,2,2226,2
DL,TPA,LGA,2025,7,900,31,16,2.0,frozenset({1884}),1884,0.5161290322580645,True,2025-07,1,3612,1
WN,PVD,BWI,2025,7,1115,22,13,2.0,"frozenset({1672, 1290})",1672,0.5909090909090909,True,2025-07,1,3613,1
OH,DCA,AVL,2025,7,1019,26,14,6.0,frozenset({5486}),5486,0.5384615384615384,True,2025-07,2,1074,2
WN,PVD,DEN,2025,7,960,17,10,0.0,frozenset({4333}),4333,0.5882352941176471,True,2025-07,1,3614,1
WN,PVD,MCO,2025,7,1095,10,6,0.0,frozenset({4334}),4334,0.6,True,2025-07,1,3615,1
DL,TPA,LGA,2025,7,1190,27,18,5.0,frozenset({1824}),1824,0.6666666666666666,True,2025-07,2,1155,2
OH,DCA,ATL,2025,7,1019,26,20,10.0,"frozenset({5202, 5182})",5182,0.7692307692307693,True,2025-07,1,3616,1
WN,PWM,BWI,2025,7,1060,16,9,0.0,frozenset({770}),770,0.5625,True,2025-07,2,1775,2
AA,BGR,DCA,2025,7,1037,23,12,3.0,frozenset({739}),739,0.5217391304347826,True,2025-07,1,3617,1
YX,OKC,LGA,2025,7,1020,27,14,5.0,frozenset({4680}),4680,0.5185185185185185,True,2025-07,2,1026,2
WN,PWM,MDW,2025,7,1180,20,15,2.0,frozenset({4338}),4338,0.75,True,2025-07,1,3618,1
OH,DCA,ALB,2025,7,1335,26,20,9.0,frozenset({5065}),5065,0.7692307692307693,True,2025-07,2,1022,2
B6,MCO,DCA,2025,7,875,27,15,1.0,frozenset({2324}),2324,0.5555555555555556,True,2025-07,2,2214,2
B6,MCO,JFK,2025,7,1265,31,23,2.0,frozenset({384}),384,0.7419354838709677,True,2025-07,1,3619,2
WN,SAN,BNA,2025,7,1135,12,8,0.0,frozenset({2438}),2438,0.6666666666666666,True,2025-07,2,1728,2
B6,MCO,LGA,2025,7,959,31,17,3.0,frozenset({1098}),1098,0.5483870967741935,True,2025-07,2,2116,2
B6,MCO,LGA,2025,7,1135,31,17,3.0,frozenset({798}),798,0.5483870967741935,True,2025-07,2,2117,2
AA,DCA,BOS,2025,7,1025,26,21,6.0,frozenset({3207}),3207,0.8076923076923077,True,2025-07,2,2154,2
B6,PBI,EWR,2025,7,1206,31,22,5.0,frozenset({144}),144,0.7096774193548387,True,2025-07,3,638,3
YX,MKE,EWR,2025,7,1089,30,18,6.0,frozenset({3510}),3510,0.6,True,2025-07,1,3620,1
WN,SDF,MDW,2025,7,1240,12,7,2.0,frozenset({5920}),5920,0.5833333333333334,True,2025-07,1,3621,1
AA,CVG,DFW,2025,7,1227,29,16,2.0,frozenset({3073}),3073,0.5517241379310345,True,2025-07,1,3622,1
B6,PBI,JFK,2025,7,1170,23,17,6.0,frozenset({1154}),1154,0.7391304347826086,True,2025-07,2,2125,2
WN,SEA,DEN,2025,7,1015,10,7,0.0,frozenset({4460}),4460,0.7,True,2025-07,2,1733,2
AA,BNA,PHL,2025,7,846,12,9,1.0,frozenset({2967}),2967,0.75,True,2025-07,1,3623,1
F9,ATL,IAD,2025,7,1343,27,18,5.0,frozenset({1082}),1082,0.6666666666666666,True,2025-07,2,1023,2
OH,CLE,PHL,2025,7,948,25,14,3.0,frozenset({5190}),5190,0.56,True,2025-07,2,1274,2
B6,PBI,LGA,2025,7,1066,31,19,5.0,frozenset({1962}),1962,0.6129032258064516,True,2025-07,1,3624,1
WN,SEA,LAS,2025,7,1095,22,12,0.0,frozenset({1315}),1315,0.5454545454545454,True,2025-07,1,3625,1
AA,BNA,PHL,2025,7,1038,30,18,2.0,frozenset({3027}),3027,0.6,True,2025-07,1,3626,1
DL,LGA,IAH,2025,7,1105,27,17,1.0,frozenset({2109}),2109,0.6296296296296297,True,2025-07,1,3627,1
F9,ATL,IAH,2025,7,1290,31,17,0.0,frozenset({4075}),4075,0.5483870967741935,True,2025-07,2,1027,2
WN,SEA,OAK,2025,7,1115,10,6,0.0,frozenset({223}),223,0.6,True,2025-07,1,3628,1
OH,CLE,DCA,2025,7,1200,26,20,11.0,frozenset({5505}),5505,0.7692307692307693,True,2025-07,2,1271,2
OH,CLE,DCA,2025,7,1026,20,11,7.0,frozenset({5210}),5210,0.55,True,2025-07,2,1252,2
WN,SEA,OAK,2025,7,1170,16,9,0.0,"frozenset({1187, 3214})",1187,0.5625,True,2025-07,2,1747,2
YX,MEM,EWR,2025,7,937,27,14,8.0,frozenset({3615}),3615,0.5185185185185185,True,2025-07,2,1251,2
B6,PHL,BOS,2025,7,1060,29,16,1.0,frozenset({560}),560,0.5517241379310345,True,2025-07,2,2139,2
AA,CMH,PHL,2025,7,1116,30,16,2.0,"frozenset({2985, 3173})",2985,0.5333333333333333,True,2025-07,1,3629,1
DL,LGA,FLL,2025,7,1199,27,17,3.0,frozenset({2308}),2308,0.6296296296296297,True,2025-07,1,3630,1
AA,CMH,PHL,2025,7,964,31,18,4.0,frozenset({3241}),3241,0.5806451612903226,True,2025-07,1,3631,1
WN,SFO,DEN,2025,7,780,12,9,0.0,frozenset({3308}),3308,0.75,True,2025-07,1,3632,1
F9,ATL,JFK,2025,7,1335,31,18,3.0,frozenset({4818}),4818,0.5806451612903226,True,2025-07,3,919,4
WN,SFO,DEN,2025,7,920,27,14,1.0,"frozenset({3308, 4478})",3308,0.5185185185185185,True,2025-07,1,3633,1
OH,CHS,DCA,2025,7,973,23,13,6.0,frozenset({5627}),5627,0.5652173913043478,True,2025-07,1,3634,1
OH,CHS,DCA,2025,7,878,31,23,4.0,frozenset({5607}),5607,0.7419354838709677,True,2025-07,2,1261,2
F9,ATL,FLL,2025,7,1290,21,14,2.0,frozenset({2174}),2174,0.6666666666666666,True,2025-07,2,1019,2
DL,TPA,ATL,2025,7,1259,15,9,0.0,frozenset({1457}),1457,0.6,True,2025-07,1,3635,1
WN,SAT,HOU,2025,7,1180,14,9,0.0,"frozenset({1201, 3271})",1201,0.6428571428571429,True,2025-07,1,3636,1
DL,LGA,MCI,2025,7,1109,27,14,2.0,frozenset({563}),563,0.5185185185185185,True,2025-07,1,3637,1
AA,DCA,CLT,2025,7,1034,31,16,6.0,frozenset({2182}),2182,0.5161290322580645,True,2025-07,1,3638,1
AA,DCA,CLT,2025,7,914,31,18,2.0,frozenset({2040}),2040,0.5806451612903226,True,2025-07,1,3639,1
OH,CLT,ORF,2025,7,1223,30,17,3.0,frozenset({5622}),5622,0.5666666666666667,True,2025-07,1,3640,1
AA,DCA,CHS,2025,7,1027,26,17,3.0,frozenset({1040}),1040,0.6538461538461539,True,2025-07,2,2098,2
WN,SAN,DEN,2025,7,825,20,14,0.0,"frozenset({3034, 4066})",3034,0.7,True,2025-07,2,1727,2
WN,SAN,DEN,2025,7,965,13,8,0.0,frozenset({4380}),4380,0.6153846153846154,True,2025-07,1,3641,1
OH,CLT,MDT,2025,7,1311,10,6,0.0,frozenset({5217}),5217,0.6,True,2025-07,2,1042,2
B6,MCO,SJU,2025,7,1335,21,11,0.0,frozenset({1433}),1433,0.5238095238095238,True,2025-07,2,2094,2
WN,SAN,DEN,2025,7,1055,10,7,0.0,frozenset({2758}),2758,0.7,True,2025-07,1,3642,1
DL,LGA,MCO,2025,7,1169,30,16,3.0,frozenset({2842}),2842,0.5333333333333333,True,2025-07,2,2393,2
B6,MHT,MCO,2025,7,965,26,15,1.0,frozenset({1143}),1143,0.5769230769230769,True,2025-07,1,3643,1
B6,MKE,BOS,2025,7,963,26,16,1.0,frozenset({2230}),2230,0.6153846153846154,True,2025-07,1,3644,1
DL,LGA,MCO,2025,7,1079,31,19,3.0,frozenset({2561}),2561,0.6129032258064516,True,2025-07,2,2348,2
DL,LGA,MCO,2025,7,939,31,19,3.0,"frozenset({2520, 3135})",2520,0.6129032258064516,True,2025-07,3,880,3
OH,CLT,IAD,2025,7,1087,25,13,5.0,frozenset({5317}),5317,0.52,True,2025-07,1,3645,1
F9,ATL,DFW,2025,7,924,27,15,3.0,frozenset({3021}),3021,0.5555555555555556,True,2025-07,2,1124,2
OH,CLT,GSP,2025,7,1238,30,17,0.0,frozenset({5524}),5524,0.5666666666666667,True,2025-07,1,3646,1
B6,ORD,BOS,2025,7,987,12,7,0.0,frozenset({1012}),1012,0.5833333333333334,True,2025-07,1,3647,1
B6,ORF,BOS,2025,7,1077,31,17,1.0,frozenset({1814}),1814,0.5483870967741935,True,2025-07,2,2102,2
OH,CLT,DAB,2025,7,1250,27,15,1.0,frozenset({5613}),5613,0.5555555555555556,True,2025-07,2,1276,2
YX,MSP,LGA,2025,7,1062,18,10,3.0,frozenset({4523}),4523,0.5555555555555556,True,2025-07,2,1138,2
B6,ORH,FLL,2025,7,959,14,10,2.0,frozenset({2119}),2119,0.7142857142857143,True,2025-07,1,3648,1
AA,BNA,ORD,2025,7,942,27,17,0.0,"frozenset({1112, 1570})",1112,0.6296296296296297,True,2025-07,1,3649,1
F9,ATL,EWR,2025,7,1335,31,25,2.0,frozenset({4602}),4602,0.8064516129032258,True,2025-07,4,490,4
WN,SAN,SFO,2025,7,1275,12,7,0.0,frozenset({3292}),3292,0.5833333333333334,True,2025-07,1,3650,1
YX,MSP,DCA,2025,7,1069,19,11,4.0,frozenset({4739}),4739,0.5789473684210527,True,2025-07,1,3651,1
OH,CLT,CVG,2025,7,1235,15,9,1.0,frozenset({5183}),5183,0.6,True,2025-07,1,3652,1
B6,PBI,BOS,2025,7,822,18,11,3.0,frozenset({22}),22,0.6111111111111112,True,2025-07,1,3653,1
AA,BNA,ORD,2025,7,1073,16,13,0.0,frozenset({1570}),1570,0.8125,True,2025-07,2,2368,2
WN,SAT,DAL,2025,7,1115,16,10,0.0,"frozenset({596, 1230})",1230,0.625,True,2025-07,1,3654,1
WN,PHX,MDW,2025,7,1075,13,7,0.0,frozenset({290}),290,0.5384615384615384,True,2025-07,1,3655,1
AA,DCA,ORD,2025,7,1328,30,16,11.0,frozenset({2903}),2903,0.5333333333333333,True,2025-07,2,2174,2
OH,DCA,BTR,2025,7,1210,26,17,10.0,frozenset({5230}),5230,0.6538461538461539,True,2025-07,1,3656,1
YX,ORF,JFK,2025,7,1034,31,19,11.0,frozenset({4359}),4359,0.6129032258064516,True,2025-07,2,1278,2
WN,OMA,DEN,2025,7,1015,11,7,0.0,"frozenset({3057, 1282})",1282,0.6363636363636364,True,2025-07,2,1673,2
OH,DCA,HSV,2025,7,1215,26,15,10.0,frozenset({5557}),5557,0.5769230769230769,True,2025-07,1,3657,1
B6,JFK,BUF,2025,7,1035,31,18,5.0,frozenset({1202}),1202,0.5806451612903226,True,2025-07,2,2012,2
WN,OMA,DEN,2025,7,1110,16,10,1.0,"frozenset({1282, 285})",1282,0.625,True,2025-07,2,1673,2
OH,DCA,HPN,2025,7,1325,26,17,5.0,frozenset({5289}),5289,0.6538461538461539,True,2025-07,3,572,3
OH,DCA,HPN,2025,7,1019,31,21,5.0,frozenset({5236}),5236,0.6774193548387096,True,2025-07,2,1736,2
B6,JFK,BUF,2025,7,1335,31,21,7.0,frozenset({102}),102,0.6774193548387096,True,2025-07,2,1971,2
WN,ONT,DEN,2025,7,930,10,6,0.0,frozenset({2494}),2494,0.6,True,2025-07,1,3658,1
WN,ONT,DEN,2025,7,970,16,10,0.0,frozenset({4136}),4136,0.625,True,2025-07,1,3659,1
YX,ORF,EWR,2025,7,1198,21,14,8.0,frozenset({3595}),3595,0.6666666666666666,True,2025-07,1,3660,1
B6,JFK,CHS,2025,7,944,31,23,6.0,frozenset({2473}),2473,0.7419354838709677,True,2025-07,1,3661,1
OH,DCA,GSP,2025,7,1220,30,22,5.0,"frozenset({5497, 5550})",5497,0.7333333333333333,True,2025-07,1,3662,1
OH,DCA,GSP,2025,7,1029,27,18,8.0,frozenset({5274}),5274,0.6666666666666666,True,2025-07,2,1788,2
AA,BDL,ORD,2025,7,1086,29,22,2.0,frozenset({1408}),1408,0.7586206896551724,True,2025-07,2,2290,2
B6,JFK,DCA,2025,7,1290,31,21,7.0,frozenset({955}),955,0.6774193548387096,True,2025-07,2,1961,2
WN,ORD,DAL,2025,7,1065,31,20,0.0,frozenset({4006}),4006,0.6451612903225806,True,2025-07,1,3663,1
B6,JFK,DTW,2025,7,1305,31,21,1.0,frozenset({820}),820,0.6774193548387096,True,2025-07,1,3664,1
WN,ORD,LAS,2025,7,1045,26,15,0.0,frozenset({482}),482,0.5769230769230769,True,2025-07,1,3665,1
B6,JFK,FLL,2025,7,750,18,10,1.0,frozenset({501}),501,0.5555555555555556,True,2025-07,1,3666,1
B6,JFK,FLL,2025,7,1300,27,14,6.0,frozenset({2101}),2101,0.5185185185185185,True,2025-07,2,1937,2
OH,DCA,GRR,2025,7,1323,26,17,6.0,frozenset({5376}),5376,0.6538461538461539,True,2025-07,2,1009,2
YX,ORD,SDF,2025,7,1227,29,16,3.0,frozenset({4603}),4603,0.5517241379310345,True,2025-07,1,3667,1
WN,ORF,BWI,2025,7,1235,16,9,4.0,"frozenset({4160, 2543})",4160,0.5625,True,2025-07,2,1669,2
OH,DCA,DTW,2025,7,1330,26,18,7.0,frozenset({5597}),5597,0.6923076923076923,True,2025-07,2,1016,2
OH,DCA,DTW,2025,7,894,31,16,4.0,"frozenset({5584, 5482, 5597})",5584,0.5161290322580645,True,2025-07,1,3668,1
B6,JFK,JAX,2025,7,1079,31,19,5.0,frozenset({1677}),1677,0.6129032258064516,True,2025-07,1,3669,1
AA,DEN,DFW,2025,7,1115,29,25,2.0,frozenset({1322}),1322,0.8620689655172413,True,2025-07,2,1999,3
OH,DCA,DSM,2025,7,1220,27,17,11.0,frozenset({5432}),5432,0.6296296296296297,True,2025-07,1,3670,1
YX,ORF,LGA,2025,7,929,27,15,8.0,frozenset({5636}),5636,0.5555555555555556,True,2025-07,1,3671,1
B6,JFK,MCO,2025,7,899,31,17,1.0,frozenset({883}),883,0.5483870967741935,True,2025-07,1,3672,1
WN,OKC,HOU,2025,7,1220,16,9,1.0,"frozenset({2668, 374})",2668,0.5625,True,2025-07,1,3673,1
AA,DFW,ABQ,2025,7,1139,31,16,1.0,frozenset({2698}),2698,0.5161290322580645,True,2025-07,1,3674,1
B6,HPN,MCO,2025,7,965,31,18,1.0,frozenset({495}),495,0.5806451612903226,True,2025-07,2,2082,2
AA,DFW,ATL,2025,7,1127,31,17,4.0,frozenset({3212}),3212,0.5483870967741935,True,2025-07,1,3675,1
WN,MSP,DEN,2025,7,965,26,14,0.0,"frozenset({3999, 2385, 1199})",1199,0.5384615384615384,True,2025-07,2,1650,2
B6,HYA,JFK,2025,7,1035,31,19,4.0,frozenset({1963}),1963,0.6129032258064516,True,2025-07,1,3676,1
YX,PHL,BOS,2025,7,1047,25,14,4.0,frozenset({5852}),5852,0.56,True,2025-07,1,3677,1
WN,MSY,BWI,2025,7,1070,12,7,1.0,frozenset({2061}),2061,0.5833333333333334,True,2025-07,1,3678,1
DL,PHL,ATL,2025,7,1173,15,8,1.0,frozenset({1329}),1329,0.5333333333333333,True,2025-07,1,3679,1
WN,MSY,DAL,2025,7,1135,16,9,1.0,"frozenset({2877, 2183})",2183,0.5625,True,2025-07,1,3680,1
AA,DFW,ATL,2025,7,985,29,17,0.0,frozenset({2403}),2403,0.5862068965517241,True,2025-07,2,2053,3
B6,ISP,MCO,2025,7,831,10,6,0.0,frozenset({547}),547,0.6,True,2025-07,1,3681,1
WN,MSY,DCA,2025,7,1040,23,12,2.0,frozenset({958}),958,0.5217391304347826,True,2025-07,2,1648,2
OH,DCA,MKE,2025,7,1345,26,14,8.0,frozenset({5656}),5656,0.5384615384615384,True,2025-07,2,1731,2
DL,PHL,DTW,2025,7,1032,31,16,0.0,frozenset({2985}),2985,0.5161290322580645,True,2025-07,1,3682,1
B6,JAX,JFK,2025,7,864,31,22,8.0,frozenset({677}),677,0.7096774193548387,True,2025-07,1,3683,1
OH,DCA,MHT,2025,7,1335,26,17,7.0,frozenset({5283}),5283,0.6538461538461539,True,2025-07,3,595,3
AA,DFW,ALB,2025,7,1113,27,16,2.0,frozenset({391}),391,0.5925925925925926,True,2025-07,1,3684,1
DL,PHL,MSP,2025,7,1139,31,16,0.0,frozenset({2594}),2594,0.5161290322580645,True,2025-07,1,3685,1
B6,JFK,ATL,2025,7,1255,31,19,5.0,frozenset({719}),719,0.6129032258064516,True,2025-07,2,2057,2
AA,BDL,DFW,2025,7,1139,29,18,1.0,frozenset({1367}),1367,0.6206896551724138,True,2025-07,1,3686,1
WN,OAK,AUS,2025,7,635,12,7,0.0,frozenset({320}),320,0.5833333333333334,True,2025-07,1,3687,1
WN,OAK,DAL,2025,7,1080,16,9,0.0,frozenset({3757}),3757,0.5625,True,2025-07,1,3688,1
OH,DCA,MCI,2025,7,1210,27,18,5.0,frozenset({5660}),5660,0.6666666666666666,True,2025-07,1,3689,1
YX,ORF,LGA,2025,7,1090,26,14,8.0,frozenset({4358}),4358,0.5384615384615384,True,2025-07,2,1258,2
AA,DFW,ABQ,2025,7,1375,29,16,1.0,frozenset({2564}),2564,0.5517241379310345,True,2025-07,1,3690,2
WN,OAK,PDX,2025,7,1275,12,8,0.0,frozenset({3867}),3867,0.6666666666666666,True,2025-07,2,1658,2
B6,JFK,BNA,2025,7,1200,31,23,8.0,frozenset({473}),473,0.7419354838709677,True,2025-07,2,2060,2
B6,JFK,BOS,2025,7,990,27,17,8.0,frozenset({618}),618,0.6296296296296297,True,2025-07,1,3691,1
OH,DCA,ILM,2025,7,1055,23,12,6.0,frozenset({5133}),5133,0.5217391304347826,True,2025-07,2,1741,2
B6,JFK,BOS,2025,7,1165,31,18,7.0,frozenset({818}),818,0.5806451612903226,True,2025-07,1,3692,1
WN,OKC,DEN,2025,7,950,10,7,0.0,frozenset({1932}),1932,0.7,True,2025-07,1,3693,1
WN,PDX,DEN,2025,7,1035,12,10,1.0,frozenset({2404}),2404,0.8333333333333334,True,2025-07,1,3694,1
WN,PDX,DEN,2025,7,920,11,6,0.0,"frozenset({3121, 2533})",2533,0.5454545454545454,True,2025-07,2,1665,2
AA,DEN,CLT,2025,7,953,29,16,0.0,frozenset({1283}),1283,0.5517241379310345,True,2025-07,2,1974,2
B6,LGA,FLL,2025,7,1189,31,18,6.0,frozenset({571}),571,0.5806451612903226,True,2025-07,1,3695,1
OH,DCA,CLT,2025,7,1187,30,17,5.0,frozenset({5072}),5072,0.5666666666666667,True,2025-07,2,1111,2
B6,JFK,RDU,2025,7,1229,31,23,4.0,frozenset({185}),185,0.7419354838709677,True,2025-07,2,1981,2
DL,SLC,JFK,2025,7,869,31,17,0.0,frozenset({671}),671,0.5483870967741935,True,2025-07,1,3696,1
B6,LGA,FLL,2025,7,955,31,22,0.0,frozenset({471}),471,0.7096774193548387,True,2025-07,2,2196,2
B6,LAX,JFK,2025,7,790,27,15,4.0,frozenset({224}),224,0.5555555555555556,True,2025-07,2,2185,2
OH,DCA,DAY,2025,7,1033,31,17,5.0,frozenset({5284}),5284,0.5483870967741935,True,2025-07,2,1146,2
WN,PHL,STL,2025,7,1105,10,6,0.0,frozenset({4192}),4192,0.6,True,2025-07,2,1765,2
OH,DCA,CLE,2025,7,1361,26,15,6.0,frozenset({5079}),5079,0.5769230769230769,True,2025-07,2,1094,2
OH,DCA,CLE,2025,7,1080,30,24,11.0,frozenset({5505}),5505,0.8,True,2025-07,2,1077,2
B6,JFK,ROC,2025,7,1310,31,20,4.0,frozenset({1186}),1186,0.6451612903225806,True,2025-07,2,1977,2
B6,JFK,RSW,2025,7,1019,31,20,6.0,frozenset({2129}),2129,0.6451612903225806,True,2025-07,1,3697,1
B6,JFK,SAV,2025,7,991,22,14,6.0,frozenset({341}),341,0.6363636363636364,True,2025-07,2,1980,2
B6,JFK,SEA,2025,7,990,31,18,0.0,frozenset({263}),263,0.5806451612903226,True,2025-07,1,3698,1
WN,PHX,BOI,2025,7,1090,12,10,0.0,frozenset({1406}),1406,0.8333333333333334,True,2025-07,2,1763,2
DL,SLC,DEN,2025,7,1105,31,17,0.0,frozenset({1586}),1586,0.5483870967741935,True,2025-07,2,1152,2
B6,JFK,SJU,2025,7,1240,31,16,5.0,frozenset({903}),903,0.5161290322580645,True,2025-07,1,3699,1
OH,DCA,CHA,2025,7,1194,23,14,6.0,frozenset({5357}),5357,0.6086956521739131,True,2025-07,2,1091,2
DL,LGA,ORD,2025,7,1135,27,16,3.0,frozenset({2801}),2801,0.5925925925925926,True,2025-07,2,2308,2
B6,JFK,SMF,2025,7,1105,31,20,2.0,frozenset({161}),161,0.6451612903225806,True,2025-07,1,3700,1
OH,DCA,CAK,2025,7,1190,30,16,7.0,frozenset({5305}),5305,0.5333333333333333,True,2025-07,2,1117,2
WN,PHX,DEN,2025,7,865,26,16,1.0,"frozenset({3931, 4095})",3931,0.6153846153846154,True,2025-07,1,3701,1
WN,PHX,DEN,2025,7,1000,27,15,2.0,"frozenset({3525, 4095})",4095,0.5555555555555556,True,2025-07,2,1757,2
B6,JFK,PWM,2025,7,1365,30,26,10.0,frozenset({308}),308,0.8666666666666667,True,2025-07,2,1993,2
OH,DCA,CAE,2025,7,1045,26,14,5.0,frozenset({5095}),5095,0.5384615384615384,True,2025-07,2,1140,2
WN,PHL,MDW,2025,7,1150,26,18,1.0,"frozenset({3045, 3835, 2381})",3835,0.6923076923076923,True,2025-07,1,3702,1
DL,LGA,ORD,2025,7,1235,27,15,4.0,frozenset({2806}),2806,0.5555555555555556,True,2025-07,1,3703,1
B6,JFK,MCO,2025,7,1049,31,21,5.0,frozenset({483}),483,0.6774193548387096,True,2025-07,1,3704,1
B6,LGA,MCO,2025,7,990,31,20,3.0,frozenset({699}),699,0.6451612903225806,True,2025-07,1,3705,1
B6,LGA,MCO,2025,7,897,31,21,2.0,frozenset({399}),399,0.6774193548387096,True,2025-07,2,2192,3
B6,JFK,MCO,2025,7,1110,31,21,5.0,frozenset({283}),283,0.6774193548387096,True,2025-07,1,3706,1
AA,DEN,DFW,2025,7,996,30,23,2.0,frozenset({1832}),1832,0.7666666666666667,True,2025-07,2,2009,3
B6,JFK,MHT,2025,7,1319,31,18,4.0,frozenset({972}),972,0.5806451612903226,True,2025-07,1,3707,1
WN,PDX,OAK,2025,7,1315,16,9,2.0,"frozenset({1386, 1083})",1083,0.5625,True,2025-07,2,1664,2
OH,DCA,CVG,2025,7,1223,30,19,7.0,frozenset({5673}),5673,0.6333333333333333,True,2025-07,4,474,4
OH,DCA,CVG,2025,7,1050,26,16,3.0,frozenset({5208}),5208,0.6153846153846154,True,2025-07,2,1112,2
B6,JFK,ONT,2025,7,1130,31,16,2.0,frozenset({355}),355,0.5161290322580645,True,2025-07,1,3708,1
B6,JFK,ORD,2025,7,1230,26,19,4.0,frozenset({405}),405,0.7307692307692307,True,2025-07,1,3709,1
B6,JFK,PIT,2025,7,1319,31,19,7.0,frozenset({1195}),1195,0.6129032258064516,True,2025-07,2,2003,2
B6,JFK,PBI,2025,7,915,31,17,5.0,frozenset({53}),53,0.5483870967741935,True,2025-07,2,2002,2
B6,JFK,PBI,2025,7,1130,31,22,3.0,frozenset({1053}),1053,0.7096774193548387,True,2025-07,1,3710,1
DL,TPA,ATL,2025,7,988,31,17,0.0,frozenset({1720}),1720,0.5483870967741935,True,2025-07,1,3711,1
AA,DCA,PIT,2025,7,1027,26,14,4.0,frozenset({1985}),1985,0.5384615384615384,True,2025-07,2,2168,2
WN,PHL,DEN,2025,7,1055,10,8,0.0,frozenset({3898}),3898,0.8,True,2025-07,1,3712,1
WN,PHL,DEN,2025,7,1150,16,10,1.0,frozenset({4189}),4189,0.625,True,2025-07,1,3713,1
YX,ORD,PWM,2025,7,1158,27,17,2.0,frozenset({4403}),4403,0.6296296296296297,True,2025-07,1,3714,1
WN,PHX,LAX,2025,7,1255,12,9,2.0,frozenset({3206}),3206,0.75,True,2025-07,1,3715,1
AA,DCA,SAT,2025,7,1199,30,17,3.0,frozenset({1947}),1947,0.5666666666666667,True,2025-07,1,3716,2
OH,DCA,CRW,2025,7,1215,30,16,9.0,frozenset({5164}),5164,0.5333333333333333,True,2025-07,3,559,3
WN,PHX,HOU,2025,7,910,12,7,0.0,frozenset({4225}),4225,0.5833333333333334,True,2025-07,1,3717,1
YX,ORD,MSP,2025,7,1330,26,15,6.0,frozenset({4472}),4472,0.5769230769230769,True,2025-07,1,3718,1
DL,TPA,ATL,2025,7,1199,26,15,0.0,frozenset({1594}),1594,0.5769230769230769,True,2025-07,1,3719,1
WN,PHX,DEN,2025,7,1135,12,7,0.0,frozenset({2633}),2633,0.5833333333333334,True,2025-07,1,3720,1
YX,ORD,JFK,2025,8,1017,26,15,0.0,frozenset({4450}),4450,0.5769230769230769,True,2025-08,1,3721,1
AA,GEG,ORD,2025,8,788,19,12,0.0,frozenset({677}),677,0.631578947368421,True,2025-08,1,3722,1
YX,PIT,EWR,2025,8,1102,18,10,2.0,frozenset({3533}),3533,0.5555555555555556,True,2025-08,2,3469,2
AA,IAH,DFW,2025,8,1184,14,11,1.0,frozenset({1865}),1865,0.7857142857142857,True,2025-08,2,2823,2
YX,MYR,EWR,2025,8,1032,18,10,2.0,frozenset({3714}),3714,0.5555555555555556,True,2025-08,2,3594,2
AA,ATL,MIA,2025,8,1165,31,17,0.0,frozenset({1610}),1610,0.5483870967741935,True,2025-08,1,3723,1
YX,ORF,EWR,2025,8,1198,14,8,1.0,frozenset({3670}),3670,0.5714285714285714,True,2025-08,1,3724,1
AA,IAH,ORD,2025,8,1104,20,12,0.0,"frozenset({1168, 2064, 1494})",1168,0.6,True,2025-08,1,3725,1
AA,ATL,PHX,2025,8,1092,15,11,0.0,"frozenset({1992, 3230})",1992,0.7333333333333333,True,2025-08,1,3726,1
AA,IAH,DFW,2025,8,996,26,14,0.0,frozenset({1754}),1754,0.5384615384615384,True,2025-08,1,3727,1
YX,ORD,MSP,2025,8,1272,10,6,1.0,frozenset({4516}),4516,0.6,True,2025-08,1,3728,1
AA,JAC,ORD,2025,8,927,28,16,0.0,"frozenset({1605, 2486})",2486,0.5714285714285714,True,2025-08,1,3729,1
AA,BDL,PHL,2025,8,990,26,14,0.0,frozenset({2110}),2110,0.5384615384615384,True,2025-08,1,3730,1
AA,ATL,DFW,2025,8,1228,14,8,1.0,frozenset({2403}),2403,0.5714285714285714,True,2025-08,3,2394,3
AA,AUS,ORD,2025,8,1010,15,9,1.0,frozenset({1574}),1574,0.6,True,2025-08,1,3731,1
YX,RDU,ORD,2025,8,1116,20,11,1.0,"frozenset({4425, 4563})",4563,0.55,True,2025-08,1,3732,1
YX,PBI,LGA,2025,8,1115,13,7,1.0,frozenset({4471}),4471,0.5384615384615384,True,2025-08,1,3733,1
WN,BUR,DEN,2025,8,925,13,7,0.0,"frozenset({1486, 1495})",1495,0.5384615384615384,True,2025-08,1,3734,1
WN,STL,DEN,2025,8,1120,13,8,0.0,"frozenset({4616, 1454})",1454,0.6153846153846154,True,2025-08,1,3735,1
AA,EWR,DFW,2025,8,998,31,17,1.0,"frozenset({813, 1878})",813,0.5483870967741935,True,2025-08,1,3736,1
WN,DEN,SAN,2025,8,1130,19,11,0.0,"frozenset({1721, 1004})",1721,0.5789473684210527,True,2025-08,1,3737,1
WN,MSY,DCA,2025,8,950,11,7,0.0,frozenset({2509}),2509,0.6363636363636364,True,2025-08,1,3738,1
WN,DEN,SDF,2025,8,1145,12,7,0.0,"frozenset({1664, 3559})",1664,0.5833333333333334,True,2025-08,1,3739,1
WN,DEN,SEA,2025,8,1140,11,7,0.0,"frozenset({2644, 4453})",2644,0.6363636363636364,True,2025-08,1,3740,1
WN,DEN,SFO,2025,8,1170,15,8,0.0,frozenset({2651}),2651,0.5333333333333333,True,2025-08,1,3741,1
AA,DFW,ATL,2025,8,995,14,8,1.0,frozenset({2403}),2403,0.5714285714285714,True,2025-08,3,2053,3
AA,DFW,LAX,2025,8,1119,27,14,2.0,frozenset({3007}),3007,0.5185185185185185,True,2025-08,1,3742,1
AA,DFW,LAX,2025,8,810,31,17,0.0,"frozenset({1706, 1484})",1706,0.5483870967741935,True,2025-08,1,3743,1
WN,MIA,MCO,2025,8,1045,23,12,0.0,"frozenset({2385, 2965})",2965,0.5217391304347826,True,2025-08,1,3744,1
AA,DFW,LAS,2025,8,1377,14,9,0.0,frozenset({2998}),2998,0.6428571428571429,True,2025-08,3,2023,3
WN,DEN,SLC,2025,8,1150,20,11,0.0,"frozenset({2049, 1907, 1436})",1907,0.55,True,2025-08,1,3745,1
AA,DFW,LAS,2025,8,1169,31,17,2.0,frozenset({1771}),1771,0.5483870967741935,True,2025-08,3,2032,3
AA,DFW,LAS,2025,8,1070,26,17,1.0,frozenset({884}),884,0.6538461538461539,True,2025-08,1,3746,1
WN,DEN,SMF,2025,8,1205,18,10,0.0,frozenset({3122}),3122,0.5555555555555556,True,2025-08,1,3747,1
WN,DEN,STL,2025,8,1125,13,8,1.0,"frozenset({2521, 3604, 2222})",2222,0.6153846153846154,True,2025-08,1,3748,1
WN,DEN,STL,2025,8,1250,12,8,0.0,"frozenset({3026, 2695})",2695,0.6666666666666666,True,2025-08,1,3749,1
WN,DEN,TPA,2025,8,1050,15,10,0.0,"frozenset({2082, 2837, 127})",2082,0.6666666666666666,True,2025-08,1,3750,1
WN,MDW,MSP,2025,8,730,11,6,0.0,frozenset({2341}),2341,0.5454545454545454,True,2025-08,1,3751,1
WN,MDW,MCO,2025,8,920,20,11,0.0,"frozenset({3803, 3260, 4551})",3260,0.55,True,2025-08,1,3752,1
AA,DFW,ABQ,2025,8,1375,14,8,2.0,frozenset({2564}),2564,0.5714285714285714,True,2025-08,2,3690,2
AA,DFW,ABQ,2025,8,1300,31,17,1.0,"frozenset({1321, 2564, 1062})",1321,0.5483870967741935,True,2025-08,1,3753,1
WN,OAK,DEN,2025,8,940,15,8,0.0,frozenset({1933}),1933,0.5333333333333333,True,2025-08,1,3754,1
AA,DEN,PHX,2025,8,1138,13,7,0.0,"frozenset({2602, 1309})",2602,0.5384615384615384,True,2025-08,1,3755,1
WN,DEN,MSY,2025,8,1205,17,10,1.0,"frozenset({5632, 1592, 843})",1592,0.5882352941176471,True,2025-08,1,3756,1
AA,DFW,MFE,2025,8,1083,14,9,2.0,frozenset({1803}),1803,0.6428571428571429,True,2025-08,1,3757,1
WN,PHX,TUL,2025,8,1135,13,9,0.0,"frozenset({1881, 2165})",2165,0.6923076923076923,True,2025-08,1,3758,1
WN,PHX,MSP,2025,8,1070,13,7,0.0,"frozenset({3840, 541})",541,0.5384615384615384,True,2025-08,1,3759,1
WN,DEN,OKC,2025,8,1170,12,9,0.0,"frozenset({1545, 2154})",1545,0.75,True,2025-08,1,3760,1
AA,DFW,MCO,2025,8,1149,31,19,2.0,"frozenset({1336, 2186})",1336,0.6129032258064516,True,2025-08,1,3761,1
AA,DFW,MCO,2025,8,1050,31,20,1.0,"frozenset({2186, 2974, 1294})",1294,0.6451612903225806,True,2025-08,1,3762,1
AA,DFW,MCO,2025,8,996,31,18,2.0,frozenset({2791}),2791,0.5806451612903226,True,2025-08,3,1983,3
AA,DFW,MCO,2025,8,694,31,21,1.0,"frozenset({1312, 1271})",1271,0.6774193548387096,True,2025-08,1,3763,1
WN,DEN,TUL,2025,8,1170,13,7,0.0,"frozenset({2700, 302})",2700,0.5384615384615384,True,2025-08,1,3764,1
AA,DCA,SAT,2025,8,1185,31,17,1.0,frozenset({1947}),1947,0.5483870967741935,True,2025-08,2,3716,2
WN,DEN,PDX,2025,8,1295,13,7,0.0,"frozenset({2698, 254})",254,0.5384615384615384,True,2025-08,1,3765,1
AA,DFW,MCI,2025,8,1265,26,15,0.0,frozenset({1036}),1036,0.5769230769230769,True,2025-08,3,1943,3
AA,DFW,MCI,2025,8,1060,30,16,1.0,"frozenset({2267, 2116})",2116,0.5333333333333333,True,2025-08,3,1953,3
AA,DEN,DFW,2025,8,1026,30,16,2.0,frozenset({1832}),1832,0.5333333333333333,True,2025-08,3,2009,3
AA,DEN,DFW,2025,8,1117,14,12,1.0,frozenset({1322}),1322,0.8571428571428571,True,2025-08,3,1999,3
WN,DEN,PHX,2025,8,1115,25,13,0.0,"frozenset({208, 3344, 3836, 3391})",3344,0.52,True,2025-08,1,3766,1
WN,ONT,DEN,2025,8,930,13,8,0.0,"frozenset({4136, 4489})",4489,0.6153846153846154,True,2025-08,1,3767,1
AA,DEN,ORD,2025,8,845,31,16,1.0,"frozenset({2889, 699})",2889,0.5161290322580645,True,2025-08,1,3768,1
AA,DEN,ORD,2025,8,1052,31,17,1.0,"frozenset({2712, 1775})",1775,0.5483870967741935,True,2025-08,1,3769,1
WN,DEN,PDX,2025,8,1150,23,12,0.0,"frozenset({1386, 1260, 846, 1083, 254})",846,0.5217391304347826,True,2025-08,1,3770,1
WN,PSP,DEN,2025,8,920,11,6,0.0,frozenset({4138}),4138,0.5454545454545454,True,2025-08,1,3771,1
AA,DFW,BOI,2025,8,1168,28,17,2.0,frozenset({1104}),1104,0.6071428571428571,True,2025-08,1,3772,1
AA,DFW,BOS,2025,8,956,14,10,0.0,"frozenset({1048, 2306})",2306,0.7142857142857143,True,2025-08,2,3426,2
WN,MCO,FLL,2025,8,1245,16,9,1.0,"frozenset({3322, 1893})",1893,0.5625,True,2025-08,1,3773,1
AA,DFW,GSO,2025,8,1155,31,17,2.0,frozenset({1316}),1316,0.5483870967741935,True,2025-08,1,3774,1
WN,MCO,DEN,2025,8,1090,16,10,0.0,"frozenset({793, 3579})",3579,0.625,True,2025-08,1,3775,1
WN,MCO,DCA,2025,8,1205,26,14,0.0,"frozenset({673, 4212, 806, 1879})",4212,0.5384615384615384,True,2025-08,1,3776,1
WN,LAS,DEN,2025,8,945,17,10,0.0,"frozenset({472, 3147, 2235, 3146})",3146,0.5882352941176471,True,2025-08,1,3777,1
WN,MCO,DAL,2025,8,1225,17,10,0.0,"frozenset({1201, 3349, 237, 286})",237,0.5882352941176471,True,2025-08,1,3778,1
WN,MCO,DAL,2025,8,1020,20,11,0.0,"frozenset({268, 237, 3695, 3731, 55})",237,0.55,True,2025-08,1,3779,1
WN,MCO,BWI,2025,8,1275,15,8,0.0,"frozenset({3569, 1499, 3564})",3569,0.5333333333333333,True,2025-08,1,3780,1
WN,MCO,BUF,2025,8,1230,12,7,0.0,frozenset({1178}),1178,0.5833333333333334,True,2025-08,1,3781,1
WN,LAX,DEN,2025,8,915,18,11,0.0,"frozenset({2896, 4248, 3151})",3151,0.6111111111111112,True,2025-08,1,3782,1
AA,DFW,DEN,2025,8,1005,31,20,2.0,frozenset({1322}),1322,0.6451612903225806,True,2025-08,4,764,4
WN,MCI,DEN,2025,8,1040,23,13,0.0,"frozenset({341, 1286, 2535})",341,0.5652173913043478,True,2025-08,1,3783,1
WN,LGA,DEN,2025,8,1055,14,11,0.0,"frozenset({1888, 2309})",1888,0.7857142857142857,True,2025-08,1,3784,1
AA,DFW,ELP,2025,8,1140,31,16,2.0,"frozenset({841, 555})",555,0.5161290322580645,True,2025-08,1,3785,1
AA,DFW,DEN,2025,8,1128,31,19,0.0,frozenset({2235}),2235,0.6129032258064516,True,2025-08,4,763,4
AA,DFW,DEN,2025,8,1270,31,16,2.0,frozenset({577}),577,0.5161290322580645,True,2025-08,2,3518,2
AA,DFW,DEN,2025,8,1355,14,9,0.0,frozenset({662}),662,0.6428571428571429,True,2025-08,4,757,4
WN,LGB,DEN,2025,8,925,13,8,0.0,"frozenset({714, 3470})",3470,0.6153846153846154,True,2025-08,1,3786,1
AA,DFW,DTW,2025,8,797,26,15,1.0,"frozenset({2074, 1355})",2074,0.5769230769230769,True,2025-08,1,3787,1
WN,MCO,HOU,2025,8,1045,14,8,0.0,frozenset({2211}),2211,0.5714285714285714,True,2025-08,1,3788,1
WN,MCO,LAX,2025,8,1065,14,8,0.0,frozenset({3648}),3648,0.5714285714285714,True,2025-08,1,3789,1
AA,DFW,COS,2025,8,1375,13,7,1.0,frozenset({790}),790,0.5384615384615384,True,2025-08,1,3790,1
WN,AUS,MCO,2025,8,975,16,12,0.0,"frozenset({673, 1994, 4363, 2166, 123})",673,0.75,True,2025-08,1,3791,1
AA,DFW,BUF,2025,8,1117,30,16,0.0,frozenset({574}),574,0.5333333333333333,True,2025-08,1,3792,1
WN,ELP,PHX,2025,8,1220,14,8,0.0,"frozenset({945, 1903})",1903,0.5714285714285714,True,2025-08,1,3793,1
WN,EUG,DEN,2025,8,895,11,7,0.0,frozenset({200}),200,0.6363636363636364,True,2025-08,1,3794,1
AA,DFW,IND,2025,8,1129,26,15,1.0,frozenset({2800}),2800,0.5769230769230769,True,2025-08,1,3795,1
AA,DFW,CLE,2025,8,1259,13,7,1.0,frozenset({2818}),2818,0.5384615384615384,True,2025-08,1,3796,1
WN,MCO,STL,2025,8,1005,11,6,0.0,frozenset({244}),244,0.5454545454545454,True,2025-08,1,3797,1
WN,MCO,SJU,2025,8,1070,12,8,0.0,frozenset({3632}),3632,0.6666666666666666,True,2025-08,1,3798,1
WN,GEG,DEN,2025,8,915,12,8,0.0,"frozenset({1362, 324})",324,0.6666666666666666,True,2025-08,1,3799,1
WN,MCO,RSW,2025,8,1255,14,8,0.0,frozenset({3714}),3714,0.5714285714285714,True,2025-08,1,3800,1
AA,DFW,JAX,2025,8,1142,23,15,0.0,"frozenset({679, 2263})",679,0.6521739130434783,True,2025-08,1,3801,1
WN,MCO,RIC,2025,8,1170,11,6,0.0,frozenset({3620}),3620,0.5454545454545454,True,2025-08,1,3802,1
WN,HOU,DEN,2025,8,895,15,8,0.0,"frozenset({2896, 3053, 2535})",2896,0.5333333333333333,True,2025-08,1,3803,1
AA,DFW,IAH,2025,8,1046,14,10,1.0,frozenset({1635}),1635,0.7142857142857143,True,2025-08,3,2328,3
AA,DFW,IAH,2025,8,930,17,9,0.0,frozenset({1635}),1635,0.5294117647058824,True,2025-08,3,2328,3
WN,MCO,PIT,2025,8,1175,16,9,1.0,"frozenset({3747, 1295})",1295,0.5625,True,2025-08,1,3804,1
AA,DFW,IAD,2025,8,797,14,8,1.0,frozenset({1863}),1863,0.5714285714285714,True,2025-08,2,2572,2
WN,ICT,DEN,2025,8,965,16,11,0.0,"frozenset({2001, 2547, 2399})",2399,0.6875,True,2025-08,1,3805,1
WN,IND,MCO,2025,8,1205,12,7,0.0,"frozenset({2659, 2515})",2515,0.5833333333333334,True,2025-08,1,3806,1
WN,MCO,MKE,2025,8,1175,24,15,0.0,"frozenset({3536, 1561, 1221})",1221,0.625,True,2025-08,1,3807,1
WN,MCO,MDW,2025,8,1060,14,8,1.0,"frozenset({1972, 3595, 3724})",3595,0.5714285714285714,True,2025-08,1,3808,1
WN,MCO,RDU,2025,8,1180,16,11,0.0,"frozenset({1066, 2174})",2174,0.6875,True,2025-08,1,3809,1
AA,FCA,ORD,2025,8,1017,22,15,0.0,"frozenset({3016, 2743})",3016,0.6818181818181818,True,2025-08,1,3810,1
AA,DCA,MCO,2025,8,1054,31,17,2.0,frozenset({2139}),2139,0.5483870967741935,True,2025-08,4,556,4
WN,DEN,MKE,2025,8,1040,15,8,0.0,frozenset({3024}),3024,0.5333333333333333,True,2025-08,1,3811,2
AA,DFW,SLC,2025,8,1060,31,20,1.0,frozenset({558}),558,0.6451612903225806,True,2025-08,2,2874,2
AA,DFW,SLC,2025,8,812,31,19,2.0,frozenset({1456}),1456,0.6129032258064516,True,2025-08,1,3812,1
AA,CLT,MCO,2025,8,1023,31,17,0.0,"frozenset({1682, 1660})",1682,0.5483870967741935,True,2025-08,2,3102,2
AA,DFW,SFO,2025,8,1350,14,9,1.0,frozenset({446}),446,0.6428571428571429,True,2025-08,3,2227,3
AA,DFW,SFO,2025,8,1267,22,15,1.0,"frozenset({2522, 2430})",2522,0.6818181818181818,True,2025-08,1,3813,1
AA,CLT,MCO,2025,8,1085,30,17,0.0,frozenset({612}),612,0.5666666666666667,True,2025-08,3,1984,3
AA,CLT,MCO,2025,8,1218,15,10,0.0,frozenset({3200}),3200,0.6666666666666666,True,2025-08,3,2184,3
AA,CLT,MEM,2025,8,1170,13,8,0.0,frozenset({1641}),1641,0.6153846153846154,True,2025-08,1,3814,1
WN,DAL,ECP,2025,8,1175,11,7,0.0,frozenset({2163}),2163,0.6363636363636364,True,2025-08,1,3815,1
AA,DFW,SEA,2025,8,1250,13,7,1.0,frozenset({1809}),1809,0.5384615384615384,True,2025-08,1,3816,1
AA,DFW,SAV,2025,8,901,14,9,1.0,"frozenset({2611, 3246})",2611,0.6428571428571429,True,2025-08,1,3817,1
AA,CLT,ORD,2025,8,1040,13,7,0.0,frozenset({2488}),2488,0.5384615384615384,True,2025-08,2,3218,2
AA,DFW,SAT,2025,8,1316,31,17,3.0,frozenset({3097}),3097,0.5483870967741935,True,2025-08,1,3818,1
AA,DFW,SAT,2025,8,1130,25,15,2.0,frozenset({2368}),2368,0.6,True,2025-08,1,3819,1
AA,DFW,SAT,2025,8,997,31,16,1.0,frozenset({2374}),2374,0.5161290322580645,True,2025-08,1,3820,1
AA,DFW,SAN,2025,8,1379,14,9,0.0,"frozenset({2568, 1037})",2568,0.6428571428571429,True,2025-08,3,2118,3
AA,DFW,SAN,2025,8,1243,14,8,1.0,frozenset({1798}),1798,0.5714285714285714,True,2025-08,1,3821,1
WN,STL,HOU,2025,8,1135,13,10,0.0,"frozenset({2019, 3638})",3638,0.7692307692307693,True,2025-08,1,3822,1
WN,STL,DEN,2025,8,1030,26,14,0.0,"frozenset({1961, 898, 2811})",898,0.5384615384615384,True,2025-08,1,3823,1
AA,DFW,SLC,2025,8,1270,31,17,3.0,"frozenset({2993, 2378})",2378,0.5483870967741935,True,2025-08,2,2875,2
AA,DFW,SLC,2025,8,1350,14,10,0.0,frozenset({2378}),2378,0.7142857142857143,True,2025-08,2,2875,2
AA,DFW,SMF,2025,8,1145,28,19,1.0,"frozenset({2386, 2349})",2349,0.6785714285714286,True,2025-08,1,3824,1
AA,DFW,SNA,2025,8,1245,13,9,1.0,frozenset({348}),348,0.6923076923076923,True,2025-08,1,3825,1
AA,CLE,PHL,2025,8,968,22,14,0.0,frozenset({1571}),1571,0.6363636363636364,True,2025-08,1,3826,1
AA,CLT,ATL,2025,8,1045,13,7,0.0,frozenset({763}),763,0.5384615384615384,True,2025-08,1,3827,1
WN,BWI,MCO,2025,8,1020,16,11,0.0,"frozenset({1785, 1771})",1785,0.6875,True,2025-08,1,3828,1
YX,JAX,EWR,2025,8,1140,25,13,1.0,frozenset({3681}),3681,0.52,True,2025-08,1,3829,1
AA,DFW,VPS,2025,8,995,31,20,2.0,frozenset({2673}),2673,0.6451612903225806,True,2025-08,1,3830,1
AA,CLT,BOS,2025,8,1029,18,10,0.0,"frozenset({2595, 1422})",2595,0.5555555555555556,True,2025-08,1,3831,1
AA,DFW,TUS,2025,8,1150,14,8,1.0,frozenset({1207}),1207,0.5714285714285714,True,2025-08,2,2696,2
AA,DFW,TUL,2025,8,1130,17,9,1.0,frozenset({2014}),2014,0.5294117647058824,True,2025-08,1,3832,1
AA,DFW,TPA,2025,8,1124,31,17,1.0,frozenset({2401}),2401,0.5483870967741935,True,2025-08,2,2966,2
AA,CLT,PVD,2025,8,1096,13,7,0.0,"frozenset({2318, 2566})",2566,0.5384615384615384,True,2025-08,1,3833,1
YX,DTW,EWR,2025,8,1060,21,11,1.0,"frozenset({3425, 3569})",3569,0.5238095238095238,True,2025-08,1,3834,1
WN,BWI,SJU,2025,8,1165,11,6,0.0,frozenset({2802}),2802,0.5454545454545454,True,2025-08,1,3835,1
WN,BZN,DEN,2025,8,1020,15,9,0.0,"frozenset({920, 1984})",1984,0.6,True,2025-08,1,3836,1
WN,CHS,DEN,2025,8,985,12,7,0.0,"frozenset({1531, 2012})",1531,0.5833333333333334,True,2025-08,1,3837,1
AA,CLT,EWR,2025,8,1243,29,15,0.0,frozenset({2794}),2794,0.5172413793103449,True,2025-08,3,2063,3
WN,CLE,DEN,2025,8,1060,11,6,0.0,frozenset({2262}),2262,0.5454545454545454,True,2025-08,1,3838,1
AA,CLT,IND,2025,8,994,17,10,0.0,frozenset({1981}),1981,0.5882352941176471,True,2025-08,1,3839,1
AA,DFW,SYR,2025,8,1110,31,16,1.0,frozenset({421}),421,0.5161290322580645,True,2025-08,1,3840,1
AA,DFW,STL,2025,8,1119,31,18,1.0,"frozenset({2761, 1363})",1363,0.5806451612903226,True,2025-08,1,3841,1
AA,DFW,STL,2025,8,903,26,15,1.0,frozenset({2487}),2487,0.5769230769230769,True,2025-08,1,3842,1
AA,CLT,DFW,2025,8,1215,15,8,1.0,frozenset({3124}),3124,0.5333333333333333,True,2025-08,1,3843,1
WN,DEN,MKE,2025,8,1180,15,9,0.0,"frozenset({1368, 1348, 2630})",1348,0.6,True,2025-08,1,3844,1
WN,DEN,ALB,2025,8,1070,18,10,0.0,"frozenset({1891, 2126})",2126,0.5555555555555556,True,2025-08,1,3845,1
AA,DFW,PIT,2025,8,904,14,8,0.0,frozenset({1868}),1868,0.5714285714285714,True,2025-08,1,3846,1
WN,SAN,SFO,2025,8,1250,18,13,0.0,"frozenset({1624, 1721, 1506, 3292})",1721,0.7222222222222222,True,2025-08,1,3847,2
WN,DEN,IAD,2025,8,1050,18,11,0.0,"frozenset({360, 1869})",1869,0.6111111111111112,True,2025-08,1,3848,1
AA,DFW,OMA,2025,8,1266,14,8,0.0,frozenset({2628}),2628,0.5714285714285714,True,2025-08,1,3849,1
WN,DEN,ICT,2025,8,1170,12,8,0.0,"frozenset({3728, 290})",290,0.6666666666666666,True,2025-08,1,3850,2
AA,DFW,OMA,2025,8,1023,13,8,1.0,frozenset({2270}),2270,0.6153846153846154,True,2025-08,1,3851,1
AA,DFW,OKC,2025,8,1375,14,8,2.0,frozenset({2734}),2734,0.5714285714285714,True,2025-08,1,3852,1
WN,SAN,DEN,2025,8,920,20,12,0.0,"frozenset({3715, 581, 3999})",3999,0.6,True,2025-08,1,3853,1
WN,DEN,IND,2025,8,780,11,6,0.0,"frozenset({4552, 2474})",2474,0.5454545454545454,True,2025-08,1,3854,1
WN,DEN,IND,2025,8,1060,20,14,0.0,"frozenset({3229, 3239})",3239,0.7,True,2025-08,1,3855,1
AA,DFW,OKC,2025,8,1022,26,17,2.0,frozenset({2812}),2812,0.6538461538461539,True,2025-08,1,3856,1
WN,DEN,LAS,2025,8,1180,22,13,1.0,"frozenset({40, 910, 3655})",910,0.5909090909090909,True,2025-08,1,3857,1
WN,DEN,MCI,2025,8,1175,12,8,0.0,"frozenset({4276, 1982})",4276,0.6666666666666666,True,2025-08,1,3858,1
AA,DFW,MSP,2025,8,1280,30,16,2.0,frozenset({3149}),3149,0.5333333333333333,True,2025-08,1,3859,1
WN,RSW,MCO,2025,8,1025,10,6,0.0,frozenset({4506}),4506,0.6,True,2025-08,1,3860,1
AA,DFW,MSN,2025,8,1265,31,18,1.0,frozenset({876}),876,0.5806451612903226,True,2025-08,1,3861,1
WN,DEN,MDW,2025,8,1040,31,16,0.0,"frozenset({1465, 2618, 2537, 1981})",1465,0.5161290322580645,True,2025-08,1,3862,1
AA,DFW,MIA,2025,8,1139,31,17,1.0,frozenset({2959}),2959,0.5483870967741935,True,2025-08,2,2417,2
AA,DFW,MIA,2025,8,1000,31,16,1.0,frozenset({3308}),3308,0.5161290322580645,True,2025-08,1,3863,1
AA,DFW,MIA,2025,8,879,31,18,1.0,frozenset({1167}),1167,0.5806451612903226,True,2025-08,2,2421,2
WN,DEN,HOU,2025,8,1175,16,9,0.0,"frozenset({2465, 3284, 597})",2465,0.5625,True,2025-08,1,3864,1
AA,CVG,DFW,2025,8,1223,14,9,1.0,"frozenset({3073, 1348})",1348,0.6428571428571429,True,2025-08,1,3865,1
WN,SEA,DEN,2025,8,880,17,12,0.0,"frozenset({2795, 4579})",4579,0.7058823529411765,True,2025-08,1,3866,1
WN,SEA,DEN,2025,8,980,12,7,0.0,"frozenset({4460, 2519})",2519,0.5833333333333334,True,2025-08,1,3867,2
AA,DFW,PHL,2025,8,920,31,20,2.0,frozenset({410}),410,0.6451612903225806,True,2025-08,1,3868,1
WN,DEN,BNA,2025,8,1175,11,6,0.0,frozenset({2412}),2412,0.5454545454545454,True,2025-08,1,3869,1
WN,DEN,BUF,2025,8,1050,16,12,0.0,"frozenset({1396, 3156})",1396,0.75,True,2025-08,1,3870,2
WN,DEN,BUR,2025,8,1210,21,12,0.0,"frozenset({930, 203, 2644, 2485})",203,0.5714285714285714,True,2025-08,1,3871,1
AA,DFW,PDX,2025,8,1165,30,22,2.0,frozenset({2298}),2298,0.7333333333333333,True,2025-08,2,2904,2
WN,SJC,DEN,2025,8,910,13,7,0.0,"frozenset({3194, 2443})",2443,0.5384615384615384,True,2025-08,1,3872,1
WN,DEN,CMH,2025,8,1170,11,7,0.0,frozenset({380}),380,0.6363636363636364,True,2025-08,1,3873,1
AA,CLT,TPA,2025,8,1218,16,9,0.0,frozenset({2022}),2022,0.5625,True,2025-08,1,3874,1
WN,SFO,PHX,2025,8,1190,11,6,0.0,frozenset({4275}),4275,0.5454545454545454,True,2025-08,1,3875,1
AA,DFW,PNS,2025,8,1015,13,7,1.0,frozenset({1351}),1351,0.5384615384615384,True,2025-08,2,2923,2
AA,DFW,ORD,2025,8,810,13,8,0.0,"frozenset({1425, 2988})",2988,0.6153846153846154,True,2025-08,1,3876,1
AA,CLT,XNA,2025,8,1365,15,9,0.0,"frozenset({2400, 2434})",2400,0.6,True,2025-08,1,3877,1
WN,SFO,DEN,2025,8,950,15,11,0.0,"frozenset({5632, 1322, 3308})",1322,0.7333333333333333,True,2025-08,1,3878,2
WN,DEN,DAL,2025,8,1090,22,14,0.0,"frozenset({2808, 3113, 900})",900,0.6363636363636364,True,2025-08,1,3879,1
WN,DEN,DSM,2025,8,1055,15,8,0.0,frozenset({3008}),3008,0.5333333333333333,True,2025-08,1,3880,1
WN,SFO,BNA,2025,8,610,11,8,0.0,frozenset({1166}),1166,0.7272727272727273,True,2025-08,1,3881,2
WN,DEN,DTW,2025,8,1050,16,10,0.0,"frozenset({921, 1071})",921,0.625,True,2025-08,1,3882,2
AA,DFW,ONT,2025,8,1267,12,9,0.0,"frozenset({1162, 1759})",1759,0.75,True,2025-08,1,3883,1
AA,DFW,ONT,2025,8,1050,31,17,0.0,frozenset({3006}),3006,0.5483870967741935,True,2025-08,2,2441,2
AA,COS,DFW,2025,8,1044,27,14,1.0,frozenset({1170}),1170,0.5185185185185185,True,2025-08,1,3884,1
WN,SFO,LAX,2025,8,1245,17,13,0.0,"frozenset({4481, 2084, 3660})",2084,0.7647058823529411,True,2025-08,1,3885,2
WN,MCO,MCI,2025,8,1175,24,13,0.0,"frozenset({353, 3586, 3275})",3586,0.5416666666666666,True,2025-08,1,3886,1
DL,MCO,DTW,2025,8,1194,10,6,0.0,frozenset({2298}),2298,0.6,True,2025-08,2,3527,2
AS,SEA,ORD,2025,8,640,31,16,0.0,frozenset({429}),429,0.5161290322580645,True,2025-08,1,3887,1
OO,IDA,DEN,2025,8,973,30,17,1.0,frozenset({5237}),5237,0.5666666666666667,True,2025-08,2,2602,2
AA,PHL,MCO,2025,8,1150,27,14,0.0,"frozenset({1673, 2531})",1673,0.5185185185185185,True,2025-08,3,1944,3
UA,CLT,EWR,2025,8,1192,25,14,1.0,"frozenset({1579, 2094})",1579,0.56,True,2025-08,2,3010,2
F9,AUS,ATL,2025,8,1051,21,12,4.0,frozenset({4702}),4702,0.5714285714285714,True,2025-08,3,1291,3
OO,ICT,ORD,2025,8,1164,21,12,2.0,frozenset({6364}),6364,0.5714285714285714,True,2025-08,1,3888,1
OO,ICT,DEN,2025,8,1050,31,17,1.0,frozenset({5597}),5597,0.5483870967741935,True,2025-08,1,3889,1
AA,OMA,DFW,2025,8,1173,13,9,1.0,frozenset({2270}),2270,0.6923076923076923,True,2025-08,1,3890,1
OO,IAH,ASE,2025,8,730,18,10,1.0,frozenset({5354}),5354,0.5555555555555556,True,2025-08,1,3891,1
OO,GRR,ORD,2025,8,1163,17,9,1.0,frozenset({6423}),6423,0.5294117647058824,True,2025-08,1,3892,1
AA,MSY,DFW,2025,8,1119,31,17,1.0,"frozenset({2224, 1785})",1785,0.5483870967741935,True,2025-08,1,3893,1
F9,ATL,SJU,2025,8,625,23,14,0.0,frozenset({2082}),2082,0.6086956521739131,True,2025-08,1,3894,1
OO,GRR,ORD,2025,8,1010,26,15,1.0,frozenset({4966}),4966,0.5769230769230769,True,2025-08,1,3895,1
OO,GJT,DEN,2025,8,1075,31,16,1.0,frozenset({5755}),5755,0.5161290322580645,True,2025-08,1,3896,1
AA,MSN,DFW,2025,8,1069,30,17,0.0,frozenset({1826}),1826,0.5666666666666667,True,2025-08,1,3897,2
OO,HYS,DEN,2025,8,1157,22,12,2.0,"frozenset({5065, 5083})",5083,0.5454545454545454,True,2025-08,1,3898,1
UA,DEN,OMA,2025,8,1229,13,7,0.0,frozenset({1787}),1787,0.5384615384615384,True,2025-08,1,3899,1
AA,OMA,ORD,2025,8,1183,14,8,1.0,frozenset({2319}),2319,0.5714285714285714,True,2025-08,1,3900,1
F9,BNA,ORD,2025,8,907,11,6,0.0,frozenset({3080}),3080,0.5454545454545454,True,2025-08,1,3901,1
OO,LIT,ORD,2025,8,1171,16,9,1.0,frozenset({6426}),6426,0.5625,True,2025-08,1,3902,1
OO,LIT,DEN,2025,8,1000,31,18,0.0,frozenset({5369}),5369,0.5806451612903226,True,2025-08,4,520,4
AA,ORD,CLE,2025,8,1331,21,15,3.0,frozenset({2923}),2923,0.7142857142857143,True,2025-08,3,2191,3
OO,LEX,ORD,2025,8,1139,28,16,2.0,"frozenset({6314, 6452})",6452,0.5714285714285714,True,2025-08,1,3903,1
UA,BOS,EWR,2025,8,733,12,7,1.0,"frozenset({1219, 2454})",1219,0.5833333333333334,True,2025-08,1,3904,1
UA,BOS,EWR,2025,8,1144,25,13,0.0,"frozenset({521, 1308})",1308,0.52,True,2025-08,3,1471,3
AA,ORD,AUS,2025,8,1275,28,17,4.0,frozenset({935}),935,0.6071428571428571,True,2025-08,2,3004,2
OO,LBL,DEN,2025,8,1170,31,17,2.0,"frozenset({5110, 5095})",5095,0.5483870967741935,True,2025-08,1,3905,1
OO,LBF,DEN,2025,8,1155,23,12,2.0,"frozenset({5097, 5090})",5097,0.5217391304347826,True,2025-08,1,3906,1
OO,LBB,DEN,2025,8,1055,29,20,1.0,frozenset({5989}),5989,0.6896551724137931,True,2025-08,3,1850,3
UA,BWI,ORD,2025,8,1040,31,18,0.0,frozenset({590}),590,0.5806451612903226,True,2025-08,2,3016,2
OO,LAR,DEN,2025,8,1100,31,17,0.0,frozenset({5031}),5031,0.5483870967741935,True,2025-08,1,3907,1
OO,JLN,DEN,2025,8,1104,31,17,1.0,"frozenset({5123, 5070})",5070,0.5483870967741935,True,2025-08,1,3908,1
AA,PHL,MCO,2025,8,982,26,14,0.0,frozenset({2141}),2141,0.5384615384615384,True,2025-08,3,1945,3
AA,PHL,FLL,2025,8,1204,31,16,1.0,frozenset({1864}),1864,0.5161290322580645,True,2025-08,2,2600,2
OO,LNK,DEN,2025,8,1053,31,17,1.0,frozenset({5431}),5431,0.5483870967741935,True,2025-08,4,514,4
AA,MIA,STL,2025,8,1329,31,17,0.0,frozenset({1594}),1594,0.5483870967741935,True,2025-08,1,3909,1
UA,DFW,IAH,2025,8,860,11,6,0.0,frozenset({1312}),1312,0.5454545454545454,True,2025-08,1,3910,1
OO,DSM,ORD,2025,8,1130,18,10,2.0,frozenset({5244}),5244,0.5555555555555556,True,2025-08,1,3911,1
OO,DSM,ORD,2025,8,1034,17,10,1.0,frozenset({6398}),6398,0.5882352941176471,True,2025-08,1,3912,1
UA,IAH,CHS,2025,8,1150,18,10,0.0,"frozenset({738, 1381})",738,0.5555555555555556,True,2025-08,1,3913,1
AA,MCO,PHX,2025,8,1071,15,10,0.0,frozenset({2226}),2226,0.6666666666666666,True,2025-08,2,2736,2
F9,ATL,MCO,2025,8,1112,14,9,0.0,frozenset({3508}),3508,0.6428571428571429,True,2025-08,3,1061,3
AA,MCO,PHL,2025,8,1047,31,21,0.0,frozenset({2502}),2502,0.6774193548387096,True,2025-08,4,971,4
B6,MCO,HPN,2025,8,994,24,13,0.0,frozenset({1694}),1694,0.5416666666666666,True,2025-08,1,3914,1
B6,MCO,EWR,2025,8,1230,31,16,0.0,frozenset({2128}),2128,0.5161290322580645,True,2025-08,2,3584,2
AA,MCO,ORD,2025,8,1057,31,23,1.0,"frozenset({3232, 2153})",3232,0.7419354838709677,True,2025-08,1,3915,1
B6,MCO,EWR,2025,8,1020,26,14,0.0,frozenset({1728}),1728,0.5384615384615384,True,2025-08,4,681,4
AA,MCO,MIA,2025,8,1165,31,24,0.0,"frozenset({1317, 2886})",1317,0.7741935483870968,True,2025-08,1,3916,1
F9,ATL,JFK,2025,8,1335,31,17,1.0,frozenset({4818}),4818,0.5483870967741935,True,2025-08,4,919,4
B6,MCO,BQN,2025,8,1264,31,16,0.0,frozenset({430}),430,0.5161290322580645,True,2025-08,1,3917,1
AA,MCO,LAX,2025,8,1160,24,16,0.0,frozenset({1205}),1205,0.6666666666666666,True,2025-08,3,2362,3
AA,MCO,ORD,2025,8,1152,21,16,1.0,frozenset({1247}),1247,0.7619047619047619,True,2025-08,4,978,4
UA,DFW,EWR,2025,8,1040,25,13,1.0,"frozenset({1856, 2726})",1856,0.52,True,2025-08,1,3918,1
AA,MEM,MIA,2025,8,1060,30,16,0.0,"frozenset({3307, 3199})",3307,0.5333333333333333,True,2025-08,1,3919,1
B6,MCO,JFK,2025,8,1140,31,17,1.0,frozenset({2984}),2984,0.5483870967741935,True,2025-08,3,2108,3
AA,MIA,MCO,2025,8,1147,23,16,1.0,frozenset({2803}),2803,0.6956521739130435,True,2025-08,2,2987,2
AA,MIA,MCO,2025,8,1042,31,17,0.0,frozenset({2147}),2147,0.5483870967741935,True,2025-08,2,2990,2
OH,CLT,ABE,2025,8,1197,13,7,0.0,frozenset({5671}),5671,0.5384615384615384,True,2025-08,1,3920,1
OO,FSD,DEN,2025,8,1129,12,7,1.0,frozenset({5433}),5433,0.5833333333333334,True,2025-08,1,3921,1
OO,FNT,ORD,2025,8,1212,16,11,1.0,frozenset({4973}),4973,0.6875,True,2025-08,1,3922,1
AA,PHL,SAT,2025,8,1135,26,14,2.0,frozenset({2058}),2058,0.5384615384615384,True,2025-08,1,3923,1
UA,IAD,MCO,2025,8,1035,31,16,0.0,frozenset({2463}),2463,0.5161290322580645,True,2025-08,1,3924,1
B6,MSY,BOS,2025,8,868,12,8,0.0,frozenset({400}),400,0.6666666666666666,True,2025-08,1,3925,1
B6,MCO,RIC,2025,8,1055,27,14,0.0,frozenset({770}),770,0.5185185185185185,True,2025-08,1,3926,1
B6,MCO,JFK,2025,8,1265,31,19,1.0,frozenset({384}),384,0.6129032258064516,True,2025-08,2,3619,2
AA,MIA,ATL,2025,8,1002,31,19,0.0,"frozenset({2932, 2124})",2124,0.6129032258064516,True,2025-08,1,3927,1
AA,MFE,DFW,2025,8,1212,14,8,2.0,"frozenset({1803, 1943})",1943,0.5714285714285714,True,2025-08,1,3928,1
AA,MEM,ORD,2025,8,1009,14,10,0.0,frozenset({2098}),2098,0.7142857142857143,True,2025-08,1,3929,1
UA,IAD,EWR,2025,8,1045,31,16,1.0,"frozenset({2429, 2366})",2366,0.5161290322580645,True,2025-08,2,2686,2
AA,MIA,DFW,2025,8,957,31,21,1.0,frozenset({1199}),1199,0.6774193548387096,True,2025-08,1,3930,1
AA,ORD,DEN,2025,8,1115,26,14,1.0,frozenset({1387}),1387,0.5384615384615384,True,2025-08,3,2176,4
OO,MAF,DEN,2025,8,1038,29,15,1.0,"frozenset({5472, 5211})",5211,0.5172413793103449,True,2025-08,1,3931,1
F9,BWI,SJU,2025,8,771,11,8,0.0,frozenset({2266}),2266,0.7272727272727273,True,2025-08,3,1263,3
F9,SJU,PHL,2025,8,59,27,17,3.0,frozenset({1015}),1015,0.6296296296296297,True,2025-08,2,3393,2
F9,SJU,ATL,2025,8,908,23,12,0.0,frozenset({2871}),2871,0.5217391304347826,True,2025-08,1,3932,1
F9,SAN,LAS,2025,8,783,13,8,1.0,"frozenset({1466, 1326})",1466,0.6153846153846154,True,2025-08,2,3382,2
F9,PNS,DEN,2025,8,989,14,11,0.0,frozenset({2443}),2443,0.7857142857142857,True,2025-08,2,3386,2
OO,RST,ORD,2025,8,1105,17,10,1.0,"frozenset({4888, 6482})",6482,0.5882352941176471,True,2025-08,1,3933,1
DL,ATL,MCO,2025,8,1160,25,14,0.0,frozenset({2881}),2881,0.56,True,2025-08,3,2086,3
OO,RIC,ORD,2025,8,1208,21,11,1.0,"frozenset({4933, 4990})",4933,0.5238095238095238,True,2025-08,1,3934,1
DL,ATL,MCO,2025,8,1100,24,16,0.0,frozenset({2035}),2035,0.6666666666666666,True,2025-08,1,3935,1
AA,ORD,SEA,2025,8,705,31,17,1.0,"frozenset({3266, 2461})",2461,0.5483870967741935,True,2025-08,1,3936,1
F9,MIA,BWI,2025,8,950,11,6,0.0,frozenset({2940}),2940,0.5454545454545454,True,2025-08,1,3937,1
AA,ORD,JAX,2025,8,1135,30,16,2.0,"frozenset({2096, 3129})",3129,0.5333333333333333,True,2025-08,1,3938,1
DL,ATL,JAX,2025,8,920,10,6,0.0,frozenset({2720}),2720,0.6,True,2025-08,1,3939,1
F9,MCO,LAS,2025,8,1165,13,7,0.0,frozenset({1727}),1727,0.5384615384615384,True,2025-08,1,3940,1
F9,MCO,ISP,2025,8,1015,11,8,1.0,frozenset({4532}),4532,0.7272727272727273,True,2025-08,1,3941,1
OO,ORD,FNT,2025,8,1245,16,9,2.0,frozenset({4972}),4972,0.5625,True,2025-08,1,3942,1
F9,MCO,ATL,2025,8,1300,17,12,0.0,"frozenset({4025, 1241, 3975})",4025,0.7058823529411765,True,2025-08,1,3943,1
F9,SJU,PHL,2025,8,779,11,6,0.0,frozenset({1165}),1165,0.5454545454545454,True,2025-08,2,3394,2
OO,RAP,DEN,2025,8,925,31,17,1.0,frozenset({5545}),5545,0.5483870967741935,True,2025-08,1,3944,1
AA,ORD,MCO,2025,8,1030,31,16,0.0,"frozenset({2634, 486})",2634,0.5161290322580645,True,2025-08,1,3945,1
AA,ORD,MCO,2025,8,1140,24,13,2.0,frozenset({3176}),3176,0.5416666666666666,True,2025-08,2,2889,2
AA,ORD,MEM,2025,8,860,14,8,0.0,frozenset({2394}),2394,0.5714285714285714,True,2025-08,1,3946,1
F9,TPA,DEN,2025,8,1310,11,6,0.0,"frozenset({2745, 2747})",2745,0.5454545454545454,True,2025-08,1,3947,1
AA,ORD,OMA,2025,8,1335,19,14,1.0,"frozenset({3198, 3334})",3334,0.7368421052631579,True,2025-08,1,3948,1
G4,SFB,AVL,2025,8,897,11,7,0.0,"frozenset({217, 1890, 1842, 1863})",1890,0.6363636363636364,True,2025-08,1,3949,1
F9,SJU,TPA,2025,8,1063,11,9,0.0,frozenset({2215}),2215,0.8181818181818182,True,2025-08,1,3950,1
OO,ORD,MKE,2025,8,1214,22,12,2.0,"frozenset({6257, 6366})",6257,0.5454545454545454,True,2025-08,1,3951,1
G4,USA,SFB,2025,8,1312,12,10,0.0,"frozenset({2947, 1226, 2858, 2894, 1230, 1203, 1304, 1309})",2894,0.8333333333333334,True,2025-08,1,3952,1
HA,ANC,SEA,2025,8,170,20,11,0.0,frozenset({698}),698,0.55,True,2025-08,2,3349,2
HA,SEA,HNL,2025,8,1240,31,17,0.0,frozenset({669}),669,0.5483870967741935,True,2025-08,3,1028,3
AA,ORD,LGA,2025,8,1092,27,15,3.0,frozenset({774}),774,0.5555555555555556,True,2025-08,2,2928,2
AA,ORD,LGA,2025,8,800,23,14,0.0,frozenset({2041}),2041,0.6086956521739131,True,2025-08,1,3953,1
DL,ATL,MSY,2025,8,1305,14,8,0.0,frozenset({2072}),2072,0.5714285714285714,True,2025-08,2,3121,2
OO,PVD,ORD,2025,8,1058,15,9,1.0,frozenset({6354}),6354,0.6,True,2025-08,1,3954,1
AA,ORD,SYR,2025,8,1170,26,21,1.0,frozenset({2755}),2755,0.8076923076923077,True,2025-08,1,3955,1
NK,EWR,MCO,2025,8,1200,16,9,2.0,frozenset({2819}),2819,0.5625,True,2025-08,1,3956,1
NK,FLL,MCO,2025,8,1085,12,7,0.0,frozenset({1244}),1244,0.5833333333333334,True,2025-08,1,3957,1
OO,SUX,DEN,2025,8,1133,31,16,2.0,"frozenset({5104, 5132})",5132,0.5161290322580645,True,2025-08,1,3958,1
AA,PBI,PHL,2025,8,1045,28,15,0.0,frozenset({2489}),2489,0.5357142857142857,True,2025-08,2,2429,2
F9,DFW,SAN,2025,8,1371,11,8,0.0,frozenset({1425}),1425,0.7272727272727273,True,2025-08,1,3959,1
NK,PHL,MCO,2025,8,1145,17,10,0.0,"frozenset({2508, 1566})",1566,0.5882352941176471,True,2025-08,2,3222,2
F9,DEN,PHL,2025,8,985,11,6,1.0,frozenset({3266}),3266,0.5454545454545454,True,2025-08,3,1330,3
OO,TVC,ORD,2025,8,1007,11,7,2.0,frozenset({5561}),5561,0.6363636363636364,True,2025-08,1,3960,1
NK,MIA,EWR,2025,8,1071,10,6,0.0,"frozenset({304, 1211})",1211,0.6,True,2025-08,2,3234,2
F9,CLT,MCO,2025,8,1143,10,8,1.0,frozenset({1445}),1445,0.8,True,2025-08,2,3294,2
OO,TVC,ORD,2025,8,1270,21,11,2.0,"frozenset({4937, 6362})",6362,0.5238095238095238,True,2025-08,3,1427,3
OO,MKE,ORD,2025,8,1189,16,10,2.0,frozenset({4947}),4947,0.625,True,2025-08,1,3961,1
OO,MKE,ORD,2025,8,945,31,17,3.0,frozenset({5502}),5502,0.5483870967741935,True,2025-08,1,3962,1
F9,CLE,SJU,2025,8,697,11,6,0.0,frozenset({4140}),4140,0.5454545454545454,True,2025-08,1,3963,1
AA,ORD,DSM,2025,8,1326,16,12,1.0,frozenset({3269}),3269,0.75,True,2025-08,1,3964,1
AA,ORD,DFW,2025,8,1040,27,16,1.0,"frozenset({2499, 3311})",2499,0.5925925925925926,True,2025-08,1,3965,1
DL,ATL,BWI,2025,8,1254,16,9,0.0,frozenset({2670}),2670,0.5625,True,2025-08,1,3966,1
AA,PBI,ORD,2025,8,1113,21,15,0.0,"frozenset({2371, 1398})",1398,0.7142857142857143,True,2025-08,1,3967,1
F9,FLL,ATL,2025,8,1173,11,6,1.0,frozenset({2171}),2171,0.5454545454545454,True,2025-08,3,1337,3
NK,MIA,DTW,2025,8,1013,21,12,0.0,"frozenset({1250, 2052})",2052,0.5714285714285714,True,2025-08,1,3968,1
NK,MCO,ATL,2025,8,1319,12,7,0.0,frozenset({1903}),1903,0.5833333333333334,True,2025-08,1,3969,1
OO,ORD,BTV,2025,8,1174,17,11,3.0,frozenset({6304}),6304,0.6470588235294118,True,2025-08,1,3970,1
NK,MCO,BWI,2025,8,1293,11,7,0.0,frozenset({2022}),2022,0.6363636363636364,True,2025-08,1,3971,1
DL,DTW,MCO,2025,8,969,10,8,0.0,frozenset({1133}),1133,0.8,True,2025-08,3,2084,3
NK,MCO,EWR,2025,8,971,16,9,2.0,frozenset({2818}),2818,0.5625,True,2025-08,1,3972,1
DL,DTW,MSP,2025,8,1185,31,27,0.0,frozenset({1303}),1303,0.8709677419354839,True,2025-08,1,3973,1
AA,PBI,DFW,2025,8,942,31,17,1.0,frozenset({1844}),1844,0.5483870967741935,True,2025-08,2,2466,2
NK,MCO,LGA,2025,8,1060,19,10,0.0,frozenset({1929}),1929,0.5263157894736842,True,2025-08,1,3974,1
F9,ISP,MCO,2025,8,1237,11,8,1.0,frozenset({1237}),1237,0.7272727272727273,True,2025-08,2,3280,2
F9,IAH,ORD,2025,8,605,11,6,1.0,frozenset({3136}),3136,0.5454545454545454,True,2025-08,2,3305,2
OO,SPI,ORD,2025,8,1104,21,12,2.0,"frozenset({5001, 6380})",6380,0.5714285714285714,True,2025-08,1,3975,1
F9,IAD,TPA,2025,8,1079,15,8,1.0,frozenset({2953}),2953,0.5333333333333333,True,2025-08,3,1303,3
NK,MCO,LGA,2025,8,1238,31,17,2.0,"frozenset({2387, 1703})",2387,0.5483870967741935,True,2025-08,1,3976,1
NK,MCO,MYR,2025,8,1250,11,7,0.0,frozenset({1290}),1290,0.6363636363636364,True,2025-08,1,3977,1
NK,MCO,ORF,2025,8,1238,12,8,0.0,frozenset({1267}),1267,0.6666666666666666,True,2025-08,1,3978,1
AA,PHX,SJC,2025,8,1233,10,6,0.0,frozenset({1537}),1537,0.6,True,2025-08,1,3979,1
AA,PIT,PHL,2025,8,980,31,22,0.0,frozenset({3248}),3248,0.7096774193548387,True,2025-08,3,2044,3
B6,MCO,SJU,2025,8,1064,27,14,0.0,frozenset({433}),433,0.5185185185185185,True,2025-08,1,3980,1
OO,DEN,PSP,2025,8,1140,17,9,1.0,frozenset({5548}),5548,0.5294117647058824,True,2025-08,1,3981,1
B6,BOS,MSY,2025,8,655,12,8,0.0,frozenset({401}),401,0.6666666666666666,True,2025-08,1,3982,1
AA,STL,DFW,2025,8,1072,26,15,1.0,"frozenset({1363, 2487})",2487,0.5769230769230769,True,2025-08,1,3983,1
OO,BIS,DEN,2025,8,1031,31,17,0.0,frozenset({4642}),4642,0.5483870967741935,True,2025-08,3,1904,3
B6,JFK,BDL,2025,8,1240,12,7,0.0,frozenset({675}),675,0.5833333333333334,True,2025-08,1,3984,1
OH,ROC,DCA,2025,8,1058,30,16,2.0,frozenset({5457}),5457,0.5333333333333333,True,2025-08,3,1867,3
AA,LAX,DFW,2025,8,560,28,15,1.0,"frozenset({1972, 1268})",1268,0.5357142857142857,True,2025-08,1,3985,1
OO,BTV,ORD,2025,8,1017,18,10,1.0,frozenset({6330}),6330,0.5555555555555556,True,2025-08,3,1906,3
AS,MCO,PDX,2025,8,1070,31,18,2.0,frozenset({301}),301,0.5806451612903226,True,2025-08,1,3986,1
AS,STS,SEA,2025,8,1201,19,10,1.0,frozenset({1321}),1321,0.5263157894736842,True,2025-08,1,3987,1
UA,STL,DEN,2025,8,1005,31,17,0.0,"frozenset({2618, 483})",2618,0.5483870967741935,True,2025-08,1,3988,1
UA,ORD,LAX,2025,8,1180,18,11,0.0,frozenset({2155}),2155,0.6111111111111112,True,2025-08,1,3989,1
UA,ORD,IND,2025,8,1290,14,9,2.0,frozenset({1641}),1641,0.6428571428571429,True,2025-08,1,3990,1
AA,JAX,PHL,2025,8,987,23,16,0.0,"frozenset({2753, 2738})",2738,0.6956521739130435,True,2025-08,1,3991,1
AA,LGA,TPA,2025,8,925,26,14,0.0,"frozenset({936, 3239})",936,0.5384615384615384,True,2025-08,3,2273,3
OH,DCA,HSV,2025,8,1242,22,14,2.0,"frozenset({5179, 5557})",5179,0.6363636363636364,True,2025-08,1,3992,1
AA,SEA,ORD,2025,8,909,31,17,1.0,frozenset({2398}),2398,0.5483870967741935,True,2025-08,1,3993,1
AA,MCI,DFW,2025,8,1091,17,11,2.0,frozenset({3030}),3030,0.6470588235294118,True,2025-08,3,2295,3
UA,ORD,CMH,2025,8,1280,18,15,2.0,frozenset({1492}),1492,0.8333333333333334,True,2025-08,1,3994,1
WN,ATL,MCO,2025,8,1115,14,9,0.0,"frozenset({874, 4485})",874,0.6428571428571429,True,2025-08,1,3995,1
UA,ORD,BZN,2025,8,1199,18,10,3.0,frozenset({739}),739,0.5555555555555556,True,2025-08,1,3996,1
AS,ORD,SEA,2025,8,1065,31,16,1.0,frozenset({337}),337,0.5161290322580645,True,2025-08,1,3997,1
AS,ORD,SEA,2025,8,1242,16,9,2.0,frozenset({409}),409,0.5625,True,2025-08,1,3998,1
B6,JFK,PSE,2025,8,1206,31,16,1.0,frozenset({745}),745,0.5161290322580645,True,2025-08,1,3999,1
OO,ATW,ORD,2025,8,1049,14,9,1.0,frozenset({4707}),4707,0.6428571428571429,True,2025-08,2,2490,2
B6,FLL,EWR,2025,8,1235,26,16,0.0,frozenset({706}),706,0.6153846153846154,True,2025-08,2,3466,2
OO,ATL,CRW,2025,8,1004,12,7,0.0,frozenset({3876}),3876,0.5833333333333334,True,2025-08,1,4000,1
B6,FLL,BOS,2025,8,1015,19,10,0.0,frozenset({170}),170,0.5263157894736842,True,2025-08,2,3493,3
OH,GSO,DCA,2025,8,1126,22,12,2.0,frozenset({5209}),5209,0.5454545454545454,True,2025-08,1,4001,1
AA,LGA,MCO,2025,8,1105,26,15,1.0,"frozenset({2112, 2835})",2112,0.5769230769230769,True,2025-08,1,4002,1
AS,BNA,SEA,2025,8,420,24,13,2.0,frozenset({383}),383,0.5416666666666666,True,2025-08,1,4003,1
OO,AMA,DEN,2025,8,1050,29,17,1.0,frozenset({4743}),4743,0.5862068965517241,True,2025-08,1,4004,1
AA,VPS,DFW,2025,8,1170,14,8,1.0,frozenset({2673}),2673,0.5714285714285714,True,2025-08,1,4005,1
AA,TPA,PHL,2025,8,1041,24,13,0.0,frozenset({2506}),2506,0.5416666666666666,True,2025-08,1,4006,1
UA,SAV,ORD,2025,8,1005,31,18,0.0,"frozenset({1084, 1631})",1631,0.5806451612903226,True,2025-08,2,2829,2
UA,RSW,EWR,2025,8,1095,15,9,1.0,frozenset({596}),596,0.6,True,2025-08,1,4007,1
OO,ASE,DFW,2025,8,867,31,16,3.0,frozenset({6434}),6434,0.5161290322580645,True,2025-08,1,4008,1
UA,RDU,EWR,2025,8,1105,31,16,0.0,"frozenset({2645, 2478})",2478,0.5161290322580645,True,2025-08,2,2822,2
AA,LGA,ORD,2025,8,1040,26,18,2.0,"frozenset({1795, 679})",1795,0.6923076923076923,True,2025-08,1,4009,1
B6,JFK,SJU,2025,8,675,31,17,0.0,frozenset({503}),503,0.5483870967741935,True,2025-08,1,4010,1
AA,JAX,CLT,2025,8,1082,16,10,0.0,"frozenset({1522, 2358})",2358,0.625,True,2025-08,1,4011,1
AA,TPA,ORD,2025,8,1137,21,11,1.0,frozenset({1101}),1101,0.5238095238095238,True,2025-08,1,4012,1
UA,TPA,DEN,2025,8,985,31,16,0.0,"frozenset({2074, 531})",2074,0.5161290322580645,True,2025-08,2,2760,2
AA,LGA,DFW,2025,8,1019,27,15,1.0,"frozenset({3103, 2327})",2327,0.5555555555555556,True,2025-08,1,4013,1
UA,TPA,EWR,2025,8,1172,18,10,0.0,frozenset({2458}),2458,0.5555555555555556,True,2025-08,2,2752,2
OO,ASE,IAH,2025,8,900,18,10,1.0,frozenset({5702}),5702,0.5555555555555556,True,2025-08,2,2415,2
AA,TPA,MIA,2025,8,937,26,15,0.0,frozenset({2814}),2814,0.5769230769230769,True,2025-08,1,4014,1
B6,EWR,MCO,2025,8,1260,26,14,0.0,frozenset({1827}),1827,0.5384615384615384,True,2025-08,3,2037,3
AA,PNS,DFW,2025,8,1165,13,8,1.0,frozenset({1351}),1351,0.6153846153846154,True,2025-08,2,2541,2
UA,ORD,SMF,2025,8,1199,18,10,0.0,frozenset({1710}),1710,0.5555555555555556,True,2025-08,2,2821,2
AA,TPA,LGA,2025,8,1159,26,14,0.0,frozenset({936}),936,0.5384615384615384,True,2025-08,3,2259,3
OH,SAV,DCA,2025,8,1168,26,14,3.0,"frozenset({5419, 5023})",5419,0.5384615384615384,True,2025-08,1,4015,1
UA,PBI,EWR,2025,8,1113,16,10,0.0,frozenset({2320}),2320,0.625,True,2025-08,2,2840,2
AA,SAT,ORD,2025,8,1104,19,13,1.0,"frozenset({2435, 2366})",2435,0.6842105263157895,True,2025-08,1,4016,1
AA,SLC,DFW,2025,8,980,31,17,3.0,frozenset({1456}),1456,0.5483870967741935,True,2025-08,1,4017,1
OO,CMH,ORD,2025,8,1245,17,9,2.0,"frozenset({6347, 5004})",6347,0.5294117647058824,True,2025-08,1,4018,1
UA,MKE,DEN,2025,8,1077,22,12,0.0,"frozenset({1401, 2644})",2644,0.5454545454545454,True,2025-08,1,4019,1
UA,MIA,ORD,2025,8,976,31,16,1.0,"frozenset({2106, 1495})",1495,0.5161290322580645,True,2025-08,1,4020,1
UA,MIA,EWR,2025,8,1245,15,9,0.0,frozenset({1231}),1231,0.6,True,2025-08,2,2635,2
UA,MIA,EWR,2025,8,1100,15,8,0.0,"frozenset({410, 1386})",410,0.5333333333333333,True,2025-08,1,4021,1
UA,MIA,EWR,2025,8,1064,15,8,1.0,frozenset({1386}),1386,0.5333333333333333,True,2025-08,2,2636,2
UA,MIA,EWR,2025,8,1016,13,7,0.0,frozenset({1386}),1386,0.5384615384615384,True,2025-08,2,2636,2
OO,DEN,BIS,2025,8,1250,31,17,1.0,frozenset({4799}),4799,0.5483870967741935,True,2025-08,1,4022,1
DL,MCO,DCA,2025,8,1199,28,16,1.0,frozenset({2729}),2729,0.5714285714285714,True,2025-08,3,2371,3
AA,MCO,CLT,2025,8,1110,28,19,0.0,"frozenset({3041, 1682})",3041,0.6785714285714286,True,2025-08,1,4023,1
AA,MCO,DCA,2025,8,980,31,18,0.0,frozenset({1725}),1725,0.5806451612903226,True,2025-08,2,2638,2
UA,MCO,IAH,2025,8,1158,16,9,0.0,frozenset({1818}),1818,0.5625,True,2025-08,2,2641,2
UA,MCO,EWR,2025,8,1016,20,13,1.0,frozenset({1557}),1557,0.65,True,2025-08,4,951,4
AA,JAX,DFW,2025,8,1179,14,9,1.0,"frozenset({1270, 687})",687,0.6428571428571429,True,2025-08,1,4024,1
OO,DEN,COS,2025,8,1140,31,16,0.0,frozenset({4660}),4660,0.5161290322580645,True,2025-08,2,2551,2
AA,MCO,DCA,2025,8,1261,31,16,1.0,"frozenset({2877, 958})",2877,0.5161290322580645,True,2025-08,1,4025,1
AA,MCO,DFW,2025,8,972,31,25,1.0,frozenset({2143}),2143,0.8064516129032258,True,2025-08,2,2645,2
AA,MCO,DFW,2025,8,1075,31,19,2.0,frozenset({2148}),2148,0.6129032258064516,True,2025-08,2,2646,2
AA,MCO,DFW,2025,8,1180,14,11,2.0,frozenset({2385}),2385,0.7857142857142857,True,2025-08,2,2657,2
F9,ATL,AUS,2025,8,923,21,11,4.0,frozenset({4211}),4211,0.5238095238095238,True,2025-08,1,4026,1
OO,DEN,COS,2025,8,1185,31,17,1.0,frozenset({4650}),4650,0.5483870967741935,True,2025-08,3,1816,3
AA,RDU,DFW,2025,8,934,22,12,0.0,frozenset({2693}),2693,0.5454545454545454,True,2025-08,1,4027,1
F9,ATL,DFW,2025,8,1223,18,13,2.0,frozenset({3097}),3097,0.7222222222222222,True,2025-08,1,4028,1
OO,DEN,HOB,2025,8,1055,31,16,1.0,frozenset({5750}),5750,0.5161290322580645,True,2025-08,1,4029,1
AA,JAX,DFW,2025,8,994,31,23,1.0,frozenset({2415}),2415,0.7419354838709677,True,2025-08,2,2771,2
OO,DEN,LIT,2025,8,1045,31,16,1.0,frozenset({4676}),4676,0.5161290322580645,True,2025-08,2,2537,2
AA,MCO,CLT,2025,8,1045,11,8,0.0,frozenset({2168}),2168,0.7272727272727273,True,2025-08,1,4030,1
AS,SFO,SEA,2025,8,1189,26,14,0.0,"frozenset({1065, 1327})",1327,0.5384615384615384,True,2025-08,1,4031,1
OO,DEN,BIS,2025,8,1045,18,11,0.0,frozenset({4665}),4665,0.6111111111111112,True,2025-08,1,4032,1
OH,TYS,ORD,2025,8,1047,23,14,2.0,frozenset({5178}),5178,0.6086956521739131,True,2025-08,1,4033,1
OO,CPR,DEN,2025,8,916,31,16,0.0,frozenset({5809}),5809,0.5161290322580645,True,2025-08,1,4034,1
AA,RDU,PHL,2025,8,1119,29,19,0.0,frozenset({1441}),1441,0.6551724137931034,True,2025-08,3,2406,3
UA,MSP,DEN,2025,8,1084,20,11,0.0,"frozenset({1593, 370})",370,0.55,True,2025-08,1,4035,1
UA,OMA,DEN,2025,8,1043,31,17,1.0,"frozenset({1816, 1303})",1816,0.5483870967741935,True,2025-08,2,2677,2
B6,LGA,MCO,2025,8,894,31,16,0.0,frozenset({399}),399,0.5161290322580645,True,2025-08,3,2192,3
OO,COS,DEN,2025,8,1115,31,16,2.0,frozenset({5391}),5391,0.5161290322580645,True,2025-08,2,2520,2
AS,SEA,ANC,2025,8,655,19,11,2.0,frozenset({49}),49,0.5789473684210527,True,2025-08,1,4036,1
OO,COS,DEN,2025,8,1040,31,17,0.0,frozenset({4719}),4719,0.5483870967741935,True,2025-08,2,2519,2
DL,MCO,ATL,2025,8,1195,16,11,0.0,frozenset({1497}),1497,0.6875,True,2025-08,3,2349,3
AS,SEA,DEN,2025,8,949,16,9,0.0,frozenset({602}),602,0.5625,True,2025-08,3,2377,3
UA,ORD,ABQ,2025,8,1175,18,11,1.0,frozenset({1030}),1030,0.6111111111111112,True,2025-08,1,4037,1
UA,ORD,BNA,2025,8,1290,18,10,1.0,frozenset({2628}),2628,0.5555555555555556,True,2025-08,1,4038,1
AA,SAT,DFW,2025,8,1125,26,14,2.0,frozenset({2374}),2374,0.5384615384615384,True,2025-08,1,4039,1
DL,RDU,MCO,2025,8,1027,14,12,0.0,frozenset({1319}),1319,0.8571428571428571,True,2025-08,1,4040,1
UA,MSY,EWR,2025,8,1135,15,10,0.0,frozenset({2235}),2235,0.6666666666666666,True,2025-08,2,2679,2
AA,MCI,DFW,2025,8,1196,13,9,2.0,frozenset({2100}),2100,0.6923076923076923,True,2025-08,3,2305,3
AA,RIC,DFW,2025,8,1173,14,9,1.0,frozenset({2067}),2067,0.6428571428571429,True,2025-08,1,4041,1
WN,MDW,BOS,2025,9,720,13,9,0.0,frozenset({278}),278,0.6923076923076923,True,2025-09,1,4042,1
NK,BOS,FLL,2025,9,1129,19,12,0.0,"frozenset({1301, 2303})",1301,0.631578947368421,True,2025-09,1,4043,1
YX,BOS,DCA,2025,9,1220,26,15,1.0,frozenset({5811}),5811,0.5769230769230769,True,2025-09,1,4044,2
NK,BOS,CLT,2025,9,1147,16,12,1.0,frozenset({2276}),2276,0.75,True,2025-09,1,4045,1
YX,BOS,DCA,2025,9,1165,30,18,4.0,"frozenset({4336, 4342})",4336,0.6,True,2025-09,1,4046,1
NK,CMH,BOS,2025,9,938,16,14,0.0,frozenset({2302}),2302,0.875,True,2025-09,1,4047,1
WN,MDW,BOS,2025,9,1005,13,12,0.0,frozenset({483}),483,0.9230769230769231,True,2025-09,1,4048,1
NK,DFW,EWR,2025,9,1132,16,9,1.0,frozenset({1883}),1883,0.5625,True,2025-09,1,4049,1
YX,BOS,CMH,2025,9,1185,17,11,1.0,frozenset({5861}),5861,0.6470588235294118,True,2025-09,1,4050,1
NK,CLT,BOS,2025,9,934,16,11,1.0,frozenset({2275}),2275,0.6875,True,2025-09,1,4051,1
YX,BOS,EWR,2025,9,1038,27,14,2.0,"frozenset({3432, 5718})",5718,0.5185185185185185,True,2025-09,1,4052,1
YX,CMH,BOS,2025,9,1020,21,15,2.0,"frozenset({5659, 4733, 5678})",5659,0.7142857142857143,True,2025-09,1,4053,1
AA,ORD,SLC,2025,9,1250,12,7,0.0,"frozenset({2545, 3151})",3151,0.5833333333333334,True,2025-09,1,4054,1
B6,BDL,SJU,2025,9,1040,20,11,0.0,frozenset({275}),275,0.55,True,2025-09,1,4055,2
DL,BOS,AUS,2025,9,1120,27,14,1.0,frozenset({1677}),1677,0.5185185185185185,True,2025-09,1,4056,1
YX,CMH,BOS,2025,9,957,24,14,1.0,frozenset({4692}),4692,0.5833333333333334,True,2025-09,1,4057,1
DL,BOS,DFW,2025,9,1180,26,15,1.0,frozenset({2305}),2305,0.5769230769230769,True,2025-09,1,4058,1
YX,CLT,BOS,2025,9,855,19,12,1.0,"frozenset({5630, 5639})",5630,0.631578947368421,True,2025-09,1,4059,2
YX,CLE,BOS,2025,9,1065,19,12,2.0,frozenset({5641}),5641,0.631578947368421,True,2025-09,1,4060,1
WN,DEN,ICT,2025,9,1170,13,7,0.0,frozenset({290}),290,0.5384615384615384,True,2025-09,2,3850,2
B6,AUS,BOS,2025,9,753,24,13,0.0,frozenset({592}),592,0.5416666666666666,True,2025-09,1,4061,1
YX,BWI,BOS,2025,9,1066,26,21,2.0,frozenset({5644}),5644,0.8076923076923077,True,2025-09,1,4062,2
DL,BNA,BOS,2025,9,675,19,11,0.0,frozenset({1630}),1630,0.5789473684210527,True,2025-09,1,4063,2
YX,DCA,BOS,2025,9,890,26,17,2.0,frozenset({5600}),5600,0.6538461538461539,True,2025-09,1,4064,2
WN,DEN,DTW,2025,9,1050,17,9,0.0,"frozenset({921, 1071})",921,0.5294117647058824,True,2025-09,2,3882,2
B6,BOS,RSW,2025,9,1160,17,10,0.0,frozenset({265}),265,0.5882352941176471,True,2025-09,1,4065,1
B6,BUF,BOS,2025,9,1090,22,15,1.0,frozenset({516}),516,0.6818181818181818,True,2025-09,1,4066,1
YX,BOS,PIT,2025,9,1215,26,17,1.0,frozenset({5623}),5623,0.6538461538461539,True,2025-09,1,4067,1
DL,AUS,BOS,2025,9,829,26,18,0.0,frozenset({1156}),1156,0.6923076923076923,True,2025-09,1,4068,2
YX,BOS,PHL,2025,9,1194,26,16,1.0,frozenset({5860}),5860,0.6153846153846154,True,2025-09,1,4069,1
YX,BOS,LGA,2025,9,1200,26,14,2.0,frozenset({5855}),5855,0.5384615384615384,True,2025-09,1,4070,1
YX,CVG,BOS,2025,9,1069,18,12,1.0,frozenset({5789}),5789,0.6666666666666666,True,2025-09,1,4071,1
B6,ATL,BOS,2025,9,1065,16,11,1.0,frozenset({696}),696,0.6875,True,2025-09,1,4072,1
YX,DCA,BOS,2025,9,1005,30,21,2.0,"frozenset({5682, 5666})",5682,0.7,True,2025-09,1,4073,2
B6,BNA,BOS,2025,9,908,28,15,1.0,frozenset({1306}),1306,0.5357142857142857,True,2025-09,1,4074,1
B6,BOS,PIT,2025,9,1038,18,10,1.0,frozenset({2185}),2185,0.5555555555555556,True,2025-09,1,4075,1
YX,BOS,JAX,2025,9,1199,17,11,2.0,frozenset({5815}),5815,0.6470588235294118,True,2025-09,1,4076,1
WN,SLC,LAS,2025,9,895,13,7,1.0,frozenset({1323}),1323,0.5384615384615384,True,2025-09,1,4077,1
B6,CLE,BOS,2025,9,960,24,17,2.0,frozenset({640}),640,0.7083333333333334,True,2025-09,1,4078,2
WN,SFO,SAN,2025,9,585,13,8,0.0,frozenset({4012}),4012,0.6153846153846154,True,2025-09,1,4079,1
AA,DFW,HSV,2025,9,1170,24,14,0.0,frozenset({1353}),1353,0.5833333333333334,True,2025-09,1,4080,1
WN,OAK,LAS,2025,9,1105,13,7,1.0,frozenset({3019}),3019,0.5384615384615384,True,2025-09,1,4081,1
WN,OAK,SAN,2025,9,1230,16,9,0.0,frozenset({2645}),2645,0.5625,True,2025-09,1,4082,1
WN,SFO,LAX,2025,9,1245,17,14,1.0,"frozenset({2084, 3660})",2084,0.8235294117647058,True,2025-09,2,3885,2
B6,JFK,BOS,2025,9,874,29,20,0.0,frozenset({318}),318,0.6896551724137931,True,2025-09,1,4083,1
B6,JFK,BOS,2025,9,1010,29,18,2.0,frozenset({618}),618,0.6206896551724138,True,2025-09,1,4084,1
WN,OKC,DEN,2025,9,1195,13,7,0.0,frozenset({3911}),3911,0.5384615384615384,True,2025-09,1,4085,1
WN,SFO,LAS,2025,9,665,13,7,0.0,frozenset({3303}),3303,0.5384615384615384,True,2025-09,1,4086,1
WN,SFO,DEN,2025,9,950,17,10,0.0,"frozenset({5632, 1322})",1322,0.5882352941176471,True,2025-09,2,3878,2
WN,OMA,DEN,2025,9,1180,22,12,0.0,"frozenset({1692, 1725})",1692,0.5454545454545454,True,2025-09,1,4087,1
B6,RDU,BOS,2025,9,851,24,14,1.0,frozenset({2084}),2084,0.5833333333333334,True,2025-09,1,4088,1
WN,SFO,SAN,2025,9,980,13,10,0.0,frozenset({2053}),2053,0.7692307692307693,True,2025-09,1,4089,1
WN,SFO,BNA,2025,9,610,13,8,0.0,frozenset({1166}),1166,0.6153846153846154,True,2025-09,2,3881,2
WN,SEA,DEN,2025,9,980,13,9,0.0,frozenset({2519}),2519,0.6923076923076923,True,2025-09,2,3867,2
WN,ELP,DEN,2025,9,1140,13,7,0.0,frozenset({2440}),2440,0.5384615384615384,True,2025-09,1,4090,1
WN,SAN,SFO,2025,9,1250,17,11,0.0,"frozenset({1624, 1721})",1721,0.6470588235294118,True,2025-09,2,3847,2
WN,SAN,SFO,2025,9,1115,26,15,2.0,"frozenset({3305, 1721, 2004})",3305,0.5769230769230769,True,2025-09,1,4091,1
B6,PBI,BOS,2025,9,980,24,19,0.0,"frozenset({322, 2322})",2322,0.7916666666666666,True,2025-09,1,4092,2
WN,SAN,RNO,2025,9,915,17,9,0.0,frozenset({4208}),4208,0.5294117647058824,True,2025-09,1,4093,1
B6,MSY,BOS,2025,9,741,28,16,0.0,frozenset({300}),300,0.5714285714285714,True,2025-09,1,4094,1
WN,SAN,MDW,2025,9,1110,13,7,0.0,frozenset({2053}),2053,0.5384615384615384,True,2025-09,1,4095,1
DL,BOS,ORD,2025,9,1170,26,15,0.0,frozenset({2676}),2676,0.5769230769230769,True,2025-09,1,4096,2
B6,MCO,BOS,2025,9,900,25,18,0.0,"frozenset({922, 2052})",2052,0.72,True,2025-09,1,4097,2
B6,MCO,BOS,2025,9,1040,30,18,1.0,"frozenset({1152, 2052})",1152,0.6,True,2025-09,1,4098,1
AA,RDU,DCA,2025,9,1208,24,13,1.0,frozenset({1240}),1240,0.5416666666666666,True,2025-09,1,4099,1
B6,PIT,BOS,2025,9,985,24,14,0.0,frozenset({1786}),1786,0.5833333333333334,True,2025-09,1,4100,2
WN,MDW,BOS,2025,9,1125,13,7,0.0,frozenset({3544}),3544,0.5384615384615384,True,2025-09,1,4101,1
B6,JAX,BOS,2025,9,767,28,19,1.0,frozenset({1310}),1310,0.6785714285714286,True,2025-09,1,4102,2
AA,PHL,BOS,2025,9,1034,15,8,0.0,"frozenset({1147, 2255})",1147,0.5333333333333333,True,2025-09,1,4103,1
AA,DFW,MSN,2025,9,879,30,16,0.0,frozenset({1548}),1548,0.5333333333333333,True,2025-09,1,4104,1
WN,LAX,SFO,2025,9,1245,13,7,0.0,frozenset({2326}),2326,0.5384615384615384,True,2025-09,1,4105,1
AA,DFW,BOS,2025,9,750,30,18,2.0,frozenset({1401}),1401,0.6,True,2025-09,1,4106,1
WN,LAS,TUS,2025,9,1255,13,7,1.0,frozenset({351}),351,0.5384615384615384,True,2025-09,1,4107,1
B6,DCA,BOS,2025,9,915,22,12,1.0,"frozenset({56, 1354})",56,0.5454545454545454,True,2025-09,1,4108,1
B6,DCA,BOS,2025,9,1005,24,17,0.0,frozenset({2954}),2954,0.7083333333333334,True,2025-09,1,4109,1
B6,DCA,BOS,2025,9,1075,18,13,0.0,"frozenset({2954, 1654})",1654,0.7222222222222222,True,2025-09,1,4110,1
WN,LAS,SFO,2025,9,1095,17,11,0.0,"frozenset({176, 1950})",1950,0.6470588235294118,True,2025-09,1,4111,1
B6,DCA,BOS,2025,9,1139,29,20,1.0,frozenset({2754}),2754,0.6896551724137931,True,2025-09,1,4112,1
WN,LAS,SBA,2025,9,990,13,7,0.0,frozenset({2065}),2065,0.5384615384615384,True,2025-09,1,4113,1
WN,LAS,SAN,2025,9,1005,21,11,1.0,"frozenset({3305, 3582})",3305,0.5238095238095238,True,2025-09,1,4114,1
WN,DEN,MKE,2025,9,1040,17,10,0.0,frozenset({3024}),3024,0.5882352941176471,True,2025-09,2,3811,2
B6,IAH,BOS,2025,9,875,28,16,0.0,frozenset({932}),932,0.5714285714285714,True,2025-09,1,4115,1
WN,STL,BOS,2025,9,870,13,9,0.0,frozenset({4529}),4529,0.6923076923076923,True,2025-09,1,4116,1
B6,DFW,BOS,2025,9,765,24,19,0.0,frozenset({1214}),1214,0.7916666666666666,True,2025-09,1,4117,2
WN,LAS,PHX,2025,9,1125,13,7,0.0,frozenset({3273}),3273,0.5384615384615384,True,2025-09,1,4118,1
WN,SNA,DEN,2025,9,925,13,7,0.0,frozenset({2096}),2096,0.5384615384615384,True,2025-09,1,4119,1
B6,DTW,BOS,2025,9,1050,16,12,1.0,frozenset({1136}),1136,0.75,True,2025-09,1,4120,1
WN,SMF,LAS,2025,9,1120,17,9,0.0,frozenset({4334}),4334,0.5294117647058824,True,2025-09,1,4121,1
B6,TPA,BOS,2025,9,915,15,10,1.0,frozenset({492}),492,0.6666666666666666,True,2025-09,1,4122,2
WN,LAS,OKC,2025,9,1165,13,9,0.0,frozenset({1450}),1450,0.6923076923076923,True,2025-09,1,4123,1
WN,DEN,OMA,2025,9,1175,13,7,0.0,frozenset({2157}),2157,0.5384615384615384,True,2025-09,1,4124,1
B6,SAV,BOS,2025,9,970,22,16,1.0,frozenset({450}),450,0.7272727272727273,True,2025-09,1,4125,2
B6,FLL,BOS,2025,9,985,18,13,0.0,frozenset({170}),170,0.7222222222222222,True,2025-09,3,3493,3
WN,LAS,MDW,2025,9,1070,17,11,1.0,"frozenset({2609, 3219})",3219,0.6470588235294118,True,2025-09,1,4126,1
OH,DCA,SAV,2025,9,1185,30,16,2.0,frozenset({5384}),5384,0.5333333333333333,True,2025-09,1,4127,1
AA,DFW,FSD,2025,9,1150,30,17,2.0,frozenset({2937}),2937,0.5666666666666667,True,2025-09,1,4128,1
WN,DEN,BUF,2025,9,1050,17,9,0.0,frozenset({1396}),1396,0.5294117647058824,True,2025-09,2,3870,2
UA,BOS,ORD,2025,9,1227,17,10,0.0,frozenset({2229}),2229,0.5882352941176471,True,2025-09,1,4129,1
UA,DEN,BOS,2025,9,840,30,24,0.0,"frozenset({597, 645})",645,0.8,True,2025-09,1,4130,1
AA,ORD,DEN,2025,9,1162,11,6,0.0,frozenset({1387}),1387,0.5454545454545454,True,2025-09,4,2176,4
YX,JFK,BOS,2025,9,1050,58,37,4.0,"frozenset({5651, 4708})",5651,0.6379310344827587,True,2025-09,1,4131,1
AA,BOS,CLT,2025,9,1008,13,8,1.0,"frozenset({1448, 922})",1448,0.6153846153846154,True,2025-09,1,4132,1
DL,CHS,BOS,2025,9,965,27,15,0.0,frozenset({2785}),2785,0.5555555555555556,True,2025-09,1,4133,2
WN,BOS,DAL,2025,9,965,13,10,0.0,frozenset({3241}),3241,0.7692307692307693,True,2025-09,1,4134,1
WN,DEN,AUS,2025,9,1255,13,8,0.0,frozenset({1692}),1692,0.6153846153846154,True,2025-09,1,4135,1
UA,IAH,BOS,2025,9,771,30,21,1.0,frozenset({1318}),1318,0.7,True,2025-09,1,4136,2
AA,ORD,CLE,2025,9,1250,11,8,0.0,frozenset({1487}),1487,0.7272727272727273,True,2025-09,1,4137,1
AA,BOS,DCA,2025,9,1036,29,18,2.0,frozenset({1421}),1421,0.6206896551724138,True,2025-09,1,4138,1
UA,IAD,BOS,2025,9,1036,30,16,1.0,frozenset({688}),688,0.5333333333333333,True,2025-09,1,4139,1
DL,ORD,BOS,2025,9,845,21,11,0.0,frozenset({972}),972,0.5238095238095238,True,2025-09,1,4140,2
F9,BWI,DTW,2025,9,1130,12,7,1.0,frozenset({3081}),3081,0.5833333333333334,True,2025-09,1,4141,1
YX,RIC,BOS,2025,9,1123,22,14,1.0,frozenset({5665}),5665,0.6363636363636364,True,2025-09,1,4142,2
UA,ORD,BOS,2025,9,792,30,22,1.0,"frozenset({2022, 1262})",2022,0.7333333333333333,True,2025-09,1,4143,1
UA,BOS,DEN,2025,9,1140,21,11,1.0,frozenset({2413}),2413,0.5238095238095238,True,2025-09,1,4144,1
UA,SFO,BOS,2025,9,675,30,18,0.0,frozenset({2356}),2356,0.6,True,2025-09,1,4145,1
YX,IND,BOS,2025,9,1050,26,18,2.0,"frozenset({5627, 5598})",5627,0.6923076923076923,True,2025-09,1,4146,2
AA,DFW,XNA,2025,9,1210,21,12,1.0,frozenset({3325}),3325,0.5714285714285714,True,2025-09,1,4147,1
YX,MKE,BOS,2025,9,712,25,15,1.0,frozenset({5614}),5614,0.6,True,2025-09,1,4148,2
DL,SAT,BOS,2025,9,870,30,18,0.0,frozenset({816}),816,0.6,True,2025-09,1,4149,2
F9,ONT,LAS,2025,9,1170,13,7,0.0,frozenset({4758}),4758,0.5384615384615384,True,2025-09,1,4150,1
YX,PHL,BOS,2025,9,1052,26,20,2.0,frozenset({5852}),5852,0.7692307692307693,True,2025-09,1,4151,2
AA,CLT,BOS,2025,9,925,23,13,0.0,"frozenset({1933, 3078})",1933,0.5652173913043478,True,2025-09,1,4152,1
YX,PHL,BOS,2025,9,815,17,10,1.0,frozenset({5805}),5805,0.5882352941176471,True,2025-09,1,4153,1
WN,BOS,BNA,2025,9,1070,13,8,0.0,frozenset({559}),559,0.6153846153846154,True,2025-09,1,4154,1
YX,PIT,BOS,2025,9,860,17,10,2.0,frozenset({5731}),5731,0.5882352941176471,True,2025-09,1,4155,1
WN,BOS,AUS,2025,9,970,22,13,0.0,frozenset({363}),363,0.5909090909090909,True,2025-09,1,4156,1
YX,PIT,BOS,2025,9,1110,19,11,2.0,"frozenset({5788, 5638})",5788,0.5789473684210527,True,2025-09,1,4157,2
WN,BOS,BWI,2025,9,1070,17,10,0.0,"frozenset({1418, 1350})",1350,0.5882352941176471,True,2025-09,1,4158,1
WN,BWI,BOS,2025,9,985,13,9,1.0,frozenset({1655}),1655,0.6923076923076923,True,2025-09,1,4159,1
WN,BWI,BOS,2025,9,930,13,8,0.0,frozenset({1655}),1655,0.6153846153846154,True,2025-09,1,4160,1
WN,BOS,BWI,2025,9,1135,13,7,0.0,frozenset({1418}),1418,0.5384615384615384,True,2025-09,1,4161,1
WN,BWI,BOS,2025,9,895,17,13,0.0,"frozenset({3729, 1658})",3729,0.7647058823529411,True,2025-09,1,4162,1
WN,BWI,BOS,2025,9,835,17,9,0.0,"frozenset({3729, 363})",363,0.5294117647058824,True,2025-09,1,4163,1
UA,ORD,BOS,2025,9,665,30,16,0.0,frozenset({399}),399,0.5333333333333333,True,2025-09,1,4164,1
UA,ORD,MSP,2025,9,950,30,16,0.0,frozenset({374}),374,0.5333333333333333,True,2025-09,1,4165,1
UA,IAD,BOS,2025,9,955,22,14,1.0,"frozenset({315, 1047})",1047,0.6363636363636364,True,2025-09,1,4166,1
YX,SAV,BOS,2025,9,934,20,11,0.0,frozenset({5647}),5647,0.55,True,2025-09,1,4167,1
F9,DTW,DFW,2025,9,1279,12,7,1.0,frozenset({3175}),3175,0.5833333333333334,True,2025-09,1,4168,1
YX,LGA,BOS,2025,9,1140,26,17,3.0,frozenset({5746}),5746,0.6538461538461539,True,2025-09,1,4169,1
WN,BOS,STL,2025,9,1125,17,12,1.0,frozenset({882}),882,0.7058823529411765,True,2025-09,1,4170,1
AA,MSN,DFW,2025,9,1058,30,16,1.0,frozenset({1826}),1826,0.5333333333333333,True,2025-09,2,3897,2
YX,LGA,BOS,2025,9,1065,42,24,4.0,"frozenset({5755, 4724})",4724,0.5714285714285714,True,2025-09,1,4171,1
UA,EWR,BOS,2025,9,840,26,16,2.0,"frozenset({333, 1047})",333,0.6153846153846154,True,2025-09,1,4172,1
UA,EWR,BOS,2025,9,910,36,25,0.0,"frozenset({225, 2033, 1036, 693})",1036,0.6944444444444444,True,2025-09,1,4173,1
YX,LGA,BOS,2025,9,1020,51,26,4.0,"frozenset({5779, 4724, 5725, 5743})",5725,0.5098039215686274,True,2025-09,1,4174,1
WN,BOS,MDW,2025,9,1220,13,9,1.0,frozenset({1440}),1440,0.6923076923076923,True,2025-09,1,4175,1
YX,SDF,BOS,2025,9,978,25,16,2.0,frozenset({5596}),5596,0.64,True,2025-09,1,4176,1
WN,DEN,BOS,2025,9,810,17,15,1.0,"frozenset({2490, 3335})",2490,0.8823529411764706,True,2025-09,1,4177,1
WN,DEN,BOS,2025,9,640,13,11,0.0,frozenset({3704}),3704,0.8461538461538461,True,2025-09,1,4178,1
UA,EWR,BOS,2025,9,989,19,11,1.0,"frozenset({2156, 1701, 693})",693,0.5789473684210527,True,2025-09,1,4179,1
WN,BOS,MDW,2025,9,1060,13,8,0.0,"frozenset({1434, 187})",1434,0.6153846153846154,True,2025-09,1,4180,1
DL,BOS,RDU,2025,9,1195,26,15,1.0,frozenset({817}),817,0.5769230769230769,True,2025-09,1,4181,2
WN,BOS,MDW,2025,9,1110,13,10,1.0,frozenset({736}),736,0.7692307692307693,True,2025-09,1,4182,1
AA,BOS,DFW,2025,9,1093,25,16,2.0,frozenset({1401}),1401,0.64,True,2025-09,1,4183,1
YX,EWR,BOS,2025,9,1180,26,15,3.0,frozenset({5718}),5718,0.5769230769230769,True,2025-09,1,4184,2
DL,MCI,BOS,2025,9,1110,17,9,0.0,frozenset({2024}),2024,0.5294117647058824,True,2025-09,1,4185,1
YX,EWR,BOS,2025,9,921,30,20,2.0,"frozenset({5841, 5718})",5841,0.6666666666666666,True,2025-09,1,4186,2
WN,BNA,BOS,2025,9,810,22,13,0.0,"frozenset({2973, 1295})",2973,0.5909090909090909,True,2025-09,1,4187,1
WN,BOS,DEN,2025,9,1030,26,23,0.0,"frozenset({3729, 1658})",3729,0.8846153846153846,True,2025-09,1,4188,1
DL,RDU,BOS,2025,9,990,19,12,0.0,frozenset({1075}),1075,0.631578947368421,True,2025-09,1,4189,1
WN,DAL,BOS,2025,9,780,17,13,1.0,"frozenset({676, 142})",142,0.7647058823529411,True,2025-09,1,4190,1
OO,SNA,SFO,2025,9,1196,17,10,0.0,frozenset({3492}),3492,0.5882352941176471,True,2025-09,1,4191,1
DL,BOS,TPA,2025,9,1205,18,10,0.0,frozenset({2234}),2234,0.5555555555555556,True,2025-09,1,4192,1
UA,ORD,BOS,2025,9,948,25,22,0.0,"frozenset({1677, 1983})",1677,0.88,True,2025-09,1,4193,1
UA,EWR,BOS,2025,9,1155,20,16,0.0,frozenset({1393}),1393,0.8,True,2025-09,1,4194,1
F9,DFW,SFO,2025,9,1259,17,9,1.0,frozenset({3999}),3999,0.5294117647058824,True,2025-09,1,4195,1
UA,ORD,BOS,2025,9,855,30,21,0.0,"frozenset({664, 1693})",664,0.7,True,2025-09,1,4196,1
F9,DEN,DFW,2025,9,1278,16,9,0.0,frozenset({2632}),2632,0.5625,True,2025-09,1,4197,1
OO,PHX,FAT,2025,9,1203,12,7,0.0,frozenset({6317}),6317,0.5833333333333334,True,2025-09,1,4198,1
WN,HOU,DCA,2025,10,745,27,15,0.0,"frozenset({200, 2969, 522, 201})",522,0.5555555555555556,True,2025-10,1,4199,1
B6,LGA,MCO,2025,10,1280,20,14,0.0,"frozenset({699, 1199})",699,0.7,True,2025-10,1,4200,1
UA,ORD,BOS,2025,10,810,31,16,1.0,"frozenset({1693, 1262})",1262,0.5161290322580645,True,2025-10,1,4201,1
WN,PHX,DAL,2025,10,1000,14,9,1.0,"frozenset({1861, 4150})",4150,0.6428571428571429,True,2025-10,1,4202,1
WN,PHX,DEN,2025,10,1030,19,10,0.0,"frozenset({2197, 790, 3727})",3727,0.5263157894736842,True,2025-10,1,4203,1
WN,FLL,IND,2025,10,1095,13,8,0.0,frozenset({2380}),2380,0.6153846153846154,True,2025-10,1,4204,1
WN,PHX,SEA,2025,10,1020,17,9,0.0,"frozenset({2777, 2606})",2606,0.5294117647058824,True,2025-10,1,4205,1
WN,BWI,BOS,2025,10,810,22,13,0.0,"frozenset({363, 4125, 2647})",4125,0.5909090909090909,True,2025-10,1,4206,1
DL,LGA,IAH,2025,10,1130,27,14,2.0,frozenset({2109}),2109,0.5185185185185185,True,2025-10,1,4207,1
DL,SAT,BOS,2025,10,830,26,16,0.0,frozenset({816}),816,0.6153846153846154,True,2025-10,2,4149,2
AA,DCA,BOS,2025,10,1050,30,16,0.0,frozenset({3207}),3207,0.5333333333333333,True,2025-10,1,4208,1
UA,EWR,BOS,2025,10,995,21,14,0.0,frozenset({1701}),1701,0.6666666666666666,True,2025-10,1,4209,1
UA,EWR,BOS,2025,10,839,27,15,2.0,"frozenset({577, 1047})",1047,0.5555555555555556,True,2025-10,1,4210,1
OO,FNT,ORD,2025,10,1208,22,12,0.0,frozenset({4970}),4970,0.5454545454545454,True,2025-10,1,4211,1
DL,BOS,ORD,2025,10,1170,25,14,0.0,frozenset({2676}),2676,0.56,True,2025-10,2,4096,2
WN,SAN,SFO,2025,10,1075,18,12,0.0,"frozenset({4017, 4387})",4017,0.6666666666666666,True,2025-10,1,4212,1
WN,SAN,SFO,2025,10,1255,17,9,1.0,"frozenset({3146, 2767})",2767,0.5294117647058824,True,2025-10,1,4213,1
OO,FSD,ORD,2025,10,1045,11,6,0.0,frozenset({6494}),6494,0.5454545454545454,True,2025-10,1,4214,1
B6,PBI,BOS,2025,10,720,26,14,0.0,"frozenset({322, 22})",22,0.5384615384615384,True,2025-10,1,4215,1
B6,PBI,BOS,2025,10,980,24,14,1.0,frozenset({2322}),2322,0.5833333333333334,True,2025-10,2,4092,2
OO,FWA,ORD,2025,10,1161,23,12,0.0,frozenset({4954}),4954,0.5217391304347826,True,2025-10,1,4216,1
WN,SEA,SJC,2025,10,1250,17,10,0.0,frozenset({4444}),4444,0.5882352941176471,True,2025-10,1,4217,1
B6,PHL,BOS,2025,10,1124,17,10,0.0,frozenset({2160}),2160,0.5882352941176471,True,2025-10,1,4218,1
WN,SEA,SMF,2025,10,1180,17,11,0.0,frozenset({4450}),4450,0.6470588235294118,True,2025-10,1,4219,1
DL,LGA,BOS,2025,10,1200,23,14,2.0,frozenset({1853}),1853,0.6086956521739131,True,2025-10,1,4220,2
UA,EWR,BOS,2025,10,1110,21,12,0.0,frozenset({2156}),2156,0.5714285714285714,True,2025-10,1,4221,1
DL,LGA,ORD,2025,10,996,23,12,2.0,frozenset({1390}),1390,0.5217391304347826,True,2025-10,1,4222,3
WN,SAN,OAK,2025,10,1140,19,11,0.0,"frozenset({3090, 2628, 1231})",3090,0.5789473684210527,True,2025-10,1,4223,1
WN,SAN,FAT,2025,10,1245,17,11,0.0,"frozenset({944, 2209})",944,0.6470588235294118,True,2025-10,1,4224,1
DL,LGA,ORD,2025,10,689,30,18,1.0,frozenset({2810}),2810,0.6,True,2025-10,1,4225,1
YX,ORD,DSM,2025,10,1320,16,9,0.0,frozenset({4450}),4450,0.5625,True,2025-10,1,4226,1
DL,TPA,LGA,2025,10,1199,27,14,1.0,frozenset({1824}),1824,0.5185185185185185,True,2025-10,1,4227,1
AA,BNA,DFW,2025,10,1055,15,9,0.0,frozenset({2244}),2244,0.6,True,2025-10,1,4228,1
UA,LGA,ORD,2025,10,1110,31,19,2.0,"frozenset({1952, 598})",1952,0.6129032258064516,True,2025-10,1,4229,1
B6,MCO,BOS,2025,10,730,28,16,1.0,"frozenset({652, 52})",652,0.5714285714285714,True,2025-10,1,4230,1
YX,MKE,BOS,2025,10,718,27,15,0.0,frozenset({5614}),5614,0.5555555555555556,True,2025-10,2,4148,2
B6,MCO,BOS,2025,10,910,25,13,1.0,"frozenset({452, 2052})",2052,0.52,True,2025-10,2,4097,2
UA,LGA,ORD,2025,10,1039,27,14,0.0,frozenset({2299}),2299,0.5185185185185185,True,2025-10,1,4231,2
B6,JFK,LAX,2025,10,1270,31,16,0.0,"frozenset({1723, 1223})",1223,0.5161290322580645,True,2025-10,1,4232,1
AA,PHX,SBP,2025,10,1230,10,6,0.0,frozenset({2838}),2838,0.6,True,2025-10,1,4233,1
AA,PHX,SAT,2025,10,768,16,9,0.0,"frozenset({2448, 2973})",2973,0.5625,True,2025-10,1,4234,1
UA,IAH,BOS,2025,10,780,31,17,0.0,"frozenset({1318, 350})",1318,0.5483870967741935,True,2025-10,2,4136,2
B6,MCO,LGA,2025,10,1130,21,14,0.0,"frozenset({2998, 798, 998})",798,0.6666666666666666,True,2025-10,1,4235,1
UA,EWR,SFO,2025,10,1215,27,15,0.0,frozenset({1558}),1558,0.5555555555555556,True,2025-10,1,4236,1
OO,DTW,ORD,2025,10,1084,25,18,0.0,frozenset({6385}),6385,0.72,True,2025-10,1,4237,1
AA,DFW,IAH,2025,10,965,31,16,0.0,"frozenset({1979, 2438})",1979,0.5161290322580645,True,2025-10,1,4238,1
DL,BOS,PBI,2025,10,945,27,15,0.0,frozenset({2160}),2160,0.5555555555555556,True,2025-10,1,4239,1
DL,LGA,ORD,2025,10,1135,27,16,1.0,frozenset({2801}),2801,0.5925925925925926,True,2025-10,1,4240,3
AS,KOA,SJC,2025,10,894,12,7,0.0,"frozenset({242, 844})",844,0.5833333333333334,True,2025-10,1,4241,1
WN,MCO,MDW,2025,10,1170,23,12,0.0,"frozenset({2442, 748})",2442,0.5217391304347826,True,2025-10,1,4242,1
DL,LGA,TPA,2025,10,960,28,16,1.0,frozenset({1824}),1824,0.5714285714285714,True,2025-10,1,4243,1
OH,SAV,DCA,2025,10,1171,22,12,0.0,frozenset({5052}),5052,0.5454545454545454,True,2025-10,1,4244,1
B6,BOS,PBI,2025,10,990,17,9,1.0,frozenset({1321}),1321,0.5294117647058824,True,2025-10,1,4245,1
WN,MCO,SAT,2025,10,1220,17,9,1.0,"frozenset({193, 2646})",193,0.5294117647058824,True,2025-10,1,4246,1
WN,ABQ,LAX,2025,10,1130,17,9,0.0,"frozenset({138, 2798})",138,0.5294117647058824,True,2025-10,1,4247,1
OH,TVC,ORD,2025,10,1073,25,14,1.0,frozenset({5057}),5057,0.56,True,2025-10,1,4248,1
B6,BUF,BOS,2025,10,844,14,9,1.0,"frozenset({2916, 1316})",1316,0.6428571428571429,True,2025-10,1,4249,1
YX,RIC,BOS,2025,10,1128,26,14,2.0,frozenset({5665}),5665,0.5384615384615384,True,2025-10,2,4142,2
UA,STL,EWR,2025,10,1044,21,14,0.0,frozenset({2301}),2301,0.6666666666666666,True,2025-10,1,4250,1
OH,TYS,ORD,2025,10,1057,25,19,0.0,frozenset({5302}),5302,0.76,True,2025-10,1,4251,1
WN,MDW,BOS,2025,10,705,17,9,0.0,"frozenset({1544, 3289})",3289,0.5294117647058824,True,2025-10,1,4252,1
B6,CHS,BOS,2025,10,780,24,15,0.0,frozenset({68}),68,0.625,True,2025-10,1,4253,1
UA,SNA,EWR,2025,10,758,31,17,0.0,frozenset({1559}),1559,0.5483870967741935,True,2025-10,1,4254,1
DL,MCI,BOS,2025,10,1134,26,14,3.0,"frozenset({2024, 1709})",1709,0.5384615384615384,True,2025-10,1,4255,1
AA,DFW,BOS,2025,10,983,25,15,0.0,frozenset({1366}),1366,0.6,True,2025-10,1,4256,1
B6,BDL,SJU,2025,10,1040,18,11,0.0,frozenset({275}),275,0.6111111111111112,True,2025-10,2,4055,2
WN,BNA,BOS,2025,10,1085,17,12,0.0,frozenset({998}),998,0.7058823529411765,True,2025-10,1,4257,1
AA,JAX,MIA,2025,10,1178,17,9,0.0,frozenset({2884}),2884,0.5294117647058824,True,2025-10,1,4258,1
WN,MCO,BNA,2025,10,1315,17,9,0.0,frozenset({2183}),2183,0.5294117647058824,True,2025-10,1,4259,1
WN,MCI,HOU,2025,10,1150,17,10,0.0,"frozenset({2377, 3892})",2377,0.5882352941176471,True,2025-10,1,4260,1
WN,AUS,PHX,2025,10,1060,15,8,0.0,"frozenset({6304, 103})",103,0.5333333333333333,True,2025-10,1,4261,1
WN,AUS,RDU,2025,10,1130,13,7,0.0,frozenset({807}),807,0.5384615384615384,True,2025-10,1,4262,1
OH,ORF,DCA,2025,10,1175,23,15,0.0,frozenset({5601}),5601,0.6521739130434783,True,2025-10,1,4263,1
WN,AUS,BOS,2025,10,710,13,9,0.0,frozenset({528}),528,0.6923076923076923,True,2025-10,1,4264,1
YX,SDF,EWR,2025,10,787,10,6,0.0,frozenset({3412}),3412,0.6,True,2025-10,1,4265,1
AA,DFW,DEN,2025,10,1253,30,16,1.0,frozenset({577}),577,0.5333333333333333,True,2025-10,1,4266,1
OH,RDU,DCA,2025,10,1064,30,16,0.0,"frozenset({5404, 5452})",5452,0.5333333333333333,True,2025-10,1,4267,1
OH,RDU,DCA,2025,10,1191,22,17,0.0,frozenset({5407}),5407,0.7727272727272727,True,2025-10,1,4268,1
WN,ATL,LGA,2025,10,1185,27,15,0.0,"frozenset({2470, 2567})",2567,0.5555555555555556,True,2025-10,1,4269,1
B6,ATL,BOS,2025,10,752,21,13,0.0,frozenset({896}),896,0.6190476190476191,True,2025-10,1,4270,1
AS,LAS,SFO,2025,10,1227,12,7,1.0,frozenset({574}),574,0.5833333333333334,True,2025-10,1,4271,1
OH,ORD,DAY,2025,10,1159,30,18,0.0,"frozenset({5177, 5109})",5109,0.6,True,2025-10,1,4272,1
AA,LAX,ORD,2025,10,884,27,14,0.0,"frozenset({1595, 1998})",1998,0.5185185185185185,True,2025-10,1,4273,1
WN,BNA,JAN,2025,10,1090,17,9,0.0,frozenset({3072}),3072,0.5294117647058824,True,2025-10,1,4274,1
AA,DFW,BOS,2025,10,924,31,16,1.0,"frozenset({1048, 2306})",2306,0.5161290322580645,True,2025-10,1,4275,1
WN,LAX,SFO,2025,10,1220,13,7,0.0,frozenset({3501}),3501,0.5384615384615384,True,2025-10,1,4276,1
WN,LAS,MCO,2025,10,950,13,7,0.0,frozenset({3286}),3286,0.5384615384615384,True,2025-10,1,4277,1
WN,LAS,HOU,2025,10,1085,18,11,0.0,"frozenset({2073, 2878})",2073,0.6111111111111112,True,2025-10,1,4278,1
WN,BOS,BWI,2025,10,1090,27,14,0.0,"frozenset({6320, 3770, 1350, 943})",3770,0.5185185185185185,True,2025-10,1,4279,1
WN,BOS,BWI,2025,10,1200,25,16,0.0,"frozenset({1465, 900})",900,0.64,True,2025-10,1,4280,1
AA,DFW,BFL,2025,10,1194,13,9,0.0,frozenset({1513}),1513,0.6923076923076923,True,2025-10,1,4281,1
WN,MKE,BNA,2025,10,1170,13,7,0.0,frozenset({1199}),1199,0.5384615384615384,True,2025-10,1,4282,1
B6,ILM,BOS,2025,10,810,21,15,1.0,frozenset({1290}),1290,0.7142857142857143,True,2025-10,1,4283,1
AA,DFW,STL,2025,10,872,25,14,1.0,frozenset({2487}),2487,0.56,True,2025-10,1,4284,1
AA,STL,DFW,2025,10,1022,24,15,1.0,frozenset({2487}),2487,0.625,True,2025-10,1,4285,1
WN,BOS,DEN,2025,10,1045,13,8,1.0,frozenset({3908}),3908,0.6153846153846154,True,2025-10,1,4286,1
WN,IND,MCO,2025,10,1300,13,7,0.0,frozenset({3139}),3139,0.5384615384615384,True,2025-10,1,4287,1
AA,SRQ,DFW,2025,10,1070,15,8,0.0,frozenset({2679}),2679,0.5333333333333333,True,2025-10,1,4288,1
WN,BOS,MDW,2025,10,1025,12,7,0.0,frozenset({1779}),1779,0.5833333333333334,True,2025-10,1,4289,1
WN,BOS,MDW,2025,10,1130,17,9,0.0,"frozenset({1081, 1779})",1779,0.5294117647058824,True,2025-10,1,4290,1
AA,LGA,TPA,2025,10,1105,27,15,1.0,frozenset({508}),508,0.5555555555555556,True,2025-10,1,4291,1
WN,LAS,MSP,2025,10,1110,13,7,0.0,frozenset({937}),937,0.5384615384615384,True,2025-10,1,4292,1
WN,LAS,MSY,2025,10,900,14,8,0.0,"frozenset({6537, 2004})",2004,0.5714285714285714,True,2025-10,1,4293,1
YX,PHL,BOS,2025,10,1060,26,16,1.0,frozenset({5852}),5852,0.6153846153846154,True,2025-10,2,4151,2
WN,LAS,ONT,2025,10,1015,13,9,0.0,frozenset({3503}),3503,0.6923076923076923,True,2025-10,1,4294,1
DL,ORD,BOS,2025,10,950,24,13,0.0,frozenset({972}),972,0.5416666666666666,True,2025-10,2,4140,2
DL,ORD,LGA,2025,10,875,31,16,1.0,frozenset({1074}),1074,0.5161290322580645,True,2025-10,1,4295,1
B6,CLE,BOS,2025,10,1010,17,9,0.0,frozenset({640}),640,0.5294117647058824,True,2025-10,2,4078,2
UA,SAV,EWR,2025,10,980,27,16,0.0,"frozenset({353, 1331})",1331,0.5925925925925926,True,2025-10,1,4296,1
UA,RDU,EWR,2025,10,1192,17,10,0.0,frozenset({1322}),1322,0.5882352941176471,True,2025-10,1,4297,1
AA,LGA,ORD,2025,10,1189,28,15,1.0,"frozenset({2041, 2057})",2041,0.5357142857142857,True,2025-10,1,4298,1
WN,LAS,SFO,2025,10,880,14,9,0.0,"frozenset({176, 197})",197,0.6428571428571429,True,2025-10,1,4299,1
UA,ORD,BOS,2025,10,960,19,13,0.0,"frozenset({1677, 1983})",1983,0.6842105263157895,True,2025-10,1,4300,1
AA,AUS,ORD,2025,10,1111,24,13,0.0,frozenset({1568}),1568,0.5416666666666666,True,2025-10,1,4301,1
UA,PBI,EWR,2025,10,1026,19,12,0.0,"frozenset({1395, 1950})",1395,0.631578947368421,True,2025-10,1,4302,1
B6,DCA,BOS,2025,10,815,28,16,2.0,"frozenset({56, 1354, 2254})",1354,0.5714285714285714,True,2025-10,1,4303,2
WN,LAS,SAN,2025,10,1130,30,16,0.0,"frozenset({3344, 1714, 1325})",3344,0.5333333333333333,True,2025-10,1,4304,1
AA,GSO,DFW,2025,10,1060,13,8,0.0,frozenset({1598}),1598,0.6153846153846154,True,2025-10,1,4305,1
WN,BOS,BNA,2025,10,945,13,9,1.0,frozenset({1227}),1227,0.6923076923076923,True,2025-10,1,4306,1
B6,DFW,BOS,2025,10,775,27,14,0.0,frozenset({1214}),1214,0.5185185185185185,True,2025-10,2,4117,2
WN,BOS,BNA,2025,10,1150,13,7,0.0,frozenset({1589}),1589,0.5384615384615384,True,2025-10,1,4307,1
YX,PIT,BOS,2025,10,1100,26,15,1.0,frozenset({5788}),5788,0.5769230769230769,True,2025-10,2,4157,2
B6,JAX,BOS,2025,10,762,24,15,1.0,frozenset({1310}),1310,0.625,True,2025-10,2,4102,2
WN,SAN,SFO,2025,10,775,15,8,0.0,"frozenset({3490, 3779, 869})",3490,0.5333333333333333,True,2025-10,1,4308,1
MQ,CMI,ORD,2025,10,1141,22,13,0.0,frozenset({3484}),3484,0.5909090909090909,True,2025-10,1,4309,1
OO,OKC,ORD,2025,10,1052,25,14,0.0,frozenset({6217}),6217,0.56,True,2025-10,1,4310,1
AA,ORD,EWR,2025,10,1140,27,14,0.0,"frozenset({1936, 1691})",1691,0.5185185185185185,True,2025-10,1,4311,1
WN,STL,BOS,2025,10,900,17,10,1.0,frozenset({4409}),4409,0.5882352941176471,True,2025-10,1,4312,1
OO,ORD,HSV,2025,10,1224,23,12,0.0,frozenset({6365}),6365,0.5217391304347826,True,2025-10,1,4313,1
AA,BOS,PHX,2025,10,1022,16,9,0.0,frozenset({1850}),1850,0.5625,True,2025-10,1,4314,1
WN,SMF,SAN,2025,10,930,18,10,0.0,"frozenset({1003, 156})",156,0.5555555555555556,True,2025-10,1,4315,1
YX,CMH,LGA,2025,10,958,25,14,1.0,"frozenset({4713, 4684})",4684,0.56,True,2025-10,1,4316,1
WN,SMF,PHX,2025,10,1140,13,7,0.0,frozenset({2962}),2962,0.5384615384615384,True,2025-10,1,4317,1
WN,SMF,PDX,2025,10,1250,13,10,0.0,frozenset({3039}),3039,0.7692307692307693,True,2025-10,1,4318,1
OO,ORD,IDA,2025,10,585,31,16,0.0,"frozenset({6412, 6239})",6239,0.5161290322580645,True,2025-10,1,4319,1
WN,DEN,AUS,2025,10,1130,14,9,0.0,"frozenset({1763, 661})",661,0.6428571428571429,True,2025-10,1,4320,1
AA,BOS,PHL,2025,10,1220,25,14,0.0,"frozenset({2816, 3295})",2816,0.56,True,2025-10,1,4321,1
MQ,ILM,BOS,2025,10,780,31,17,0.0,frozenset({3883}),3883,0.5483870967741935,True,2025-10,1,4322,1
YX,CVG,BOS,2025,10,840,44,27,1.0,"frozenset({5780, 4628})",4628,0.6136363636363636,True,2025-10,1,4323,1
B6,TPA,BOS,2025,10,869,14,9,1.0,frozenset({492}),492,0.6428571428571429,True,2025-10,2,4122,2
OO,TVC,ORD,2025,10,1287,16,9,0.0,"frozenset({6362, 4917})",4917,0.5625,True,2025-10,1,4324,1
MQ,BOS,STL,2025,10,975,23,13,0.0,frozenset({3562}),3562,0.5652173913043478,True,2025-10,1,4325,1
F9,ORD,DFW,2025,10,1145,11,6,0.0,"frozenset({3241, 1341})",1341,0.5454545454545454,True,2025-10,1,4326,1
AA,CLT,IAH,2025,10,1122,17,9,0.0,"frozenset({2297, 2935})",2297,0.5294117647058824,True,2025-10,1,4327,1
B6,SAV,BOS,2025,10,970,21,12,1.0,frozenset({450}),450,0.5714285714285714,True,2025-10,2,4125,2
AA,DFW,MCO,2025,10,1115,31,18,2.0,frozenset({2186}),2186,0.5806451612903226,True,2025-10,1,4328,1
OO,MKE,ORD,2025,10,1216,23,12,0.0,frozenset({6509}),6509,0.5217391304347826,True,2025-10,1,4329,1
F9,SLC,LAS,2025,10,1213,11,6,0.0,"frozenset({1507, 3015})",3015,0.5454545454545454,True,2025-10,1,4330,1
OO,PVD,ORD,2025,10,1067,30,19,0.0,"frozenset({6380, 6452})",6452,0.6333333333333333,True,2025-10,1,4331,1
YX,EWR,BOS,2025,10,1183,26,14,3.0,frozenset({5718}),5718,0.5384615384615384,True,2025-10,2,4184,2
G4,TYS,FLL,2025,10,1275,11,10,0.0,"frozenset({530, 2123, 2111})",2111,0.9090909090909091,True,2025-10,1,4332,1
WN,SMF,DAL,2025,10,935,13,7,0.0,frozenset({1339}),1339,0.5384615384615384,True,2025-10,1,4333,1
YX,EWR,BOS,2025,10,940,30,17,2.0,frozenset({5841}),5841,0.5666666666666667,True,2025-10,2,4186,2
YX,CLT,BOS,2025,10,846,23,14,1.0,frozenset({5630}),5630,0.6086956521739131,True,2025-10,2,4059,2
AA,DFW,SDF,2025,10,1249,19,10,1.0,"frozenset({2516, 2895})",2516,0.5263157894736842,True,2025-10,1,4334,1
YX,BOS,DCA,2025,10,1215,28,15,2.0,"frozenset({4416, 5811})",5811,0.5357142857142857,True,2025-10,2,4044,2
YX,IND,BOS,2025,10,885,27,16,1.0,"frozenset({5592, 4569})",4569,0.5925925925925926,True,2025-10,1,4335,1
YX,IND,BOS,2025,10,1055,26,16,1.0,frozenset({5627}),5627,0.6153846153846154,True,2025-10,2,4146,2
NK,AUS,EWR,2025,10,732,17,10,1.0,frozenset({617}),617,0.5882352941176471,True,2025-10,1,4336,1
WN,DEN,LGB,2025,10,1130,26,14,0.0,"frozenset({2506, 1410, 2534, 2143})",2534,0.5384615384615384,True,2025-10,1,4337,1
AA,DFW,SAN,2025,10,1240,26,15,0.0,frozenset({1798}),1798,0.5769230769230769,True,2025-10,1,4338,1
F9,MDW,EWR,2025,10,1076,11,9,1.0,frozenset({1414}),1414,0.8181818181818182,True,2025-10,1,4339,1
F9,MCO,PHL,2025,10,1362,17,10,1.0,frozenset({1808}),1808,0.5882352941176471,True,2025-10,1,4340,1
DL,DTW,LGA,2025,10,1061,27,14,0.0,frozenset({2604}),2604,0.5185185185185185,True,2025-10,1,4341,1
MQ,STL,BOS,2025,10,1140,23,14,0.0,frozenset({3562}),3562,0.6086956521739131,True,2025-10,1,4342,1
YX,BOS,CLE,2025,10,1250,22,12,1.0,frozenset({5655}),5655,0.5454545454545454,True,2025-10,1,4343,1
OO,SAN,SBP,2025,10,1319,18,10,5.0,frozenset({3444}),3444,0.5555555555555556,True,2025-10,1,4344,1
F9,SFO,LAS,2025,10,1337,11,6,0.0,frozenset({4156}),4156,0.5454545454545454,True,2025-10,1,4345,1
WN,TUS,SAN,2025,10,1105,17,9,0.0,frozenset({4399}),4399,0.5294117647058824,True,2025-10,1,4346,1
AA,DFW,SAT,2025,10,1115,15,10,0.0,"frozenset({2368, 1406, 2438})",2438,0.6666666666666666,True,2025-10,1,4347,1
WN,TPA,PIT,2025,10,1195,13,7,0.0,frozenset({1262}),1262,0.5384615384615384,True,2025-10,1,4348,1
MQ,SDF,BOS,2025,10,800,28,15,0.0,"frozenset({4305, 4170})",4305,0.5357142857142857,True,2025-10,1,4349,1
YX,JFK,BOS,2025,10,960,26,15,1.0,frozenset({4708}),4708,0.5769230769230769,True,2025-10,1,4350,1
DL,DFW,BOS,2025,10,685,23,12,0.0,"frozenset({760, 1726})",1726,0.5217391304347826,True,2025-10,1,4351,1
WN,DCA,TPA,2025,10,1010,13,8,0.0,frozenset({2414}),2414,0.6153846153846154,True,2025-10,1,4352,1
OO,ORD,BNA,2025,10,1229,26,14,0.0,"frozenset({4920, 4945})",4945,0.5384615384615384,True,2025-10,1,4353,1
YX,BWI,BOS,2025,10,1094,23,14,1.0,frozenset({5644}),5644,0.6086956521739131,True,2025-10,2,4062,2
NK,MCO,PNS,2025,10,1070,11,6,1.0,frozenset({2436}),2436,0.5454545454545454,True,2025-10,1,4354,1
DL,CHS,BOS,2025,10,960,27,14,0.0,frozenset({2785}),2785,0.5185185185185185,True,2025-10,2,4133,2
F9,EWR,MDW,2025,10,1320,11,7,1.0,frozenset({1413}),1413,0.6363636363636364,True,2025-10,1,4355,1
MQ,MSP,ORD,2025,10,1069,23,12,0.0,frozenset({4301}),4301,0.5217391304347826,True,2025-10,1,4356,1
F9,PHL,MCO,2025,10,1138,19,10,1.0,frozenset({2507}),2507,0.5263157894736842,True,2025-10,1,4357,1
YX,DCA,BOS,2025,10,899,27,16,2.0,frozenset({5600}),5600,0.5925925925925926,True,2025-10,2,4064,2
AA,BOS,PHL,2025,10,1092,25,16,1.0,"frozenset({3073, 1158})",1158,0.64,True,2025-10,1,4358,1
WN,SJC,AUS,2025,10,925,14,8,0.0,"frozenset({698, 597})",698,0.5714285714285714,True,2025-10,1,4359,1
DL,MCO,DTW,2025,10,1185,16,9,0.0,frozenset({1133}),1133,0.5625,True,2025-10,1,4360,1
UA,BOS,ORD,2025,10,1095,31,18,1.0,frozenset({1015}),1015,0.5806451612903226,True,2025-10,1,4361,1
OO,LAS,SAN,2025,10,1131,19,11,0.0,frozenset({3428}),3428,0.5789473684210527,True,2025-10,1,4362,1
AA,DFW,SLC,2025,10,1140,13,7,0.0,"frozenset({2993, 2507})",2507,0.5384615384615384,True,2025-10,1,4363,1
WN,SJC,AUS,2025,10,1155,17,9,0.0,frozenset({173}),173,0.5294117647058824,True,2025-10,1,4364,1
WN,SFO,LAS,2025,10,1300,13,9,0.0,frozenset({379}),379,0.6923076923076923,True,2025-10,1,4365,1
WN,DAL,BHM,2025,10,1290,13,7,1.0,frozenset({1339}),1339,0.5384615384615384,True,2025-10,1,4366,1
DL,LAX,BOS,2025,10,653,27,15,0.0,frozenset({2130}),2130,0.5555555555555556,True,2025-10,1,4367,1
UA,CLE,EWR,2025,10,1135,26,15,0.0,frozenset({1929}),1929,0.5769230769230769,True,2025-10,1,4368,1
OO,IDA,DFW,2025,10,775,26,15,0.0,frozenset({6215}),6215,0.5769230769230769,True,2025-10,1,4369,1
G4,GRR,SFB,2025,10,1259,13,7,0.0,"frozenset({1281, 1346, 2859, 2829, 2894, 2930})",2930,0.5384615384615384,True,2025-10,1,4370,1
YX,LGA,IND,2025,10,1270,27,14,3.0,"frozenset({4646, 4527})",4646,0.5185185185185185,True,2025-10,1,4371,1
AA,BOS,ORD,2025,10,1165,20,12,1.0,frozenset({2837}),2837,0.6,True,2025-10,1,4372,1
AA,DFW,PDX,2025,10,1266,25,13,1.0,frozenset({1636}),1636,0.52,True,2025-10,1,4373,1
WN,SFO,DEN,2025,10,1010,13,8,0.0,frozenset({2470}),2470,0.6153846153846154,True,2025-10,1,4374,1
UA,CLT,EWR,2025,10,1111,27,14,1.0,frozenset({371}),371,0.5185185185185185,True,2025-10,1,4375,1
DL,BOS,LAX,2025,10,1255,23,13,0.0,frozenset({321}),321,0.5652173913043478,True,2025-10,1,4376,1
G4,FLL,AVL,2025,10,778,14,9,0.0,"frozenset({482, 531, 501, 2126})",482,0.6428571428571429,True,2025-10,1,4377,1
DL,BOS,MIA,2025,10,986,25,14,0.0,frozenset({776}),776,0.56,True,2025-10,1,4378,1
UA,CMH,ORD,2025,10,1062,29,16,0.0,frozenset({1182}),1182,0.5517241379310345,True,2025-10,1,4379,3
WN,CMH,MCO,2025,10,1000,17,9,1.0,frozenset({2135}),2135,0.5294117647058824,True,2025-10,1,4380,1
AA,BOS,ORD,2025,10,1064,30,17,1.0,"frozenset({3233, 3090})",3090,0.5666666666666667,True,2025-10,1,4381,1
WN,DEN,RDU,2025,10,1110,17,11,0.0,frozenset({1713}),1713,0.6470588235294118,True,2025-10,1,4382,1
AA,BOS,ORD,2025,10,954,31,22,0.0,"frozenset({1913, 2700})",2700,0.7096774193548387,True,2025-10,1,4383,1
B6,PIT,BOS,2025,10,987,27,16,1.0,"frozenset({1986, 1786})",1786,0.5925925925925926,True,2025-10,2,4100,2
WN,SFO,LAX,2025,10,1255,17,10,0.0,frozenset({754}),754,0.5882352941176471,True,2025-10,1,4384,1
UA,BOS,EWR,2025,10,1135,27,18,2.0,frozenset({521}),521,0.6666666666666666,True,2025-10,1,4385,1
WN,DCA,MCI,2025,10,1015,27,15,0.0,"frozenset({2377, 490, 2364})",2377,0.5555555555555556,True,2025-10,1,4386,1
DL,BNA,BOS,2025,10,660,23,13,0.0,frozenset({1630}),1630,0.5652173913043478,True,2025-10,2,4063,2
AA,DFW,ORD,2025,10,1130,30,16,0.0,"frozenset({2881, 1573})",1573,0.5333333333333333,True,2025-10,1,4387,1
OO,ORD,TVC,2025,10,1260,14,8,0.0,frozenset({4947}),4947,0.5714285714285714,True,2025-10,1,4388,1
AA,PHL,BOS,2025,10,1088,22,13,0.0,frozenset({1776}),1776,0.5909090909090909,True,2025-10,1,4389,1
WN,SFO,SAN,2025,10,1215,13,10,1.0,frozenset({3957}),3957,0.7692307692307693,True,2025-10,1,4390,1
UA,BNA,EWR,2025,10,1110,22,12,0.0,"frozenset({499, 2227})",2227,0.5454545454545454,True,2025-10,1,4391,1
WN,SFO,SAN,2025,10,1115,14,10,1.0,"frozenset({2649, 980})",980,0.7142857142857143,True,2025-10,1,4392,1
G4,GSP,SFB,2025,10,942,11,7,0.0,"frozenset({1250, 1283, 2863, 2901, 1279})",2863,0.6363636363636364,True,2025-10,1,4393,1
DL,BOS,RDU,2025,10,1198,23,13,1.0,frozenset({817}),817,0.5652173913043478,True,2025-10,2,4181,2
AA,PHL,BOS,2025,10,960,30,17,1.0,"frozenset({3073, 1147, 1158})",1158,0.5666666666666667,True,2025-10,1,4394,1
YX,DCA,LGA,2025,10,1165,27,14,2.0,frozenset({5717}),5717,0.5185185185185185,True,2025-10,1,4395,1
OO,ORD,TVC,2025,10,1089,16,10,0.0,"frozenset({6362, 4914})",4914,0.625,True,2025-10,1,4396,1
AA,ORD,BOS,2025,10,716,31,21,0.0,"frozenset({2700, 1479})",2700,0.6774193548387096,True,2025-10,1,4397,1
G4,PIE,TYS,2025,10,1138,12,7,0.0,"frozenset({1091, 1096, 1065, 972, 1021})",1091,0.5833333333333334,True,2025-10,1,4398,1
DL,BNA,LGA,2025,10,1165,27,14,0.0,frozenset({2705}),2705,0.5185185185185185,True,2025-10,1,4399,1
G4,SBN,SFB,2025,10,953,12,7,0.0,"frozenset({1280, 1196, 1336, 1273, 2941})",1273,0.5833333333333334,True,2025-10,1,4400,1
YX,DCA,BOS,2025,10,1010,28,17,2.0,frozenset({5682}),5682,0.6071428571428571,True,2025-10,2,4073,2
DL,AUS,BOS,2025,10,832,27,16,0.0,frozenset({1156}),1156,0.5925925925925926,True,2025-10,2,4068,2
UA,AUS,EWR,2025,10,900,10,7,0.0,"frozenset({2161, 1859})",1859,0.7,True,2025-10,1,4401,1
OH,ORF,DCA,2025,11,913,28,17,0.0,frozenset({5337}),5337,0.6071428571428571,True,2025-11,1,4402,2
YX,RIC,LGA,2025,11,1160,25,14,2.0,frozenset({4507}),4507,0.56,True,2025-11,1,4403,1
B6,DCA,BOS,2025,11,909,17,10,0.0,frozenset({1354}),1354,0.5882352941176471,True,2025-11,2,4303,2
AA,DFW,CID,2025,11,1001,13,7,3.0,frozenset({3302}),3302,0.5384615384615384,True,2025-11,1,4404,1
YX,BOS,JFK,2025,11,1157,25,13,6.0,"frozenset({5820, 4503})",4503,0.52,True,2025-11,1,4405,1
OH,GSP,DCA,2025,11,1174,24,15,3.0,frozenset({5083}),5083,0.625,True,2025-11,1,4406,1
MQ,SYR,DCA,2025,11,1062,13,7,1.0,frozenset({3956}),3956,0.5384615384615384,True,2025-11,1,4407,1
YX,ROA,LGA,2025,11,1041,25,13,1.0,frozenset({4688}),4688,0.52,True,2025-11,1,4408,2
OH,HPN,DCA,2025,11,909,29,19,1.0,frozenset({5254}),5254,0.6551724137931034,True,2025-11,1,4409,2
NK,ATL,EWR,2025,11,1065,10,6,2.0,frozenset({493}),493,0.6,True,2025-11,1,4410,1
DL,LGA,ORD,2025,11,1250,24,13,1.0,frozenset({2806}),2806,0.5416666666666666,True,2025-11,1,4411,1
F9,SLC,LAS,2025,11,1340,10,6,0.0,frozenset({1507}),1507,0.6,True,2025-11,1,4412,1
OH,HSV,DCA,2025,11,1114,25,13,0.0,frozenset({5368}),5368,0.52,True,2025-11,1,4413,1
F9,PHL,ATL,2025,11,1115,25,14,2.0,"frozenset({2297, 1003, 1101})",1003,0.56,True,2025-11,1,4414,2
OH,PHL,DCA,2025,11,894,28,15,0.0,"frozenset({5172, 5437, 5015})",5172,0.5357142857142857,True,2025-11,1,4415,1
DL,BOS,RDU,2025,11,520,10,6,0.0,frozenset({2118}),2118,0.6,True,2025-11,1,4416,1
B6,DCA,FLL,2025,11,931,27,16,0.0,frozenset({1579}),1579,0.5925925925925926,True,2025-11,1,4417,1
DL,ORD,LGA,2025,11,1225,24,14,1.0,frozenset({2760}),2760,0.5833333333333334,True,2025-11,1,4418,1
YX,DCA,LGA,2025,11,1240,23,13,2.0,frozenset({5768}),5768,0.5652173913043478,True,2025-11,1,4419,1
YX,DCA,LGA,2025,11,825,31,16,1.0,"frozenset({4665, 5775})",5775,0.5161290322580645,True,2025-11,1,4420,1
YX,DCA,LGA,2025,11,857,27,16,1.0,"frozenset({5768, 4665, 5775})",4665,0.5925925925925926,True,2025-11,1,4421,2
OH,ORD,TYS,2025,11,864,12,7,2.0,frozenset({5181}),5181,0.5833333333333334,True,2025-11,1,4422,1
WN,MDW,BWI,2025,11,1035,17,11,6.0,"frozenset({3200, 3488, 1908, 1838})",3200,0.6470588235294118,True,2025-11,1,4423,1
DL,MCI,LGA,2025,11,756,25,13,1.0,frozenset({884}),884,0.52,True,2025-11,1,4424,2
OH,PHL,DCA,2025,11,1190,26,19,1.0,frozenset({5244}),5244,0.7307692307692307,True,2025-11,1,4425,2
AA,DFW,BUF,2025,11,1128,28,15,1.0,"frozenset({2401, 574})",2401,0.5357142857142857,True,2025-11,1,4426,1
YX,CMH,DCA,2025,11,877,24,14,1.0,frozenset({4741}),4741,0.5833333333333334,True,2025-11,1,4427,1
F9,SFO,PHX,2025,11,1255,18,12,0.0,frozenset({2638}),2638,0.6666666666666666,True,2025-11,1,4428,1
YX,RDU,LGA,2025,11,883,23,13,1.0,frozenset({4560}),4560,0.5652173913043478,True,2025-11,1,4429,1
DL,DFW,LGA,2025,11,912,26,15,1.0,frozenset({417}),417,0.5769230769230769,True,2025-11,1,4430,1
DL,BOS,DFW,2025,11,925,10,6,0.0,"frozenset({2305, 303})",303,0.6,True,2025-11,1,4431,1
DL,ORD,BOS,2025,11,1155,18,10,0.0,"frozenset({416, 1316})",416,0.5555555555555556,True,2025-11,1,4432,1
F9,SAN,LAS,2025,11,959,11,6,0.0,"frozenset({1466, 1470})",1466,0.5454545454545454,True,2025-11,1,4433,1
WN,MDW,DCA,2025,11,885,15,8,1.0,"frozenset({3562, 3949, 3810})",3562,0.5333333333333333,True,2025-11,1,4434,1
WN,MDW,DCA,2025,11,1085,22,12,0.0,"frozenset({2562, 3195, 3380})",2562,0.5454545454545454,True,2025-11,1,4435,1
DL,ORD,LGA,2025,11,1070,28,17,1.0,frozenset({1241}),1241,0.6071428571428571,True,2025-11,1,4436,2
F9,RDU,LGA,2025,11,900,19,10,1.0,frozenset({3314}),3314,0.5263157894736842,True,2025-11,1,4437,1
DL,ORD,LGA,2025,11,1155,25,14,5.0,frozenset({1390}),1390,0.56,True,2025-11,1,4438,2
F9,PHX,LAS,2025,11,1320,10,7,0.0,frozenset({4113}),4113,0.7,True,2025-11,1,4439,1
OH,DTW,DCA,2025,11,1175,24,18,3.0,frozenset({5075}),5075,0.75,True,2025-11,1,4440,2
YX,GRR,LGA,2025,11,1064,18,10,5.0,frozenset({5639}),5639,0.5555555555555556,True,2025-11,1,4441,1
YX,DCA,LGA,2025,11,1184,49,30,3.0,"frozenset({4632, 5717})",4632,0.6122448979591837,True,2025-11,1,4442,1
YX,DCA,LGA,2025,11,1111,28,18,7.0,frozenset({4421}),4421,0.6428571428571429,True,2025-11,1,4443,1
DL,LAX,SFO,2025,11,790,29,16,0.0,frozenset({2267}),2267,0.5517241379310345,True,2025-11,1,4444,1
DL,LGA,ORD,2025,11,1139,24,13,1.0,frozenset({2801}),2801,0.5416666666666666,True,2025-11,2,4240,3
WN,SFO,SAN,2025,11,945,12,7,1.0,frozenset({4310}),4310,0.5833333333333334,True,2025-11,1,4445,1
WN,SFO,STL,2025,11,650,11,6,0.0,"frozenset({1405, 2957})",2957,0.5454545454545454,True,2025-11,1,4446,1
OH,DCA,BDL,2025,11,1070,24,14,0.0,frozenset({5493}),5493,0.5833333333333334,True,2025-11,1,4447,2
WN,PNS,BNA,2025,11,1050,13,8,0.0,"frozenset({4404, 2567})",2567,0.6153846153846154,True,2025-11,1,4448,1
WN,SFO,STL,2025,11,770,12,8,0.0,frozenset({2957}),2957,0.6666666666666666,True,2025-11,1,4449,1
B6,ROC,JFK,2025,11,965,10,6,0.0,frozenset({1285}),1285,0.6,True,2025-11,1,4450,1
OH,BUF,DCA,2025,11,1045,14,12,1.0,"frozenset({5213, 5327})",5327,0.8571428571428571,True,2025-11,1,4451,1
OH,BUF,DCA,2025,11,773,28,15,1.0,frozenset({5213}),5213,0.5357142857142857,True,2025-11,1,4452,2
F9,ATL,IAH,2025,11,1260,20,11,0.0,frozenset({4075}),4075,0.55,True,2025-11,1,4453,1
YX,LGA,DCA,2025,11,1165,24,13,2.0,"frozenset({4675, 5591})",5591,0.5416666666666666,True,2025-11,1,4454,1
YX,LGA,DCA,2025,11,980,28,15,6.0,"frozenset({4456, 4398})",4456,0.5357142857142857,True,2025-11,1,4455,1
DL,LGA,MIA,2025,11,1169,25,13,1.0,frozenset({2382}),2382,0.52,True,2025-11,1,4456,2
F9,CLT,CLE,2025,11,1165,11,6,1.0,frozenset({4573}),4573,0.5454545454545454,True,2025-11,1,4457,1
F9,CLT,LGA,2025,11,1060,11,6,1.0,frozenset({3134}),3134,0.5454545454545454,True,2025-11,1,4458,1
DL,SFO,LAX,2025,11,935,29,15,0.0,frozenset({2267}),2267,0.5172413793103449,True,2025-11,1,4459,1
OH,BTV,DCA,2025,11,1034,20,13,2.0,frozenset({5399}),5399,0.65,True,2025-11,1,4460,1
B6,SJU,BOS,2025,11,1210,11,6,1.0,frozenset({1462}),1462,0.5454545454545454,True,2025-11,1,4461,2
B6,LGA,MCO,2025,11,840,18,10,0.0,frozenset({499}),499,0.5555555555555556,True,2025-11,1,4462,1
DL,LGA,MCI,2025,11,952,25,13,0.0,frozenset({2068}),2068,0.52,True,2025-11,1,4463,2
DL,LGA,DFW,2025,11,1229,24,14,1.0,frozenset({860}),860,0.5833333333333334,True,2025-11,1,4464,1
WN,SFO,SAN,2025,11,775,13,7,0.0,"frozenset({2621, 187, 2413})",2413,0.5384615384615384,True,2025-11,1,4465,1
B6,MCO,EWR,2025,11,788,20,11,4.0,"frozenset({128, 228})",128,0.55,True,2025-11,1,4466,1
F9,ATL,PHL,2025,11,1345,24,16,2.0,"frozenset({2552, 1102})",2552,0.6666666666666666,True,2025-11,1,4467,1
OH,CLE,DCA,2025,11,1176,25,19,2.0,frozenset({5226}),5226,0.76,True,2025-11,1,4468,2
B6,PBI,LGA,2025,11,853,21,15,2.0,frozenset({2462}),2462,0.7142857142857143,True,2025-11,1,4469,1
WN,SEA,DEN,2025,11,960,13,10,2.0,"frozenset({733, 1567})",1567,0.7692307692307693,True,2025-11,1,4470,1
WN,SFO,DEN,2025,11,780,17,9,0.0,"frozenset({1563, 485, 2151})",1563,0.5294117647058824,True,2025-11,1,4471,1
AA,COS,DFW,2025,11,997,16,9,0.0,frozenset({1170}),1170,0.5625,True,2025-11,1,4472,1
WN,SAN,SFO,2025,11,1180,11,6,0.0,frozenset({4253}),4253,0.5454545454545454,True,2025-11,1,4473,1
WN,SFO,DEN,2025,11,955,13,11,0.0,frozenset({4251}),4251,0.8461538461538461,True,2025-11,1,4474,2
DL,LGA,BOS,2025,11,1260,17,9,1.0,frozenset({1853}),1853,0.5294117647058824,True,2025-11,2,4220,2
OH,CAK,DCA,2025,11,871,29,16,1.0,frozenset({5062}),5062,0.5517241379310345,True,2025-11,1,4475,1
YX,LGA,RDU,2025,11,1030,25,13,2.0,"frozenset({4704, 4485})",4704,0.52,True,2025-11,1,4476,1
F9,ATL,ORD,2025,11,1377,21,11,4.0,"frozenset({3397, 2197})",3397,0.5238095238095238,True,2025-11,1,4477,2
WN,SAN,HOU,2025,11,1115,12,7,1.0,frozenset({2471}),2471,0.5833333333333334,True,2025-11,1,4478,1
DL,JFK,PHX,2025,11,1015,19,10,1.0,frozenset({798}),798,0.5263157894736842,True,2025-11,1,4479,1
WN,SFO,LAX,2025,11,1195,15,9,0.0,"frozenset({4307, 3421, 1549})",4307,0.6,True,2025-11,1,4480,1
F9,ATL,MIA,2025,11,1300,11,6,0.0,frozenset({3442}),3442,0.5454545454545454,True,2025-11,1,4481,1
YX,LGA,GRR,2025,11,884,18,10,5.0,frozenset({5639}),5639,0.5555555555555556,True,2025-11,1,4482,1
F9,ATL,MDW,2025,11,1260,14,8,1.0,frozenset({2779}),2779,0.5714285714285714,True,2025-11,1,4483,1
B6,MCO,EWR,2025,11,945,22,12,3.0,"frozenset({128, 494})",494,0.5454545454545454,True,2025-11,1,4484,1
WN,PHX,SAN,2025,11,1055,22,14,3.0,"frozenset({3851, 588, 4005})",588,0.6363636363636364,True,2025-11,1,4485,1
NK,CLT,MIA,2025,11,1298,11,6,0.0,frozenset({560}),560,0.5454545454545454,True,2025-11,1,4486,1
B6,TPA,EWR,2025,11,1041,19,13,1.0,frozenset({2274}),2274,0.6842105263157895,True,2025-11,1,4487,1
B6,LGA,FLL,2025,11,1225,14,8,1.0,frozenset({371}),371,0.5714285714285714,True,2025-11,1,4488,1
B6,JFK,ATL,2025,11,1125,13,8,1.0,frozenset({719}),719,0.6153846153846154,True,2025-11,1,4489,1
WN,TPA,ATL,2025,11,1040,14,8,0.0,frozenset({400}),400,0.5714285714285714,True,2025-11,1,4490,1
WN,SFO,BNA,2025,11,610,14,9,0.0,frozenset({1172}),1172,0.6428571428571429,True,2025-11,1,4491,2
F9,LAX,SFO,2025,11,1109,18,12,0.0,frozenset({2857}),2857,0.6666666666666666,True,2025-11,1,4492,1
AA,DFW,ALB,2025,11,1110,20,12,1.0,"frozenset({2384, 391})",2384,0.6,True,2025-11,1,4493,1
AA,DFW,AMA,2025,11,1359,13,8,0.0,"frozenset({1184, 1449})",1184,0.6153846153846154,True,2025-11,1,4494,1
NK,LGA,MIA,2025,11,1135,15,8,1.0,frozenset({1704}),1704,0.5333333333333333,True,2025-11,1,4495,1
NK,IAH,LGA,2025,11,1101,29,16,1.0,frozenset({1603}),1603,0.5517241379310345,True,2025-11,1,4496,1
YX,JFK,DCA,2025,11,930,27,15,1.0,frozenset({4671}),4671,0.5555555555555556,True,2025-11,1,4497,1
AA,DFW,AUS,2025,11,1110,10,8,1.0,"frozenset({2767, 3111})",3111,0.8,True,2025-11,1,4498,1
DL,LGA,ORD,2025,11,989,25,13,4.0,"frozenset({2760, 1390})",1390,0.52,True,2025-11,2,4222,3
B6,FLL,EWR,2025,11,1205,30,17,1.0,"frozenset({706, 106})",706,0.5666666666666667,True,2025-11,1,4499,2
B6,FLL,EWR,2025,11,900,19,11,3.0,"frozenset({906, 606})",606,0.5789473684210527,True,2025-11,1,4500,1
NK,EWR,DTW,2025,11,1325,21,12,3.0,frozenset({1760}),1760,0.5714285714285714,True,2025-11,1,4501,1
OH,DCA,SAV,2025,11,1184,29,19,2.0,"frozenset({5384, 5554})",5554,0.6551724137931034,True,2025-11,1,4502,1
NK,DTW,EWR,2025,11,1157,21,11,3.0,frozenset({1759}),1759,0.5238095238095238,True,2025-11,1,4503,1
F9,MIA,ATL,2025,11,1101,14,8,0.0,"frozenset({3059, 4405})",4405,0.5714285714285714,True,2025-11,1,4504,1
DL,LGA,ORD,2025,11,1055,29,15,1.0,frozenset({2760}),2760,0.5172413793103449,True,2025-11,1,4505,2
F9,LGA,CLT,2025,11,1019,17,10,1.0,frozenset({3133}),3133,0.5882352941176471,True,2025-11,1,4506,1
YX,ORF,LGA,2025,11,1097,24,15,4.0,frozenset({4357}),4357,0.625,True,2025-11,1,4507,1
DL,DTW,ORD,2025,11,1072,11,6,1.0,"frozenset({1668, 1084})",1084,0.5454545454545454,True,2025-11,1,4508,1
WN,OAK,SAN,2025,11,620,15,8,4.0,"frozenset({4090, 3903})",3903,0.5333333333333333,True,2025-11,1,4509,1
WN,PHX,HOU,2025,11,1175,13,7,0.0,"frozenset({4689, 4481, 719})",719,0.5384615384615384,True,2025-11,1,4510,1
B6,LGA,FLL,2025,11,950,20,12,0.0,frozenset({1371}),1371,0.6,True,2025-11,1,4511,2
OH,DCA,CAE,2025,11,1335,24,13,3.0,frozenset({5664}),5664,0.5416666666666666,True,2025-11,1,4512,1
F9,DFW,LGA,2025,11,996,23,12,2.0,frozenset({3424}),3424,0.5217391304347826,True,2025-11,1,4513,1
OH,DCA,CLE,2025,11,824,25,14,0.0,frozenset({5615}),5615,0.56,True,2025-11,1,4514,2
OH,DCA,CVG,2025,11,1184,25,14,1.0,frozenset({5673}),5673,0.56,True,2025-11,1,4515,2
WN,PDX,LAS,2025,11,1140,12,7,0.0,frozenset({4015}),4015,0.5833333333333334,True,2025-11,1,4516,1
NK,ORD,LGA,2025,11,1174,20,12,2.0,"frozenset({671, 1703})",1703,0.6,True,2025-11,1,4517,1
NK,ORD,LGA,2025,11,1017,16,9,2.0,frozenset({671}),671,0.5625,True,2025-11,1,4518,1
B6,JFK,DCA,2025,11,795,28,16,1.0,"frozenset({1788, 2087})",1788,0.5714285714285714,True,2025-11,1,4519,1
WN,ONT,PHX,2025,11,1000,12,7,0.0,frozenset({719}),719,0.5833333333333334,True,2025-11,1,4520,1
B6,JFK,BUF,2025,11,1139,13,7,1.0,frozenset({102}),102,0.5384615384615384,True,2025-11,1,4521,1
NK,MIA,LGA,2025,11,1179,17,9,1.0,frozenset({1709}),1709,0.5294117647058824,True,2025-11,1,4522,1
B6,JFK,BQN,2025,11,1312,10,7,1.0,frozenset({2839}),2839,0.7,True,2025-11,1,4523,1
DL,RDU,LGA,2025,11,803,24,16,0.0,frozenset({1562}),1562,0.6666666666666666,True,2025-11,1,4524,1
F9,IAD,ATL,2025,11,360,13,7,0.0,frozenset({4707}),4707,0.5384615384615384,True,2025-11,1,4525,1
WN,STL,HOU,2025,11,1150,15,10,0.0,"frozenset({3190, 2950, 2958})",2958,0.6666666666666666,True,2025-11,1,4526,1
WN,OAK,SAN,2025,11,1270,16,9,1.0,"frozenset({4600, 1431})",4600,0.5625,True,2025-11,1,4527,1
AA,CID,DFW,2025,11,1162,13,7,3.0,frozenset({3302}),3302,0.5384615384615384,True,2025-11,1,4528,1
OH,BDL,DCA,2025,11,1186,24,18,2.0,frozenset({5493}),5493,0.75,True,2025-11,1,4529,2
NK,MCO,CLT,2025,11,1121,11,7,0.0,frozenset({559}),559,0.6363636363636364,True,2025-11,1,4530,1
WN,AUS,MCO,2025,11,900,15,8,0.0,"frozenset({4665, 491, 717, 398})",491,0.5333333333333333,True,2025-11,1,4531,1
AA,DFW,SAT,2025,11,1180,16,9,1.0,"frozenset({2097, 499, 1406})",499,0.5625,True,2025-11,1,4532,1
WN,LAS,SAN,2025,11,1330,12,7,1.0,frozenset({3714}),3714,0.5833333333333334,True,2025-11,1,4533,1
WN,LAS,SFO,2025,11,1115,15,9,0.0,"frozenset({5700, 4205, 966})",966,0.6,True,2025-11,1,4534,1
AA,DFW,IAH,2025,11,1091,15,8,0.0,"frozenset({1912, 3121, 1656})",1912,0.5333333333333333,True,2025-11,1,4535,1
WN,DAL,LGA,2025,11,1065,27,14,1.0,"frozenset({1785, 2119})",2119,0.5185185185185185,True,2025-11,1,4536,1
AA,DFW,MFE,2025,11,1180,13,8,0.0,frozenset({3124}),3124,0.6153846153846154,True,2025-11,1,4537,1
AA,MCI,DFW,2025,11,1199,13,7,2.0,frozenset({3027}),3027,0.5384615384615384,True,2025-11,1,4538,1
WN,LGA,ATL,2025,11,1015,17,9,0.0,"frozenset({3424, 1591})",3424,0.5294117647058824,True,2025-11,1,4539,1
UA,ORD,DCA,2025,11,1080,29,17,1.0,frozenset({1369}),1369,0.5862068965517241,True,2025-11,1,4540,1
UA,ORD,LGA,2025,11,900,24,15,0.0,frozenset({1045}),1045,0.625,True,2025-11,1,4541,1
UA,ORD,LGA,2025,11,960,26,14,3.0,frozenset({600}),600,0.5384615384615384,True,2025-11,1,4542,1
OO,AVL,ORD,2025,11,1058,29,15,1.0,frozenset({4632}),4632,0.5172413793103449,True,2025-11,1,4543,2
UA,ORD,LGA,2025,11,1110,53,28,3.0,"frozenset({472, 1124})",472,0.5283018867924528,True,2025-11,1,4544,1
WN,LGA,DAL,2025,11,1050,13,7,2.0,"frozenset({3524, 1844})",1844,0.5384615384615384,True,2025-11,1,4545,1
AA,DFW,LAX,2025,11,1290,10,7,1.0,"frozenset({3136, 2249, 3301})",2249,0.7,True,2025-11,1,4546,1
OO,PHX,SAN,2025,11,1130,19,12,4.0,frozenset({3477}),3477,0.631578947368421,True,2025-11,1,4547,1
AA,ORD,IAH,2025,11,906,21,12,2.0,frozenset({1168}),1168,0.5714285714285714,True,2025-11,1,4548,1
AA,DFW,OKC,2025,11,1110,15,9,1.0,frozenset({3149}),3149,0.6,True,2025-11,1,4549,1
WN,LGA,HOU,2025,11,1075,14,8,0.0,frozenset({1252}),1252,0.5714285714285714,True,2025-11,1,4550,1
AA,LGA,ORD,2025,11,1050,27,17,0.0,"frozenset({2298, 3179})",3179,0.6296296296296297,True,2025-11,1,4551,1
AA,LGA,ORD,2025,11,990,26,15,2.0,frozenset({1510}),1510,0.5769230769230769,True,2025-11,1,4552,2
OO,FNT,ORD,2025,11,1190,22,12,4.0,frozenset({4921}),4921,0.5454545454545454,True,2025-11,1,4553,1
AA,ORD,LGA,2025,11,795,27,16,0.0,"frozenset({3179, 3163})",3179,0.5925925925925926,True,2025-11,1,4554,1
AA,SAT,DFW,2025,11,1221,13,7,1.0,"frozenset({499, 1270})",1270,0.5384615384615384,True,2025-11,1,4555,1
AA,DFW,SEA,2025,11,1355,13,8,0.0,frozenset({2647}),2647,0.6153846153846154,True,2025-11,1,4556,1
AA,SAT,DFW,2025,11,1170,13,9,1.0,frozenset({850}),850,0.6923076923076923,True,2025-11,1,4557,1
AA,DFW,FSD,2025,11,1137,28,19,2.0,"frozenset({2937, 1991})",1991,0.6785714285714286,True,2025-11,1,4558,2
WN,LAS,ONT,2025,11,1335,12,7,0.0,"frozenset({1228, 4559})",1228,0.5833333333333334,True,2025-11,1,4559,1
WN,CLT,BWI,2025,11,1190,17,11,0.0,"frozenset({512, 2660})",512,0.6470588235294118,True,2025-11,1,4560,1
WN,BWI,SMF,2025,11,1120,14,8,0.0,"frozenset({968, 1918})",968,0.5714285714285714,True,2025-11,1,4561,1
AA,MSY,DFW,2025,11,1025,15,8,1.0,frozenset({1251}),1251,0.5333333333333333,True,2025-11,1,4562,1
OO,LGA,BNA,2025,11,1155,24,13,0.0,frozenset({3747}),3747,0.5416666666666666,True,2025-11,1,4563,2
UA,IAD,EWR,2025,11,1053,30,17,1.0,frozenset({368}),368,0.5666666666666667,True,2025-11,1,4564,1
AA,MEM,DFW,2025,11,1163,13,8,1.0,frozenset({3188}),3188,0.6153846153846154,True,2025-11,1,4565,1
UA,CMH,ORD,2025,11,1084,18,10,0.0,frozenset({1182}),1182,0.5555555555555556,True,2025-11,2,4379,3
AA,OKC,DFW,2025,11,1113,27,15,1.0,frozenset({3146}),3146,0.5555555555555556,True,2025-11,1,4566,1
AA,OKC,DFW,2025,11,1220,13,8,1.0,frozenset({3149}),3149,0.6153846153846154,True,2025-11,1,4567,1
WN,DEN,PSP,2025,11,1000,13,7,0.0,"frozenset({4169, 2146})",2146,0.5384615384615384,True,2025-11,1,4568,1
AA,SRQ,DCA,2025,11,750,19,11,0.0,frozenset({2584}),2584,0.5789473684210527,True,2025-11,1,4569,1
OO,BUR,SFO,2025,11,1104,17,9,2.0,frozenset({3288}),3288,0.5294117647058824,True,2025-11,1,4570,1
OO,ORD,JST,2025,11,1278,29,15,4.0,frozenset({5026}),5026,0.5172413793103449,True,2025-11,1,4571,1
AA,MCO,DFW,2025,11,1165,13,8,1.0,frozenset({1760}),1760,0.6153846153846154,True,2025-11,1,4572,1
AA,DFW,XNA,2025,11,1358,13,7,0.0,frozenset({3247}),3247,0.5384615384615384,True,2025-11,1,4573,1
UA,LGA,ORD,2025,11,1035,24,15,1.0,frozenset({2299}),2299,0.625,True,2025-11,2,4231,2
UA,BNA,EWR,2025,11,1091,19,10,0.0,frozenset({499}),499,0.5263157894736842,True,2025-11,1,4574,1
OO,MKE,ORD,2025,11,1072,24,13,2.0,frozenset({5648}),5648,0.5416666666666666,True,2025-11,1,4575,2
WN,DAL,DCA,2025,11,1155,13,7,0.0,frozenset({1962}),1962,0.5384615384615384,True,2025-11,1,4576,1
UA,LGA,ORD,2025,11,1162,29,16,0.0,frozenset({2181}),2181,0.5517241379310345,True,2025-11,1,4577,1
WN,LAS,OAK,2025,11,1305,16,9,0.0,"frozenset({2197, 4213})",2197,0.5625,True,2025-11,1,4578,1
AA,DSM,DFW,2025,11,1046,13,9,2.0,frozenset({3191}),3191,0.6923076923076923,True,2025-11,1,4579,1
WN,DEN,SAN,2025,11,1215,15,13,3.0,"frozenset({2664, 4684, 1567})",1567,0.8666666666666667,True,2025-11,1,4580,1
WN,DAL,IND,2025,11,1140,12,7,3.0,"frozenset({3523, 1221, 149})",3523,0.5833333333333334,True,2025-11,1,4581,1
AA,DFW,PNS,2025,11,1029,17,9,0.0,"frozenset({1956, 2565, 1351})",2565,0.5294117647058824,True,2025-11,1,4582,1
WN,DEN,DAL,2025,11,1105,23,12,4.0,"frozenset({2345, 3043, 1719})",2345,0.5217391304347826,True,2025-11,1,4583,1
AA,PNS,DFW,2025,11,925,28,16,1.0,frozenset({2002}),2002,0.5714285714285714,True,2025-11,1,4584,1
AA,IAH,ORD,2025,11,1115,20,14,2.0,frozenset({1168}),1168,0.7,True,2025-11,1,4585,1
OO,SAN,PHX,2025,11,419,19,13,6.0,frozenset({3080}),3080,0.6842105263157895,True,2025-11,1,4586,1
WN,ATL,LGA,2025,11,1175,24,13,0.0,"frozenset({1061, 399})",399,0.5416666666666666,True,2025-11,1,4587,1
AA,DFW,MSY,2025,11,1180,13,7,3.0,frozenset({1007}),1007,0.5384615384615384,True,2025-11,1,4588,1
OH,ROC,DCA,2025,11,1033,28,15,2.0,frozenset({5546}),5546,0.5357142857142857,True,2025-11,1,4589,1
OO,SMF,SFO,2025,11,640,30,16,7.0,frozenset({5248}),5248,0.5333333333333333,True,2025-11,1,4590,1
OO,SAN,PHX,2025,11,945,20,11,3.0,frozenset({3476}),3476,0.55,True,2025-11,1,4591,1
OO,RST,ORD,2025,11,1119,28,15,4.0,frozenset({4951}),4951,0.5357142857142857,True,2025-11,1,4592,1
WN,LGA,MSY,2025,11,1075,12,8,0.0,"frozenset({3452, 3439, 1647})",3452,0.6666666666666666,True,2025-11,1,4593,1
AA,LGA,MIA,2025,11,1019,29,16,1.0,"frozenset({3135, 2047})",2047,0.5517241379310345,True,2025-11,1,4594,1
WN,LGA,STL,2025,11,1125,25,13,1.0,"frozenset({3459, 1789, 974})",3459,0.52,True,2025-11,1,4595,1
WN,MCI,LGA,2025,11,855,13,7,1.0,"frozenset({3772, 3524})",3524,0.5384615384615384,True,2025-11,1,4596,1
AA,IAH,DFW,2025,11,1108,32,18,1.0,"frozenset({1656, 943, 2877, 3023})",2877,0.5625,True,2025-11,1,4597,1
WN,BNA,MDW,2025,11,1175,16,9,1.0,"frozenset({2290, 1195, 3300})",1195,0.5625,True,2025-11,1,4598,1
OO,CRW,ORD,2025,11,1065,29,17,3.0,frozenset({4644}),4644,0.5862068965517241,True,2025-11,1,4599,2
OO,SFO,SAN,2025,11,635,30,16,1.0,frozenset({3490}),3490,0.5333333333333333,True,2025-11,1,4600,1
WN,AUS,ONT,2025,11,885,12,7,0.0,frozenset({717}),717,0.5833333333333334,True,2025-11,1,4601,1
AS,JFK,SEA,2025,11,1129,29,15,1.0,frozenset({17}),17,0.5172413793103449,True,2025-11,1,4602,1
AA,DFW,PNS,2025,11,1269,13,8,1.0,frozenset({2565}),2565,0.6153846153846154,True,2025-11,1,4603,1
WN,DTW,MDW,2025,11,1225,12,7,3.0,frozenset({3431}),3431,0.5833333333333334,True,2025-11,1,4604,1
OO,SBA,SFO,2025,11,499,26,16,1.0,frozenset({5955}),5955,0.6153846153846154,True,2025-11,1,4605,1
WN,AUS,BOS,2025,11,860,13,9,1.0,frozenset({487}),487,0.6923076923076923,True,2025-11,1,4606,1
OO,SBP,SFO,2025,11,513,30,16,0.0,frozenset({5903}),5903,0.5333333333333333,True,2025-11,1,4607,1
WN,DAL,SAN,2025,11,1115,13,7,5.0,"frozenset({3080, 2837})",3080,0.5384615384615384,True,2025-11,1,4608,1
OO,ORD,CAK,2025,11,1070,29,17,2.0,frozenset({5352}),5352,0.5862068965517241,True,2025-11,1,4609,1
AA,DFW,IND,2025,11,1244,14,8,2.0,"frozenset({766, 2711})",2711,0.5714285714285714,True,2025-11,1,4610,1
AA,DFW,MIA,2025,11,1245,28,17,2.0,"frozenset({2090, 1314})",1314,0.6071428571428571,True,2025-11,1,4611,1
OO,SGF,ORD,2025,11,1157,21,11,3.0,frozenset({6325}),6325,0.5238095238095238,True,2025-11,1,4612,1
OO,ORD,SBN,2025,12,1070,31,17,0.0,frozenset({4636}),4636,0.5483870967741935,True,2025-12,1,4613,1
F9,PHX,CLE,2025,12,1095,12,7,1.0,frozenset({1472}),1472,0.5833333333333334,True,2025-12,1,4614,1
OO,ORD,RST,2025,12,1351,12,8,1.0,"frozenset({5000, 6273})",6273,0.6666666666666666,True,2025-12,1,4615,1
F9,PIT,PHL,2025,12,909,10,6,1.0,frozenset({1792}),1792,0.6,True,2025-12,1,4616,1
WN,DEN,BWI,2025,12,750,13,7,1.0,frozenset({2432}),2432,0.5384615384615384,True,2025-12,1,4617,1
OO,ORD,RST,2025,12,1003,12,7,1.0,"frozenset({6235, 4996})",6235,0.5833333333333334,True,2025-12,1,4618,1
OO,RST,ORD,2025,12,1119,12,7,0.0,"frozenset({6235, 4951})",6235,0.5833333333333334,True,2025-12,1,4619,1
F9,PHL,TPA,2025,12,1055,16,9,1.0,frozenset({2339}),2339,0.5625,True,2025-12,1,4620,1
OO,ORD,RIC,2025,12,1240,12,7,2.0,frozenset({4901}),4901,0.5833333333333334,True,2025-12,1,4621,1
WN,DEN,ABQ,2025,12,1365,11,7,0.0,frozenset({2410}),2410,0.6363636363636364,True,2025-12,1,4622,1
F9,SJU,IAD,2025,12,978,11,6,0.0,frozenset({2905}),2905,0.5454545454545454,True,2025-12,1,4623,1
OO,ORD,PVD,2025,12,892,10,7,2.0,frozenset({6306}),6306,0.7,True,2025-12,1,4624,1
OO,ORD,MSN,2025,12,1105,35,18,3.0,"frozenset({5968, 4898, 6356, 4941})",5968,0.5142857142857142,True,2025-12,1,4625,1
YX,DCA,IND,2025,12,1032,19,10,0.0,"frozenset({4800, 4501})",4501,0.5263157894736842,True,2025-12,1,4626,1
OO,ORD,MSN,2025,12,1235,10,6,0.0,frozenset({6195}),6195,0.6,True,2025-12,1,4627,1
OO,ORD,MSP,2025,12,961,14,8,0.0,"frozenset({3643, 3733})",3643,0.5714285714285714,True,2025-12,1,4628,1
OO,ORD,OKC,2025,12,622,17,11,0.0,frozenset({4935}),4935,0.6470588235294118,True,2025-12,1,4629,1
G4,LEX,SFB,2025,12,1282,17,10,1.0,"frozenset({2887, 1192, 1257, 1194, 1196, 2925, 2899, 2965, 2839, 2876, 2877})",1194,0.5882352941176471,True,2025-12,1,4630,1
F9,PHL,ATL,2025,12,1241,11,7,0.0,frozenset({1003}),1003,0.6363636363636364,True,2025-12,2,4414,2
F9,PHL,LAS,2025,12,430,14,9,2.0,frozenset({1601}),1601,0.6428571428571429,True,2025-12,1,4631,1
DL,DTW,ATL,2025,12,956,11,6,0.0,frozenset({1467}),1467,0.5454545454545454,True,2025-12,1,4632,1
OO,ORD,OKC,2025,12,1274,10,9,1.0,frozenset({4992}),4992,0.9,True,2025-12,1,4633,1
OO,ORD,SGF,2025,12,700,15,8,2.0,frozenset({6219}),6219,0.5333333333333333,True,2025-12,1,4634,1
F9,PHL,PBI,2025,12,510,15,9,1.0,frozenset({2581}),2581,0.6,True,2025-12,1,4635,1
OO,SAF,ORD,2025,12,810,14,8,0.0,frozenset({4959}),4959,0.5714285714285714,True,2025-12,1,4636,1
OO,ORD,OMA,2025,12,529,14,8,1.0,frozenset({5929}),5929,0.5714285714285714,True,2025-12,1,4637,1
OO,ORD,PVD,2025,12,540,17,9,0.0,frozenset({6222}),6222,0.5294117647058824,True,2025-12,1,4638,1
OO,ORD,RIC,2025,12,974,12,8,1.0,"frozenset({4896, 6373})",6373,0.6666666666666666,True,2025-12,1,4639,1
DL,BNA,LGA,2025,12,1191,17,11,4.0,frozenset({2705}),2705,0.6470588235294118,True,2025-12,1,4640,1
F9,RDU,MCO,2025,12,1214,30,18,3.0,frozenset({1233}),1233,0.6,True,2025-12,1,4641,1
YX,DCA,LGA,2025,12,749,15,8,0.0,"frozenset({4665, 4436})",4665,0.5333333333333333,True,2025-12,2,4421,2
DL,BOS,SEA,2025,12,1135,26,14,1.0,frozenset({324}),324,0.5384615384615384,True,2025-12,1,4642,1
OO,ROC,DTW,2025,12,740,17,10,1.0,frozenset({3862}),3862,0.5882352941176471,True,2025-12,1,4643,1
OO,RNO,SFO,2025,12,1215,11,6,2.0,frozenset({5575}),5575,0.5454545454545454,True,2025-12,1,4644,1
F9,SAN,LAS,2025,12,786,12,7,0.0,frozenset({1470}),1470,0.5833333333333334,True,2025-12,1,4645,1
F9,SAN,SFO,2025,12,1210,20,11,2.0,frozenset({3381}),3381,0.55,True,2025-12,1,4646,1
F9,STL,MCO,2025,12,987,15,9,1.0,frozenset({2630}),2630,0.6,True,2025-12,1,4647,1
OO,PHX,EGE,2025,12,591,14,8,0.0,frozenset({6360}),6360,0.5714285714285714,True,2025-12,1,4648,1
OO,PSP,LAX,2025,12,1121,15,8,0.0,"frozenset({5397, 5550})",5550,0.5333333333333333,True,2025-12,1,4649,1
OO,PSP,SFO,2025,12,465,15,9,1.0,"frozenset({3497, 4699})",3497,0.6,True,2025-12,1,4650,1
DL,CVG,MSP,2025,12,998,17,9,0.0,"frozenset({1575, 2623})",2623,0.5294117647058824,True,2025-12,1,4651,1
OO,PVD,ORD,2025,12,1130,15,10,2.0,frozenset({6306}),6306,0.6666666666666666,True,2025-12,1,4652,1
DL,CHS,LGA,2025,12,895,19,12,2.0,frozenset({1404}),1404,0.631578947368421,True,2025-12,1,4653,1
OO,RNO,SFO,2025,12,838,14,9,1.0,frozenset({5943}),5943,0.6428571428571429,True,2025-12,1,4654,1
AA,DFW,PNS,2025,12,1255,16,9,0.0,"frozenset({2565, 1501})",1501,0.5625,True,2025-12,1,4655,1
OO,RDD,SFO,2025,12,449,15,9,3.0,frozenset({5549}),5549,0.6,True,2025-12,1,4656,1
OO,RDM,SFO,2025,12,1155,14,10,0.0,frozenset({5534}),5534,0.7142857142857143,True,2025-12,1,4657,1
OO,RIC,ORD,2025,12,1195,12,9,2.0,"frozenset({6264, 4891})",6264,0.75,True,2025-12,1,4658,1
OO,ORD,TYS,2025,12,702,10,6,0.0,frozenset({6223}),6223,0.6,True,2025-12,1,4659,1
AA,ORD,JFK,2025,12,964,27,15,1.0,"frozenset({1504, 1624, 1551})",1551,0.5555555555555556,True,2025-12,1,4660,1
OO,ORD,TVC,2025,12,1295,12,9,1.0,"frozenset({6224, 6347})",6347,0.75,True,2025-12,1,4661,1
OO,ORD,TVC,2025,12,802,13,8,0.0,frozenset({6261}),6261,0.6153846153846154,True,2025-12,1,4662,1
YX,DCA,LGA,2025,12,1113,27,16,2.0,"frozenset({4400, 4402, 4421})",4400,0.5925925925925926,True,2025-12,1,4663,1
YX,DCA,OKC,2025,12,879,19,10,2.0,frozenset({4602}),4602,0.5263157894736842,True,2025-12,1,4664,1
OO,ORD,SGF,2025,12,1010,12,7,2.0,frozenset({6325}),6325,0.5833333333333334,True,2025-12,1,4665,1
DL,BOS,FLL,2025,12,665,12,7,0.0,frozenset({2196}),2196,0.5833333333333334,True,2025-12,1,4666,1
OO,ORD,STL,2025,12,401,11,6,0.0,"frozenset({6248, 4970})",6248,0.5454545454545454,True,2025-12,1,4667,1
OO,RIC,ORD,2025,12,704,16,9,0.0,frozenset({6463}),6463,0.5625,True,2025-12,1,4668,1
OO,ORD,STL,2025,12,724,16,9,1.0,"frozenset({5003, 6332})",6332,0.5625,True,2025-12,1,4669,1
AA,DFW,PDX,2025,12,1365,11,7,0.0,"frozenset({2962, 2982})",2982,0.6363636363636364,True,2025-12,1,4670,1
F9,RSW,DTW,2025,12,826,10,6,0.0,frozenset({3893}),3893,0.6,True,2025-12,1,4671,1
YX,EWR,ORD,2025,12,1051,21,14,0.0,"frozenset({4714, 4587})",4714,0.6666666666666666,True,2025-12,1,4672,1
DL,BOS,MIA,2025,12,1199,27,15,3.0,"frozenset({426, 1357})",1357,0.5555555555555556,True,2025-12,1,4673,1
DL,BOS,MKE,2025,12,1180,16,9,1.0,frozenset({2115}),2115,0.5625,True,2025-12,1,4674,1
WN,DEN,BUF,2025,12,1215,11,6,0.0,frozenset({4338}),4338,0.5454545454545454,True,2025-12,1,4675,1
YX,DSM,ORD,2025,12,1009,13,7,0.0,frozenset({4711}),4711,0.5384615384615384,True,2025-12,1,4676,1
OO,ORD,STL,2025,12,1063,12,8,2.0,frozenset({4924}),4924,0.6666666666666666,True,2025-12,1,4677,1
F9,TPA,PHL,2025,12,1299,12,8,1.0,frozenset({1474}),1474,0.6666666666666666,True,2025-12,1,4678,1
OO,ORD,SUN,2025,12,587,14,11,0.0,frozenset({6338}),6338,0.7857142857142857,True,2025-12,1,4679,1
OO,ORD,TVC,2025,12,1059,20,14,1.0,"frozenset({4913, 4923, 6397})",4923,0.7,True,2025-12,1,4680,1
OO,PDX,STS,2025,12,420,17,12,2.0,frozenset({3483}),3483,0.7058823529411765,True,2025-12,1,4681,1
MQ,BMI,ORD,2025,12,1212,12,7,2.0,"frozenset({3564, 3662})",3662,0.5833333333333334,True,2025-12,1,4682,1
OO,ORD,MLI,2025,12,1355,12,10,1.0,"frozenset({6228, 6262})",6262,0.8333333333333334,True,2025-12,1,4683,1
NK,AUS,EWR,2025,12,984,14,11,1.0,frozenset({1421}),1421,0.7857142857142857,True,2025-12,1,4684,1
OO,ORD,DEC,2025,12,1010,29,16,3.0,"frozenset({5067, 5029, 5047})",5047,0.5517241379310345,True,2025-12,1,4685,1
NK,AUS,EWR,2025,12,652,15,8,2.0,"frozenset({2971, 293})",293,0.5333333333333333,True,2025-12,1,4686,1
OO,ORD,DLH,2025,12,1213,17,12,0.0,frozenset({5275}),5275,0.7058823529411765,True,2025-12,1,4687,1
DL,ATL,LGA,2025,12,810,17,9,1.0,frozenset({460}),460,0.5294117647058824,True,2025-12,1,4688,1
OO,ORD,DSM,2025,12,985,23,12,1.0,"frozenset({6225, 6292})",6292,0.5217391304347826,True,2025-12,1,4689,1
OO,ORD,DTW,2025,12,940,17,9,2.0,"frozenset({6230, 6246})",6230,0.5294117647058824,True,2025-12,1,4690,1
OO,ORD,DTW,2025,12,1015,28,18,0.0,"frozenset({4040, 6196, 6245})",6196,0.6428571428571429,True,2025-12,1,4691,1
OO,ORD,FAR,2025,12,935,15,9,0.0,frozenset({5257}),5257,0.6,True,2025-12,1,4692,1
OO,ORD,FNT,2025,12,1026,23,12,2.0,"frozenset({4913, 6229, 4910})",6229,0.5217391304347826,True,2025-12,1,4693,1
MQ,ORD,RST,2025,12,1342,11,7,3.0,frozenset({4045}),4045,0.6363636363636364,True,2025-12,1,4694,1
NK,BNA,FLL,2025,12,674,14,10,1.0,frozenset({1999}),1999,0.7142857142857143,True,2025-12,1,4695,1
OO,ORD,FNT,2025,12,1245,23,14,3.0,frozenset({6493}),6493,0.6086956521739131,True,2025-12,1,4696,1
MQ,ORD,MSP,2025,12,1052,16,10,0.0,"frozenset({3849, 3622})",3622,0.625,True,2025-12,1,4697,1
OO,ORD,FSD,2025,12,489,13,7,0.0,frozenset({4956}),4956,0.5384615384615384,True,2025-12,1,4698,1
MQ,ORD,MQT,2025,12,1174,16,9,0.0,frozenset({4025}),4025,0.5625,True,2025-12,1,4699,1
MQ,ORD,MQT,2025,12,865,12,7,4.0,frozenset({4185}),4185,0.5833333333333334,True,2025-12,1,4700,1
MQ,ORD,MLI,2025,12,1085,12,7,1.0,"frozenset({3586, 3908})",3908,0.5833333333333334,True,2025-12,1,4701,1
MQ,ORD,LEX,2025,12,1237,10,6,0.0,frozenset({3925}),3925,0.6,True,2025-12,1,4702,1
MQ,ORD,GRB,2025,12,1341,23,12,3.0,"frozenset({3881, 3426})",3426,0.5217391304347826,True,2025-12,1,4703,1
OO,ORD,FSD,2025,12,935,28,15,0.0,"frozenset({5458, 5635, 5340})",5340,0.5357142857142857,True,2025-12,1,4704,1
OO,ORD,FSD,2025,12,1011,12,9,2.0,frozenset({6256}),6256,0.75,True,2025-12,1,4705,1
AA,CLT,MCI,2025,12,799,17,9,0.0,"frozenset({1321, 1619})",1321,0.5294117647058824,True,2025-12,1,4706,1
MQ,ORD,DSM,2025,12,1336,20,11,2.0,"frozenset({3921, 3469})",3469,0.55,True,2025-12,1,4707,1
MQ,ORD,MSP,2025,12,1338,15,8,1.0,frozenset({3390}),3390,0.5333333333333333,True,2025-12,1,4708,1
MQ,ORD,CWA,2025,12,931,17,9,1.0,"frozenset({3593, 3415})",3415,0.5294117647058824,True,2025-12,1,4709,1
NK,BNA,FLL,2025,12,1238,21,11,1.0,"frozenset({3993, 818, 1431})",1431,0.5238095238095238,True,2025-12,1,4710,1
OO,ORD,CVG,2025,12,750,18,12,1.0,"frozenset({5825, 6244})",6244,0.6666666666666666,True,2025-12,1,4711,1
YX,BNA,RDU,2025,12,1035,27,14,0.0,frozenset({4596}),4596,0.5185185185185185,True,2025-12,1,4712,1
NK,EWR,MYR,2025,12,1320,14,8,3.0,frozenset({135}),135,0.5714285714285714,True,2025-12,1,4713,1
OO,ORD,CHO,2025,12,1070,29,19,2.0,frozenset({5610}),5610,0.6551724137931034,True,2025-12,1,4714,1
OO,ORD,CID,2025,12,1070,18,11,1.0,"frozenset({6205, 5573})",5573,0.6111111111111112,True,2025-12,1,4715,1
OO,ORD,CLE,2025,12,661,12,7,1.0,"frozenset({5005, 6238})",6238,0.5833333333333334,True,2025-12,1,4716,1
DL,ATL,FLL,2025,12,700,12,7,2.0,frozenset({1582}),1582,0.5833333333333334,True,2025-12,1,4717,1
NK,EWR,IAH,2025,12,1195,10,7,1.0,frozenset({603}),603,0.7,True,2025-12,1,4718,1
NK,EWR,DTW,2025,12,1320,14,9,1.0,frozenset({1159}),1159,0.6428571428571429,True,2025-12,1,4719,1
NK,EWR,DTW,2025,12,419,13,9,3.0,frozenset({1402}),1402,0.6923076923076923,True,2025-12,1,4720,1
OO,ORD,CLE,2025,12,953,17,9,3.0,"frozenset({6242, 4938})",4938,0.5294117647058824,True,2025-12,1,4721,1
NK,DTW,MIA,2025,12,1043,14,10,3.0,frozenset({903}),903,0.7142857142857143,True,2025-12,1,4722,1
YX,BOS,EWR,2025,12,1045,19,11,0.0,"frozenset({3480, 5718})",5718,0.5789473684210527,True,2025-12,1,4723,1
OO,ORD,CLE,2025,12,1178,10,9,0.0,frozenset({6228}),6228,0.9,True,2025-12,1,4724,1
AA,ORD,SLC,2025,12,798,14,8,0.0,frozenset({2134}),2134,0.5714285714285714,True,2025-12,1,4725,1
NK,CMH,FLL,2025,12,674,12,7,2.0,frozenset({1271}),1271,0.5833333333333334,True,2025-12,1,4726,1
OO,ORD,CMH,2025,12,693,12,7,1.0,frozenset({6300}),6300,0.5833333333333334,True,2025-12,1,4727,1
WN,DEN,LGA,2025,12,875,13,8,2.0,"frozenset({2508, 3149})",2508,0.6153846153846154,True,2025-12,1,4728,1
OO,ORD,CMH,2025,12,1080,10,8,0.0,frozenset({6251}),6251,0.8,True,2025-12,1,4729,1
OO,ORD,COS,2025,12,595,18,10,1.0,frozenset({6476}),6476,0.5555555555555556,True,2025-12,1,4730,1
OO,ORD,COU,2025,12,1183,31,19,2.0,frozenset({5679}),5679,0.6129032258064516,True,2025-12,1,4731,1
NK,CLT,LGA,2025,12,1264,16,10,1.0,"frozenset({730, 1459})",1459,0.625,True,2025-12,1,4732,1
NK,CLT,FLL,2025,12,1298,12,7,1.0,frozenset({182}),182,0.5833333333333334,True,2025-12,1,4733,1
OO,ORD,CRW,2025,12,850,17,10,0.0,"frozenset({5259, 5439})",5439,0.5882352941176471,True,2025-12,1,4734,1
OO,ORD,CRW,2025,12,1071,31,16,1.0,"frozenset({4666, 5790})",5790,0.5161290322580645,True,2025-12,1,4735,1
OO,ORD,CLE,2025,12,1276,10,8,2.0,frozenset({6253}),6253,0.8,True,2025-12,1,4736,1
OO,ORD,MSN,2025,12,724,17,9,2.0,"frozenset({6217, 6317})",6317,0.5294117647058824,True,2025-12,1,4737,1
MQ,ORD,CMI,2025,12,1109,14,8,2.0,frozenset({4298}),4298,0.5714285714285714,True,2025-12,1,4738,1
WN,DEN,ICT,2025,12,1265,11,6,0.0,frozenset({423}),423,0.5454545454545454,True,2025-12,1,4739,1
MQ,COU,ORD,2025,12,920,12,7,0.0,frozenset({4244}),4244,0.5833333333333334,True,2025-12,1,4740,1
MQ,CMI,ORD,2025,12,1209,14,8,2.0,frozenset({4298}),4298,0.5714285714285714,True,2025-12,1,4741,1
OO,ORD,HSV,2025,12,590,15,8,2.0,"frozenset({6248, 6376})",6376,0.5333333333333333,True,2025-12,1,4742,1
MQ,CLE,ORD,2025,12,1229,13,8,1.0,"frozenset({3625, 3412, 4207})",4207,0.6153846153846154,True,2025-12,1,4743,1
OO,ORD,HSV,2025,12,1316,16,10,1.0,"frozenset({4891, 6396})",4891,0.625,True,2025-12,1,4744,1
WN,DEN,GRR,2025,12,1100,13,7,0.0,"frozenset({636, 1765})",1765,0.5384615384615384,True,2025-12,1,4745,1
OO,ORD,IND,2025,12,839,14,9,2.0,"frozenset({6242, 6262})",6242,0.6428571428571429,True,2025-12,1,4746,1
MQ,CID,ORD,2025,12,968,10,6,1.0,frozenset({3989}),3989,0.6,True,2025-12,1,4747,1
OO,SBN,DTW,2025,12,877,19,10,0.0,frozenset({3814}),3814,0.5263157894736842,True,2025-12,1,4748,1
YX,CVG,ORD,2025,12,1234,10,6,1.0,frozenset({4507}),4507,0.6,True,2025-12,1,4749,1
MQ,ATW,ORD,2025,12,1183,11,7,1.0,"frozenset({3403, 3534, 4031})",3534,0.6363636363636364,True,2025-12,1,4750,1
MQ,CVG,ORD,2025,12,1187,13,7,1.0,"frozenset({3577, 3437})",3577,0.5384615384615384,True,2025-12,1,4751,1
MQ,ALO,ORD,2025,12,927,25,14,2.0,frozenset({4326}),4326,0.56,True,2025-12,1,4752,1
OO,ORD,LIT,2025,12,525,17,9,2.0,frozenset({5663}),5663,0.5294117647058824,True,2025-12,1,4753,1
OO,ORD,MCI,2025,12,550,12,8,1.0,frozenset({6250}),6250,0.6666666666666666,True,2025-12,1,4754,1
DL,ATL,SEA,2025,12,725,19,10,0.0,frozenset({629}),629,0.5263157894736842,True,2025-12,1,4755,1
OO,ORD,MCW,2025,12,1010,29,15,8.0,"frozenset({5076, 5126, 5135})",5076,0.5172413793103449,True,2025-12,1,4756,1
OO,ORD,MHK,2025,12,1320,12,8,2.0,frozenset({6387}),6387,0.6666666666666666,True,2025-12,1,4757,1
OO,ORD,MKE,2025,12,850,28,16,0.0,"frozenset({5225, 4955, 4972, 5668})",5668,0.5714285714285714,True,2025-12,1,4758,1
OO,ORD,MKE,2025,12,960,45,23,2.0,"frozenset({5225, 5330, 4916})",5225,0.5111111111111111,True,2025-12,1,4759,1
OO,ORD,MKE,2025,12,1015,29,15,2.0,"frozenset({6273, 4978, 6251})",6273,0.5172413793103449,True,2025-12,1,4760,1
OO,ORD,MLI,2025,12,495,17,9,2.0,"frozenset({6273, 6218})",6218,0.5294117647058824,True,2025-12,1,4761,1
G4,SFB,USA,2025,12,1136,11,6,0.0,"frozenset({2851, 1241, 1290, 2858, 2900, 1240, 2873})",2900,0.5454545454545454,True,2025-12,1,4762,1
G4,SFB,LEX,2025,12,1115,16,9,1.0,"frozenset({1344, 2819, 2948, 2919, 2859, 2962, 2873, 1239, 2905})",2905,0.5625,True,2025-12,1,4763,1
OO,ORD,LEX,2025,12,954,15,8,0.0,frozenset({5002}),5002,0.5333333333333333,True,2025-12,1,4764,1
MQ,ORD,CMH,2025,12,1148,20,12,2.0,frozenset({3447}),3447,0.6,True,2025-12,1,4765,1
MQ,DAY,ORD,2025,12,1100,15,8,1.0,frozenset({4156}),4156,0.5333333333333333,True,2025-12,1,4766,1
OO,ORD,GRB,2025,12,1220,15,9,1.0,"frozenset({4673, 5597})",5597,0.6,True,2025-12,1,4767,1
OO,ORD,FSD,2025,12,1195,16,10,2.0,"frozenset({6200, 5777})",5777,0.625,True,2025-12,1,4768,1
YX,CHA,ORD,2025,12,1115,17,10,0.0,frozenset({4727}),4727,0.5882352941176471,True,2025-12,1,4769,1
MQ,ORD,BOI,2025,12,603,29,16,0.0,"frozenset({3338, 3365, 3374})",3338,0.5517241379310345,True,2025-12,1,4770,1
MQ,ORD,BMI,2025,12,1362,23,12,0.0,"frozenset({3459, 3381, 4029})",3381,0.5217391304347826,True,2025-12,1,4771,1
MQ,ORD,ATW,2025,12,1344,23,12,1.0,"frozenset({3654, 3532, 3534})",3654,0.5217391304347826,True,2025-12,1,4772,1
MQ,ORD,ATW,2025,12,1080,17,9,0.0,"frozenset({3403, 3534, 4031})",3534,0.5294117647058824,True,2025-12,1,4773,1
YX,CHS,LGA,2025,12,1108,11,6,2.0,frozenset({4351}),4351,0.5454545454545454,True,2025-12,1,4774,1
OO,ORD,FSD,2025,12,1320,12,9,0.0,"frozenset({6376, 6200})",6200,0.75,True,2025-12,1,4775,1
MQ,OMA,ORD,2025,12,1103,12,7,0.0,frozenset({3391}),3391,0.5833333333333334,True,2025-12,1,4776,1
MQ,MSP,ORD,2025,12,1175,12,7,0.0,frozenset({4151}),4151,0.5833333333333334,True,2025-12,1,4777,1
OO,ORD,FWA,2025,12,510,11,6,1.0,frozenset({4912}),4912,0.5454545454545454,True,2025-12,1,4778,1
MQ,GRB,ORD,2025,12,1202,12,7,1.0,"frozenset({3633, 3580})",3580,0.5833333333333334,True,2025-12,1,4779,1
MQ,MQT,ORD,2025,12,1040,10,6,4.0,frozenset({4185}),4185,0.6,True,2025-12,1,4780,1
MQ,MEM,ORD,2025,12,1167,11,6,1.0,frozenset({4063}),4063,0.5454545454545454,True,2025-12,1,4781,1
YX,CLE,LGA,2025,12,1098,17,9,2.0,frozenset({4513}),4513,0.5294117647058824,True,2025-12,1,4782,1
OO,ORD,FWA,2025,12,1095,19,10,0.0,"frozenset({4900, 5309})",5309,0.5263157894736842,True,2025-12,1,4783,1
OO,ORD,FWA,2025,12,1210,17,11,2.0,frozenset({5309}),5309,0.6470588235294118,True,2025-12,1,4784,1
MQ,MDT,ORD,2025,12,1205,19,10,2.0,"frozenset({3584, 3716, 3855})",3584,0.5263157894736842,True,2025-12,1,4785,1
OO,ORD,FWA,2025,12,1305,19,15,2.0,"frozenset({4900, 4910})",4900,0.7894736842105263,True,2025-12,1,4786,1
OO,ORD,GEG,2025,12,1208,11,7,0.0,frozenset({5840}),5840,0.6363636363636364,True,2025-12,1,4787,1
MQ,MDT,ORD,2025,12,1006,15,9,0.0,"frozenset({3651, 4182})",4182,0.6,True,2025-12,1,4788,1
MQ,MCI,ORD,2025,12,1186,21,13,1.0,"frozenset({4120, 4181})",4181,0.6190476190476191,True,2025-12,1,4789,1
OO,ORD,GRB,2025,12,835,12,7,0.0,frozenset({5674}),5674,0.5833333333333334,True,2025-12,1,4790,1
OO,ORD,GRB,2025,12,1070,28,16,2.0,"frozenset({5691, 5581})",5581,0.5714285714285714,True,2025-12,1,4791,1
MQ,MQT,ORD,2025,12,430,13,8,4.0,frozenset({3339}),3339,0.6153846153846154,True,2025-12,1,4792,1
OO,SBN,ORD,2025,12,788,31,16,1.0,frozenset({5489}),5489,0.5161290322580645,True,2025-12,1,4793,1
OH,PHL,DTW,2025,12,1285,28,16,3.0,frozenset({5448}),5448,0.5714285714285714,True,2025-12,1,4794,1
YX,ILM,LGA,2025,12,1037,15,8,1.0,frozenset({4423}),4423,0.5333333333333333,True,2025-12,1,4795,1
DL,SRQ,LGA,2025,12,1151,17,9,2.0,frozenset({1900}),1900,0.5294117647058824,True,2025-12,1,4796,1
AA,EGE,JFK,2025,12,811,12,8,0.0,frozenset({2862}),2862,0.6666666666666666,True,2025-12,1,4797,1
YX,ORD,MSY,2025,12,550,13,7,1.0,frozenset({4356}),4356,0.5384615384615384,True,2025-12,1,4798,1
DL,SEA,LIH,2025,12,950,19,14,3.0,frozenset({345}),345,0.7368421052631579,True,2025-12,1,4799,1
AA,EGE,MIA,2025,12,664,14,8,1.0,frozenset({1270}),1270,0.5714285714285714,True,2025-12,1,4800,1
YX,ORD,STL,2025,12,888,18,11,1.0,frozenset({4595}),4595,0.6111111111111112,True,2025-12,1,4801,1
YX,ORD,STL,2025,12,1335,15,9,1.0,frozenset({4576}),4576,0.6,True,2025-12,1,4802,1
YX,ORD,SYR,2025,12,960,18,10,1.0,"frozenset({4754, 4468})",4468,0.5555555555555556,True,2025-12,1,4803,1
DL,SEA,ANC,2025,12,1076,10,6,0.0,frozenset({931}),931,0.6,True,2025-12,1,4804,1
WN,BWI,DAL,2025,12,1260,11,7,1.0,frozenset({1661}),1661,0.6363636363636364,True,2025-12,1,4805,1
UA,MSP,EWR,2025,12,1072,26,17,2.0,"frozenset({1131, 732})",732,0.6538461538461539,True,2025-12,1,4806,1
DL,RSW,LGA,2025,12,1170,26,15,1.0,"frozenset({805, 2310})",2310,0.5769230769230769,True,2025-12,1,4807,1
DL,ROC,ATL,2025,12,747,26,16,3.0,frozenset({2511}),2511,0.6153846153846154,True,2025-12,1,4808,1
UA,MSP,ORD,2025,12,1094,15,11,0.0,frozenset({1237}),1237,0.7333333333333333,True,2025-12,1,4809,1
YX,ORF,LGA,2025,12,1104,15,8,1.0,"frozenset({4357, 4358})",4358,0.5333333333333333,True,2025-12,1,4810,1
AA,BDL,DFW,2025,12,1105,16,9,0.0,"frozenset({706, 1367})",1367,0.5625,True,2025-12,1,4811,1
UA,ORD,MSP,2025,12,1090,17,10,0.0,"frozenset({1400, 1236, 1637})",1400,0.5882352941176471,True,2025-12,1,4812,1
UA,ORD,OMA,2025,12,1205,30,16,0.0,frozenset({533}),533,0.5333333333333333,True,2025-12,1,4813,1
UA,ORD,RNO,2025,12,1200,12,7,0.0,frozenset({481}),481,0.5833333333333334,True,2025-12,1,4814,1
UA,ORD,SFO,2025,12,1265,16,10,0.0,"frozenset({210, 1067})",210,0.625,True,2025-12,1,4815,1
AA,LGA,ORD,2025,12,990,15,8,1.0,frozenset({1510}),1510,0.5333333333333333,True,2025-12,2,4552,2
YX,ORD,MEM,2025,12,1324,17,11,1.0,"frozenset({4651, 4613})",4613,0.6470588235294118,True,2025-12,1,4816,1
DL,LGA,MSY,2025,12,985,19,11,2.0,"frozenset({2405, 854})",854,0.5789473684210527,True,2025-12,1,4817,1
YX,ORD,EWR,2025,12,816,21,12,0.0,"frozenset({4714, 4587})",4714,0.5714285714285714,True,2025-12,1,4818,1
WN,BWI,DTW,2025,12,1365,15,8,1.0,frozenset({489}),489,0.5333333333333333,True,2025-12,1,4819,1
F9,ATL,JFK,2025,12,1360,30,17,2.0,frozenset({4818}),4818,0.5666666666666667,True,2025-12,1,4820,1
AA,MCO,LGA,2025,12,1190,13,7,1.0,frozenset({3123}),3123,0.5384615384615384,True,2025-12,1,4821,1
DL,LGA,FLL,2025,12,930,29,15,2.0,"frozenset({1008, 2321})",1008,0.5172413793103449,True,2025-12,1,4822,1
AA,MCO,LGA,2025,12,1116,14,8,1.0,"frozenset({2164, 2878})",2878,0.5714285714285714,True,2025-12,1,4823,1
WN,BWI,MCI,2025,12,1260,11,6,0.0,frozenset({1732}),1732,0.5454545454545454,True,2025-12,1,4824,1
F9,ATL,IAD,2025,12,988,11,7,0.0,"frozenset({1082, 4708})",1082,0.6363636363636364,True,2025-12,1,4825,1
DL,LGA,IAH,2025,12,1125,17,11,2.0,frozenset({2109}),2109,0.6470588235294118,True,2025-12,1,4826,1
F9,ATL,FLL,2025,12,609,14,9,1.0,frozenset({3014}),3014,0.6428571428571429,True,2025-12,1,4827,1
F9,ATL,EWR,2025,12,1148,31,18,2.0,frozenset({1158}),1158,0.5806451612903226,True,2025-12,1,4828,1
DL,LGA,MCI,2025,12,562,19,10,2.0,frozenset({572}),572,0.5263157894736842,True,2025-12,1,4829,1
WN,BOS,BNA,2025,12,1200,11,6,0.0,frozenset({343}),343,0.5454545454545454,True,2025-12,1,4830,1
DL,LGA,MCI,2025,12,950,17,10,2.0,frozenset({2068}),2068,0.5882352941176471,True,2025-12,2,4463,2
F9,ATL,BWI,2025,12,540,20,11,1.0,frozenset({2634}),2634,0.55,True,2025-12,1,4831,1
DL,LGA,MCO,2025,12,1155,17,10,1.0,frozenset({2842}),2842,0.5882352941176471,True,2025-12,1,4832,1
AA,DSM,DFW,2025,12,938,17,9,0.0,frozenset({1680}),1680,0.5294117647058824,True,2025-12,1,4833,1
DL,LGA,MIA,2025,12,1176,26,14,1.0,frozenset({2382}),2382,0.5384615384615384,True,2025-12,2,4456,2
DL,TPA,LGA,2025,12,1055,28,16,2.0,"frozenset({1791, 2887})",1791,0.5714285714285714,True,2025-12,1,4834,1
YX,ORD,BDL,2025,12,1235,22,14,2.0,"frozenset({4480, 4415})",4415,0.6363636363636364,True,2025-12,1,4835,1
YX,ORD,CHA,2025,12,910,17,9,0.0,frozenset({4727}),4727,0.5294117647058824,True,2025-12,1,4836,1
DL,TPA,LGA,2025,12,916,31,17,3.0,"frozenset({2834, 1259, 1884})",1884,0.5483870967741935,True,2025-12,1,4837,1
YX,ORD,CVG,2025,12,1060,10,6,0.0,frozenset({4417}),4417,0.6,True,2025-12,1,4838,1
AA,EGE,DFW,2025,12,868,12,7,0.0,frozenset({3179}),3179,0.5833333333333334,True,2025-12,1,4839,1
UA,LGA,ORD,2025,12,975,31,16,2.0,frozenset({1842}),1842,0.5161290322580645,True,2025-12,1,4840,1
AA,LGA,ORD,2025,12,857,25,13,1.0,"frozenset({3024, 2737, 2807})",2737,0.52,True,2025-12,1,4841,1
DL,LGA,ORD,2025,12,899,19,11,3.0,"frozenset({1960, 962})",962,0.5789473684210527,True,2025-12,1,4842,1
WN,BNA,TPA,2025,12,1075,11,6,0.0,frozenset({1363}),1363,0.5454545454545454,True,2025-12,1,4843,1
DL,MSP,SAT,2025,12,1097,19,13,1.0,frozenset({2773}),2773,0.6842105263157895,True,2025-12,1,4844,1
DL,MSP,PHX,2025,12,1135,31,16,0.0,frozenset({2297}),2297,0.5161290322580645,True,2025-12,1,4845,1
DL,MSP,ORD,2025,12,800,17,11,2.0,frozenset({1533}),1533,0.6470588235294118,True,2025-12,1,4846,1
DL,MSP,LGA,2025,12,947,19,10,0.0,frozenset({2732}),2732,0.5263157894736842,True,2025-12,1,4847,1
DL,MSP,JAC,2025,12,685,10,6,0.0,frozenset({3080}),3080,0.6,True,2025-12,1,4848,1
DL,MSP,FCA,2025,12,660,12,8,0.0,frozenset({2575}),2575,0.6666666666666666,True,2025-12,1,4849,1
AA,LGA,DFW,2025,12,890,17,9,1.0,frozenset({1056}),1056,0.5294117647058824,True,2025-12,1,4850,1
YX,RIC,LGA,2025,12,1079,14,8,2.0,"frozenset({5827, 4462})",5827,0.5714285714285714,True,2025-12,1,4851,1
DL,MSP,EWR,2025,12,1200,28,17,6.0,frozenset({2846}),2846,0.6071428571428571,True,2025-12,1,4852,1
WN,ABQ,DAL,2025,12,955,13,7,0.0,frozenset({137}),137,0.5384615384615384,True,2025-12,1,4853,1
DL,MSP,SEA,2025,12,912,19,10,1.0,frozenset({877}),877,0.5263157894736842,True,2025-12,1,4854,1
YX,ROA,LGA,2025,12,1014,23,14,2.0,frozenset({4688}),4688,0.6086956521739131,True,2025-12,2,4408,2
WN,ALB,MCO,2025,12,1055,11,6,0.0,"frozenset({2776, 267})",2776,0.5454545454545454,True,2025-12,1,4855,1
WN,ATL,BWI,2025,12,715,14,9,1.0,frozenset({1864}),1864,0.6428571428571429,True,2025-12,1,4856,1
WN,ATL,BWI,2025,12,1120,11,6,0.0,frozenset({332}),332,0.5454545454545454,True,2025-12,1,4857,1
AA,JFK,ORD,2025,12,944,22,13,1.0,frozenset({3162}),3162,0.5909090909090909,True,2025-12,1,4858,1
DL,MCI,LGA,2025,12,763,17,10,1.0,frozenset({884}),884,0.5882352941176471,True,2025-12,2,4424,2
WN,AUS,TPA,2025,12,1255,13,7,0.0,"frozenset({1776, 1500})",1500,0.5384615384615384,True,2025-12,1,4859,1
DL,MSP,CMH,2025,12,1265,19,11,0.0,frozenset({1356}),1356,0.5789473684210527,True,2025-12,1,4860,1
DL,MIA,JFK,2025,12,1155,10,6,1.0,frozenset({527}),527,0.6,True,2025-12,1,4861,1
YX,STL,LGA,2025,12,696,11,6,0.0,frozenset({4475}),4475,0.5454545454545454,True,2025-12,1,4862,1
YX,STL,ORD,2025,12,1009,24,13,1.0,"frozenset({4595, 4605})",4595,0.5416666666666666,True,2025-12,1,4863,1
WN,ALB,LAS,2025,12,1160,11,6,2.0,frozenset({804}),804,0.5454545454545454,True,2025-12,1,4864,1
DL,LGA,DTW,2025,12,890,17,12,1.0,frozenset({308}),308,0.7058823529411765,True,2025-12,1,4865,1
AA,LGA,DFW,2025,12,1140,26,15,1.0,"frozenset({2250, 2767, 3279, 935})",2250,0.5769230769230769,True,2025-12,1,4866,1
UA,SNA,SFO,2025,12,1145,14,9,1.0,frozenset({1746}),1746,0.6428571428571429,True,2025-12,1,4867,1
DL,ORF,DTW,2025,12,1018,17,11,0.0,frozenset({689}),689,0.6470588235294118,True,2025-12,1,4868,1
DL,LGA,ORD,2025,12,1000,17,10,3.0,frozenset({1390}),1390,0.5882352941176471,True,2025-12,3,4222,3
DL,ORD,SEA,2025,12,855,25,14,1.0,"frozenset({1418, 2055})",1418,0.56,True,2025-12,1,4869,1
DL,ORD,MSP,2025,12,950,17,13,2.0,frozenset({1533}),1533,0.7647058823529411,True,2025-12,1,4870,1
DL,ORD,MSP,2025,12,660,19,11,0.0,frozenset({1902}),1902,0.5789473684210527,True,2025-12,1,4871,1
UA,PBI,EWR,2025,12,993,15,8,0.0,"frozenset({1395, 1950})",1395,0.5333333333333333,True,2025-12,1,4872,1
DL,LGA,ORD,2025,12,1060,19,10,1.0,frozenset({2760}),2760,0.5263157894736842,True,2025-12,2,4505,2
DL,LGA,ORD,2025,12,1139,16,12,2.0,frozenset({2801}),2801,0.75,True,2025-12,3,4240,3
DL,ORD,LGA,2025,12,1165,17,11,2.0,frozenset({1390}),1390,0.6470588235294118,True,2025-12,2,4438,2
DL,ORD,LGA,2025,12,1070,17,12,3.0,frozenset({1241}),1241,0.7058823529411765,True,2025-12,2,4436,2
DL,MSP,SJC,2025,12,1105,29,15,1.0,frozenset({2087}),2087,0.5172413793103449,True,2025-12,1,4873,1
DL,ORD,LGA,2025,12,755,17,10,2.0,frozenset({2894}),2894,0.5882352941176471,True,2025-12,1,4874,1
YX,RDU,DCA,2025,12,1240,15,8,1.0,"frozenset({4800, 4571})",4571,0.5333333333333333,True,2025-12,1,4875,1
DL,ORD,LGA,2025,12,580,17,10,3.0,frozenset({1020}),1020,0.5882352941176471,True,2025-12,1,4876,1
DL,ORD,LGA,2025,12,420,17,9,5.0,frozenset({2996}),2996,0.5294117647058824,True,2025-12,1,4877,1
UA,PHL,ORD,2025,12,1114,13,8,0.0,"frozenset({2665, 1285})",1285,0.6153846153846154,True,2025-12,1,4878,1
UA,RDU,EWR,2025,12,1058,17,9,1.0,frozenset({1667}),1667,0.5294117647058824,True,2025-12,1,4879,1
UA,SEA,SFO,2025,12,1074,10,8,0.0,frozenset({2467}),2467,0.8,True,2025-12,1,4880,1
UA,SLC,EWR,2025,12,930,13,7,0.0,frozenset({2242}),2242,0.5384615384615384,True,2025-12,1,4881,1
YX,RDU,LGA,2025,12,799,20,13,0.0,"frozenset({4385, 4761})",4761,0.65,True,2025-12,1,4882,1
YX,RDU,LGA,2025,12,1025,11,6,1.0,frozenset({4497}),4497,0.5454545454545454,True,2025-12,1,4883,1
YX,RDU,LGA,2025,12,1083,15,8,1.0,frozenset({4497}),4497,0.5333333333333333,True,2025-12,1,4884,1
YX,RDU,DCA,2025,12,1055,26,15,0.0,frozenset({4624}),4624,0.5769230769230769,True,2025-12,1,4885,1
YX,LGA,XNA,2025,12,1139,15,10,0.0,frozenset({4554}),4554,0.6666666666666666,True,2025-12,1,4886,1
DL,LGA,DFW,2025,12,1065,18,10,2.0,"frozenset({352, 846})",352,0.5555555555555556,True,2025-12,1,4887,1
F9,ATL,LGA,2025,12,854,31,16,3.0,frozenset({3454}),3454,0.5161290322580645,True,2025-12,1,4888,1
OO,SNA,SFO,2025,12,670,12,8,1.0,frozenset({3440}),3440,0.6666666666666666,True,2025-12,1,4889,1
F9,LAS,SFO,2025,12,1183,19,11,1.0,frozenset({4401}),4401,0.5789473684210527,True,2025-12,1,4890,1
F9,LAS,SFO,2025,12,645,14,8,0.0,frozenset({3801}),3801,0.5714285714285714,True,2025-12,1,4891,1
F9,LAS,SAN,2025,12,678,18,10,0.0,frozenset({1469}),1469,0.5555555555555556,True,2025-12,1,4892,1
DL,DTW,PDX,2025,12,1215,19,15,1.0,frozenset({913}),913,0.7894736842105263,True,2025-12,1,4893,1
DL,DTW,RSW,2025,12,1222,12,7,0.0,frozenset({337}),337,0.5833333333333334,True,2025-12,1,4894,1
OO,SNA,SFO,2025,12,709,17,10,0.0,"frozenset({3354, 3434, 3471})",3434,0.5882352941176471,True,2025-12,1,4895,1
DL,DTW,SEA,2025,12,763,31,16,0.0,frozenset({728}),728,0.5161290322580645,True,2025-12,1,4896,1
OO,SNA,SFO,2025,12,1222,14,9,3.0,"frozenset({3089, 3494})",3494,0.6428571428571429,True,2025-12,1,4897,1
F9,ISP,FLL,2025,12,1000,14,8,1.0,frozenset({1997}),1997,0.5714285714285714,True,2025-12,1,4898,1
AA,DFW,SAT,2025,12,1135,17,9,0.0,frozenset({1270}),1270,0.5294117647058824,True,2025-12,1,4899,1
YX,LGA,BNA,2025,12,919,13,8,0.0,frozenset({4445}),4445,0.6153846153846154,True,2025-12,1,4900,1
OO,STL,ORD,2025,12,839,21,13,1.0,"frozenset({5003, 6332})",6332,0.6190476190476191,True,2025-12,1,4901,1
DL,FAI,SEA,2025,12,90,31,18,4.0,frozenset({2408}),2408,0.5806451612903226,True,2025-12,1,4902,1
OO,STL,ORD,2025,12,1175,12,8,2.0,frozenset({4924}),4924,0.6666666666666666,True,2025-12,1,4903,1
OO,STS,LAS,2025,12,659,16,9,2.0,frozenset({3374}),3374,0.5625,True,2025-12,1,4904,1
OO,STS,PSP,2025,12,664,10,6,1.0,frozenset({3013}),3013,0.6,True,2025-12,1,4905,1
F9,FLL,ATL,2025,12,790,14,9,1.0,frozenset({3013}),3013,0.6428571428571429,True,2025-12,1,4906,1
OO,STS,SNA,2025,12,568,17,12,2.0,frozenset({3395}),3395,0.7058823529411765,True,2025-12,1,4907,1
F9,EWR,MDW,2025,12,690,13,7,0.0,frozenset({1413}),1413,0.5384615384615384,True,2025-12,1,4908,1
OO,SUN,ORD,2025,12,773,28,16,3.0,"frozenset({5737, 6338})",5737,0.5714285714285714,True,2025-12,1,4909,1
F9,EWR,ATL,2025,12,1350,31,20,3.0,frozenset({1157}),1157,0.6451612903225806,True,2025-12,1,4910,1
OO,STL,ORD,2025,12,518,11,6,0.0,"frozenset({6248, 6308})",6248,0.5454545454545454,True,2025-12,1,4911,1
DL,FLL,LGA,2025,12,1189,26,17,2.0,"frozenset({2621, 2725, 623})",623,0.6538461538461539,True,2025-12,1,4912,1
DL,DTW,MCO,2025,12,1275,10,7,0.0,frozenset({1492}),1492,0.7,True,2025-12,1,4913,1
YX,BNA,LGA,2025,12,875,16,9,0.0,"frozenset({4594, 4660, 4343})",4660,0.5625,True,2025-12,1,4914,1
DL,DTW,EWR,2025,12,1040,20,12,1.0,"frozenset({2573, 2567})",2567,0.6,True,2025-12,1,4915,1
DL,DTW,FLL,2025,12,735,29,15,0.0,"frozenset({1378, 1205})",1378,0.5172413793103449,True,2025-12,1,4916,1
OO,SFO,ASE,2025,12,505,13,8,0.0,frozenset({5330}),5330,0.6153846153846154,True,2025-12,1,4917,1
OO,SFO,ASE,2025,12,980,14,9,0.0,frozenset({5711}),5711,0.6428571428571429,True,2025-12,1,4918,1
WN,DCA,FLL,2025,12,1115,15,9,0.0,"frozenset({2412, 3540, 3428})",2412,0.6,True,2025-12,1,4919,1
OO,SFO,BOI,2025,12,1122,13,7,1.0,frozenset({5644}),5644,0.5384615384615384,True,2025-12,1,4920,1
OO,SFO,FAT,2025,12,1364,14,8,1.0,frozenset({5904}),5904,0.5714285714285714,True,2025-12,1,4921,1
F9,MCO,SJU,2025,12,720,20,11,0.0,frozenset({1824}),1824,0.55,True,2025-12,1,4922,1
OO,SFO,PSP,2025,12,975,16,9,0.0,"frozenset({5623, 5703})",5703,0.5625,True,2025-12,1,4923,1
OO,SFO,RDD,2025,12,1356,16,9,2.0,frozenset({5724}),5724,0.5625,True,2025-12,1,4924,1
DL,DTW,MCO,2025,12,1090,10,6,0.0,"frozenset({2955, 1652})",1652,0.6,True,2025-12,1,4925,1
OO,SFO,RNO,2025,12,670,14,8,0.0,"frozenset({5496, 5427})",5427,0.5714285714285714,True,2025-12,1,4926,1
YX,IND,EWR,2025,12,1109,15,8,1.0,"frozenset({3571, 3631})",3571,0.5333333333333333,True,2025-12,1,4927,1
F9,MCO,CLE,2025,12,1210,16,9,0.0,frozenset({4541}),4541,0.5625,True,2025-12,1,4928,1
OO,SFO,SBA,2025,12,1360,14,9,2.0,frozenset({5921}),5921,0.6428571428571429,True,2025-12,1,4929,1
F9,LGA,RDU,2025,12,1050,30,18,2.0,frozenset({3313}),3313,0.6,True,2025-12,1,4930,1
DL,DTW,LGA,2025,12,1079,16,10,2.0,frozenset({2604}),2604,0.625,True,2025-12,1,4931,1
OO,SFO,TUS,2025,12,1016,15,9,1.0,frozenset({5962}),5962,0.6,True,2025-12,1,4932,1
DL,DTW,LGA,2025,12,1275,31,16,4.0,"frozenset({2603, 2604})",2603,0.5161290322580645,True,2025-12,1,4933,1
YX,JFK,BOS,2025,12,1265,15,8,2.0,"frozenset({4730, 5637, 4606})",5637,0.5333333333333333,True,2025-12,1,4934,1
OO,SMF,SFO,2025,12,1100,12,7,1.0,frozenset({5961}),5961,0.5833333333333334,True,2025-12,1,4935,1
F9,LAX,MCO,2025,12,1439,14,8,0.0,frozenset({4146}),4146,0.5714285714285714,True,2025-12,1,4936,1
F9,MCO,CLE,2025,12,1269,15,9,1.0,frozenset({2251}),2251,0.6,True,2025-12,1,4937,1
OO,SBN,ORD,2025,12,1102,14,9,2.0,"frozenset({5828, 5550})",5828,0.6428571428571429,True,2025-12,1,4938,1
AA,ORD,EWR,2025,12,1167,29,18,1.0,"frozenset({1936, 3239})",1936,0.6206896551724138,True,2025-12,1,4939,1
YX,LGA,CLE,2025,12,945,20,13,2.0,"frozenset({4348, 4557})",4348,0.65,True,2025-12,1,4940,1
DL,LAX,HNL,2025,12,815,31,17,1.0,frozenset({465}),465,0.5483870967741935,True,2025-12,1,4941,1
YX,LGA,MSN,2025,12,1264,15,8,2.0,"frozenset({4386, 4404})",4386,0.5333333333333333,True,2025-12,1,4942,1
UA,CMH,ORD,2025,12,1065,29,16,0.0,"frozenset({1460, 1182})",1182,0.5517241379310345,True,2025-12,3,4379,3
DL,LAX,KOA,2025,12,895,12,7,0.0,frozenset({311}),311,0.5833333333333334,True,2025-12,1,4943,1
DL,LAX,LIH,2025,12,955,12,7,0.0,frozenset({428}),428,0.5833333333333334,True,2025-12,1,4944,1
AA,MSP,DFW,2025,12,1084,11,7,0.0,frozenset({2936}),2936,0.6363636363636364,True,2025-12,1,4945,1
YX,LGA,ORF,2025,12,971,17,9,1.0,"frozenset({4354, 5772, 4351})",4351,0.5294117647058824,True,2025-12,1,4946,1
F9,ATL,RDU,2025,12,1364,30,17,2.0,frozenset({1670}),1670,0.5666666666666667,True,2025-12,1,4947,1
AA,MSP,DFW,2025,12,895,29,15,0.0,"frozenset({2147, 1198})",1198,0.5172413793103449,True,2025-12,1,4948,1
DL,LGA,BNA,2025,12,1039,17,12,3.0,frozenset({2705}),2705,0.7058823529411765,True,2025-12,1,4949,1
WN,COS,LAS,2025,12,1255,11,6,0.0,frozenset({2077}),2077,0.5454545454545454,True,2025-12,1,4950,1
WN,BWI,SMF,2025,12,1135,13,8,0.0,"frozenset({968, 1918})",1918,0.6153846153846154,True,2025-12,1,4951,1
UA,EWR,PDX,2025,12,1160,15,8,0.0,"frozenset({435, 1063})",1063,0.5333333333333333,True,2025-12,1,4952,1
YX,LGA,RDU,2025,12,1195,25,15,1.0,"frozenset({5856, 4705, 4502})",4705,0.6,True,2025-12,1,4953,1
F9,ATL,ORD,2025,12,1025,19,10,2.0,"frozenset({1441, 1595, 3397})",1441,0.5263157894736842,True,2025-12,1,4954,1
AA,MIA,JFK,2025,12,1219,12,7,0.0,frozenset({1357}),1357,0.5833333333333334,True,2025-12,1,4955,1
DL,LGA,CVG,2025,12,1260,16,9,2.0,frozenset({1266}),1266,0.5625,True,2025-12,1,4956,1
UA,GRR,ORD,2025,12,1018,15,9,1.0,frozenset({1819}),1819,0.6,True,2025-12,1,4957,1
WN,BWI,MIA,2025,12,1215,13,7,1.0,"frozenset({3200, 462})",462,0.5384615384615384,True,2025-12,1,4958,1
AA,MCO,ORD,2025,12,1151,14,9,0.0,"frozenset({576, 2202, 1150})",1150,0.6428571428571429,True,2025-12,1,4959,1
F9,ATL,LGA,2025,12,1248,31,22,4.0,frozenset({3288}),3288,0.7096774193548387,True,2025-12,1,4960,1
WN,BWI,MDW,2025,12,1320,14,8,1.0,"frozenset({3080, 1539})",3080,0.5714285714285714,True,2025-12,1,4961,1
F9,ATL,ORD,2025,12,1270,23,12,1.0,frozenset({3397}),3397,0.5217391304347826,True,2025-12,2,4477,2
AA,DFW,SDF,2025,12,1110,16,11,0.0,"frozenset({1528, 3193, 2159})",2159,0.6875,True,2025-12,1,4962,1
DL,LAX,FLL,2025,12,1312,12,7,0.0,frozenset({477}),477,0.5833333333333334,True,2025-12,1,4963,1
UA,BZN,SFO,2025,12,986,14,8,0.0,frozenset({406}),406,0.5714285714285714,True,2025-12,1,4964,1
OO,TUS,SFO,2025,12,1114,15,8,1.0,frozenset({6006}),6006,0.5333333333333333,True,2025-12,1,4965,1
F9,DEN,PHL,2025,12,1439,16,12,2.0,frozenset({3340}),3340,0.75,True,2025-12,1,4966,1
OO,TVC,DTW,2025,12,1077,31,16,1.0,"frozenset({4088, 3826})",4088,0.5161290322580645,True,2025-12,1,4967,1
DL,JAC,MSP,2025,12,835,10,7,0.0,frozenset({3080}),3080,0.7,True,2025-12,1,4968,1
AA,DFW,SEA,2025,12,932,15,8,0.0,frozenset({727}),727,0.5333333333333333,True,2025-12,1,4969,1
WN,DAL,LAS,2025,12,1375,11,7,0.0,"frozenset({2180, 2933})",2180,0.6363636363636364,True,2025-12,1,4970,1
OO,TVC,ORD,2025,12,360,17,9,2.0,"frozenset({4912, 6203, 6199})",6199,0.5294117647058824,True,2025-12,1,4971,1
OO,TVC,ORD,2025,12,972,13,8,0.0,frozenset({6261}),6261,0.6153846153846154,True,2025-12,1,4972,1
DL,JFK,DFW,2025,12,1105,31,16,5.0,frozenset({496}),496,0.5161290322580645,True,2025-12,1,4973,1
OO,TVC,ORD,2025,12,1112,22,14,2.0,"frozenset({5936, 5577, 5373})",5936,0.6363636363636364,True,2025-12,1,4974,1
AA,ORD,AUS,2025,12,1170,14,9,0.0,frozenset({1715}),1715,0.6428571428571429,True,2025-12,1,4975,1
OO,TVC,ORD,2025,12,1221,18,13,2.0,"frozenset({4916, 6397, 4927})",4927,0.7222222222222222,True,2025-12,1,4976,1
OO,TYS,ORD,2025,12,898,10,6,0.0,frozenset({6223}),6223,0.6,True,2025-12,1,4977,1
AA,ORD,EGE,2025,12,645,10,8,0.0,"frozenset({580, 1621})",580,0.8,True,2025-12,1,4978,1
YX,LGA,DCA,2025,12,862,13,8,0.0,frozenset({4409}),4409,0.6153846153846154,True,2025-12,1,4979,1
YX,LGA,DCA,2025,12,1229,16,9,1.0,frozenset({4627}),4627,0.5625,True,2025-12,1,4980,1
AA,ORD,BOS,2025,12,1102,10,6,0.0,frozenset({1033}),1033,0.6,True,2025-12,1,4981,1
F9,BWI,ATL,2025,12,715,19,11,1.0,frozenset({2509}),2509,0.5789473684210527,True,2025-12,1,4982,1
WN,DAL,BUR,2025,12,1210,13,7,0.0,frozenset({2184}),2184,0.5384615384615384,True,2025-12,1,4983,1
DL,JFK,SEA,2025,12,1139,28,20,3.0,frozenset({688}),688,0.7142857142857143,True,2025-12,1,4984,1
YX,LGA,GSP,2025,12,954,21,11,2.0,frozenset({4364}),4364,0.5238095238095238,True,2025-12,1,4985,1
F9,BOS,MCO,2025,12,742,10,6,0.0,frozenset({3347}),3347,0.6,True,2025-12,1,4986,1
F9,CLE,PHX,2025,12,870,11,6,1.0,frozenset({1471}),1471,0.5454545454545454,True,2025-12,1,4987,1
NK,EWR,PBI,2025,12,1200,14,12,2.0,frozenset({125}),125,0.8571428571428571,True,2025-12,1,4988,1
NK,FLL,SAT,2025,12,1267,22,12,1.0,frozenset({2854}),2854,0.5454545454545454,True,2025-12,1,4989,1
NK,FLL,BNA,2025,12,1103,18,11,1.0,"frozenset({3992, 1430})",1430,0.6111111111111112,True,2025-12,1,4990,1
WN,MSY,DAL,2025,12,1285,13,8,1.0,"frozenset({1142, 4558})",1142,0.6153846153846154,True,2025-12,1,4991,1
OH,DCA,MSP,2025,12,1192,14,8,1.0,frozenset({5302}),5302,0.5714285714285714,True,2025-12,1,4992,1
OH,DCA,MKE,2025,12,657,17,9,0.0,frozenset({5637}),5637,0.5294117647058824,True,2025-12,1,4993,1
OO,AVL,ORD,2025,12,1045,31,20,1.0,frozenset({4632}),4632,0.6451612903225806,True,2025-12,2,4543,2
WN,ISP,PBI,2025,12,785,16,9,0.0,"frozenset({3082, 2859})",3082,0.5625,True,2025-12,1,4994,1
WN,ISP,MCO,2025,12,1080,11,7,0.0,frozenset({2472}),2472,0.6363636363636364,True,2025-12,1,4995,1
B6,JAX,JFK,2025,12,1113,29,15,2.0,"frozenset({2378, 778})",2378,0.5172413793103449,True,2025-12,1,4996,1
OH,DCA,MGM,2025,12,959,15,9,1.0,frozenset({5148}),5148,0.6,True,2025-12,1,4997,1
OO,BIS,MSP,2025,12,808,10,6,2.0,frozenset({3942}),3942,0.6,True,2025-12,1,4998,1
OH,DCA,MEM,2025,12,1220,13,7,0.0,frozenset({5216}),5216,0.5384615384615384,True,2025-12,1,4999,1
B6,JFK,ATL,2025,12,540,22,13,2.0,frozenset({519}),519,0.5909090909090909,True,2025-12,1,5000,1
WN,IND,LAS,2025,12,1240,11,7,0.0,frozenset({985}),985,0.6363636363636364,True,2025-12,1,5001,1
WN,IND,DEN,2025,12,1260,15,9,1.0,"frozenset({1092, 1695})",1092,0.6,True,2025-12,1,5002,1
B6,JFK,BDL,2025,12,1379,14,9,1.0,frozenset({675}),675,0.6428571428571429,True,2025-12,1,5003,1
OH,DCA,LAN,2025,12,894,20,13,1.0,frozenset({5460}),5460,0.65,True,2025-12,1,5004,1
OO,BNA,ORD,2025,12,1007,10,8,0.0,frozenset({6277}),6277,0.8,True,2025-12,1,5005,1
WN,OAK,SAN,2025,12,1265,15,10,2.0,"frozenset({4600, 1431})",1431,0.6666666666666666,True,2025-12,1,5006,1
WN,OAK,SLC,2025,12,1270,13,7,0.0,frozenset({2256}),2256,0.5384615384615384,True,2025-12,1,5007,1
OO,BUR,SFO,2025,12,1110,31,16,4.0,"frozenset({3288, 3059, 4772})",4772,0.5161290322580645,True,2025-12,1,5008,1
OO,BUR,STS,2025,12,510,16,9,1.0,frozenset({3404}),3404,0.5625,True,2025-12,1,5009,1
OO,BUR,STS,2025,12,1196,16,9,7.0,frozenset({3040}),3040,0.5625,True,2025-12,1,5010,1
OH,DCA,ICT,2025,12,757,15,8,0.0,frozenset({5527}),5527,0.5333333333333333,True,2025-12,1,5011,1
B6,JFK,BOS,2025,12,780,13,7,0.0,frozenset({418}),418,0.5384615384615384,True,2025-12,1,5012,1
OO,AUS,DFW,2025,12,1038,12,7,0.0,frozenset({4946}),4946,0.5833333333333334,True,2025-12,1,5013,1
OO,AUS,ASE,2025,12,542,11,6,0.0,frozenset({6494}),6494,0.5454545454545454,True,2025-12,1,5014,1
B6,HPN,RSW,2025,12,1250,14,9,2.0,frozenset({1251}),1251,0.6428571428571429,True,2025-12,1,5015,1
B6,HPN,PBI,2025,12,959,14,10,0.0,frozenset({1067}),1067,0.7142857142857143,True,2025-12,1,5016,1
AA,DFW,GRR,2025,12,1110,31,19,0.0,"frozenset({1432, 310})",310,0.6129032258064516,True,2025-12,1,5017,1
WN,MDW,SMF,2025,12,690,11,6,0.0,frozenset({4346}),4346,0.5454545454545454,True,2025-12,1,5018,1
B6,FLL,EWR,2025,12,1259,14,10,1.0,frozenset({706}),706,0.7142857142857143,True,2025-12,2,4499,2
WN,MDW,STL,2025,12,980,11,6,0.0,frozenset({3207}),3207,0.5454545454545454,True,2025-12,1,5019,1
B6,FLL,HPN,2025,12,730,14,9,0.0,frozenset({814}),814,0.6428571428571429,True,2025-12,1,5020,1
OH,DCA,RDU,2025,12,1326,15,9,1.0,frozenset({5224}),5224,0.6,True,2025-12,1,5021,1
WN,MDW,TPA,2025,12,470,11,6,0.0,frozenset({3793}),3793,0.5454545454545454,True,2025-12,1,5022,1
WN,MDW,TPA,2025,12,1010,11,6,0.0,frozenset({491}),491,0.5454545454545454,True,2025-12,1,5023,1
AA,DFW,BFL,2025,12,1185,28,16,0.0,frozenset({1513}),1513,0.5714285714285714,True,2025-12,1,5024,1
OO,ATW,MSP,2025,12,978,19,11,0.0,frozenset({3528}),3528,0.5789473684210527,True,2025-12,1,5025,1
B6,FLL,JFK,2025,12,1020,12,7,1.0,frozenset({1832}),1832,0.5833333333333334,True,2025-12,1,5026,1
AA,SJU,PHL,2025,12,1010,17,9,1.0,frozenset({2433}),2433,0.5294117647058824,True,2025-12,1,5027,1
B6,FLL,JFK,2025,12,1215,31,17,2.0,"frozenset({2, 1902})",1902,0.5483870967741935,True,2025-12,1,5028,1
OO,ATW,ORD,2025,12,375,14,8,1.0,"frozenset({4659, 4645, 4637})",4645,0.5714285714285714,True,2025-12,1,5029,1
OO,ATW,ORD,2025,12,1040,27,19,4.0,"frozenset({4659, 5691})",5691,0.7037037037037037,True,2025-12,1,5030,1
B6,FLL,JFK,2025,12,1340,13,7,1.0,"frozenset({2, 1502})",2,0.5384615384615384,True,2025-12,1,5031,1
B6,FLL,LGA,2025,12,1240,24,13,2.0,frozenset({572}),572,0.5416666666666666,True,2025-12,1,5032,1
WN,MKE,DEN,2025,12,1215,15,8,0.0,"frozenset({865, 3814})",3814,0.5333333333333333,True,2025-12,1,5033,1
B6,FLL,RDU,2025,12,931,14,8,0.0,frozenset({426}),426,0.5714285714285714,True,2025-12,1,5034,1
WN,MKE,PHX,2025,12,1150,11,6,0.0,frozenset({4516}),4516,0.5454545454545454,True,2025-12,1,5035,1
WN,MKE,RSW,2025,12,975,11,6,0.0,frozenset({3824}),3824,0.5454545454545454,True,2025-12,1,5036,1
B6,FLL,SJU,2025,12,1285,14,9,1.0,frozenset({653}),653,0.6428571428571429,True,2025-12,1,5037,1
AA,DFW,ATL,2025,12,1244,15,9,0.0,frozenset({2749}),2749,0.6,True,2025-12,1,5038,1
OH,DCA,ORF,2025,12,826,17,9,0.0,frozenset({5337}),5337,0.5294117647058824,True,2025-12,1,5039,1
WN,MIA,STL,2025,12,1160,11,7,0.0,frozenset({3645}),3645,0.6363636363636364,True,2025-12,1,5040,1
AA,DFW,GEG,2025,12,1129,16,9,0.0,frozenset({1031}),1031,0.5625,True,2025-12,1,5041,1
OO,CAK,ORD,2025,12,1065,27,15,1.0,frozenset({4698}),4698,0.5555555555555556,True,2025-12,1,5042,1
WN,HOU,MIA,2025,12,1235,13,7,0.0,frozenset({160}),160,0.5384615384615384,True,2025-12,1,5043,1
WN,PHL,STL,2025,12,1170,15,8,0.0,frozenset({4039}),4039,0.5333333333333333,True,2025-12,1,5044,1
WN,PHX,BNA,2025,12,1130,10,7,0.0,"frozenset({4050, 1490})",1490,0.7,True,2025-12,1,5045,1
AA,DFW,ILM,2025,12,1143,29,16,0.0,"frozenset({880, 2100, 1511})",2100,0.5517241379310345,True,2025-12,1,5046,1
OH,DCA,CHS,2025,12,1041,28,15,2.0,"frozenset({5114, 5204, 5167})",5114,0.5357142857142857,True,2025-12,1,5047,1
OO,CLE,ORD,2025,12,844,17,9,1.0,"frozenset({5005, 6238})",6238,0.5294117647058824,True,2025-12,1,5048,1
B6,JFK,SFO,2025,12,630,15,8,0.0,frozenset({115}),115,0.5333333333333333,True,2025-12,1,5049,1
OO,CLE,ORD,2025,12,1136,12,8,3.0,"frozenset({6242, 4943})",4943,0.6666666666666666,True,2025-12,1,5050,1
OH,DCA,CAE,2025,12,1019,17,9,1.0,"frozenset({5019, 5095})",5019,0.5294117647058824,True,2025-12,1,5051,1
WN,GRR,MDW,2025,12,1120,13,7,0.0,"frozenset({2826, 1494})",2826,0.5384615384615384,True,2025-12,1,5052,1
B6,LAX,BUF,2025,12,1419,16,12,2.0,frozenset({492}),492,0.75,True,2025-12,1,5053,1
WN,FLL,PIT,2025,12,1260,11,6,1.0,frozenset({2796}),2796,0.5454545454545454,True,2025-12,1,5054,1
OO,CMH,ORD,2025,12,1255,10,10,0.0,frozenset({6251}),6251,1.0,True,2025-12,1,5055,1
B6,LGA,FLL,2025,12,959,30,17,1.0,"frozenset({371, 1371})",1371,0.5666666666666667,True,2025-12,2,4511,2
WN,PHX,LAX,2025,12,1060,15,9,0.0,frozenset({715}),715,0.6,True,2025-12,1,5056,1
WN,PHX,LGB,2025,12,1090,15,8,1.0,frozenset({4083}),4083,0.5333333333333333,True,2025-12,1,5057,1
OH,DCA,BTV,2025,12,1329,23,15,2.0,"frozenset({5477, 5334, 5399})",5334,0.6521739130434783,True,2025-12,1,5058,1
OO,COU,ORD,2025,12,1095,30,18,4.0,"frozenset({4656, 5216})",4656,0.6,True,2025-12,1,5059,1
WN,PHX,MKE,2025,12,1175,13,7,0.0,"frozenset({2648, 1550})",1550,0.5384615384615384,True,2025-12,1,5060,1
OH,DCA,BNA,2025,12,828,17,10,1.0,frozenset({5069}),5069,0.5882352941176471,True,2025-12,1,5061,1
WN,PHX,PDX,2025,12,1365,11,6,0.0,frozenset({456}),456,0.5454545454545454,True,2025-12,1,5062,1
WN,PHX,SAN,2025,12,1310,13,8,1.0,frozenset({4114}),4114,0.6153846153846154,True,2025-12,1,5063,1
OO,CRW,ORD,2025,12,1050,17,12,1.0,frozenset({4644}),4644,0.7058823529411765,True,2025-12,2,4599,2
WN,PHX,SFO,2025,12,1370,11,9,0.0,frozenset({3026}),3026,0.8181818181818182,True,2025-12,1,5064,1
OH,DCA,CLE,2025,12,824,28,15,1.0,"frozenset({5226, 5615})",5615,0.5357142857142857,True,2025-12,2,4514,2
OH,DCA,CLE,2025,12,1051,18,12,3.0,"frozenset({5226, 5237})",5226,0.6666666666666666,True,2025-12,1,5065,1
WN,PHL,MDW,2025,12,1210,11,9,0.0,"frozenset({1947, 662})",1947,0.8181818181818182,True,2025-12,1,5066,1
OH,DCA,CMH,2025,12,900,15,8,2.0,frozenset({5140}),5140,0.5333333333333333,True,2025-12,1,5067,1
OH,DCA,HPN,2025,12,789,31,21,1.0,frozenset({5254}),5254,0.6774193548387096,True,2025-12,1,5068,1
OO,CHO,ORD,2025,12,420,31,16,2.0,frozenset({5407}),5407,0.5161290322580645,True,2025-12,1,5069,1
B6,JFK,BUF,2025,12,835,10,7,1.0,frozenset({1202}),1202,0.7,True,2025-12,1,5070,1
B6,JFK,BUF,2025,12,1335,12,8,2.0,frozenset({1602}),1602,0.6666666666666666,True,2025-12,1,5071,1
OH,DCA,GSP,2025,12,1050,17,11,1.0,"frozenset({5112, 5274, 5083, 5576})",5274,0.6470588235294118,True,2025-12,1,5072,1
OO,CID,MSP,2025,12,985,17,9,0.0,frozenset({4023}),4023,0.5294117647058824,True,2025-12,1,5073,1
OO,CID,ORD,2025,12,395,15,10,0.0,frozenset({4781}),4781,0.6666666666666666,True,2025-12,1,5074,1
B6,JFK,DEN,2025,12,1221,13,8,1.0,frozenset({97}),97,0.6153846153846154,True,2025-12,1,5075,1
B6,JFK,DTW,2025,12,1305,14,9,2.0,frozenset({820}),820,0.6428571428571429,True,2025-12,1,5076,1
WN,ORD,LAS,2025,12,1095,11,6,0.0,frozenset({1182}),1182,0.5454545454545454,True,2025-12,1,5077,1
WN,ORD,PHX,2025,12,855,11,6,0.0,frozenset({4817}),4817,0.5454545454545454,True,2025-12,1,5078,1
OH,DCA,HPN,2025,12,1124,27,15,3.0,frozenset({5289}),5289,0.5555555555555556,True,2025-12,1,5079,1
B6,JFK,FLL,2025,12,782,12,7,0.0,frozenset({1831}),1831,0.5833333333333334,True,2025-12,1,5080,1
WN,PBI,BWI,2025,12,1115,13,8,1.0,"frozenset({2849, 2614})",2849,0.6153846153846154,True,2025-12,1,5081,1
B6,JFK,LAS,2025,12,1150,24,13,1.0,"frozenset({111, 711})",111,0.5416666666666666,True,2025-12,1,5082,1
OH,DCA,DAY,2025,12,1019,17,11,0.0,frozenset({5284}),5284,0.6470588235294118,True,2025-12,1,5083,1
OO,CID,ORD,2025,12,562,15,8,3.0,"frozenset({6237, 6206})",6237,0.5333333333333333,True,2025-12,1,5084,1
B6,JFK,MCO,2025,12,1024,28,16,1.0,"frozenset({1083, 383, 483})",383,0.5714285714285714,True,2025-12,1,5085,1
OH,DCA,CVG,2025,12,1189,12,8,0.0,frozenset({5673}),5673,0.6666666666666666,True,2025-12,2,4515,2
OO,CLE,DTW,2025,12,962,17,10,0.0,frozenset({3884}),3884,0.5882352941176471,True,2025-12,1,5086,1
B6,JFK,PBI,2025,12,863,15,9,1.0,"frozenset({2853, 1853})",1853,0.6,True,2025-12,1,5087,1
OH,DCA,CRW,2025,12,1236,14,8,4.0,frozenset({5367}),5367,0.5714285714285714,True,2025-12,1,5088,1
WN,PHL,MCO,2025,12,1100,11,7,0.0,"frozenset({1902, 1991})",1991,0.6363636363636364,True,2025-12,1,5089,1
AA,DFW,ICT,2025,12,995,27,14,0.0,"frozenset({2608, 2923, 1813})",2608,0.5185185185185185,True,2025-12,1,5090,1
B6,JFK,FLL,2025,12,959,30,17,1.0,"frozenset({1801, 1301})",1801,0.5666666666666667,True,2025-12,1,5091,1
OO,ATW,DTW,2025,12,673,31,16,0.0,"frozenset({4440, 3899})",3899,0.5161290322580645,True,2025-12,1,5092,1
OO,ASE,SFO,2025,12,1178,14,9,1.0,frozenset({4652}),4652,0.6428571428571429,True,2025-12,1,5093,1
OO,ASE,ORD,2025,12,975,12,7,0.0,frozenset({5963}),5963,0.5833333333333334,True,2025-12,1,5094,1
AS,KTN,SIT,2025,12,1053,31,16,5.0,frozenset({67}),67,0.5161290322580645,True,2025-12,1,5095,1
OH,MSP,PHL,2025,12,721,12,7,3.0,frozenset({5358}),5358,0.5833333333333334,True,2025-12,1,5096,1
OH,MSP,DCA,2025,12,771,13,8,0.0,"frozenset({5573, 5327})",5327,0.6153846153846154,True,2025-12,1,5097,1
OH,MSN,ORD,2025,12,999,17,13,3.0,frozenset({5651}),5651,0.7647058823529411,True,2025-12,1,5098,1
OH,MSN,DCA,2025,12,646,15,10,1.0,frozenset({5647}),5647,0.6666666666666666,True,2025-12,1,5099,1
B6,BNA,JFK,2025,12,635,14,8,1.0,frozenset({1174}),1174,0.5714285714285714,True,2025-12,1,5100,1
WN,MCO,MDW,2025,12,1235,13,7,1.0,frozenset({2094}),2094,0.5384615384615384,True,2025-12,1,5101,1
OH,MKE,DCA,2025,12,754,17,12,0.0,frozenset({5637}),5637,0.7058823529411765,True,2025-12,1,5102,1
B6,BOS,CLE,2025,12,1310,13,8,1.0,frozenset({2041}),2041,0.6153846153846154,True,2025-12,1,5103,1
B6,BOS,FLL,2025,12,825,25,13,0.0,"frozenset({1069, 1469})",1469,0.52,True,2025-12,1,5104,1
B6,BOS,FLL,2025,12,920,12,7,1.0,frozenset({269}),269,0.5833333333333334,True,2025-12,1,5105,1
OH,LAN,DCA,2025,12,1029,20,12,2.0,frozenset({5460}),5460,0.6,True,2025-12,1,5106,1
B6,BOS,JAX,2025,12,1010,13,7,1.0,frozenset({209}),209,0.5384615384615384,True,2025-12,1,5107,1
B6,BOS,LAX,2025,12,1280,13,7,0.0,frozenset({187}),187,0.5384615384615384,True,2025-12,1,5108,1
AS,JNU,ANC,2025,12,1255,29,17,6.0,frozenset({67}),67,0.5862068965517241,True,2025-12,1,5109,1
AS,JFK,SEA,2025,12,420,31,17,2.0,frozenset({21}),21,0.5483870967741935,True,2025-12,1,5110,1
B6,BOS,PBI,2025,12,1239,14,9,1.0,frozenset({321}),321,0.6428571428571429,True,2025-12,1,5111,1
OH,IAD,CLT,2025,12,989,17,9,0.0,frozenset({5447}),5447,0.5294117647058824,True,2025-12,1,5112,1
AS,DTW,SEA,2025,12,400,13,8,0.0,frozenset({138}),138,0.6153846153846154,True,2025-12,1,5113,1
AA,DFW,EGE,2025,12,739,14,8,0.0,frozenset({3179}),3179,0.5714285714285714,True,2025-12,1,5114,1
WN,LGA,MCI,2025,12,1255,29,18,1.0,"frozenset({3441, 3439})",3441,0.6206896551724138,True,2025-12,1,5115,1
B6,BOS,RSW,2025,12,859,14,8,0.0,"frozenset({465, 2165})",465,0.5714285714285714,True,2025-12,1,5116,1
B6,BOS,RSW,2025,12,920,15,8,0.0,"frozenset({1765, 165})",1765,0.5333333333333333,True,2025-12,1,5117,1
WN,MCO,IND,2025,12,1080,13,7,0.0,frozenset({1092}),1092,0.5384615384615384,True,2025-12,1,5118,1
AA,DFW,DSM,2025,12,1305,12,8,0.0,frozenset({1371}),1371,0.6666666666666666,True,2025-12,1,5119,1
B6,AUS,FLL,2025,12,903,20,12,0.0,frozenset({1972}),1972,0.6,True,2025-12,1,5120,1
OH,ORD,CAK,2025,12,1130,12,8,1.0,frozenset({5277}),5277,0.6666666666666666,True,2025-12,1,5121,1
OH,PHL,DCA,2025,12,1189,19,11,0.0,"frozenset({5348, 5244})",5244,0.5789473684210527,True,2025-12,2,4425,2
OH,PHL,MSY,2025,12,854,11,6,0.0,frozenset({5290}),5290,0.5454545454545454,True,2025-12,1,5122,1
WN,MCO,BHM,2025,12,980,11,7,0.0,frozenset({1527}),1527,0.6363636363636364,True,2025-12,1,5123,1
WN,MCI,SAT,2025,12,895,11,6,0.0,frozenset({1217}),1217,0.5454545454545454,True,2025-12,1,5124,1
OH,PHL,RDU,2025,12,1013,15,8,0.0,frozenset({5015}),5015,0.5333333333333333,True,2025-12,1,5125,1
AS,SIT,JNU,2025,12,1158,29,16,3.0,frozenset({67}),67,0.5517241379310345,True,2025-12,1,5126,1
WN,MCO,BUF,2025,12,1260,11,7,0.0,frozenset({2788}),2788,0.6363636363636364,True,2025-12,1,5127,1
OH,PHL,CLE,2025,12,995,11,6,2.0,frozenset({5337}),5337,0.5454545454545454,True,2025-12,1,5128,1
OH,PHL,BTV,2025,12,1295,13,8,2.0,"frozenset({5168, 5175})",5168,0.6153846153846154,True,2025-12,1,5129,1
OH,ORF,DCA,2025,12,914,17,10,1.0,frozenset({5337}),5337,0.5882352941176471,True,2025-12,2,4402,2
OH,PHL,XNA,2025,12,1240,28,15,2.0,"frozenset({5628, 5492})",5492,0.5357142857142857,True,2025-12,1,5130,1
B6,BOS,SFO,2025,12,1000,15,8,0.0,frozenset({333}),333,0.5333333333333333,True,2025-12,1,5131,1
AS,SAN,HNL,2025,12,805,14,9,1.0,frozenset({597}),597,0.6428571428571429,True,2025-12,1,5132,1
OH,ORD,TYS,2025,12,1128,29,18,4.0,"frozenset({5163, 5333})",5163,0.6206896551724138,True,2025-12,1,5133,1
AS,ORD,SAN,2025,12,1259,26,14,2.0,frozenset({1466}),1466,0.5384615384615384,True,2025-12,1,5134,1
OH,RDU,PHL,2025,12,1135,15,9,1.0,frozenset({5015}),5015,0.6,True,2025-12,1,5135,1
OH,ORD,TVC,2025,12,915,21,11,1.0,"frozenset({5021, 5167})",5021,0.5238095238095238,True,2025-12,1,5136,1
OH,ORD,ORF,2025,12,1144,29,22,3.0,"frozenset({5295, 5251, 5279})",5279,0.7586206896551724,True,2025-12,1,5137,1
OH,ORD,MSN,2025,12,902,17,12,2.0,frozenset({5651}),5651,0.7058823529411765,True,2025-12,1,5138,1
AA,DFW,CVG,2025,12,1191,17,9,0.0,frozenset({2109}),2109,0.5294117647058824,True,2025-12,1,5139,1
AS,LIH,SJC,2025,12,1011,17,9,0.0,frozenset({230}),230,0.5294117647058824,True,2025-12,1,5140,1
OH,ORD,DAY,2025,12,1175,28,15,3.0,"frozenset({5209, 5145, 5143})",5145,0.5357142857142857,True,2025-12,1,5141,1
AA,DFW,DSM,2025,12,784,17,9,0.0,frozenset({1680}),1680,0.5294117647058824,True,2025-12,1,5142,1
OH,ORD,CAK,2025,12,1224,17,14,2.0,frozenset({5277}),5277,0.8235294117647058,True,2025-12,1,5143,1
OH,PWM,PHL,2025,12,345,12,7,3.0,frozenset({5242}),5242,0.5833333333333334,True,2025-12,1,5144,1
B6,BOS,SJU,2025,12,861,13,7,0.0,frozenset({161}),161,0.5384615384615384,True,2025-12,1,5145,1
WN,MDW,ALB,2025,12,1185,13,9,0.0,"frozenset({2765, 2535})",2765,0.6923076923076923,True,2025-12,1,5146,1
WN,MDW,AUS,2025,12,1055,13,7,0.0,"frozenset({2465, 3675})",2465,0.5384615384615384,True,2025-12,1,5147,1
WN,LAS,SFO,2025,12,1105,13,8,0.0,"frozenset({4205, 966})",4205,0.6153846153846154,True,2025-12,1,5148,1
WN,MDW,DEN,2025,12,1160,11,6,0.0,frozenset({4413}),4413,0.5454545454545454,True,2025-12,1,5149,1
AA,DFW,FLL,2025,12,600,11,6,0.0,"frozenset({794, 882})",882,0.5454545454545454,True,2025-12,1,5150,1
OO,ASE,DFW,2025,12,887,11,6,0.0,frozenset({4934}),4934,0.5454545454545454,True,2025-12,1,5151,1
AA,DFW,BNA,2025,12,1070,17,9,0.0,"frozenset({1044, 2238})",1044,0.5294117647058824,True,2025-12,1,5152,1
WN,MDW,LGA,2025,12,1225,15,11,1.0,"frozenset({2280, 4431})",4431,0.7333333333333333,True,2025-12,1,5153,1
B6,DCA,MCO,2025,12,1095,21,14,0.0,frozenset({2523}),2523,0.6666666666666666,True,2025-12,1,5154,1
OH,DFW,MAF,2025,12,1360,11,6,2.0,frozenset({5264}),5264,0.5454545454545454,True,2025-12,1,5155,1
AA,DFW,FSD,2025,12,1137,29,17,0.0,frozenset({1991}),1991,0.5862068965517241,True,2025-12,2,4558,2
WN,LAS,PDX,2025,12,1360,11,6,0.0,"frozenset({4017, 2266})",2266,0.5454545454545454,True,2025-12,1,5156,1
WN,MDW,MIA,2025,12,490,10,6,0.0,"frozenset({3736, 4843})",3736,0.6,True,2025-12,1,5157,1
OO,ASE,DFW,2025,12,679,14,8,0.0,frozenset({6341}),6341,0.5714285714285714,True,2025-12,1,5158,1
B6,EWR,FLL,2025,12,620,15,8,0.0,"frozenset({305, 905})",305,0.5333333333333333,True,2025-12,1,5159,1
B6,FLL,ALB,2025,12,1300,12,10,0.0,frozenset({1088}),1088,0.8333333333333334,True,2025-12,1,5160,1
B6,FLL,ATL,2025,12,1220,14,9,0.0,frozenset({1798}),1798,0.6428571428571429,True,2025-12,1,5161,1
B6,FLL,AUS,2025,12,737,21,14,0.0,frozenset({1971}),1971,0.6666666666666666,True,2025-12,1,5162,1
B6,FLL,AUS,2025,12,1240,14,9,0.0,frozenset({2271}),2271,0.6428571428571429,True,2025-12,1,5163,1
OO,ASE,ORD,2025,12,760,28,15,0.0,"frozenset({5956, 6213})",5956,0.5357142857142857,True,2025-12,1,5164,1
WN,MDW,PHL,2025,12,1300,11,6,0.0,frozenset({3064}),3064,0.5454545454545454,True,2025-12,1,5165,1
WN,MDW,PHX,2025,12,1145,11,6,0.0,"frozenset({1331, 910})",910,0.5454545454545454,True,2025-12,1,5166,1
WN,MDW,PHX,2025,12,1290,13,7,0.0,"frozenset({1672, 1714})",1672,0.5384615384615384,True,2025-12,1,5167,1
B6,FLL,BOS,2025,12,1060,10,6,0.0,frozenset({2270}),2270,0.6,True,2025-12,1,5168,1
B6,FLL,BOS,2025,12,1122,15,10,0.0,"frozenset({470, 1470})",1470,0.6666666666666666,True,2025-12,1,5169,1
WN,MDW,RSW,2025,12,1190,13,7,0.0,"frozenset({2128, 3350})",2128,0.5384615384615384,True,2025-12,1,5170,1
OO,ASE,LAX,2025,12,795,21,12,0.0,"frozenset({5712, 6442, 5605})",5712,0.5714285714285714,True,2025-12,1,5171,1
OO,CVG,ORD,2025,12,922,17,12,1.0,frozenset({6244}),6244,0.7058823529411765,True,2025-12,1,5172,1
OH,DTW,DCA,2025,12,850,17,9,1.0,frozenset({5056}),5056,0.5294117647058824,True,2025-12,1,5173,1
AA,TPA,ORD,2025,12,1062,12,7,2.0,frozenset({1101}),1101,0.5833333333333334,True,2025-12,1,5174,1
B6,BOS,SRQ,2025,12,510,15,10,0.0,"frozenset({441, 1941})",1941,0.6666666666666666,True,2025-12,1,5175,1
OH,HPN,DCA,2025,12,900,29,21,1.0,frozenset({5254}),5254,0.7241379310344828,True,2025-12,2,4409,2
OH,TVC,ORD,2025,12,821,13,8,1.0,frozenset({5044}),5044,0.6153846153846154,True,2025-12,1,5176,1
AS,CLE,SEA,2025,12,1203,29,17,0.0,frozenset({216}),216,0.5862068965517241,True,2025-12,1,5177,1
OH,TYS,DCA,2025,12,681,17,9,0.0,frozenset({5207}),5207,0.5294117647058824,True,2025-12,1,5178,1
WN,LGA,DEN,2025,12,1055,13,7,2.0,frozenset({443}),443,0.5384615384615384,True,2025-12,1,5179,1
OH,GSP,DCA,2025,12,1179,15,9,1.0,"frozenset({5083, 5063})",5063,0.6,True,2025-12,1,5180,1
WN,LGA,DEN,2025,12,595,13,7,0.0,"frozenset({3433, 2619})",2619,0.5384615384615384,True,2025-12,1,5181,1
AS,BWI,SEA,2025,12,420,31,16,0.0,frozenset({349}),349,0.5161290322580645,True,2025-12,1,5182,1
OH,TYS,ORD,2025,12,794,17,9,3.0,frozenset({5185}),5185,0.5294117647058824,True,2025-12,1,5183,1
OH,TYS,ORD,2025,12,1028,12,10,0.0,frozenset({5344}),5344,0.8333333333333334,True,2025-12,1,5184,1
OH,DTW,DCA,2025,12,1186,15,8,0.0,frozenset({5075}),5075,0.5333333333333333,True,2025-12,2,4440,2
OH,TYS,ORD,2025,12,1109,13,8,0.0,frozenset({5181}),5181,0.6153846153846154,True,2025-12,1,5185,1
AS,BOS,SFO,2025,12,1163,15,10,0.0,"frozenset({362, 357})",357,0.6666666666666666,True,2025-12,1,5186,1
AA,DFW,BUF,2025,12,1116,29,16,0.0,"frozenset({2401, 644})",644,0.5517241379310345,True,2025-12,1,5187,1
WN,LGA,BNA,2025,12,1290,29,17,2.0,"frozenset({3427, 3428, 1382})",3427,0.5862068965517241,True,2025-12,1,5188,1
AS,BOS,SEA,2025,12,1086,15,8,0.0,"frozenset({306, 307})",307,0.5333333333333333,True,2025-12,1,5189,1
AS,BNA,SEA,2025,12,1147,14,9,0.0,"frozenset({545, 554, 522})",522,0.6428571428571429,True,2025-12,1,5190,1
OO,ACV,SFO,2025,12,495,15,8,0.0,frozenset({5313}),5313,0.5333333333333333,True,2025-12,1,5191,1
WN,LAX,RNO,2025,12,1020,14,8,0.0,frozenset({2426}),2426,0.5714285714285714,True,2025-12,1,5192,1
WN,LAX,PHX,2025,12,1130,11,6,0.0,frozenset({3519}),3519,0.5454545454545454,True,2025-12,1,5193,1
AA,TPA,PHL,2025,12,1174,11,6,0.0,frozenset({3309}),3309,0.5454545454545454,True,2025-12,1,5194,1
AA,TPA,PHL,2025,12,1005,11,6,0.0,frozenset({562}),562,0.5454545454545454,True,2025-12,1,5195,1
OH,GRR,DCA,2025,12,867,25,17,1.0,"frozenset({5285, 5029, 5039})",5039,0.68,True,2025-12,1,5196,1
B6,CHS,JFK,2025,12,1218,13,9,1.0,frozenset({1274}),1274,0.6923076923076923,True,2025-12,1,5197,1
NK,FLL,BNA,2025,12,530,14,9,1.0,frozenset({1998}),1998,0.6428571428571429,True,2025-12,1,5198,1
B6,LGA,MCO,2025,12,1290,23,13,1.0,frozenset({1199}),1199,0.5652173913043478,True,2025-12,1,5199,1
OH,DCA,BGR,2025,12,1321,26,14,4.0,frozenset({5669}),5669,0.5384615384615384,True,2025-12,1,5200,1
WN,SLC,LGB,2025,12,655,11,6,0.0,frozenset({1016}),1016,0.5454545454545454,True,2025-12,1,5201,1
OO,MSN,MSP,2025,12,1052,17,9,0.0,frozenset({3558}),3558,0.5294117647058824,True,2025-12,1,5202,1
OO,MSN,ORD,2025,12,820,17,9,2.0,"frozenset({6217, 6317})",6317,0.5294117647058824,True,2025-12,1,5203,1
OO,MSN,ORD,2025,12,1210,21,14,3.0,"frozenset({4898, 4955, 6356})",4955,0.6666666666666666,True,2025-12,1,5204,1
DL,ANC,ATL,2025,12,1215,10,7,1.0,frozenset({416}),416,0.7,True,2025-12,1,5205,1
OH,BDL,DCA,2025,12,1182,24,15,3.0,frozenset({5493}),5493,0.625,True,2025-12,2,4529,2
OO,MSP,ATW,2025,12,860,19,12,0.0,frozenset({3528}),3528,0.631578947368421,True,2025-12,1,5206,1
WN,SMF,LAS,2025,12,1180,11,7,0.0,"frozenset({3157, 2279})",2279,0.6363636363636364,True,2025-12,1,5207,1
OO,MSP,BIS,2025,12,665,10,6,2.0,frozenset({3942}),3942,0.6,True,2025-12,1,5208,1
DL,ATL,ANC,2025,12,915,10,7,1.0,frozenset({416}),416,0.7,True,2025-12,1,5209,1
OO,MSP,FSD,2025,12,869,17,10,1.0,frozenset({4070}),4070,0.5882352941176471,True,2025-12,1,5210,1
OO,MSP,MOT,2025,12,1295,27,14,3.0,"frozenset({3825, 4154})",3825,0.5185185185185185,True,2025-12,1,5211,1
OO,MSP,MSN,2025,12,930,17,10,0.0,frozenset({3558}),3558,0.5882352941176471,True,2025-12,1,5212,1
WN,SMF,SAN,2025,12,1265,15,8,1.0,"frozenset({768, 3230, 1407})",1407,0.5333333333333333,True,2025-12,1,5213,1
OH,ATL,DCA,2025,12,1173,11,7,0.0,"frozenset({5041, 5055})",5055,0.6363636363636364,True,2025-12,1,5214,1
OO,MSP,OMA,2025,12,1185,19,10,0.0,"frozenset({3507, 3508})",3508,0.5263157894736842,True,2025-12,1,5215,1
NK,RIC,MCO,2025,12,1225,14,8,0.0,frozenset({910}),910,0.5714285714285714,True,2025-12,1,5216,1
NK,RDU,EWR,2025,12,1160,22,12,6.0,frozenset({124}),124,0.5454545454545454,True,2025-12,1,5217,1
OO,MSP,ORD,2025,12,814,20,13,1.0,"frozenset({3643, 3733, 6238})",3643,0.65,True,2025-12,1,5218,1
WN,SNA,DEN,2025,12,1195,11,7,0.0,frozenset({1036}),1036,0.6363636363636364,True,2025-12,1,5219,1
NK,ORF,FLL,2025,12,901,12,7,2.0,frozenset({569}),569,0.5833333333333334,True,2025-12,1,5220,1
NK,ORD,MIA,2025,12,1085,14,9,2.0,frozenset({757}),757,0.6428571428571429,True,2025-12,1,5221,1
NK,ORD,MCO,2025,12,440,21,12,1.0,frozenset({300}),300,0.5714285714285714,True,2025-12,1,5222,1
OO,MLI,ORD,2025,12,1060,15,8,2.0,frozenset({5957}),5957,0.5333333333333333,True,2025-12,1,5223,1
WN,SLC,DEN,2025,12,1075,13,7,0.0,frozenset({4511}),4511,0.5384615384615384,True,2025-12,1,5224,1
OO,MLI,ORD,2025,12,600,17,9,2.0,"frozenset({6273, 6218})",6218,0.5294117647058824,True,2025-12,1,5225,1
B6,SJU,BOS,2025,12,1235,13,8,0.0,frozenset({1462}),1462,0.6153846153846154,True,2025-12,2,4461,2
WN,SFO,PHX,2025,12,925,15,9,0.0,"frozenset({1331, 1687})",1331,0.6,True,2025-12,1,5226,1
B6,RIC,FLL,2025,12,1052,14,8,0.0,frozenset({245}),245,0.5714285714285714,True,2025-12,1,5227,1
WN,DEN,PDX,2025,12,1355,15,8,0.0,frozenset({2584}),2584,0.5333333333333333,True,2025-12,1,5228,1
OO,LGA,BNA,2025,12,1169,17,10,1.0,frozenset({3747}),3747,0.5882352941176471,True,2025-12,2,4563,2
OO,LIT,ORD,2025,12,690,17,9,1.0,frozenset({5676}),5676,0.5294117647058824,True,2025-12,1,5229,1
OO,LNK,ORD,2025,12,915,27,16,2.0,frozenset({5297}),5297,0.5925925925925926,True,2025-12,1,5230,1
OO,MBS,DTW,2025,12,699,27,15,0.0,"frozenset({3898, 3751})",3898,0.5555555555555556,True,2025-12,1,5231,1
WN,SFO,SAN,2025,12,630,11,6,0.0,frozenset({2336}),2336,0.5454545454545454,True,2025-12,1,5232,1
WN,SFO,SAN,2025,12,835,11,7,0.0,"frozenset({187, 4310})",187,0.6363636363636364,True,2025-12,1,5233,1
OO,MBS,ORD,2025,12,1000,17,9,1.0,frozenset({5477}),5477,0.5294117647058824,True,2025-12,1,5234,1
WN,DEN,ONT,2025,12,1365,15,8,0.0,frozenset({2578}),2578,0.5333333333333333,True,2025-12,1,5235,1
AA,DFW,MFE,2025,12,1350,11,7,0.0,frozenset({1619}),1619,0.6363636363636364,True,2025-12,1,5236,1
OO,MCI,ORD,2025,12,696,12,9,0.0,frozenset({6250}),6250,0.75,True,2025-12,1,5237,1
B6,RIC,MCO,2025,12,1078,13,9,0.0,frozenset({169}),169,0.6923076923076923,True,2025-12,1,5238,1
OO,MCW,ORD,2025,12,1136,29,15,8.0,"frozenset({5026, 5135})",5135,0.5172413793103449,True,2025-12,1,5239,1
OH,BUF,DCA,2025,12,763,20,13,1.0,"frozenset({5091, 5213})",5213,0.65,True,2025-12,2,4452,2
OO,MDT,DTW,2025,12,1020,17,10,0.0,frozenset({3642}),3642,0.5882352941176471,True,2025-12,1,5240,1
OO,MHK,ORD,2025,12,825,17,9,0.0,"frozenset({6241, 6350})",6350,0.5294117647058824,True,2025-12,1,5241,1
WN,SJC,SNA,2025,12,1105,15,9,0.0,frozenset({2638}),2638,0.6,True,2025-12,1,5242,1
OO,MKE,DTW,2025,12,792,17,10,0.0,frozenset({3762}),3762,0.5882352941176471,True,2025-12,1,5243,1
OO,MKE,ORD,2025,12,948,28,16,1.0,"frozenset({5648, 4923, 4948, 5502})",5502,0.5714285714285714,True,2025-12,1,5244,1
OH,BNA,DCA,2025,12,927,17,10,1.0,frozenset({5259}),5259,0.5882352941176471,True,2025-12,1,5245,1
OO,MKE,ORD,2025,12,1055,28,16,2.0,"frozenset({5648, 5422})",5648,0.5714285714285714,True,2025-12,2,4575,2
B6,SJU,BOS,2025,12,1038,15,8,2.0,"frozenset({908, 862, 262})",262,0.5333333333333333,True,2025-12,1,5246,1
OO,MCI,ORD,2025,12,939,10,6,0.0,frozenset({6232}),6232,0.6,True,2025-12,1,5247,1
OH,CAE,DCA,2025,12,1156,15,10,0.0,"frozenset({5027, 5095})",5095,0.6666666666666666,True,2025-12,1,5248,1
OO,MSP,SFO,2025,12,908,16,9,1.0,"frozenset({4798, 5662})",5662,0.5625,True,2025-12,1,5249,1
OO,OMA,MSP,2025,12,1075,26,14,2.0,"frozenset({4162, 3677})",4162,0.5384615384615384,True,2025-12,1,5250,1
OO,ORD,BTV,2025,12,1070,10,7,0.0,frozenset({5451}),5451,0.7,True,2025-12,1,5251,1
WN,TPA,IND,2025,12,1295,13,7,0.0,"frozenset({1966, 4758})",1966,0.5384615384615384,True,2025-12,1,5252,1
WN,TPA,MDW,2025,12,1290,15,8,0.0,frozenset({685}),685,0.5333333333333333,True,2025-12,1,5253,1
OO,ORD,CAE,2025,12,1265,13,7,0.0,frozenset({5871}),5871,0.5384615384615384,True,2025-12,1,5254,1
NK,LGA,FLL,2025,12,995,24,14,2.0,frozenset({2853}),2853,0.5833333333333334,True,2025-12,1,5255,1
NK,LAX,LAS,2025,12,1280,12,7,0.0,frozenset({1965}),1965,0.5833333333333334,True,2025-12,1,5256,1
NK,IND,EWR,2025,12,1011,14,8,3.0,frozenset({1158}),1158,0.5714285714285714,True,2025-12,1,5257,1
OO,ORD,CAK,2025,12,870,29,15,2.0,frozenset({5358}),5358,0.5172413793103449,True,2025-12,1,5258,1
NK,FLL,SDF,2025,12,1285,12,9,3.0,frozenset({975}),975,0.75,True,2025-12,1,5259,1
OH,PHL,MSP,2025,12,1275,17,10,2.0,frozenset({5511}),5511,0.5882352941176471,True,2025-12,1,5260,1
OO,ORD,CAK,2025,12,1070,30,19,0.0,"frozenset({5352, 5365, 5223})",5223,0.6333333333333333,True,2025-12,1,5261,1
NK,FLL,PIT,2025,12,1200,14,8,1.0,frozenset({1343}),1343,0.5714285714285714,True,2025-12,1,5262,1
NK,FLL,ORD,2025,12,1305,27,14,0.0,frozenset({1986}),1986,0.5185185185185185,True,2025-12,1,5263,1
NK,FLL,ORD,2025,12,980,14,9,1.0,frozenset({352}),352,0.6428571428571429,True,2025-12,1,5264,1
OO,ORD,CAK,2025,12,1179,16,11,1.0,frozenset({5982}),5982,0.6875,True,2025-12,1,5265,1
NK,FLL,LGA,2025,12,1245,31,18,4.0,"frozenset({340, 381})",340,0.5806451612903226,True,2025-12,1,5266,1
NK,FLL,LGA,2025,12,775,24,13,2.0,frozenset({560}),560,0.5416666666666666,True,2025-12,1,5267,1
NK,FLL,EWR,2025,12,1254,28,17,3.0,frozenset({134}),134,0.6071428571428571,True,2025-12,1,5268,1
NK,FLL,EWR,2025,12,940,31,18,2.0,"frozenset({2277, 2447})",2277,0.5806451612903226,True,2025-12,1,5269,1
NK,FLL,CLT,2025,12,1279,13,7,0.0,frozenset({183}),183,0.5384615384615384,True,2025-12,1,5270,1
NK,FLL,CLT,2025,12,1105,12,7,1.0,frozenset({181}),181,0.5833333333333334,True,2025-12,1,5271,1
NK,FLL,BWI,2025,12,1269,28,17,2.0,"frozenset({809, 102})",809,0.6071428571428571,True,2025-12,1,5272,1
NK,FLL,BWI,2025,12,1047,14,8,0.0,frozenset({138}),138,0.5714285714285714,True,2025-12,1,5273,1
AA,ORD,TPA,2025,12,1030,11,8,0.0,frozenset({1237}),1237,0.7272727272727273,True,2025-12,1,5274,1
OO,ORD,BOI,2025,12,1175,43,22,1.0,"frozenset({5001, 5290, 6277})",5290,0.5116279069767442,True,2025-12,1,5275,1
NK,MCO,CMH,2025,12,1302,13,7,0.0,frozenset({165}),165,0.5384615384615384,True,2025-12,1,5276,1
OO,ORD,BNA,2025,12,1230,25,15,1.0,"frozenset({6341, 6309})",6341,0.6,True,2025-12,1,5277,1
NK,ORD,LAX,2025,12,1184,14,10,3.0,frozenset({3353}),3353,0.7142857142857143,True,2025-12,1,5278,1
NK,ORD,FLL,2025,12,926,30,18,1.0,"frozenset({1333, 302})",302,0.6,True,2025-12,1,5279,1
NK,ORD,DFW,2025,12,1197,14,9,2.0,frozenset({898}),898,0.6428571428571429,True,2025-12,1,5280,1
NK,MIA,LGA,2025,12,859,28,16,1.0,frozenset({2852}),2852,0.5714285714285714,True,2025-12,1,5281,1
OO,OMA,ORD,2025,12,681,14,8,1.0,frozenset({5663}),5663,0.5714285714285714,True,2025-12,1,5282,1
OO,ORD,ABE,2025,12,525,15,8,1.0,frozenset({5488}),5488,0.5333333333333333,True,2025-12,1,5283,1
NK,MIA,DTW,2025,12,1286,14,10,3.0,frozenset({904}),904,0.7142857142857143,True,2025-12,1,5284,1
AA,PBI,LGA,2025,12,1167,10,6,0.0,frozenset({3326}),3326,0.6,True,2025-12,1,5285,1
NK,MIA,CLT,2025,12,1074,14,8,1.0,frozenset({1458}),1458,0.5714285714285714,True,2025-12,1,5286,1
OO,ORD,ASE,2025,12,591,13,8,0.0,frozenset({6506}),6506,0.6153846153846154,True,2025-12,1,5287,1
OO,ORD,ASE,2025,12,706,12,8,0.0,frozenset({6292}),6292,0.6666666666666666,True,2025-12,1,5288,1
OO,OKC,ORD,2025,12,798,14,8,0.0,frozenset({6434}),6434,0.5714285714285714,True,2025-12,1,5289,1
NK,MCO,ORD,2025,12,737,21,12,1.0,frozenset({301}),301,0.5714285714285714,True,2025-12,1,5290,1
WN,STL,FLL,2025,12,1240,15,8,0.0,frozenset({3756}),3756,0.5333333333333333,True,2025-12,1,5291,1
OO,ORD,ATW,2025,12,935,27,17,3.0,"frozenset({5594, 5973})",5973,0.6296296296296297,True,2025-12,1,5292,1
OO,ORD,ATW,2025,12,1220,14,8,1.0,"frozenset({5987, 5892})",5987,0.5714285714285714,True,2025-12,1,5293,1
WN,STL,LAS,2025,12,1320,13,8,0.0,frozenset({2804}),2804,0.6153846153846154,True,2025-12,1,5294,1
NK,MCO,IND,2025,12,1210,12,8,2.0,frozenset({888}),888,0.6666666666666666,True,2025-12,1,5295,1
OO,ORD,BNA,2025,12,867,13,8,0.0,"frozenset({4804, 6279})",6279,0.6153846153846154,True,2025-12,1,5296,1
DL,ATL,DEN,2025,12,1149,19,10,0.0,frozenset({746}),746,0.5263157894736842,True,2025-12,1,5297,1
NK,MCO,DTW,2025,12,825,14,9,2.0,frozenset({902}),902,0.6428571428571429,True,2025-12,1,5298,1
WN,STL,MSP,2025,12,1365,13,7,0.0,"frozenset({4224, 4207})",4224,0.5384615384615384,True,2025-12,1,5299,1
WN,STL,PHX,2025,12,1365,11,6,0.0,frozenset({1871}),1871,0.5454545454545454,True,2025-12,1,5300,1
WN,STL,SAN,2025,12,1110,11,6,0.0,"frozenset({4451, 4238})",4238,0.5454545454545454,True,2025-12,1,5301,1
OO,ORD,ASE,2025,12,780,14,10,0.0,frozenset({5320}),5320,0.7142857142857143,True,2025-12,1,5302,1
WN,SFO,LAX,2025,12,1235,12,8,0.0,"frozenset({4307, 1549})",1549,0.6666666666666666,True,2025-12,1,5303,1
OO,LEX,ORD,2025,12,1138,15,10,2.0,"frozenset({6452, 5005})",5005,0.6666666666666666,True,2025-12,1,5304,1
WN,DEN,PHL,2025,12,840,13,7,0.0,"frozenset({2586, 3247})",2586,0.5384615384615384,True,2025-12,1,5305,1
B6,MCO,HPN,2025,12,1220,25,14,1.0,frozenset({1294}),1294,0.56,True,2025-12,1,5306,1
OH,CVG,PHL,2025,12,965,27,14,1.0,frozenset({5024}),5024,0.5185185185185185,True,2025-12,1,5307,1
OH,CVG,DCA,2025,12,1103,15,8,0.0,frozenset({5035}),5035,0.5333333333333333,True,2025-12,1,5308,1
WN,RSW,MDW,2025,12,915,10,8,0.0,"frozenset({1838, 5055})",1838,0.8,True,2025-12,1,5309,1
WN,RSW,PIT,2025,12,1210,13,8,0.0,frozenset({2422}),2422,0.6153846153846154,True,2025-12,1,5310,1
OH,CVG,DCA,2025,12,430,16,9,1.0,frozenset({5445}),5445,0.5625,True,2025-12,1,5311,1
OH,CVG,CLT,2025,12,566,11,7,0.0,frozenset({5375}),5375,0.6363636363636364,True,2025-12,1,5312,1
OO,DTW,ELM,2025,12,950,20,12,0.0,"frozenset({4032, 3784})",4032,0.6,True,2025-12,1,5313,1
OO,DTW,FWA,2025,12,1200,31,19,0.0,frozenset({3917}),3917,0.6129032258064516,True,2025-12,1,5314,1
B6,MCO,JFK,2025,12,1180,31,16,0.0,"frozenset({1384, 884})",884,0.5161290322580645,True,2025-12,1,5315,1
OO,DTW,GRR,2025,12,840,17,9,0.0,frozenset({3865}),3865,0.5294117647058824,True,2025-12,1,5316,1
B6,MCO,PSE,2025,12,1155,15,8,0.0,frozenset({767}),767,0.5333333333333333,True,2025-12,1,5317,1
B6,MCO,PVD,2025,12,1079,13,7,1.0,frozenset({1876}),1876,0.5384615384615384,True,2025-12,1,5318,1
OO,DTW,IAD,2025,12,888,19,11,0.0,"frozenset({3776, 3690})",3690,0.5789473684210527,True,2025-12,1,5319,1
B6,MCO,RIC,2025,12,1095,14,8,0.0,frozenset({270}),270,0.5714285714285714,True,2025-12,1,5320,1
OO,DTW,MDT,2025,12,888,17,10,0.0,frozenset({3642}),3642,0.5882352941176471,True,2025-12,1,5321,1
OO,DTW,MKE,2025,12,735,17,9,0.0,frozenset({3762}),3762,0.5294117647058824,True,2025-12,1,5322,1
OO,DTW,MSN,2025,12,1037,16,9,0.0,frozenset({4025}),4025,0.5625,True,2025-12,1,5323,1
OO,DTW,ORD,2025,12,798,24,13,0.0,"frozenset({3545, 6379})",3545,0.5416666666666666,True,2025-12,1,5324,1
WN,SAN,IND,2025,12,835,11,7,0.0,"frozenset({3075, 651})",651,0.6363636363636364,True,2025-12,1,5325,1
WN,SAN,LAS,2025,12,1270,15,8,2.0,"frozenset({4771, 4583})",4583,0.5333333333333333,True,2025-12,1,5326,1
OO,DTW,ORD,2025,12,1125,17,9,3.0,"frozenset({6230, 6246})",6230,0.5294117647058824,True,2025-12,1,5327,1
OO,DTW,ROC,2025,12,616,17,10,0.0,frozenset({3850}),3850,0.5882352941176471,True,2025-12,1,5328,1
WN,RSW,BNA,2025,12,1250,11,7,1.0,frozenset({2154}),2154,0.6363636363636364,True,2025-12,1,5329,1
OO,DTW,CLE,2025,12,865,17,10,0.0,frozenset({3884}),3884,0.5882352941176471,True,2025-12,1,5330,1
WN,RNO,LAS,2025,12,1295,13,7,1.0,"frozenset({360, 4187})",4187,0.5384615384615384,True,2025-12,1,5331,1
B6,MCO,EWR,2025,12,1265,12,7,1.0,frozenset({828}),828,0.5833333333333334,True,2025-12,1,5332,1
WN,PIT,BWI,2025,12,1095,15,8,1.0,"frozenset({264, 3860})",264,0.5333333333333333,True,2025-12,1,5333,1
WN,DTW,STL,2025,12,1280,15,8,0.0,frozenset({1368}),1368,0.5333333333333333,True,2025-12,1,5334,1
OO,DEN,LAX,2025,12,1211,11,8,1.0,frozenset({4895}),4895,0.7272727272727273,True,2025-12,1,5335,1
OH,DCA,BDL,2025,12,1345,16,9,3.0,"frozenset({5456, 5177, 5255})",5255,0.5625,True,2025-12,1,5336,1
WN,PIT,MCO,2025,12,1035,13,8,1.0,frozenset({675}),675,0.6153846153846154,True,2025-12,1,5337,1
WN,PIT,MDW,2025,12,1255,11,6,0.0,frozenset({2328}),2328,0.5454545454545454,True,2025-12,1,5338,1
WN,PIT,RSW,2025,12,1015,11,6,1.0,frozenset({1505}),1505,0.5454545454545454,True,2025-12,1,5339,1
OO,DFW,ASE,2025,12,663,12,7,0.0,frozenset({6503}),6503,0.5833333333333334,True,2025-12,1,5340,1
OH,DCA,BDL,2025,12,1070,24,13,2.0,frozenset({5493}),5493,0.5416666666666666,True,2025-12,2,4447,2
OO,DFW,ASE,2025,12,755,14,8,0.0,frozenset({6477}),6477,0.5714285714285714,True,2025-12,1,5341,1
B6,MCO,BOS,2025,12,1037,11,6,2.0,frozenset({52}),52,0.5454545454545454,True,2025-12,1,5342,1
OO,EGE,PHX,2025,12,761,14,8,0.0,frozenset({6435}),6435,0.5714285714285714,True,2025-12,1,5343,1
B6,MCO,BOS,2025,12,1125,15,8,0.0,"frozenset({652, 1652, 2052})",1652,0.5333333333333333,True,2025-12,1,5344,1
OO,DLH,ORD,2025,12,897,31,16,2.0,frozenset({4685}),4685,0.5161290322580645,True,2025-12,1,5345,1
OH,DCA,ATL,2025,12,1021,11,6,0.0,"frozenset({5041, 5055})",5055,0.5454545454545454,True,2025-12,1,5346,1
OH,DCA,ALB,2025,12,1335,20,12,3.0,"frozenset({5456, 5065})",5065,0.6,True,2025-12,1,5347,1
OH,DCA,ALB,2025,12,902,30,17,1.0,frozenset({5648}),5648,0.5666666666666667,True,2025-12,1,5348,1
OH,DCA,AGS,2025,12,1280,13,7,0.0,frozenset({5455}),5455,0.5384615384615384,True,2025-12,1,5349,1
AA,PHX,AUS,2025,12,1245,11,6,0.0,frozenset({1805}),1805,0.5454545454545454,True,2025-12,1,5350,1
AA,PHL,TPA,2025,12,679,11,7,0.0,frozenset({562}),562,0.6363636363636364,True,2025-12,1,5351,1
WN,RIC,BWI,2025,12,1105,15,8,0.0,frozenset({1081}),1081,0.5333333333333333,True,2025-12,1,5352,1
OH,DAY,DCA,2025,12,1159,15,12,1.0,frozenset({5284}),5284,0.8,True,2025-12,1,5353,1
OO,DSM,ORD,2025,12,1108,23,13,2.0,"frozenset({6225, 6292})",6292,0.5652173913043478,True,2025-12,1,5354,1
OO,DTW,ALB,2025,12,620,29,15,1.0,"frozenset({3922, 3747})",3922,0.5172413793103449,True,2025-12,1,5355,1
B6,MCO,BOS,2025,12,1231,12,9,0.0,"frozenset({1152, 2952})",1152,0.75,True,2025-12,1,5356,1
WN,SAN,OAK,2025,12,1285,11,6,1.0,"frozenset({4322, 2695})",2695,0.5454545454545454,True,2025-12,1,5357,1
WN,SAN,PHX,2025,12,1270,10,7,1.0,frozenset({1410}),1410,0.7,True,2025-12,1,5358,1
OO,EUG,SFO,2025,12,1117,10,6,1.0,frozenset({5838}),5838,0.6,True,2025-12,1,5359,1
OO,GRB,ORD,2025,12,942,12,7,0.0,frozenset({5660}),5660,0.5833333333333334,True,2025-12,1,5360,1
OO,GRB,ORD,2025,12,1042,21,11,0.0,"frozenset({5365, 5269})",5269,0.5238095238095238,True,2025-12,1,5361,1
WN,SFO,AUS,2025,12,750,14,8,0.0,frozenset({833}),833,0.5714285714285714,True,2025-12,1,5362,1
OO,GRR,DTW,2025,12,1090,28,15,0.0,"frozenset({3981, 3974})",3981,0.5357142857142857,True,2025-12,1,5363,1
OO,GRR,ORD,2025,12,926,11,7,1.0,"frozenset({6233, 5417})",6233,0.6363636363636364,True,2025-12,1,5364,1
OO,HSV,ORD,2025,12,742,15,9,1.0,"frozenset({6248, 6396})",6396,0.6,True,2025-12,1,5365,1
WN,SFO,BNA,2025,12,605,13,7,0.0,frozenset({1172}),1172,0.5384615384615384,True,2025-12,2,4491,2
OO,IAD,DTW,2025,12,1023,19,12,0.0,"frozenset({3776, 3690})",3690,0.631578947368421,True,2025-12,1,5366,1
OH,CLE,CLT,2025,12,975,10,6,0.0,"frozenset({5048, 5348})",5348,0.6,True,2025-12,1,5367,1
OH,CHS,DCA,2025,12,1187,27,17,2.0,"frozenset({5114, 5204})",5114,0.6296296296296297,True,2025-12,1,5368,1
OO,ICT,MSP,2025,12,935,17,9,0.0,frozenset({3689}),3689,0.5294117647058824,True,2025-12,1,5369,1
B6,PBI,PVD,2025,12,1195,14,10,1.0,frozenset({1687}),1687,0.7142857142857143,True,2025-12,1,5370,1
B6,RDU,FLL,2025,12,1115,14,9,1.0,frozenset({425}),425,0.6428571428571429,True,2025-12,1,5371,1
AA,DFW,LGA,2025,12,1065,28,15,1.0,"frozenset({2857, 1626, 1751})",1751,0.5357142857142857,True,2025-12,1,5372,1
OO,IMT,MSP,2025,12,682,31,16,3.0,frozenset({4288}),4288,0.5161290322580645,True,2025-12,1,5373,1
WN,SFO,DEN,2025,12,1000,11,6,0.0,frozenset({4251}),4251,0.5454545454545454,True,2025-12,2,4474,2
B6,RDU,JFK,2025,12,1174,14,10,1.0,"frozenset({886, 2486})",2486,0.7142857142857143,True,2025-12,1,5374,1
OO,IND,ORD,2025,12,1003,14,11,2.0,"frozenset({6242, 6262})",6242,0.7857142857142857,True,2025-12,1,5375,1
OO,JST,ORD,2025,12,858,29,16,5.0,frozenset({5029}),5029,0.5517241379310345,True,2025-12,1,5376,1
OH,CAK,ORD,2025,12,1035,29,18,2.0,frozenset({5404}),5404,0.6206896551724138,True,2025-12,1,5377,1
OH,CAK,DCA,2025,12,872,17,11,1.0,"frozenset({5305, 5062})",5305,0.6470588235294118,True,2025-12,1,5378,1
OO,LAN,DTW,2025,12,1100,17,9,0.0,frozenset({3946}),3946,0.5294117647058824,True,2025-12,1,5379,1
B6,RIC,BOS,2025,12,1124,23,12,2.0,"frozenset({1482, 1182})",1482,0.5217391304347826,True,2025-12,1,5380,1
OO,LAX,DEN,2025,12,972,11,6,1.0,frozenset({4895}),4895,0.5454545454545454,True,2025-12,1,5381,1
OO,ICT,ORD,2025,12,786,13,7,1.0,"frozenset({6217, 5003, 6213})",6217,0.5384615384615384,True,2025-12,1,5382,1
B6,LGA,PBI,2025,12,930,29,16,0.0,"frozenset({1761, 761})",761,0.5517241379310345,True,2025-12,1,5383,1
OO,FWA,ORD,2025,12,1133,12,8,0.0,"frozenset({5000, 6268})",6268,0.6666666666666666,True,2025-12,1,5384,1
WN,DEN,SAT,2025,12,1230,13,7,0.0,"frozenset({1666, 2277})",2277,0.5384615384615384,True,2025-12,1,5385,1
OO,FAR,DEN,2025,12,695,31,16,0.0,frozenset({5462}),5462,0.5161290322580645,True,2025-12,1,5386,1
OH,CLT,CVG,2025,12,1217,19,12,0.0,frozenset({5134}),5134,0.631578947368421,True,2025-12,1,5387,1
OO,FAR,ORD,2025,12,625,17,10,2.0,frozenset({5371}),5371,0.5882352941176471,True,2025-12,1,5388,1
OO,FNT,ORD,2025,12,650,29,17,1.0,"frozenset({6360, 6253})",6360,0.5862068965517241,True,2025-12,1,5389,1
OO,FNT,ORD,2025,12,1191,22,13,3.0,"frozenset({4921, 6229, 4913})",4913,0.5909090909090909,True,2025-12,1,5390,1
WN,DEN,SFO,2025,12,660,11,7,0.0,frozenset({1951}),1951,0.6363636363636364,True,2025-12,1,5391,1
OO,FSD,MSP,2025,12,985,17,9,1.0,frozenset({4070}),4070,0.5294117647058824,True,2025-12,1,5392,1
WN,SAN,SFO,2025,12,1305,11,7,1.0,frozenset({4789}),4789,0.6363636363636364,True,2025-12,1,5393,1
WN,SAN,STL,2025,12,1090,11,6,0.0,frozenset({2126}),2126,0.5454545454545454,True,2025-12,1,5394,1
WN,SAN,TUS,2025,12,1165,13,8,0.0,frozenset({4269}),4269,0.6153846153846154,True,2025-12,1,5395,1
OH,CLT,CLE,2025,12,980,11,6,1.0,frozenset({5529}),5529,0.5454545454545454,True,2025-12,1,5396,1
OH,CLE,DCA,2025,12,1176,15,10,3.0,frozenset({5226}),5226,0.6666666666666666,True,2025-12,2,4468,2
OH,CLT,CAK,2025,12,1351,11,6,1.0,frozenset({5352}),5352,0.5454545454545454,True,2025-12,1,5397,1
WN,DEN,SEA,2025,12,1355,15,10,0.0,frozenset({2628}),2628,0.6666666666666666,True,2025-12,1,5398,1
B6,PBI,DCA,2025,12,930,14,10,0.0,frozenset({24}),24,0.7142857142857143,True,2025-12,1,5399,1
B6,PBI,EWR,2025,12,1146,17,10,1.0,frozenset({2144}),2144,0.5882352941176471,True,2025-12,1,5400,1
OH,CLT,AVP,2025,12,1318,11,7,1.0,frozenset({5222}),5222,0.6363636363636364,True,2025-12,1,5401,1
B6,PBI,HPN,2025,12,1182,31,17,2.0,frozenset({1368}),1368,0.5483870967741935,True,2025-12,1,5402,1
OO,FSD,ORD,2025,12,842,12,7,1.0,frozenset({6212}),6212,0.5833333333333334,True,2025-12,1,5403,1
OO,FSD,ORD,2025,12,1088,26,15,1.0,"frozenset({5330, 4804})",5330,0.5769230769230769,True,2025-12,1,5404,1
B6,PBI,JFK,2025,12,1107,22,12,1.0,"frozenset({454, 1030})",1030,0.5454545454545454,True,2025-12,1,5405,1
OH,CLE,PHL,2025,12,974,12,7,2.0,frozenset({5581}),5581,0.5833333333333334,True,2025-12,1,5406,1
OO,FSD,ORD,2025,12,1159,12,10,2.0,frozenset({6256}),6256,0.8333333333333334,True,2025-12,1,5407,1
OO,FWA,ORD,2025,12,724,15,8,0.0,"frozenset({4920, 4940})",4940,0.5333333333333333,True,2025-12,1,5408,1
OO,FSD,ORD,2025,12,643,13,8,0.0,frozenset({6388}),6388,0.6153846153846154,True,2025-12,1,5409,1
B6,BUF,BOS,2025,12,664,14,8,2.0,frozenset({716}),716,0.5714285714285714,True,2025-12,1,5410,1
