Reporting_Airline,O,D,Year,Month,unit,ops,late,canc,fnums,dom,pct_late,chronic,period,streak,chain,run_len
B6,BDL,SJU,2023,1,1396,13,8,0.0,frozenset({1475}),1475,0.6153846153846154,True,2023-01,1,0,1
B6,MCO,SJU,2023,1,1245,14,8,0.0,frozenset({2133}),2133,0.5714285714285714,True,2023-01,1,1,1
UA,DFW,EWR,2023,1,885,20,11,1.0,frozenset({1346}),1346,0.55,True,2023-01,1,2,1
B6,PBI,JFK,2023,1,1139,31,16,1.0,frozenset({1154}),1154,0.5161290322580645,True,2023-01,1,3,3
F9,ATL,TTN,2023,1,968,12,7,0.0,frozenset({806}),806,0.5833333333333334,True,2023-01,1,4,1
G4,PGD,FNT,2023,1,1170,13,7,0.0,"frozenset({1529, 1546, 3170, 3175})",1546,0.5384615384615384,True,2023-01,1,5,1
AA,CLT,LAX,2023,1,1005,10,6,1.0,frozenset({1117}),1117,0.6,True,2023-01,1,6,1
NK,MIA,ATL,2023,1,934,12,7,1.0,frozenset({1826}),1826,0.5833333333333334,True,2023-01,1,7,1
F9,ATL,SJU,2023,1,1140,10,7,0.0,frozenset({126}),126,0.7,True,2023-01,1,8,1
B6,MCO,LGA,2023,1,1130,31,17,1.0,frozenset({798}),798,0.5483870967741935,True,2023-01,1,9,1
F9,SWF,FLL,2023,1,1267,12,7,3.0,frozenset({2635}),2635,0.5833333333333334,True,2023-01,1,10,1
F9,DEN,IAH,2023,1,1112,26,18,0.0,"frozenset({760, 758})",760,0.6923076923076923,True,2023-01,1,11,1
F9,SMF,LAS,2023,1,830,12,7,0.0,frozenset({2092}),2092,0.5833333333333334,True,2023-01,1,12,1
B6,SAN,BOS,2023,1,764,29,17,2.0,frozenset({620}),620,0.5862068965517241,True,2023-01,1,13,1
F9,SLC,DEN,2023,1,1038,31,19,0.0,"frozenset({570, 574})",570,0.6129032258064516,True,2023-01,1,14,1
DL,HNL,DTW,2023,1,960,23,15,0.0,frozenset({969}),969,0.6521739130434783,True,2023-01,1,15,1
F9,ATL,PHX,2023,1,1237,31,18,1.0,frozenset({1563}),1563,0.5806451612903226,True,2023-01,1,16,4
F9,SJU,BDL,2023,1,995,31,19,0.0,frozenset({114}),114,0.6129032258064516,True,2023-01,1,17,1
UA,JAC,DEN,2023,1,866,30,16,0.0,frozenset({1385}),1385,0.5333333333333333,True,2023-01,1,18,1
F9,DEN,MIA,2023,1,1413,19,10,1.0,frozenset({614}),614,0.5263157894736842,True,2023-01,1,19,1
F9,DEN,PHL,2023,1,1439,11,9,0.0,frozenset({518}),518,0.8181818181818182,True,2023-01,1,20,1
UA,JAC,EWR,2023,1,826,31,16,0.0,"frozenset({1552, 1225})",1552,0.5161290322580645,True,2023-01,1,21,1
F9,ATL,PHL,2023,1,1244,31,17,1.0,frozenset({2382}),2382,0.5483870967741935,True,2023-01,1,22,1
WN,HOU,LAX,2023,1,1305,23,12,1.0,"frozenset({2225, 1791, 246, 655})",2225,0.5217391304347826,True,2023-01,1,23,1
DL,DEN,JFK,2023,1,770,30,19,0.0,"frozenset({936, 2895})",936,0.6333333333333333,True,2023-01,1,24,2
NK,MCO,DTW,2023,1,1244,22,12,2.0,"frozenset({336, 1222})",1222,0.5454545454545454,True,2023-01,1,25,1
F9,DEN,BNA,2023,1,1200,14,8,2.0,frozenset({994}),994,0.5714285714285714,True,2023-01,1,26,1
B6,JFK,RDU,2023,1,1299,29,15,0.0,frozenset({1385}),1385,0.5172413793103449,True,2023-01,1,27,2
MQ,ORD,CVG,2023,1,1153,11,7,0.0,frozenset({3426}),3426,0.6363636363636364,True,2023-01,1,28,1
OO,ASE,DEN,2023,1,887,31,19,10.0,frozenset({4633}),4633,0.6129032258064516,True,2023-01,1,29,1
OO,IAH,ASE,2023,1,731,31,17,5.0,frozenset({5680}),5680,0.5483870967741935,True,2023-01,1,30,1
OO,DEN,VEL,2023,1,465,20,11,7.0,frozenset({5058}),5058,0.55,True,2023-01,1,31,1
OO,JFK,BOS,2023,1,960,23,12,1.0,frozenset({3995}),3995,0.5217391304347826,True,2023-01,1,32,1
F9,CLE,MCO,2023,1,944,31,17,2.0,frozenset({1043}),1043,0.5483870967741935,True,2023-01,1,33,1
OO,LAX,ASE,2023,1,762,31,16,4.0,"frozenset({4770, 5634})",4770,0.5161290322580645,True,2023-01,1,34,1
DL,JFK,LAX,2023,1,1289,13,8,0.0,"frozenset({515, 535})",515,0.6153846153846154,True,2023-01,1,35,1
OO,LAX,SFO,2023,1,1040,13,9,2.0,"frozenset({4002, 3459})",3459,0.6923076923076923,True,2023-01,1,36,1
OO,DEN,ASE,2023,1,1133,31,16,5.0,frozenset({5597}),5597,0.5161290322580645,True,2023-01,1,37,1
OO,DEN,ASE,2023,1,1051,31,18,7.0,frozenset({5729}),5729,0.5806451612903226,True,2023-01,1,38,1
OO,DEN,ASE,2023,1,838,31,19,9.0,frozenset({5766}),5766,0.6129032258064516,True,2023-01,1,39,1
OO,ORD,LGA,2023,1,907,17,9,1.0,frozenset({5399}),5399,0.5294117647058824,True,2023-01,1,40,1
OO,DEN,ASE,2023,1,700,31,21,5.0,frozenset({5477}),5477,0.6774193548387096,True,2023-01,1,41,3
OO,PHX,ASE,2023,1,597,21,11,1.0,frozenset({4993}),4993,0.5238095238095238,True,2023-01,1,42,1
OO,BOS,JFK,2023,1,1095,23,12,2.0,frozenset({3993}),3993,0.5217391304347826,True,2023-01,1,43,1
OO,PSP,SFO,2023,1,825,12,9,0.0,"frozenset({3402, 3410, 5445, 3407})",3410,0.75,True,2023-01,1,44,1
OO,RDM,DEN,2023,1,779,31,16,1.0,"frozenset({5771, 4781})",4781,0.5161290322580645,True,2023-01,1,45,1
OO,BFL,SFO,2023,1,509,31,17,3.0,frozenset({4671}),4671,0.5483870967741935,True,2023-01,1,46,1
OO,ASE,SFO,2023,1,966,28,17,7.0,frozenset({5489}),5489,0.6071428571428571,True,2023-01,1,47,1
F9,DEN,ATL,2023,1,1132,25,15,1.0,"frozenset({456, 452, 420})",452,0.6,True,2023-01,1,48,1
B6,FLL,DCA,2023,1,1233,31,19,0.0,frozenset({2080}),2080,0.6129032258064516,True,2023-01,1,49,2
OO,SBP,SFO,2023,1,509,31,16,3.0,"frozenset({4754, 5631})",4754,0.5161290322580645,True,2023-01,1,50,1
OO,ASE,IAH,2023,1,810,31,19,6.0,"frozenset({4649, 4732})",4732,0.6129032258064516,True,2023-01,1,51,1
OO,SFO,SAN,2023,1,640,19,10,1.0,"frozenset({3424, 3380})",3424,0.5263157894736842,True,2023-01,1,52,1
MQ,ORD,LIT,2023,1,1176,16,11,0.0,frozenset({3561}),3561,0.6875,True,2023-01,1,53,1
OO,ASE,DEN,2023,1,1007,31,16,8.0,frozenset({5497}),5497,0.5161290322580645,True,2023-01,1,54,1
OO,ASE,DEN,2023,1,704,31,17,5.0,"frozenset({5336, 4644})",5336,0.5483870967741935,True,2023-01,1,55,1
F9,SEA,LAS,2023,1,1334,12,9,0.0,frozenset({2168}),2168,0.75,True,2023-01,1,56,1
NK,ATL,BWI,2023,1,960,19,10,0.0,frozenset({1435}),1435,0.5263157894736842,True,2023-01,1,57,1
F9,DFW,ATL,2023,1,1003,31,16,2.0,frozenset({1550}),1550,0.5161290322580645,True,2023-01,1,58,1
WN,SLC,LAS,2023,1,1225,22,15,1.0,"frozenset({2816, 457, 346})",346,0.6818181818181818,True,2023-01,1,59,1
F9,IAH,ATL,2023,1,1291,25,18,2.0,"frozenset({1578, 1580})",1578,0.72,True,2023-01,1,60,1
F9,MCO,IAH,2023,1,1146,17,15,2.0,"frozenset({1043, 1251})",1043,0.8823529411764706,True,2023-01,1,61,2
F9,FLL,PVD,2023,1,656,10,6,0.0,frozenset({2646}),2646,0.6,True,2023-01,1,62,1
AA,SJU,ORD,2023,1,928,11,6,0.0,"frozenset({1929, 395, 1644})",1644,0.5454545454545454,True,2023-01,1,63,1
F9,MCO,PHX,2023,1,1273,28,17,0.0,frozenset({1287}),1287,0.6071428571428571,True,2023-01,1,64,1
F9,ATL,LAS,2023,1,1136,31,16,0.0,"frozenset({2001, 2005})",2001,0.5161290322580645,True,2023-01,1,65,1
9E,JFK,ROC,2023,1,1305,23,13,1.0,frozenset({5095}),5095,0.5652173913043478,True,2023-01,1,66,1
F9,FLL,PHL,2023,1,1159,24,13,2.0,"frozenset({2296, 2294})",2294,0.5416666666666666,True,2023-01,1,67,1
F9,PHX,ATL,2023,1,14,17,9,1.0,"frozenset({1562, 1564})",1562,0.5294117647058824,True,2023-01,1,68,1
AA,EWR,CLT,2023,1,1041,11,7,0.0,frozenset({1216}),1216,0.6363636363636364,True,2023-01,1,69,1
F9,PDX,LAS,2023,1,1345,17,9,0.0,frozenset({2172}),2172,0.5294117647058824,True,2023-01,1,70,1
F9,MCO,SJU,2023,1,1390,27,14,2.0,frozenset({104}),104,0.5185185185185185,True,2023-01,1,71,1
F9,PBI,TTN,2023,1,1123,17,9,3.0,frozenset({818}),818,0.5294117647058824,True,2023-01,1,72,1
AA,ORD,IND,2023,1,1155,12,7,0.0,frozenset({2670}),2670,0.5833333333333334,True,2023-01,1,73,1
AA,ORD,LGA,2023,1,630,27,16,4.0,"frozenset({714, 527})",714,0.5925925925925926,True,2023-01,1,74,1
WN,DEN,SLC,2023,1,1085,21,11,0.0,"frozenset({346, 276})",346,0.5238095238095238,True,2023-01,1,75,1
AS,SFO,SEA,2023,1,645,13,8,1.0,"frozenset({1113, 483})",1113,0.6153846153846154,True,2023-01,1,76,1
AA,ORD,PIT,2023,1,1010,30,17,0.0,"frozenset({477, 1173})",1173,0.5666666666666667,True,2023-01,1,77,1
F9,MIA,LAS,2023,1,1290,29,15,0.0,"frozenset({2161, 2159})",2159,0.5172413793103449,True,2023-01,1,78,1
F9,FLL,CLE,2023,1,1050,16,9,2.0,frozenset({2442}),2442,0.5625,True,2023-01,1,79,1
F9,PHX,ATL,2023,1,1437,12,7,0.0,frozenset({1564}),1564,0.5833333333333334,True,2023-01,1,80,1
WN,BWI,TPA,2023,1,1110,10,6,1.0,"frozenset({1994, 3094})",3094,0.6,True,2023-01,1,81,1
F9,ATL,DEN,2023,1,976,25,14,0.0,"frozenset({453, 457, 421})",453,0.56,True,2023-01,1,82,1
F9,IAH,LAS,2023,1,1379,11,6,0.0,frozenset({2139}),2139,0.5454545454545454,True,2023-01,1,83,1
AS,SFO,PDX,2023,1,1310,10,6,1.0,"frozenset({1464, 388})",388,0.6,True,2023-01,1,84,1
AA,EYW,DFW,2023,1,540,10,6,1.0,"frozenset({1658, 1742})",1658,0.6,True,2023-01,1,85,1
F9,ATL,MIA,2023,1,1112,28,16,1.0,frozenset({1514}),1514,0.5714285714285714,True,2023-01,1,86,1
AS,OGG,SEA,2023,1,850,21,12,0.0,frozenset({860}),860,0.5714285714285714,True,2023-01,1,87,2
F9,IAH,DEN,2023,1,1314,12,7,0.0,"frozenset({761, 759})",759,0.5833333333333334,True,2023-01,1,88,1
F9,LAS,PHX,2023,1,1294,31,20,0.0,"frozenset({2152, 2001, 2154, 2005})",2005,0.6451612903225806,True,2023-01,1,89,1
NK,FLL,EWR,2023,1,917,31,17,1.0,frozenset({1520}),1520,0.5483870967741935,True,2023-01,1,90,1
AS,HNL,SEA,2023,1,825,23,12,0.0,frozenset({896}),896,0.5217391304347826,True,2023-01,1,91,1
F9,MCO,CLT,2023,1,1144,15,8,1.0,"frozenset({1050, 1058, 1052})",1058,0.5333333333333333,True,2023-01,1,92,1
F9,SEA,DEN,2023,1,1116,11,8,1.0,frozenset({422}),422,0.7272727272727273,True,2023-01,1,93,1
NK,FLL,MCO,2023,1,1315,27,14,1.0,frozenset({676}),676,0.5185185185185185,True,2023-01,1,94,1
DL,ATL,HNL,2023,1,580,31,18,0.0,frozenset({837}),837,0.5806451612903226,True,2023-01,1,95,1
F9,PVD,FLL,2023,1,881,10,7,0.0,frozenset({2647}),2647,0.7,True,2023-01,1,96,1
AS,SFO,EWR,2023,1,630,23,15,0.0,"frozenset({316, 294})",294,0.6521739130434783,True,2023-01,1,97,1
WN,DEN,DAL,2023,2,1050,24,15,2.0,"frozenset({1155, 1620})",1155,0.625,True,2023-02,1,98,1
B6,EWR,PBI,2023,2,1020,13,7,0.0,frozenset({543}),543,0.5384615384615384,True,2023-02,1,99,1
B6,FLL,ATL,2023,2,1259,13,7,0.0,frozenset({568}),568,0.5384615384615384,True,2023-02,1,100,1
F9,MDW,DFW,2023,2,858,13,10,0.0,"frozenset({1369, 1371})",1371,0.7692307692307693,True,2023-02,1,101,1
OO,LAX,JAC,2023,2,637,19,11,1.0,frozenset({5799}),5799,0.5789473684210527,True,2023-02,1,102,1
F9,LAS,SFO,2023,2,1264,13,8,0.0,frozenset({2081}),2081,0.6153846153846154,True,2023-02,1,103,1
OO,LAX,ASE,2023,2,893,19,11,2.0,frozenset({4649}),4649,0.5789473684210527,True,2023-02,1,104,1
F9,MCO,IAH,2023,2,1146,16,12,0.0,"frozenset({1043, 1251})",1043,0.75,True,2023-02,2,61,2
B6,FLL,DCA,2023,2,1200,13,7,0.0,frozenset({2080}),2080,0.5384615384615384,True,2023-02,2,49,2
F9,MCO,CLT,2023,2,1171,19,13,0.0,"frozenset({1058, 1050, 1052})",1050,0.6842105263157895,True,2023-02,1,105,1
F9,LAS,PHX,2023,2,1358,12,7,0.0,frozenset({2001}),2001,0.5833333333333334,True,2023-02,1,106,2
B6,PBI,BOS,2023,2,1210,11,6,0.0,frozenset({122}),122,0.5454545454545454,True,2023-02,1,107,1
B6,BUF,JFK,2023,2,950,13,7,1.0,frozenset({2601}),2601,0.5384615384615384,True,2023-02,1,108,1
F9,OAK,LAS,2023,2,1379,14,8,0.0,frozenset({2196}),2196,0.5714285714285714,True,2023-02,1,109,1
B6,SAN,JFK,2023,2,1294,13,8,1.0,frozenset({1190}),1190,0.6153846153846154,True,2023-02,1,110,1
AS,EWR,SAN,2023,2,1105,13,7,1.0,"frozenset({297, 315})",297,0.5384615384615384,True,2023-02,1,111,1
B6,SAV,JFK,2023,2,1194,13,7,1.0,frozenset({342}),342,0.5384615384615384,True,2023-02,1,112,1
B6,BOS,ATL,2023,2,1245,11,6,0.0,frozenset({966}),966,0.5454545454545454,True,2023-02,1,113,1
B6,BOS,ATL,2023,2,995,11,6,0.0,frozenset({697}),697,0.5454545454545454,True,2023-02,1,114,1
B6,BNA,LGA,2023,2,1107,11,9,0.0,frozenset({2188}),2188,0.8181818181818182,True,2023-02,1,115,1
AS,OGG,PDX,2023,2,999,28,16,2.0,frozenset({898}),898,0.5714285714285714,True,2023-02,1,116,1
UA,IAH,SFO,2023,2,1185,19,11,0.0,frozenset({2621}),2621,0.5789473684210527,True,2023-02,1,117,1
F9,SFO,LAS,2023,2,1000,10,6,1.0,"frozenset({2080, 2082})",2082,0.6,True,2023-02,1,118,2
AS,OGG,SEA,2023,2,850,16,10,2.0,"frozenset({874, 860})",860,0.625,True,2023-02,2,87,2
AS,OGG,SEA,2023,2,905,10,6,0.0,frozenset({860}),860,0.6,True,2023-02,2,87,2
AS,OGG,SFO,2023,2,905,20,11,0.0,"frozenset({864, 878})",878,0.55,True,2023-02,1,119,1
DL,DEN,JFK,2023,2,770,28,15,1.0,frozenset({936}),936,0.5357142857142857,True,2023-02,2,24,2
AS,SAN,OGG,2023,2,600,11,7,0.0,frozenset({829}),829,0.6363636363636364,True,2023-02,1,120,2
F9,SFO,ATL,2023,2,1417,13,7,0.0,frozenset({1522}),1522,0.5384615384615384,True,2023-02,1,121,1
F9,PHL,PHX,2023,2,1231,28,15,0.0,frozenset({2335}),2335,0.5357142857142857,True,2023-02,1,122,3
B6,BOS,IAH,2023,2,390,13,8,0.0,frozenset({2033}),2033,0.6153846153846154,True,2023-02,1,123,1
B6,SLC,BOS,2023,2,1365,27,14,1.0,frozenset({648}),648,0.5185185185185185,True,2023-02,1,124,1
UA,EWR,SLC,2023,2,1139,19,10,1.0,frozenset({507}),507,0.5263157894736842,True,2023-02,1,125,1
B6,PBI,JFK,2023,2,1175,13,9,0.0,frozenset({1154}),1154,0.6923076923076923,True,2023-02,2,3,3
B6,CHS,LAX,2023,2,425,10,7,1.0,frozenset({2217}),2217,0.7,True,2023-02,1,126,1
B6,PHX,BOS,2023,2,1355,13,8,1.0,frozenset({1302}),1302,0.6153846153846154,True,2023-02,1,127,1
B6,BUR,JFK,2023,2,1285,13,8,1.0,frozenset({358}),358,0.6153846153846154,True,2023-02,1,128,1
B6,BOS,SLC,2023,2,1095,27,14,0.0,frozenset({647}),647,0.5185185185185185,True,2023-02,1,129,1
B6,BOS,RSW,2023,2,1220,13,8,0.0,frozenset({265}),265,0.6153846153846154,True,2023-02,1,130,2
B6,BOS,RIC,2023,2,1276,13,7,0.0,frozenset({1281}),1281,0.5384615384615384,True,2023-02,1,131,1
B6,PBI,DCA,2023,2,1095,13,9,0.0,frozenset({2534}),2534,0.6923076923076923,True,2023-02,1,132,2
B6,BOS,RDU,2023,2,1314,11,6,0.0,frozenset({783}),783,0.5454545454545454,True,2023-02,1,133,1
B6,RDU,JFK,2023,2,1214,13,8,0.0,frozenset({386}),386,0.6153846153846154,True,2023-02,1,134,1
B6,RIC,BOS,2023,2,706,13,8,0.0,frozenset({1182}),1182,0.6153846153846154,True,2023-02,1,135,1
B6,RNO,JFK,2023,2,1430,13,8,0.0,frozenset({80}),80,0.6153846153846154,True,2023-02,1,136,2
UA,SLC,EWR,2023,2,1413,19,10,1.0,frozenset({533}),533,0.5263157894736842,True,2023-02,1,137,1
B6,RNO,LAX,2023,2,943,13,8,0.0,frozenset({943}),943,0.6153846153846154,True,2023-02,1,138,2
B6,BOS,LAX,2023,2,1115,11,6,0.0,frozenset({1387}),1387,0.5454545454545454,True,2023-02,1,139,1
B6,SLC,JFK,2023,2,1004,13,9,0.0,frozenset({872}),872,0.6923076923076923,True,2023-02,1,140,1
B6,BOS,PHX,2023,2,1050,13,11,1.0,frozenset({1303}),1303,0.8461538461538461,True,2023-02,1,141,1
UA,IAH,LAS,2023,2,1180,19,10,0.0,frozenset({1168}),1168,0.5263157894736842,True,2023-02,1,142,1
F9,LAS,DEN,2023,2,816,18,10,1.0,"frozenset({776, 772})",776,0.5555555555555556,True,2023-02,1,143,1
F9,CLE,LAS,2023,2,1122,11,7,0.0,"frozenset({2017, 2015})",2015,0.6363636363636364,True,2023-02,1,144,1
B6,JFK,BTV,2023,2,1360,13,9,2.0,frozenset({234}),234,0.6923076923076923,True,2023-02,1,145,1
NK,MSP,LAX,2023,2,840,16,16,1.0,frozenset({1044}),1044,1.0,True,2023-02,1,146,1
B6,JFK,BUF,2023,2,630,13,7,0.0,frozenset({402}),402,0.5384615384615384,True,2023-02,1,147,1
B6,JFK,BUF,2023,2,1079,13,10,2.0,frozenset({2}),2,0.7692307692307693,True,2023-02,1,148,1
B6,JFK,BUR,2023,2,1019,13,8,0.0,frozenset({359}),359,0.6153846153846154,True,2023-02,1,149,2
NK,BOS,MCO,2023,2,1080,15,12,1.0,"frozenset({433, 2086})",2086,0.8,True,2023-02,1,150,1
B6,JFK,DFW,2023,2,1276,13,7,0.0,frozenset({809}),809,0.5384615384615384,True,2023-02,1,151,1
B6,JFK,DTW,2023,2,1025,13,8,2.0,frozenset({1019}),1019,0.6153846153846154,True,2023-02,1,152,1
B6,MCO,LGA,2023,2,1025,13,9,0.0,frozenset({1798}),1798,0.6923076923076923,True,2023-02,1,153,1
B6,JFK,JAX,2023,2,822,13,7,0.0,frozenset({1677}),1677,0.5384615384615384,True,2023-02,1,154,1
B6,JFK,PBI,2023,2,840,13,8,0.0,frozenset({53}),53,0.6153846153846154,True,2023-02,1,155,1
B6,JFK,PBI,2023,2,959,13,7,0.0,frozenset({659}),659,0.5384615384615384,True,2023-02,1,156,1
B6,JFK,PHX,2023,2,1155,11,8,0.0,frozenset({135}),135,0.7272727272727273,True,2023-02,1,157,1
B6,JFK,RDU,2023,2,1070,10,6,0.0,frozenset({1185}),1185,0.6,True,2023-02,1,158,1
B6,JFK,RDU,2023,2,1350,13,9,0.0,frozenset({1385}),1385,0.6923076923076923,True,2023-02,2,27,2
B6,JFK,RNO,2023,2,1186,13,7,0.0,frozenset({2181}),2181,0.5384615384615384,True,2023-02,1,159,2
B6,JFK,ROC,2023,2,1349,18,11,2.0,frozenset({486}),486,0.6111111111111112,True,2023-02,1,160,1
B6,MCO,BDL,2023,2,1245,13,7,0.0,frozenset({238}),238,0.5384615384615384,True,2023-02,1,161,1
B6,LGA,TPA,2023,2,1060,13,8,1.0,frozenset({47}),47,0.6153846153846154,True,2023-02,1,162,1
B6,LGA,PBI,2023,2,925,13,7,0.0,frozenset({761}),761,0.5384615384615384,True,2023-02,1,163,1
B6,LGA,JAX,2023,2,1229,13,7,0.0,frozenset({439}),439,0.5384615384615384,True,2023-02,1,164,1
B6,LGA,BNA,2023,2,959,13,7,0.0,frozenset({2187}),2187,0.5384615384615384,True,2023-02,1,165,1
B6,LAX,RNO,2023,2,809,13,7,0.0,frozenset({942}),942,0.5384615384615384,True,2023-02,1,166,1
B6,JFK,BOS,2023,2,1079,13,9,0.0,frozenset({1918}),1918,0.6923076923076923,True,2023-02,1,167,1
B6,MCO,BUF,2023,2,1264,13,8,1.0,frozenset({1586}),1586,0.6153846153846154,True,2023-02,1,168,2
B6,JFK,SLC,2023,2,749,13,8,0.0,frozenset({871}),871,0.6153846153846154,True,2023-02,1,169,1
NK,MCO,BOS,2023,2,855,15,9,1.0,"frozenset({2085, 103})",2085,0.6,True,2023-02,1,170,1
B6,JFK,SJU,2023,2,1439,13,8,0.0,frozenset({403}),403,0.6153846153846154,True,2023-02,1,171,1
B6,JFK,SFO,2023,2,1120,10,7,1.0,frozenset({815}),815,0.7,True,2023-02,1,172,1
B6,JFK,SAV,2023,2,1000,13,7,0.0,frozenset({341}),341,0.5384615384615384,True,2023-02,1,173,1
B6,JFK,SAN,2023,2,1049,13,9,1.0,frozenset({1189}),1189,0.6923076923076923,True,2023-02,1,174,1
NK,LAX,ORD,2023,2,955,16,11,0.0,frozenset({1023}),1023,0.6875,True,2023-02,1,175,1
F9,BDL,ATL,2023,2,1259,13,8,0.0,frozenset({1559}),1559,0.6153846153846154,True,2023-02,1,176,1
F9,ATL,PHX,2023,2,1254,28,18,0.0,frozenset({1563}),1563,0.6428571428571429,True,2023-02,2,16,4
DL,LGA,BOS,2023,2,1200,13,7,1.0,"frozenset({1408, 2210})",1408,0.5384615384615384,True,2023-02,1,177,1
B6,FLL,SJU,2023,2,1130,22,12,0.0,frozenset({1453}),1453,0.5454545454545454,True,2023-02,1,178,1
OO,ASE,ORD,2023,2,776,28,15,5.0,frozenset({5742}),5742,0.5357142857142857,True,2023-02,1,179,1
OO,ASE,DFW,2023,2,806,28,15,5.0,"frozenset({3234, 4974})",4974,0.5357142857142857,True,2023-02,1,180,1
B6,FLL,RIC,2023,2,1319,13,8,0.0,frozenset({1146}),1146,0.6153846153846154,True,2023-02,1,181,1
DL,JFK,PBI,2023,2,1190,27,14,0.0,frozenset({1514}),1514,0.5185185185185185,True,2023-02,1,182,1
F9,BDL,LAS,2023,2,1335,13,7,0.0,frozenset({2035}),2035,0.5384615384615384,True,2023-02,1,183,1
F9,BNA,LAS,2023,2,1046,26,15,0.0,"frozenset({2021, 2011, 1997})",2011,0.5769230769230769,True,2023-02,1,184,1
OO,DEN,ASE,2023,2,1237,19,12,4.0,frozenset({5683}),5683,0.631578947368421,True,2023-02,1,185,1
OO,ASE,DEN,2023,2,1116,19,12,5.0,frozenset({5483}),5483,0.631578947368421,True,2023-02,1,186,1
OO,DEN,ASE,2023,2,690,28,16,3.0,frozenset({5477}),5477,0.5714285714285714,True,2023-02,2,41,3
AA,XNA,DFW,2023,3,989,31,16,1.0,frozenset({1663}),1663,0.5161290322580645,True,2023-03,1,187,1
F9,PHL,TPA,2023,3,1250,21,11,0.0,"frozenset({2377, 2373})",2373,0.5238095238095238,True,2023-03,1,188,1
OO,BFL,SFO,2023,3,509,30,16,0.0,"frozenset({4696, 4630})",4696,0.5333333333333333,True,2023-03,1,189,1
AA,PHX,LAS,2023,3,892,11,7,0.0,frozenset({308}),308,0.6363636363636364,True,2023-03,1,190,1
F9,PHL,PHX,2023,3,1244,30,22,0.0,"frozenset({2337, 2335})",2335,0.7333333333333333,True,2023-03,2,122,3
AA,PHX,LAX,2023,3,900,11,6,0.0,frozenset({899}),899,0.5454545454545454,True,2023-03,1,191,1
B6,SLC,JFK,2023,3,1420,25,13,1.0,frozenset({72}),72,0.52,True,2023-03,1,192,1
OO,SAN,SFO,2023,3,500,25,15,0.0,frozenset({3310}),3310,0.6,True,2023-03,1,193,1
NK,DFW,FLL,2023,3,1040,17,11,0.0,frozenset({3060}),3060,0.6470588235294118,True,2023-03,1,194,2
B6,FLL,LGA,2023,3,963,25,15,0.0,frozenset({472}),472,0.6,True,2023-03,1,195,2
NK,DFW,MCO,2023,3,1168,10,6,1.0,frozenset({391}),391,0.6,True,2023-03,1,196,2
NK,MCO,ATL,2023,3,996,10,7,1.0,frozenset({1210}),1210,0.7,True,2023-03,1,197,1
AA,PHX,SFO,2023,3,629,18,12,0.0,frozenset({2018}),2018,0.6666666666666666,True,2023-03,1,198,1
NK,MCO,AUS,2023,3,1280,17,11,2.0,frozenset({218}),218,0.6470588235294118,True,2023-03,1,199,2
HA,OGG,HNL,2023,3,798,51,32,1.0,"frozenset({265, 275, 255})",265,0.6274509803921569,True,2023-03,1,200,3
AS,FLL,SEA,2023,3,1035,15,8,1.0,frozenset({517}),517,0.5333333333333333,True,2023-03,1,201,1
AS,TPA,SFO,2023,3,1195,15,8,0.0,"frozenset({420, 421})",421,0.5333333333333333,True,2023-03,1,202,1
AS,SFO,TPA,2023,3,650,15,8,0.0,frozenset({422}),422,0.5333333333333333,True,2023-03,1,203,1
OO,SFO,SLC,2023,3,650,13,7,2.0,frozenset({3341}),3341,0.5384615384615384,True,2023-03,1,204,1
NK,MCO,DFW,2023,3,1366,20,12,0.0,frozenset({1015}),1015,0.6,True,2023-03,1,205,2
NK,MCO,DFW,2023,3,1050,31,16,1.0,"frozenset({314, 390})",314,0.5161290322580645,True,2023-03,1,206,1
OO,SFO,SAN,2023,3,640,32,20,6.0,"frozenset({3424, 5445})",3424,0.625,True,2023-03,1,207,1
AS,SFO,IAD,2023,3,650,31,18,0.0,frozenset({434}),434,0.5806451612903226,True,2023-03,1,208,1
B6,JFK,RNO,2023,3,1185,24,14,0.0,frozenset({2181}),2181,0.5833333333333334,True,2023-03,2,159,2
B6,SJU,MCO,2023,3,1191,20,12,1.0,frozenset({1134}),1134,0.6,True,2023-03,1,209,2
AS,SAN,OGG,2023,3,600,13,7,0.0,"frozenset({819, 829})",829,0.5384615384615384,True,2023-03,2,120,2
NK,MCO,DFW,2023,3,990,10,6,1.0,frozenset({390}),390,0.6,True,2023-03,1,210,2
NK,MCO,CRW,2023,3,756,10,6,1.0,frozenset({1745}),1745,0.6,True,2023-03,1,211,1
NK,CRW,MCO,2023,3,933,10,7,2.0,frozenset({1746}),1746,0.7,True,2023-03,1,212,1
NK,MCO,CMH,2023,3,1215,27,17,2.0,"frozenset({1672, 1673})",1673,0.6296296296296297,True,2023-03,1,213,1
NK,MCO,CLE,2023,3,916,24,13,0.0,frozenset({432}),432,0.5416666666666666,True,2023-03,1,214,2
AS,IAD,LAX,2023,3,1195,22,14,0.0,frozenset({309}),309,0.6363636363636364,True,2023-03,1,215,1
B6,SLC,LAX,2023,3,1259,21,12,0.0,frozenset({1731}),1731,0.5714285714285714,True,2023-03,1,216,1
NK,MCO,BQN,2023,3,1330,23,12,0.0,frozenset({1899}),1899,0.5217391304347826,True,2023-03,1,217,1
B6,JFK,SLC,2023,3,1140,31,18,1.0,frozenset({71}),71,0.5806451612903226,True,2023-03,1,218,1
OO,PSP,SFO,2023,3,480,58,30,3.0,"frozenset({3312, 5997})",5997,0.5172413793103449,True,2023-03,1,219,1
NK,MCO,ACY,2023,3,850,31,16,1.0,frozenset({1102}),1102,0.5161290322580645,True,2023-03,1,220,1
NK,FLL,MSY,2023,3,1190,13,9,0.0,frozenset({1526}),1526,0.6923076923076923,True,2023-03,1,221,2
NK,FLL,MCO,2023,3,1371,21,12,0.0,frozenset({676}),676,0.5714285714285714,True,2023-03,1,222,2
WN,BZN,LAS,2023,3,1175,20,12,1.0,"frozenset({841, 2106})",841,0.6,True,2023-03,1,223,1
OO,BUR,SFO,2023,3,649,29,18,3.0,frozenset({5655}),5655,0.6206896551724138,True,2023-03,1,224,1
DL,ATL,HNL,2023,3,580,25,13,0.0,frozenset({837}),837,0.52,True,2023-03,1,225,1
NK,FLL,EWR,2023,3,890,31,21,1.0,frozenset({1520}),1520,0.6774193548387096,True,2023-03,1,226,2
AA,MCO,DFW,2023,3,1050,31,16,1.0,frozenset({1705}),1705,0.5161290322580645,True,2023-03,1,227,1
F9,LAS,SFO,2023,3,585,11,6,0.0,frozenset({2083}),2083,0.5454545454545454,True,2023-03,1,228,1
B6,MCO,BOS,2023,3,1315,30,17,2.0,frozenset({1952}),1952,0.5666666666666667,True,2023-03,1,229,2
WN,DAL,SAT,2023,3,1215,18,11,1.0,"frozenset({2128, 3179})",3179,0.6111111111111112,True,2023-03,1,230,1
NK,FLL,BWI,2023,3,1195,30,18,1.0,"frozenset({1308, 1895})",1895,0.6,True,2023-03,1,231,1
F9,LAS,SAT,2023,3,940,17,9,0.0,"frozenset({2074, 2076})",2074,0.5294117647058824,True,2023-03,1,232,1
F9,LAS,PHX,2023,3,1369,28,15,0.0,"frozenset({2001, 2005})",2001,0.5357142857142857,True,2023-03,2,106,2
B6,MCO,BOS,2023,3,1105,31,17,0.0,frozenset({1152}),1152,0.5483870967741935,True,2023-03,1,233,1
F9,LAS,DFW,2023,3,973,12,7,0.0,frozenset({2132}),2132,0.5833333333333334,True,2023-03,1,234,1
AA,LAX,SFO,2023,3,1194,27,15,0.0,frozenset({891}),891,0.5555555555555556,True,2023-03,1,235,1
OO,DEN,ASE,2023,3,690,31,16,2.0,frozenset({5477}),5477,0.5161290322580645,True,2023-03,3,41,3
WN,BWI,MKE,2023,3,1275,18,11,0.0,"frozenset({3582, 103})",3582,0.6111111111111112,True,2023-03,1,236,1
F9,PBI,PHL,2023,3,1031,28,15,0.0,"frozenset({2346, 2348})",2346,0.5357142857142857,True,2023-03,1,237,2
OO,PHX,RDM,2023,3,1085,11,6,0.0,frozenset({3125}),3125,0.5454545454545454,True,2023-03,1,238,1
NK,FLL,ORD,2023,3,1260,28,15,1.0,frozenset({1}),1,0.5357142857142857,True,2023-03,1,239,1
F9,ORD,ATL,2023,3,1254,31,18,0.0,"frozenset({1577, 1575})",1575,0.5806451612903226,True,2023-03,1,240,1
OO,SNA,SFO,2023,3,677,15,8,1.0,frozenset({5473}),5473,0.5333333333333333,True,2023-03,1,241,1
B6,JFK,TPA,2023,3,940,20,11,0.0,"frozenset({125, 151})",125,0.55,True,2023-03,1,242,1
WN,AUS,MCO,2023,3,1075,23,13,0.0,frozenset({3004}),3004,0.5652173913043478,True,2023-03,1,243,1
B6,MCO,BUF,2023,3,1264,25,13,1.0,frozenset({1586}),1586,0.52,True,2023-03,2,168,2
NK,IAH,MCO,2023,3,1211,10,8,0.0,frozenset({830}),830,0.8,True,2023-03,1,244,1
AA,ORD,LGA,2023,3,1110,31,16,1.0,frozenset({1638}),1638,0.5161290322580645,True,2023-03,1,245,1
NK,IAH,MCO,2023,3,803,20,13,0.0,"frozenset({2909, 1461, 830})",830,0.65,True,2023-03,1,246,1
B6,TPA,JFK,2023,3,1185,19,10,0.0,frozenset({2826}),2826,0.5263157894736842,True,2023-03,1,247,1
OO,BNA,JFK,2023,3,1036,20,11,0.0,frozenset({4439}),4439,0.55,True,2023-03,1,248,1
NK,DTW,LAX,2023,3,1285,31,16,1.0,frozenset({947}),947,0.5161290322580645,True,2023-03,1,249,1
NK,FLL,TPA,2023,3,1320,25,14,0.0,frozenset({1555}),1555,0.56,True,2023-03,1,250,2
B6,LAS,LAX,2023,3,1195,25,15,1.0,frozenset({1279}),1279,0.6,True,2023-03,1,251,1
NK,EWR,FLL,2023,3,1010,31,19,1.0,frozenset({1678}),1678,0.6129032258064516,True,2023-03,1,252,1
B6,LAX,CHS,2023,3,1317,22,12,0.0,frozenset({2218}),2218,0.5454545454545454,True,2023-03,1,253,2
F9,MCO,IAH,2023,3,1149,18,11,0.0,frozenset({1251}),1251,0.6111111111111112,True,2023-03,1,254,2
NK,EWR,FLL,2023,3,1125,31,19,1.0,frozenset({1776}),1776,0.6129032258064516,True,2023-03,1,255,2
B6,LAX,LAS,2023,3,1061,25,16,1.0,frozenset({1080}),1080,0.64,True,2023-03,1,256,1
B6,MCO,HPN,2023,3,1191,31,18,1.0,frozenset({1294}),1294,0.5806451612903226,True,2023-03,1,257,1
UA,LAS,SFO,2023,3,465,25,13,0.0,frozenset({753}),753,0.52,True,2023-03,1,258,1
B6,ONT,JFK,2023,3,1439,30,16,0.0,frozenset({354}),354,0.5333333333333333,True,2023-03,1,259,2
UA,EWR,FLL,2023,3,1248,23,14,0.0,frozenset({711}),711,0.6086956521739131,True,2023-03,1,260,1
HA,BOS,HNL,2023,3,525,15,8,0.0,frozenset({89}),89,0.5333333333333333,True,2023-03,1,261,1
NK,MSY,FLL,2023,3,1309,13,8,0.0,frozenset({1527}),1527,0.6153846153846154,True,2023-03,1,262,2
G4,USA,FLL,2023,3,703,11,7,1.0,"frozenset({2122, 2115, 494})",2122,0.6363636363636364,True,2023-03,1,263,1
G4,TYS,SFB,2023,3,1085,10,6,0.0,"frozenset({3040, 3023, 3025, 1400, 1405})",1400,0.6,True,2023-03,1,264,1
G4,SFB,TYS,2023,3,1222,10,7,0.0,"frozenset({3040, 3047, 3050, 1420, 3064})",3050,0.7,True,2023-03,1,265,1
B6,BOS,RSW,2023,3,1220,25,16,1.0,frozenset({265}),265,0.64,True,2023-03,2,130,2
G4,PGD,FNT,2023,3,1087,18,10,0.0,"frozenset({1537, 1539, 1545, 1553, 3159})",1553,0.5555555555555556,True,2023-03,1,266,1
DL,ATL,OGG,2023,3,620,16,9,0.0,frozenset({535}),535,0.5625,True,2023-03,1,267,1
G4,PGD,CVG,2023,3,1077,17,9,0.0,"frozenset({421, 409, 849, 401, 372, 377, 411, 2009})",849,0.5294117647058824,True,2023-03,1,268,1
G4,PGD,ABE,2023,3,1059,10,7,0.0,"frozenset({171, 198})",171,0.7,True,2023-03,1,269,1
B6,JFK,BUR,2023,3,1020,24,13,0.0,frozenset({359}),359,0.5416666666666666,True,2023-03,2,149,2
B6,FLL,BDL,2023,3,1259,25,14,1.0,frozenset({460}),460,0.56,True,2023-03,1,270,2
G4,LAS,PVU,2023,3,951,13,9,0.0,frozenset({3223}),3223,0.6923076923076923,True,2023-03,1,271,1
B6,BOS,PBI,2023,3,1020,10,8,0.0,frozenset({621}),621,0.8,True,2023-03,1,272,1
B6,BOS,PBI,2023,3,869,31,19,0.0,frozenset({221}),221,0.6129032258064516,True,2023-03,1,273,1
G4,FLL,AVL,2023,3,1047,11,7,0.0,"frozenset({1848, 1889, 1856, 1880})",1848,0.6363636363636364,True,2023-03,1,274,1
HA,HNL,LIH,2023,3,880,31,16,1.0,frozenset({323}),323,0.5161290322580645,True,2023-03,1,275,3
B6,MIA,JFK,2023,3,1055,31,16,1.0,frozenset({2892}),2892,0.5161290322580645,True,2023-03,1,276,2
B6,PHX,JFK,2023,3,1439,15,8,0.0,frozenset({136}),136,0.5333333333333333,True,2023-03,1,277,1
B6,PHX,JFK,2023,3,1395,12,7,0.0,frozenset({136}),136,0.5833333333333334,True,2023-03,1,278,1
HA,LIH,HNL,2023,3,800,20,12,0.0,frozenset({264}),264,0.6,True,2023-03,1,279,3
NK,SAN,LAS,2023,3,845,13,7,1.0,frozenset({744}),744,0.5384615384615384,True,2023-03,1,280,1
B6,PBI,BOS,2023,3,1140,31,16,1.0,frozenset({1922}),1922,0.5161290322580645,True,2023-03,1,281,1
NK,PSE,MCO,2023,3,930,18,10,0.0,frozenset({3027}),3027,0.5555555555555556,True,2023-03,1,282,2
B6,PBI,DCA,2023,3,1090,31,17,0.0,frozenset({2534}),2534,0.5483870967741935,True,2023-03,2,132,2
B6,DCA,MCO,2023,3,1200,31,16,0.0,frozenset({2523}),2523,0.5161290322580645,True,2023-03,1,283,2
B6,JFK,ATL,2023,3,1045,29,15,1.0,"frozenset({419, 1719})",419,0.5172413793103449,True,2023-03,1,284,1
HA,OGG,HNL,2023,3,850,31,23,0.0,frozenset({285}),285,0.7419354838709677,True,2023-03,1,285,3
B6,JFK,BNA,2023,3,1110,25,15,2.0,frozenset({73}),73,0.6,True,2023-03,1,286,1
B6,PBI,JFK,2023,3,1001,19,10,1.0,frozenset({1154}),1154,0.5263157894736842,True,2023-03,3,3,3
HA,JFK,HNL,2023,3,600,31,18,0.0,frozenset({51}),51,0.5806451612903226,True,2023-03,1,287,2
HA,OGG,HNL,2023,3,893,20,12,0.0,frozenset({305}),305,0.6,True,2023-03,1,288,2
HA,ITO,HNL,2023,3,1070,31,16,0.0,"frozenset({361, 371})",371,0.5161290322580645,True,2023-03,1,289,1
B6,BZN,BOS,2023,3,865,10,6,0.0,frozenset({256}),256,0.6,True,2023-03,1,290,1
UA,EWR,BTV,2023,3,1290,22,12,2.0,frozenset({1108}),1108,0.5454545454545454,True,2023-03,1,291,1
NK,PHL,LAX,2023,3,1122,23,12,0.0,frozenset({267}),267,0.5217391304347826,True,2023-03,1,292,1
NK,ORD,MCO,2023,3,1196,14,8,2.0,frozenset({323}),323,0.5714285714285714,True,2023-03,1,293,1
HA,OGG,HNL,2023,3,963,31,17,0.0,frozenset({335}),335,0.5483870967741935,True,2023-03,1,294,1
G4,AZA,PVU,2023,3,1243,11,7,0.0,"frozenset({1601, 1604, 3244, 1587, 1590})",1587,0.6363636363636364,True,2023-03,1,295,1
G4,AZA,PVU,2023,3,1162,18,11,0.0,"frozenset({1601, 3244, 3214, 1587, 1590})",1601,0.6111111111111112,True,2023-03,1,296,1
MQ,DTW,ORD,2023,3,1090,18,12,1.0,frozenset({4070}),4070,0.6666666666666666,True,2023-03,1,297,1
B6,BNA,JFK,2023,3,1259,25,14,2.0,frozenset({374}),374,0.56,True,2023-03,1,298,1
NK,MCO,IAH,2023,3,1053,14,9,0.0,"frozenset({1460, 2908})",1460,0.6428571428571429,True,2023-03,1,299,1
NK,MCO,FLL,2023,3,1235,31,21,1.0,frozenset({675}),675,0.6774193548387096,True,2023-03,1,300,2
B6,SJU,FLL,2023,3,1280,13,7,0.0,frozenset({2054}),2054,0.5384615384615384,True,2023-03,1,301,1
F9,SFO,LAS,2023,3,1382,30,16,1.0,frozenset({2078}),2078,0.5333333333333333,True,2023-03,1,302,2
B6,BDL,LAX,2023,3,382,31,16,0.0,frozenset({67}),67,0.5161290322580645,True,2023-03,1,303,1
F9,SFO,LAS,2023,3,1028,11,6,1.0,frozenset({2082}),2082,0.5454545454545454,True,2023-03,2,118,2
B6,JFK,ONT,2023,3,1200,30,22,0.0,frozenset({355}),355,0.7333333333333333,True,2023-03,1,304,2
MQ,PHX,SBP,2023,3,925,11,7,1.0,frozenset({3469}),3469,0.6363636363636364,True,2023-03,1,305,1
MQ,SBP,PHX,2023,3,1003,31,16,1.0,frozenset({3469}),3469,0.5161290322580645,True,2023-03,1,306,1
NK,CMH,LAS,2023,3,925,30,17,1.0,frozenset({205}),205,0.5666666666666667,True,2023-03,1,307,2
NK,MCO,DTW,2023,3,1210,28,15,0.0,frozenset({1222}),1222,0.5357142857142857,True,2023-03,1,308,2
B6,SJU,JFK,2023,3,779,20,11,1.0,frozenset({904}),904,0.55,True,2023-03,1,309,1
B6,SJU,JFK,2023,3,1162,20,11,0.0,frozenset({2404}),2404,0.55,True,2023-03,1,310,1
NK,MCO,DTW,2023,3,1025,15,8,1.0,frozenset({1709}),1709,0.5333333333333333,True,2023-03,1,311,2
NK,ATL,BOS,2023,3,590,26,15,1.0,frozenset({1444}),1444,0.5769230769230769,True,2023-03,1,312,1
NK,MCO,DTW,2023,3,948,31,16,1.0,frozenset({1617}),1617,0.5161290322580645,True,2023-03,1,313,1
DL,MSP,LAX,2023,3,1375,11,7,2.0,frozenset({688}),688,0.6363636363636364,True,2023-03,1,314,1
F9,SJU,BDL,2023,3,956,20,11,0.0,frozenset({114}),114,0.55,True,2023-03,1,315,3
NK,CLE,MIA,2023,3,1125,24,13,0.0,frozenset({3159}),3159,0.5416666666666666,True,2023-03,1,316,1
NK,MCO,MEM,2023,3,1319,27,14,0.0,frozenset({2866}),2866,0.5185185185185185,True,2023-03,1,317,5
B6,RNO,JFK,2023,3,1430,24,14,0.0,frozenset({80}),80,0.5833333333333334,True,2023-03,2,136,2
G4,AZA,PVU,2023,3,1099,11,6,0.0,"frozenset({1602, 1587, 3244})",3244,0.5454545454545454,True,2023-03,1,318,1
G4,AVL,FLL,2023,3,887,11,6,0.0,"frozenset({1893, 1868, 1871, 1878, 221})",221,0.5454545454545454,True,2023-03,1,319,1
B6,MCO,LGA,2023,3,1250,27,16,1.0,frozenset({998}),998,0.5925925925925926,True,2023-03,1,320,1
B6,RNO,LAX,2023,3,927,25,15,0.0,frozenset({943}),943,0.6,True,2023-03,2,138,2
NK,ATL,FLL,2023,3,1010,24,14,0.0,frozenset({228}),228,0.5833333333333334,True,2023-03,1,321,1
F9,SWF,FLL,2023,3,1123,10,7,2.0,frozenset({2635}),2635,0.7,True,2023-03,1,322,1
NK,MCO,PIT,2023,3,1260,24,15,1.0,frozenset({722}),722,0.625,True,2023-03,1,323,2
B6,ATL,JFK,2023,3,1255,23,14,1.0,frozenset({1520}),1520,0.6086956521739131,True,2023-03,1,324,2
B6,JFK,LAX,2023,3,1210,31,16,0.0,frozenset({223}),223,0.5161290322580645,True,2023-03,1,325,1
NK,MCO,PHL,2023,3,1250,21,11,0.0,frozenset({1212}),1212,0.5238095238095238,True,2023-03,1,326,2
B6,JFK,MCO,2023,3,1200,31,16,0.0,frozenset({2583}),2583,0.5161290322580645,True,2023-03,1,327,2
B6,JFK,MCO,2023,3,1315,30,18,0.0,frozenset({2183}),2183,0.6,True,2023-03,1,328,2
NK,MCO,PHL,2023,3,1042,21,11,1.0,frozenset({621}),621,0.5238095238095238,True,2023-03,1,329,2
F9,SLC,DEN,2023,3,1028,15,10,0.0,"frozenset({570, 574})",574,0.6666666666666666,True,2023-03,1,330,1
NK,BWI,LAX,2023,3,1210,23,14,2.0,frozenset({141}),141,0.6086956521739131,True,2023-03,1,331,1
NK,MCO,ORD,2023,3,1010,14,8,2.0,frozenset({322}),322,0.5714285714285714,True,2023-03,1,332,1
NK,MCO,ORD,2023,3,831,16,10,0.0,frozenset({1704}),1704,0.625,True,2023-03,1,333,1
B6,BOS,FLL,2023,3,674,21,12,3.0,frozenset({2269}),2269,0.5714285714285714,True,2023-03,1,334,1
HA,SAN,HNL,2023,3,510,22,12,0.0,frozenset({15}),15,0.5454545454545454,True,2023-03,1,335,1
DL,MSP,PHX,2023,3,1215,20,11,2.0,"frozenset({354, 487})",487,0.55,True,2023-03,1,336,1
WN,LAS,ONT,2023,3,1010,17,13,0.0,frozenset({2643}),2643,0.7647058823529411,True,2023-03,1,337,1
DL,MCO,LGA,2023,3,1179,23,12,0.0,frozenset({1286}),1286,0.5217391304347826,True,2023-03,1,338,1
WN,SAN,BWI,2023,3,760,17,10,0.0,frozenset({3582}),3582,0.5882352941176471,True,2023-03,1,339,1
WN,LAS,LAX,2023,3,1115,21,11,0.0,"frozenset({715, 1646, 1719})",1719,0.5238095238095238,True,2023-03,1,340,1
AA,CLT,SRQ,2023,3,878,31,17,0.0,frozenset({1985}),1985,0.5483870967741935,True,2023-03,1,341,1
WN,SAN,SFO,2023,3,475,17,12,1.0,frozenset({2970}),2970,0.7058823529411765,True,2023-03,1,342,1
F9,ATL,MIA,2023,3,1136,14,8,0.0,frozenset({1514}),1514,0.5714285714285714,True,2023-03,1,343,2
AA,DFW,LAX,2023,3,1235,31,17,1.0,frozenset({2254}),2254,0.5483870967741935,True,2023-03,1,344,1
WN,LAS,LAX,2023,3,1225,21,13,0.0,"frozenset({3697, 1646, 1943})",1943,0.6190476190476191,True,2023-03,1,345,1
WN,SFO,DEN,2023,3,1010,17,9,1.0,frozenset({378}),378,0.5294117647058824,True,2023-03,1,346,1
WN,ORD,LAS,2023,3,1170,17,10,1.0,frozenset({3182}),3182,0.5882352941176471,True,2023-03,1,347,1
WN,LAS,STL,2023,3,985,17,9,0.0,frozenset({1888}),1888,0.5294117647058824,True,2023-03,1,348,1
WN,SFO,LAS,2023,3,655,15,8,1.0,"frozenset({3242, 154, 2875})",154,0.5333333333333333,True,2023-03,1,349,1
WN,SFO,LAX,2023,3,605,18,13,0.0,"frozenset({2386, 1262})",1262,0.7222222222222222,True,2023-03,1,350,1
WN,SFO,SAN,2023,3,620,20,13,1.0,frozenset({3582}),3582,0.65,True,2023-03,1,351,1
AA,DFW,SFO,2023,3,1199,31,17,2.0,frozenset({342}),342,0.5483870967741935,True,2023-03,1,352,1
AA,DFW,SFO,2023,3,1139,31,17,2.0,frozenset({1430}),1430,0.5483870967741935,True,2023-03,1,353,1
AA,DFW,LAS,2023,3,1241,31,16,1.0,frozenset({1797}),1797,0.5161290322580645,True,2023-03,1,354,1
AA,DFW,LAS,2023,3,1014,22,12,0.0,frozenset({2360}),2360,0.5454545454545454,True,2023-03,1,355,1
WN,SJC,LAS,2023,3,865,21,11,1.0,"frozenset({1859, 878, 3055})",1859,0.5238095238095238,True,2023-03,1,356,1
F9,ATL,PHX,2023,3,1256,31,20,1.0,frozenset({1563}),1563,0.6451612903225806,True,2023-03,3,16,4
WN,LAS,SFO,2023,3,1315,21,11,0.0,"frozenset({1808, 3375})",3375,0.5238095238095238,True,2023-03,1,357,1
WN,SLC,LAS,2023,3,1165,18,11,0.0,"frozenset({5184, 1943})",1943,0.6111111111111112,True,2023-03,1,358,1
AA,DFW,SFO,2023,3,1255,31,18,0.0,frozenset({2810}),2810,0.5806451612903226,True,2023-03,1,359,1
AA,DFW,BHM,2023,3,1263,31,16,1.0,frozenset({1231}),1231,0.5161290322580645,True,2023-03,1,360,1
WN,MDW,LAS,2023,3,1035,18,12,1.0,"frozenset({417, 909, 2358})",909,0.6666666666666666,True,2023-03,1,361,2
WN,LAS,KOA,2023,3,665,23,12,0.0,frozenset({3212}),3212,0.5217391304347826,True,2023-03,1,362,1
F9,CLE,TPA,2023,3,1271,13,9,1.0,frozenset({2435}),2435,0.6923076923076923,True,2023-03,1,363,1
WN,MCI,LAS,2023,3,1310,18,12,0.0,"frozenset({761, 3396})",3396,0.6666666666666666,True,2023-03,1,364,1
WN,PHX,HNL,2023,3,580,28,15,0.0,"frozenset({1346, 3309})",3309,0.5357142857142857,True,2023-03,1,365,1
WN,ORD,PHX,2023,3,1185,27,14,0.0,"frozenset({1345, 2066, 2569})",2066,0.5185185185185185,True,2023-03,1,366,1
DL,HNL,DTW,2023,3,960,17,9,0.0,frozenset({969}),969,0.5294117647058824,True,2023-03,1,367,1
WN,LAS,BNA,2023,3,1195,20,11,0.0,frozenset({4179}),4179,0.55,True,2023-03,1,368,1
AA,DFW,SLC,2023,3,1345,22,12,1.0,frozenset({344}),344,0.5454545454545454,True,2023-03,1,369,1
WN,LAS,ELP,2023,3,985,21,11,0.0,"frozenset({1152, 2436, 1301})",1301,0.5238095238095238,True,2023-03,1,370,1
AA,COS,DFW,2023,3,884,22,12,2.0,frozenset({1510}),1510,0.5454545454545454,True,2023-03,1,371,1
WN,LAS,HNL,2023,3,575,31,16,0.0,"frozenset({1048, 3085})",3085,0.5161290322580645,True,2023-03,1,372,1
F9,FLL,ATL,2023,3,1361,10,7,1.0,frozenset({1365}),1365,0.7,True,2023-03,1,373,2
WN,LAS,HNL,2023,3,660,23,16,0.0,frozenset({3207}),3207,0.6956521739130435,True,2023-03,1,374,1
F9,ATL,SFO,2023,3,1165,30,17,0.0,"frozenset({1523, 1525})",1523,0.5666666666666667,True,2023-03,1,375,2
WN,LAS,HOU,2023,3,1270,17,12,1.0,frozenset({841}),841,0.7058823529411765,True,2023-03,1,376,1
AA,DFW,ABQ,2023,3,1374,22,12,4.0,frozenset({2564}),2564,0.5454545454545454,True,2023-03,1,377,1
WN,LAX,SMF,2023,3,1225,12,7,0.0,"frozenset({2809, 1719})",1719,0.5833333333333334,True,2023-03,1,378,1
WN,LAX,MSY,2023,3,735,17,9,0.0,frozenset({1262}),1262,0.5294117647058824,True,2023-03,1,379,1
WN,PHX,SAN,2023,3,1235,12,7,0.0,"frozenset({5788, 323, 1980, 1486})",5788,0.5833333333333334,True,2023-03,1,380,1
AA,DFW,TYS,2023,3,1259,31,18,0.0,frozenset({2102}),2102,0.5806451612903226,True,2023-03,1,381,1
F9,ATL,PHL,2023,3,1256,31,20,1.0,frozenset({2382}),2382,0.6451612903225806,True,2023-03,1,382,1
WN,PSP,LAS,2023,3,995,18,10,0.0,"frozenset({1752, 3085})",1752,0.5555555555555556,True,2023-03,1,383,1
WN,PVD,MDW,2023,3,1165,17,9,1.0,frozenset({3144}),3144,0.5294117647058824,True,2023-03,1,384,1
F9,DFW,ATL,2023,3,1012,27,15,2.0,frozenset({1550}),1550,0.5555555555555556,True,2023-03,1,385,1
WN,LAS,LGB,2023,3,985,17,10,2.0,frozenset({2192}),2192,0.5882352941176471,True,2023-03,1,386,1
WN,LAS,LGB,2023,3,1145,20,11,1.0,frozenset({999}),999,0.55,True,2023-03,1,387,1
WN,SJC,LIH,2023,3,835,23,12,0.0,frozenset({1427}),1427,0.5217391304347826,True,2023-03,1,388,1
WN,STL,OKC,2023,3,1335,20,11,1.0,"frozenset({1888, 309})",1888,0.55,True,2023-03,1,389,1
AA,DFW,PNS,2023,3,1271,31,17,1.0,frozenset({499}),499,0.5483870967741935,True,2023-03,1,390,1
WN,ONT,LAS,2023,3,870,17,9,1.0,frozenset({2791}),2791,0.5294117647058824,True,2023-03,1,391,1
WN,ONT,LAS,2023,3,1055,18,12,0.0,"frozenset({586, 732})",732,0.6666666666666666,True,2023-03,1,392,1
DL,PBI,JFK,2023,3,949,31,17,2.0,"frozenset({1738, 1044})",1738,0.5483870967741935,True,2023-03,1,393,1
DL,PBI,MSP,2023,3,993,13,8,0.0,"frozenset({1374, 727})",1374,0.6153846153846154,True,2023-03,1,394,1
WN,LAS,MDW,2023,3,1010,21,11,2.0,"frozenset({399, 2914, 2775})",2914,0.5238095238095238,True,2023-03,1,395,1
WN,LAS,MCI,2023,3,1275,17,10,0.0,frozenset({1743}),1743,0.5882352941176471,True,2023-03,1,396,1
AA,GUC,DFW,2023,3,890,27,14,0.0,frozenset({2609}),2609,0.5185185185185185,True,2023-03,1,397,1
WN,LAS,OGG,2023,3,705,23,14,0.0,frozenset({3195}),3195,0.6086956521739131,True,2023-03,1,398,1
WN,LAS,LIH,2023,3,685,23,12,0.0,frozenset({1153}),1153,0.5217391304347826,True,2023-03,1,399,1
DL,MSP,IAH,2023,3,1185,27,16,0.0,frozenset({1557}),1557,0.5925925925925926,True,2023-03,1,400,1
WN,ONT,OAK,2023,3,1105,18,13,1.0,"frozenset({2010, 2643})",2643,0.7222222222222222,True,2023-03,1,401,1
AA,DFW,RSW,2023,3,915,22,12,0.0,frozenset({2736}),2736,0.5454545454545454,True,2023-03,1,402,1
WN,LAS,MDW,2023,3,1230,20,11,1.0,"frozenset({1003, 2212})",1003,0.55,True,2023-03,1,403,1
WN,OAK,BOI,2023,3,1215,19,12,1.0,"frozenset({363, 2643, 864})",2643,0.631578947368421,True,2023-03,1,404,1
AA,DFW,FAT,2023,3,1284,14,8,1.0,frozenset({1521}),1521,0.5714285714285714,True,2023-03,1,405,1
AA,DFW,SDF,2023,3,895,18,10,0.0,frozenset({2954}),2954,0.5555555555555556,True,2023-03,1,406,1
AA,EYW,PHL,2023,3,1006,31,16,0.0,frozenset({1154}),1154,0.5161290322580645,True,2023-03,1,407,1
AA,DFW,ICT,2023,3,1350,22,12,1.0,frozenset({1886}),1886,0.5454545454545454,True,2023-03,1,408,1
AA,DFW,CAE,2023,3,1244,13,8,0.0,frozenset({1687}),1687,0.6153846153846154,True,2023-03,1,409,1
WN,LAS,OAK,2023,3,965,21,11,0.0,"frozenset({4128, 1594, 741})",741,0.5238095238095238,True,2023-03,1,410,1
WN,LAS,SFO,2023,3,470,21,18,0.0,"frozenset({3192, 2634})",3192,0.8571428571428571,True,2023-03,1,411,1
WN,LAS,SFO,2023,3,1115,18,10,0.0,"frozenset({1721, 1183})",1183,0.5555555555555556,True,2023-03,1,412,1
WN,LAS,RNO,2023,3,1200,21,12,1.0,"frozenset({5978, 2165, 2653})",2653,0.5714285714285714,True,2023-03,1,413,1
WN,OAK,HNL,2023,3,900,31,16,0.0,"frozenset({875, 620})",875,0.5161290322580645,True,2023-03,1,414,1
DL,MSP,SLC,2023,3,1220,11,6,1.0,frozenset({1416}),1416,0.5454545454545454,True,2023-03,1,415,1
WN,MSY,LAS,2023,3,1110,18,12,0.0,"frozenset({2528, 2426})",2426,0.6666666666666666,True,2023-03,1,416,1
WN,DEN,LAS,2023,3,980,23,12,0.0,"frozenset({2537, 1324})",2537,0.5217391304347826,True,2023-03,1,417,1
B6,JAX,JFK,2023,4,1015,30,21,0.0,frozenset({1678}),1678,0.7,True,2023-04,1,418,1
F9,BDL,ATL,2023,4,1255,29,21,0.0,frozenset({1559}),1559,0.7241379310344828,True,2023-04,1,419,2
WN,MKE,MCO,2023,4,1135,12,8,0.0,"frozenset({2978, 3094})",3094,0.6666666666666666,True,2023-04,1,420,1
NK,AUS,LAS,2023,4,960,11,7,1.0,frozenset({505}),505,0.6363636363636364,True,2023-04,1,421,1
NK,PSE,MCO,2023,4,920,25,15,6.0,frozenset({3027}),3027,0.6,True,2023-04,2,282,2
NK,PIT,FLL,2023,4,1204,15,11,2.0,frozenset({535}),535,0.7333333333333333,True,2023-04,1,422,1
NK,PIT,EWR,2023,4,855,17,10,1.0,frozenset({714}),714,0.5882352941176471,True,2023-04,1,423,1
NK,PHX,LAS,2023,4,1245,26,14,1.0,frozenset({1284}),1284,0.5384615384615384,True,2023-04,1,424,1
B6,FLL,JFK,2023,4,1262,30,20,4.0,frozenset({2202}),2202,0.6666666666666666,True,2023-04,1,425,1
B6,FLL,JFK,2023,4,1105,30,18,4.0,frozenset({1802}),1802,0.6,True,2023-04,1,426,1
B6,JFK,AUS,2023,4,1245,30,16,2.0,frozenset({1295}),1295,0.5333333333333333,True,2023-04,1,427,1
WN,MCO,PVD,2023,4,1280,15,8,1.0,"frozenset({699, 3597})",699,0.5333333333333333,True,2023-04,1,428,1
NK,RDU,FLL,2023,4,1315,26,15,5.0,frozenset({1367}),1367,0.5769230769230769,True,2023-04,1,429,1
NK,AUS,LAS,2023,4,906,15,8,0.0,frozenset({505}),505,0.5333333333333333,True,2023-04,1,430,1
F9,BUF,FLL,2023,4,967,11,7,1.0,frozenset({2663}),2663,0.6363636363636364,True,2023-04,1,431,1
B6,FLL,PVD,2023,4,1235,30,17,4.0,frozenset({1196}),1196,0.5666666666666667,True,2023-04,1,432,1
NK,ATL,MIA,2023,4,1060,30,20,2.0,frozenset({3101}),3101,0.6666666666666666,True,2023-04,1,433,1
F9,BDL,SJU,2023,4,655,30,21,1.0,frozenset({115}),115,0.7,True,2023-04,1,434,2
WN,MSY,MDW,2023,4,1285,17,9,1.0,frozenset({1626}),1626,0.5294117647058824,True,2023-04,1,435,1
WN,MDW,SLC,2023,4,1350,11,6,0.0,"frozenset({5688, 2891, 43, 1184})",1184,0.5454545454545454,True,2023-04,1,436,1
NK,SJU,FLL,2023,4,1123,26,15,4.0,frozenset({123}),123,0.5769230769230769,True,2023-04,1,437,1
NK,ATL,EWR,2023,4,1000,30,16,1.0,frozenset({99}),99,0.5333333333333333,True,2023-04,1,438,1
B6,FLL,LGA,2023,4,1027,28,17,6.0,frozenset({472}),472,0.6071428571428571,True,2023-04,2,195,2
WN,MDW,LAS,2023,4,1035,12,7,0.0,"frozenset({417, 562, 909, 2841})",909,0.5833333333333334,True,2023-04,2,361,2
B6,MCO,SJU,2023,4,1395,30,16,0.0,frozenset({2133}),2133,0.5333333333333333,True,2023-04,1,439,1
B6,FLL,LAX,2023,4,1065,29,15,1.0,frozenset({101}),101,0.5172413793103449,True,2023-04,1,440,1
B6,FLL,LAS,2023,4,1240,30,17,3.0,frozenset({607}),607,0.5666666666666667,True,2023-04,1,441,1
NK,AUS,FLL,2023,4,1135,21,13,6.0,frozenset({512}),512,0.6190476190476191,True,2023-04,1,442,1
B6,IAH,JFK,2023,4,1071,13,8,0.0,frozenset({1882}),1882,0.6153846153846154,True,2023-04,1,443,1
NK,RIC,MCO,2023,4,1108,27,15,2.0,"frozenset({841, 1953})",841,0.5555555555555556,True,2023-04,1,444,1
B6,FLL,RDU,2023,4,1235,25,17,2.0,frozenset({2626}),2626,0.68,True,2023-04,1,445,1
B6,JAX,FLL,2023,4,1109,30,16,2.0,frozenset({17}),17,0.5333333333333333,True,2023-04,1,446,1
NK,RDU,MCO,2023,4,1166,19,13,3.0,frozenset({2007}),2007,0.6842105263157895,True,2023-04,1,447,1
NK,RDU,MCO,2023,4,1014,11,6,0.0,frozenset({1903}),1903,0.5454545454545454,True,2023-04,1,448,1
WN,MDW,DEN,2023,4,1110,14,8,1.0,frozenset({2775}),2775,0.5714285714285714,True,2023-04,1,449,1
B6,FLL,JFK,2023,4,821,30,18,5.0,frozenset({1902}),1902,0.6,True,2023-04,1,450,1
B6,FLL,BOS,2023,4,1275,30,20,2.0,frozenset({170}),170,0.6666666666666666,True,2023-04,1,451,6
WN,MCO,DAL,2023,4,835,17,9,2.0,"frozenset({3386, 2477})",2477,0.5294117647058824,True,2023-04,1,452,1
B6,ONT,JFK,2023,4,1439,30,16,2.0,frozenset({354}),354,0.5333333333333333,True,2023-04,2,259,2
B6,ORH,FLL,2023,4,1023,30,17,2.0,frozenset({2119}),2119,0.5666666666666667,True,2023-04,1,453,1
HA,LIH,HNL,2023,4,945,23,17,4.0,"frozenset({314, 334})",314,0.7391304347826086,True,2023-04,1,454,1
HA,LIH,HNL,2023,4,840,30,18,0.0,frozenset({284}),284,0.6,True,2023-04,1,455,2
HA,LIH,HNL,2023,4,795,30,24,3.0,frozenset({264}),264,0.8,True,2023-04,2,279,3
HA,LIH,HNL,2023,4,629,30,19,0.0,frozenset({184}),184,0.6333333333333333,True,2023-04,1,456,2
DL,FLL,ATL,2023,4,1250,17,10,2.0,"frozenset({1667, 1739})",1739,0.5882352941176471,True,2023-04,1,457,1
B6,PBI,BOS,2023,4,1005,24,13,0.0,"frozenset({1722, 1622})",1722,0.5416666666666666,True,2023-04,1,458,1
WN,LAS,SAN,2023,4,1260,28,15,2.0,"frozenset({551, 2471, 3531, 1070, 2834})",2834,0.5357142857142857,True,2023-04,1,459,1
WN,LAS,SAN,2023,4,835,19,10,0.0,"frozenset({2168, 2412, 2927})",2168,0.5263157894736842,True,2023-04,1,460,1
B6,DCA,MCO,2023,4,1200,30,16,1.0,frozenset({2523}),2523,0.5333333333333333,True,2023-04,2,283,2
HA,KOA,HNL,2023,4,830,60,35,1.0,"frozenset({297, 277})",277,0.5833333333333334,True,2023-04,1,461,1
WN,LAS,SBA,2023,4,1265,20,11,3.0,"frozenset({1515, 2581})",1515,0.55,True,2023-04,1,462,1
B6,DCA,FLL,2023,4,1110,30,21,3.0,frozenset({1979}),1979,0.7,True,2023-04,1,463,1
HA,JFK,HNL,2023,4,600,30,16,0.0,frozenset({51}),51,0.5333333333333333,True,2023-04,2,287,2
B6,PBI,HPN,2023,4,1105,30,16,1.0,frozenset({1868}),1868,0.5333333333333333,True,2023-04,1,464,1
AA,DFW,DCA,2023,4,1012,30,18,1.0,frozenset({472}),472,0.6,True,2023-04,1,465,1
B6,PBI,JFK,2023,4,1315,30,18,5.0,frozenset({54}),54,0.6,True,2023-04,1,466,1
UA,EWR,AUS,2023,4,1226,30,16,2.0,frozenset({676}),676,0.5333333333333333,True,2023-04,1,467,1
HA,ITO,HNL,2023,4,790,30,19,1.0,frozenset({251}),251,0.6333333333333333,True,2023-04,1,468,2
HA,HNL,OGG,2023,4,880,29,19,4.0,frozenset({346}),346,0.6551724137931034,True,2023-04,1,469,2
WN,LAS,PHX,2023,4,1315,21,11,0.0,"frozenset({1306, 1123, 2351})",1306,0.5238095238095238,True,2023-04,1,470,1
HA,HNL,OGG,2023,4,720,30,18,0.0,frozenset({276}),276,0.6,True,2023-04,1,471,1
WN,LAS,PHX,2023,4,920,23,14,2.0,"frozenset({2419, 3036, 1415})",2419,0.6086956521739131,True,2023-04,1,472,2
B6,BUR,JFK,2023,4,696,17,9,1.0,frozenset({458}),458,0.5294117647058824,True,2023-04,1,473,1
HA,HNL,LIH,2023,4,870,22,14,4.0,frozenset({323}),323,0.6363636363636364,True,2023-04,2,275,3
B6,DCA,FLL,2023,4,1000,30,20,3.0,frozenset({1579}),1579,0.6666666666666666,True,2023-04,1,474,1
B6,FLL,JFK,2023,4,760,29,16,4.0,frozenset({602}),602,0.5517241379310345,True,2023-04,1,475,1
B6,EWR,MCO,2023,4,1260,18,10,3.0,frozenset({227}),227,0.5555555555555556,True,2023-04,1,476,1
HA,OGG,HNL,2023,4,615,59,44,0.0,"frozenset({185, 195})",185,0.7457627118644068,True,2023-04,1,477,1
B6,FLL,HPN,2023,4,1224,30,19,4.0,frozenset({914}),914,0.6333333333333333,True,2023-04,1,478,1
DL,FLL,JFK,2023,4,1199,30,20,5.0,frozenset({1684}),1684,0.6666666666666666,True,2023-04,1,479,1
B6,FLL,EWR,2023,4,1215,30,18,2.0,frozenset({1106}),1106,0.6,True,2023-04,1,480,1
B6,FLL,EWR,2023,4,1070,30,16,2.0,frozenset({606}),606,0.5333333333333333,True,2023-04,1,481,1
B6,FLL,EWR,2023,4,900,30,17,6.0,frozenset({106}),106,0.5666666666666667,True,2023-04,1,482,1
DL,FLL,DTW,2023,4,1015,10,8,3.0,frozenset({2993}),2993,0.8,True,2023-04,1,483,1
DL,FLL,BOS,2023,4,1199,21,13,3.0,frozenset({2274}),2274,0.6190476190476191,True,2023-04,1,484,1
B6,FLL,DCA,2023,4,1065,25,13,3.0,frozenset({1880}),1880,0.52,True,2023-04,1,485,1
F9,CVG,MIA,2023,4,1199,13,7,0.0,"frozenset({1771, 1773})",1771,0.5384615384615384,True,2023-04,1,486,1
WN,LAX,LAS,2023,4,835,23,13,1.0,"frozenset({570, 3299, 2246})",2246,0.5652173913043478,True,2023-04,1,487,1
NK,ACY,FLL,2023,4,1167,25,20,4.0,frozenset({398}),398,0.8,True,2023-04,1,488,1
B6,FLL,BNA,2023,4,1055,26,17,4.0,frozenset({381}),381,0.6538461538461539,True,2023-04,1,489,1
HA,OGG,HNL,2023,4,580,59,31,1.0,"frozenset({165, 175})",175,0.5254237288135594,True,2023-04,1,490,1
B6,MIA,JFK,2023,4,895,27,16,2.0,frozenset({2392}),2392,0.5925925925925926,True,2023-04,1,491,1
WN,LAS,SLC,2023,4,1330,23,12,0.0,"frozenset({1201, 2677, 1677})",2677,0.5217391304347826,True,2023-04,1,492,1
B6,MIA,JFK,2023,4,1047,30,20,0.0,frozenset({2892}),2892,0.6666666666666666,True,2023-04,2,276,2
B6,MIA,JFK,2023,4,1255,30,17,3.0,frozenset({2092}),2092,0.5666666666666667,True,2023-04,1,493,1
MQ,AUS,MIA,2023,4,1001,30,17,0.0,"frozenset({3473, 3302})",3473,0.5666666666666667,True,2023-04,1,494,1
B6,FLL,ATL,2023,4,1240,30,21,4.0,frozenset({568}),568,0.7,True,2023-04,1,495,1
WN,LAS,SLC,2023,4,1040,17,12,1.0,"frozenset({2961, 2095})",2961,0.7058823529411765,True,2023-04,1,496,1
AA,DFW,BOS,2023,4,1155,29,15,0.0,frozenset({1366}),1366,0.5172413793103449,True,2023-04,1,497,1
HA,OGG,LAS,2023,4,865,30,17,0.0,frozenset({32}),32,0.5666666666666667,True,2023-04,1,498,2
HA,OGG,KOA,2023,4,775,30,18,0.0,frozenset({330}),330,0.6,True,2023-04,1,499,1
HA,OGG,HNL,2023,4,930,52,30,6.0,"frozenset({325, 335})",325,0.5769230769230769,True,2023-04,1,500,1
HA,OGG,HNL,2023,4,855,58,37,0.0,"frozenset({275, 285})",285,0.6379310344827587,True,2023-04,2,285,3
HA,OGG,HNL,2023,4,798,30,28,0.0,frozenset({265}),265,0.9333333333333333,True,2023-04,2,200,3
B6,FLL,BDL,2023,4,1225,30,17,3.0,frozenset({460}),460,0.5666666666666667,True,2023-04,2,270,2
NK,PHL,MCO,2023,4,1295,26,14,4.0,frozenset({618}),618,0.5384615384615384,True,2023-04,1,501,1
HA,OGG,HNL,2023,4,890,29,17,2.0,frozenset({305}),305,0.5862068965517241,True,2023-04,2,288,2
WN,OAK,LAS,2023,4,815,23,12,1.0,"frozenset({948, 1500, 1301})",1500,0.5217391304347826,True,2023-04,1,502,1
B6,LAS,JFK,2023,4,1367,30,16,0.0,frozenset({948}),948,0.5333333333333333,True,2023-04,1,503,1
WN,STL,CMH,2023,4,1180,14,8,0.0,frozenset({1689}),1689,0.5714285714285714,True,2023-04,1,504,1
DL,MIA,ATL,2023,4,1180,17,9,0.0,frozenset({1328}),1328,0.5294117647058824,True,2023-04,1,505,3
B6,LAS,FLL,2023,4,1439,30,16,3.0,frozenset({608}),608,0.5333333333333333,True,2023-04,1,506,1
WN,SNA,AUS,2023,4,870,21,11,1.0,"frozenset({1280, 3526})",1280,0.5238095238095238,True,2023-04,1,507,1
DL,MIA,ATL,2023,4,1090,30,17,0.0,frozenset({1386}),1386,0.5666666666666667,True,2023-04,1,508,1
NK,IAH,ORD,2023,4,1227,26,14,0.0,frozenset({821}),821,0.5384615384615384,True,2023-04,1,509,1
NK,LAS,ATL,2023,4,1370,25,15,1.0,frozenset({1362}),1362,0.6,True,2023-04,1,510,1
NK,LAS,IAH,2023,4,1065,26,15,0.0,frozenset({1292}),1292,0.5769230769230769,True,2023-04,1,511,1
NK,LAS,ORD,2023,4,834,30,18,2.0,frozenset({1293}),1293,0.6,True,2023-04,1,512,1
B6,MCO,DCA,2023,4,995,30,16,0.0,frozenset({24}),24,0.5333333333333333,True,2023-04,1,513,1
B6,JFK,SMF,2023,4,1120,30,16,1.0,frozenset({161}),161,0.5333333333333333,True,2023-04,1,514,1
NK,LGA,MCO,2023,4,1199,28,15,2.0,frozenset({475}),475,0.5357142857142857,True,2023-04,1,515,1
NK,MCO,ACY,2023,4,1296,27,14,1.0,frozenset({2158}),2158,0.5185185185185185,True,2023-04,1,516,1
NK,IAH,FLL,2023,4,1160,25,14,3.0,frozenset({1525}),1525,0.56,True,2023-04,1,517,1
NK,DFW,MCO,2023,4,1168,13,9,1.0,frozenset({391}),391,0.6923076923076923,True,2023-04,2,196,2
NK,DFW,FLL,2023,4,1068,22,14,2.0,frozenset({3060}),3060,0.6363636363636364,True,2023-04,2,194,2
NK,MCO,BNA,2023,4,975,29,15,0.0,"frozenset({2081, 2434})",2434,0.5172413793103449,True,2023-04,1,518,1
NK,MCO,BOS,2023,4,860,17,9,0.0,frozenset({2085}),2085,0.5294117647058824,True,2023-04,1,519,1
NK,MCO,BOS,2023,4,960,19,16,1.0,frozenset({103}),103,0.8421052631578947,True,2023-04,1,520,1
WN,SFO,LAS,2023,4,795,14,10,2.0,frozenset({2419}),2419,0.7142857142857143,True,2023-04,1,521,2
NK,MCO,BWI,2023,4,634,13,7,0.0,"frozenset({625, 2005})",2005,0.5384615384615384,True,2023-04,1,522,1
NK,MCO,BWI,2023,4,1180,12,12,0.0,"frozenset({625, 2078})",2078,1.0,True,2023-04,1,523,1
WN,SFO,BUR,2023,4,1245,23,12,2.0,"frozenset({2154, 1687})",2154,0.5217391304347826,True,2023-04,1,524,2
NK,MCO,CLE,2023,4,1323,25,15,3.0,frozenset({432}),432,0.6,True,2023-04,2,214,2
NK,DFW,ATL,2023,4,985,26,14,0.0,frozenset({2702}),2702,0.5384615384615384,True,2023-04,1,525,1
NK,MCO,CLT,2023,4,1054,30,20,0.0,frozenset({3801}),3801,0.6666666666666666,True,2023-04,1,526,1
F9,ATL,MIA,2023,4,1140,17,11,1.0,frozenset({1514}),1514,0.6470588235294118,True,2023-04,2,343,2
B6,JFK,RDU,2023,4,1200,25,13,0.0,"frozenset({1385, 1595})",1385,0.52,True,2023-04,1,527,1
WN,RNO,SAN,2023,4,1080,14,8,0.0,frozenset({1441}),1441,0.5714285714285714,True,2023-04,1,528,1
NK,MCO,AUS,2023,4,1324,17,11,0.0,frozenset({218}),218,0.6470588235294118,True,2023-04,2,199,2
NK,FLL,TPA,2023,4,1351,26,18,3.0,frozenset({1555}),1555,0.6923076923076923,True,2023-04,2,250,2
NK,FLL,SJU,2023,4,1060,13,8,1.0,frozenset({1524}),1524,0.6153846153846154,True,2023-04,1,529,1
NK,FLL,RDU,2023,4,1140,26,14,5.0,frozenset({1366}),1366,0.5384615384615384,True,2023-04,1,530,1
NK,FLL,ATL,2023,4,1275,26,16,2.0,frozenset({1232}),1232,0.6153846153846154,True,2023-04,1,531,1
NK,FLL,AUS,2023,4,939,21,13,5.0,frozenset({517}),517,0.6190476190476191,True,2023-04,1,532,1
YX,JFK,BOS,2023,4,1050,21,11,1.0,frozenset({5615}),5615,0.5238095238095238,True,2023-04,1,533,1
NK,EWR,MYR,2023,4,650,26,14,0.0,frozenset({1159}),1159,0.5384615384615384,True,2023-04,1,534,1
NK,FLL,BNA,2023,4,1349,30,22,4.0,frozenset({297}),297,0.7333333333333333,True,2023-04,1,535,1
NK,FLL,BOS,2023,4,1301,26,19,4.0,frozenset({616}),616,0.7307692307692307,True,2023-04,1,536,1
NK,FLL,BQN,2023,4,1365,26,15,2.0,frozenset({371}),371,0.5769230769230769,True,2023-04,1,537,1
DL,MIA,RDU,2023,4,1184,21,12,0.0,frozenset({1771}),1771,0.5714285714285714,True,2023-04,1,538,1
B6,MCO,BOS,2023,4,1290,30,19,1.0,frozenset({1952}),1952,0.6333333333333333,True,2023-04,2,229,2
NK,FLL,DFW,2023,4,1115,25,15,2.0,frozenset({1966}),1966,0.6,True,2023-04,1,539,1
NK,EWR,MIA,2023,4,1185,30,20,1.0,frozenset({3120}),3120,0.6666666666666666,True,2023-04,1,540,1
NK,FLL,EWR,2023,4,901,29,15,5.0,frozenset({1520}),1520,0.5172413793103449,True,2023-04,2,226,2
NK,FLL,EWR,2023,4,1247,30,17,2.0,frozenset({1777}),1777,0.5666666666666667,True,2023-04,1,541,1
NK,FLL,IAH,2023,4,1060,29,16,3.0,frozenset({1245}),1245,0.5517241379310345,True,2023-04,1,542,1
NK,FLL,IAH,2023,4,1305,26,14,2.0,frozenset({352}),352,0.5384615384615384,True,2023-04,1,543,1
NK,EWR,MCO,2023,4,990,17,9,0.0,frozenset({1399}),1399,0.5294117647058824,True,2023-04,1,544,1
B6,LGA,FLL,2023,4,1260,25,16,5.0,frozenset({571}),571,0.64,True,2023-04,1,545,1
NK,FLL,PIT,2023,4,1257,30,17,2.0,frozenset({1505}),1505,0.5666666666666667,True,2023-04,1,546,1
NK,FLL,PHL,2023,4,1270,26,17,2.0,frozenset({2181}),2181,0.6538461538461539,True,2023-04,1,547,1
B6,LAX,CHS,2023,4,1305,30,19,1.0,frozenset({2218}),2218,0.6333333333333333,True,2023-04,2,253,2
NK,FLL,ORD,2023,4,1170,26,18,2.0,frozenset({42}),42,0.6923076923076923,True,2023-04,1,548,1
NK,FLL,MYR,2023,4,880,26,17,2.0,frozenset({209}),209,0.6538461538461539,True,2023-04,1,549,1
NK,FLL,MYR,2023,4,825,11,7,1.0,frozenset({301}),301,0.6363636363636364,True,2023-04,1,550,1
NK,MCO,DFW,2023,4,991,13,8,1.0,frozenset({390}),390,0.6153846153846154,True,2023-04,2,210,2
NK,EWR,FLL,2023,4,1136,30,20,6.0,frozenset({1776}),1776,0.6666666666666666,True,2023-04,2,255,2
NK,FLL,MCO,2023,4,1265,27,19,3.0,frozenset({676}),676,0.7037037037037037,True,2023-04,2,222,2
DL,MIA,JFK,2023,4,1194,21,14,0.0,frozenset({391}),391,0.6666666666666666,True,2023-04,1,551,1
NK,EWR,IAH,2023,4,1205,26,15,2.0,frozenset({703}),703,0.5769230769230769,True,2023-04,1,552,1
NK,FLL,LAX,2023,4,1050,25,16,5.0,frozenset({339}),339,0.64,True,2023-04,1,553,1
NK,FLL,LAS,2023,4,1370,26,15,3.0,frozenset({777}),777,0.5769230769230769,True,2023-04,1,554,1
B6,LGA,FLL,2023,4,1190,28,15,4.0,frozenset({471}),471,0.5357142857142857,True,2023-04,1,555,1
NK,FLL,MSY,2023,4,1187,13,7,1.0,frozenset({1526}),1526,0.5384615384615384,True,2023-04,2,221,2
NK,PHL,MCO,2023,4,1160,17,13,2.0,frozenset({753}),753,0.7647058823529411,True,2023-04,1,556,1
NK,MCO,DFW,2023,4,1332,23,14,0.0,frozenset({1015}),1015,0.6086956521739131,True,2023-04,2,205,2
B6,JFK,PSE,2023,4,1319,28,18,4.0,frozenset({745}),745,0.6428571428571429,True,2023-04,1,557,1
B6,JFK,JAX,2023,4,1290,30,17,2.0,frozenset({1277}),1277,0.5666666666666667,True,2023-04,1,558,1
F9,ATL,SFO,2023,4,1165,29,15,1.0,"frozenset({1523, 1525})",1523,0.5172413793103449,True,2023-04,2,375,2
NK,MCO,PIT,2023,4,1089,15,8,0.0,frozenset({722}),722,0.5333333333333333,True,2023-04,2,323,2
NK,BOS,MCO,2023,4,1095,21,14,1.0,"frozenset({433, 2086})",2086,0.6666666666666666,True,2023-04,1,559,1
NK,MCO,RDU,2023,4,1005,19,11,1.0,frozenset({2006}),2006,0.5789473684210527,True,2023-04,1,560,1
NK,MCO,SDF,2023,4,1205,26,14,1.0,frozenset({1778}),1778,0.5384615384615384,True,2023-04,1,561,1
NK,BOS,MCO,2023,4,911,27,16,0.0,"frozenset({433, 2046})",2046,0.5925925925925926,True,2023-04,1,562,1
NK,BOS,MCO,2023,4,780,16,10,0.0,frozenset({433}),433,0.625,True,2023-04,1,563,1
NK,BOS,MCO,2023,4,710,22,15,0.0,frozenset({126}),126,0.6818181818181818,True,2023-04,1,564,1
B6,JFK,FLL,2023,4,1290,30,17,2.0,frozenset({1501}),1501,0.5666666666666667,True,2023-04,1,565,1
B6,JFK,FLL,2023,4,1079,30,17,4.0,frozenset({2901}),2901,0.5666666666666667,True,2023-04,1,566,1
NK,MEM,LAS,2023,4,1070,11,7,0.0,frozenset({3373}),3373,0.6363636363636364,True,2023-04,1,567,1
NK,MIA,ATL,2023,4,1288,30,16,2.0,frozenset({1826}),1826,0.5333333333333333,True,2023-04,1,568,1
WN,ONT,LAS,2023,4,980,14,8,0.0,frozenset({353}),353,0.5714285714285714,True,2023-04,1,569,1
NK,BOS,TPA,2023,4,982,26,17,1.0,frozenset({1161}),1161,0.6538461538461539,True,2023-04,1,570,1
WN,LAS,ORD,2023,4,795,14,9,0.0,frozenset({1167}),1167,0.6428571428571429,True,2023-04,1,571,2
DL,LGA,PBI,2023,4,1160,28,15,2.0,frozenset({892}),892,0.5357142857142857,True,2023-04,1,572,1
NK,MIA,EWR,2023,4,1192,30,16,0.0,frozenset({3119}),3119,0.5333333333333333,True,2023-04,1,573,1
WN,OKC,LAS,2023,4,895,17,9,0.0,"frozenset({3929, 6517})",6517,0.5294117647058824,True,2023-04,1,574,1
WN,OGG,HNL,2023,4,645,30,19,0.0,"frozenset({3701, 1271})",1271,0.6333333333333333,True,2023-04,1,575,1
NK,MSY,FLL,2023,4,835,17,9,2.0,frozenset({1527}),1527,0.5294117647058824,True,2023-04,2,262,2
NK,MSY,FLL,2023,4,1305,13,7,1.0,frozenset({1527}),1527,0.5384615384615384,True,2023-04,2,262,2
NK,MYR,ACY,2023,4,1040,11,6,1.0,frozenset({292}),292,0.5454545454545454,True,2023-04,1,576,1
B6,JFK,BQN,2023,4,510,30,16,6.0,frozenset({2539}),2539,0.5333333333333333,True,2023-04,1,577,1
NK,MYR,EWR,2023,4,1043,19,10,1.0,frozenset({55}),55,0.5263157894736842,True,2023-04,1,578,1
NK,ORD,FLL,2023,4,1224,26,17,3.0,frozenset({425}),425,0.6538461538461539,True,2023-04,1,579,1
NK,BNA,MCO,2023,4,1100,29,18,0.0,"frozenset({2082, 2435})",2435,0.6206896551724138,True,2023-04,1,580,1
B6,MCO,PSE,2023,4,1065,28,15,2.0,frozenset({767}),767,0.5357142857142857,True,2023-04,1,581,1
NK,ORF,FLL,2023,4,1078,30,16,4.0,frozenset({1889}),1889,0.5333333333333333,True,2023-04,1,582,1
NK,PHL,FLL,2023,4,1150,26,16,3.0,frozenset({877}),877,0.6153846153846154,True,2023-04,1,583,1
NK,MIA,DTW,2023,4,1221,26,15,0.0,frozenset({3055}),3055,0.5769230769230769,True,2023-04,1,584,1
NK,MCO,PHL,2023,4,1256,26,16,2.0,frozenset({1212}),1212,0.6153846153846154,True,2023-04,2,326,2
NK,MCO,PHL,2023,4,1166,26,17,0.0,frozenset({621}),621,0.6538461538461539,True,2023-04,2,329,2
WN,ORD,LAS,2023,4,1170,23,17,0.0,"frozenset({1168, 3182, 3334})",3334,0.7391304347826086,True,2023-04,1,585,2
NK,MCO,DTW,2023,4,1030,21,13,0.0,frozenset({1709}),1709,0.6190476190476191,True,2023-04,2,311,2
NK,MCO,DTW,2023,4,1245,29,18,1.0,"frozenset({336, 1222})",1222,0.6206896551724138,True,2023-04,2,308,2
B6,JFK,PBI,2023,4,1265,24,13,1.0,frozenset({1654}),1654,0.5416666666666666,True,2023-04,1,586,1
B6,JFK,PBI,2023,4,1064,30,21,4.0,frozenset({1853}),1853,0.7,True,2023-04,1,587,1
AA,CLT,CHS,2023,4,1377,25,14,1.0,"frozenset({2732, 1685})",2732,0.56,True,2023-04,1,588,1
NK,MCO,EWR,2023,4,1095,30,17,4.0,frozenset({1400}),1400,0.5666666666666667,True,2023-04,1,589,1
NK,MCO,EWR,2023,4,1234,19,15,0.0,frozenset({1909}),1909,0.7894736842105263,True,2023-04,1,590,1
B6,MCO,JFK,2023,4,878,30,19,3.0,frozenset({384}),384,0.6333333333333333,True,2023-04,1,591,1
B6,MCO,JFK,2023,4,995,30,19,2.0,frozenset({2884}),2884,0.6333333333333333,True,2023-04,1,592,1
B6,JFK,ONT,2023,4,1170,30,17,2.0,frozenset({355}),355,0.5666666666666667,True,2023-04,2,304,2
NK,MCO,FLL,2023,4,1239,30,18,3.0,frozenset({675}),675,0.6,True,2023-04,2,300,2
B6,MCO,JFK,2023,4,1086,30,20,0.0,frozenset({1284}),1284,0.6666666666666666,True,2023-04,1,593,1
B6,MCO,JFK,2023,4,1275,30,23,2.0,frozenset({884}),884,0.7666666666666667,True,2023-04,1,594,1
NK,MCO,LAS,2023,4,1245,15,11,0.0,frozenset({1137}),1137,0.7333333333333333,True,2023-04,1,595,2
B6,JFK,MIA,2023,4,1220,30,20,5.0,frozenset({2193}),2193,0.6666666666666666,True,2023-04,1,596,1
B6,JFK,MIA,2023,4,803,30,17,0.0,frozenset({2993}),2993,0.5666666666666667,True,2023-04,1,597,1
NK,CLT,LGA,2023,4,1215,30,22,3.0,frozenset({1353}),1353,0.7333333333333333,True,2023-04,1,598,1
NK,MCO,PHL,2023,4,950,17,10,0.0,frozenset({358}),358,0.5882352941176471,True,2023-04,1,599,1
AA,CLT,FLL,2023,4,1348,26,15,3.0,frozenset({2202}),2202,0.5769230769230769,True,2023-04,1,600,1
B6,JFK,MCO,2023,4,645,31,16,2.0,"frozenset({83, 383})",383,0.5161290322580645,True,2023-04,1,601,1
B6,JFK,MCO,2023,4,1140,30,21,0.0,frozenset({283}),283,0.7,True,2023-04,1,602,1
B6,JFK,MCO,2023,4,1230,30,28,3.0,frozenset({2583}),2583,0.9333333333333333,True,2023-04,2,327,2
B6,JFK,MCO,2023,4,1315,30,22,1.0,frozenset({2183}),2183,0.7333333333333333,True,2023-04,2,328,2
NK,CMH,LAS,2023,4,915,30,18,1.0,frozenset({205}),205,0.6,True,2023-04,2,307,2
NK,BWI,FLL,2023,4,1095,25,17,3.0,frozenset({1896}),1896,0.68,True,2023-04,1,603,1
NK,BWI,MCO,2023,4,1125,22,12,1.0,frozenset({2077}),2077,0.5454545454545454,True,2023-04,1,604,1
NK,MCO,MSY,2023,4,1350,21,11,0.0,frozenset({555}),555,0.5238095238095238,True,2023-04,1,605,1
NK,MCO,MHT,2023,4,1165,12,7,3.0,frozenset({2047}),2047,0.5833333333333334,True,2023-04,1,606,1
NK,CLE,LAS,2023,4,1070,26,15,2.0,frozenset({1069}),1069,0.5769230769230769,True,2023-04,1,607,1
NK,MCO,MEM,2023,4,1280,26,14,3.0,frozenset({2866}),2866,0.5384615384615384,True,2023-04,2,317,5
NK,MCO,MCI,2023,4,1287,26,17,0.0,frozenset({1198}),1198,0.6538461538461539,True,2023-04,1,608,1
F9,ATL,PHX,2023,4,1259,28,15,0.0,frozenset({1563}),1563,0.5357142857142857,True,2023-04,4,16,4
NK,BOS,FLL,2023,4,1191,23,20,4.0,"frozenset({611, 615})",615,0.8695652173913043,True,2023-04,1,609,1
NK,FLL,ACY,2023,4,960,26,20,4.0,frozenset({397}),397,0.7692307692307693,True,2023-04,1,610,1
WN,FLL,MSY,2023,4,1175,28,16,2.0,"frozenset({1626, 3549, 2735})",1626,0.5714285714285714,True,2023-04,1,611,1
WN,LAS,HOU,2023,4,930,19,10,0.0,"frozenset({2778, 2043})",2778,0.5263157894736842,True,2023-04,1,612,1
AA,DFW,PHL,2023,4,1047,30,16,2.0,frozenset({2334}),2334,0.5333333333333333,True,2023-04,1,613,1
WN,LAS,IND,2023,4,1090,14,8,0.0,frozenset({353}),353,0.5714285714285714,True,2023-04,1,614,1
UA,FLL,IAH,2023,4,1019,40,21,4.0,"frozenset({1410, 380})",1410,0.525,True,2023-04,1,615,1
F9,STL,LAS,2023,4,1331,13,8,1.0,"frozenset({2097, 2095})",2097,0.6153846153846154,True,2023-04,1,616,1
F9,PHX,DFW,2023,4,790,11,6,0.0,frozenset({2704}),2704,0.5454545454545454,True,2023-04,1,617,1
WN,BWI,BDL,2023,4,1315,25,13,0.0,"frozenset({376, 3659, 3621, 1807})",1807,0.52,True,2023-04,1,618,1
AA,MIA,TPA,2023,4,1222,16,9,0.0,frozenset({2506}),2506,0.5625,True,2023-04,1,619,1
AS,FLL,SAN,2023,4,1170,17,9,3.0,frozenset({481}),481,0.5294117647058824,True,2023-04,1,620,1
WN,FLL,BWI,2023,4,1075,31,18,3.0,"frozenset({704, 553, 1758, 1183})",704,0.5806451612903226,True,2023-04,1,621,1
F9,FLL,PHL,2023,4,1209,13,7,2.0,"frozenset({2296, 2298, 2294})",2294,0.5384615384615384,True,2023-04,1,622,1
UA,FLL,EWR,2023,4,1193,30,17,6.0,frozenset({1972}),1972,0.5666666666666667,True,2023-04,1,623,1
F9,STL,MCO,2023,4,1229,25,13,0.0,"frozenset({1210, 1212})",1210,0.52,True,2023-04,1,624,1
F9,MCO,PHL,2023,4,1235,29,16,0.0,frozenset({1164}),1164,0.5517241379310345,True,2023-04,1,625,1
WN,BUR,LAS,2023,4,840,20,12,1.0,"frozenset({1968, 156})",1968,0.6,True,2023-04,1,626,1
WN,BWI,DAL,2023,4,1195,19,11,1.0,"frozenset({2993, 473})",473,0.5789473684210527,True,2023-04,1,627,1
B6,RSW,EWR,2023,4,1016,30,16,3.0,frozenset({1812}),1812,0.5333333333333333,True,2023-04,1,628,1
WN,IAH,BNA,2023,4,1025,11,6,0.0,"frozenset({3785, 1245, 590})",1245,0.5454545454545454,True,2023-04,1,629,1
UA,EWR,SRQ,2023,4,1252,30,16,2.0,"frozenset({320, 2013, 1805})",320,0.5333333333333333,True,2023-04,1,630,1
WN,LAS,LAX,2023,4,715,14,10,1.0,frozenset({2245}),2245,0.7142857142857143,True,2023-04,1,631,2
WN,BWI,DEN,2023,4,1305,24,15,1.0,"frozenset({1961, 2634, 3060})",1961,0.625,True,2023-04,1,632,1
WN,BWI,FLL,2023,4,1105,19,13,3.0,"frozenset({2176, 1544, 6537})",1544,0.6842105263157895,True,2023-04,1,633,1
WN,BWI,FLL,2023,4,1170,26,17,4.0,"frozenset({2176, 2657, 1418, 2349})",2349,0.6538461538461539,True,2023-04,1,634,1
WN,LAS,LAX,2023,4,1015,21,12,0.0,"frozenset({4189, 3863})",3863,0.5714285714285714,True,2023-04,1,635,2
UA,EWR,SJU,2023,4,1199,30,16,1.0,frozenset({1543}),1543,0.5333333333333333,True,2023-04,1,636,1
F9,MCO,IAH,2023,4,1150,17,13,0.0,frozenset({1251}),1251,0.7647058823529411,True,2023-04,2,254,2
WN,LAS,LAX,2023,4,1245,25,13,0.0,"frozenset({2637, 3697, 1943, 3610, 2684})",3610,0.52,True,2023-04,1,637,1
B6,BNA,FLL,2023,4,1185,26,15,4.0,frozenset({282}),282,0.5769230769230769,True,2023-04,1,638,1
F9,DEN,SEA,2023,4,1160,13,7,0.0,frozenset({425}),425,0.5384615384615384,True,2023-04,1,639,1
WN,BWI,MCO,2023,4,1070,13,7,2.0,"frozenset({2129, 1546, 2943})",2129,0.5384615384615384,True,2023-04,1,640,1
WN,FLL,BWI,2023,4,1315,18,10,3.0,"frozenset({1545, 2428})",1545,0.5555555555555556,True,2023-04,1,641,1
AA,ORD,ATL,2023,4,1165,26,18,0.0,frozenset({2951}),2951,0.6923076923076923,True,2023-04,1,642,1
WN,FLL,AUS,2023,4,1165,28,18,2.0,"frozenset({824, 2921, 2259, 2819})",2921,0.6428571428571429,True,2023-04,1,643,1
AA,DFW,MEM,2023,4,1284,29,16,2.0,frozenset({1758}),1758,0.5517241379310345,True,2023-04,1,644,1
WN,ABQ,PHX,2023,4,1135,14,8,0.0,frozenset({5885}),5885,0.5714285714285714,True,2023-04,1,645,1
F9,PBI,PHL,2023,4,1032,28,17,1.0,frozenset({2346}),2346,0.6071428571428571,True,2023-04,2,237,2
AA,PHX,SBA,2023,4,665,27,14,0.0,frozenset({2461}),2461,0.5185185185185185,True,2023-04,1,646,1
WN,ATL,FLL,2023,4,1020,14,9,2.0,frozenset({1132}),1132,0.6428571428571429,True,2023-04,1,647,1
F9,DFW,PHL,2023,4,59,10,6,0.0,frozenset({2300}),2300,0.6,True,2023-04,1,648,1
F9,PHL,DFW,2023,4,1278,11,6,0.0,"frozenset({2301, 2303})",2303,0.5454545454545454,True,2023-04,1,649,1
DL,DTW,FLL,2023,4,765,10,6,2.0,frozenset({2993}),2993,0.6,True,2023-04,1,650,1
AA,DFW,MCO,2023,4,1238,29,15,0.0,frozenset({1336}),1336,0.5172413793103449,True,2023-04,1,651,1
B6,SYR,MCO,2023,4,1005,30,16,0.0,frozenset({55}),55,0.5333333333333333,True,2023-04,1,652,1
WN,LAS,CMH,2023,4,750,22,13,1.0,"frozenset({1384, 1516, 2928})",2928,0.5909090909090909,True,2023-04,1,653,1
F9,SJU,BDL,2023,4,952,29,22,1.0,frozenset({114}),114,0.7586206896551724,True,2023-04,2,315,3
WN,DEN,TUS,2023,4,990,20,12,2.0,"frozenset({2897, 997})",997,0.6,True,2023-04,1,654,1
WN,ATL,TPA,2023,4,1305,20,11,1.0,"frozenset({1322, 1518})",1322,0.55,True,2023-04,1,655,1
WN,LAS,AUS,2023,4,955,23,13,1.0,"frozenset({409, 2505, 2246})",2246,0.5652173913043478,True,2023-04,1,656,2
WN,AUS,DEN,2023,4,1340,16,10,0.0,"frozenset({2921, 2284})",2921,0.625,True,2023-04,1,657,1
AA,RDU,MIA,2023,4,1085,22,12,1.0,frozenset({1891}),1891,0.5454545454545454,True,2023-04,1,658,1
F9,SFO,LAS,2023,4,1382,30,17,0.0,frozenset({2078}),2078,0.5666666666666667,True,2023-04,2,302,2
B6,SAN,FLL,2023,4,1305,30,16,2.0,frozenset({530}),530,0.5333333333333333,True,2023-04,1,659,1
UA,IAD,EWR,2023,4,1041,17,10,0.0,frozenset({2398}),2398,0.5882352941176471,True,2023-04,1,660,1
WN,KOA,HNL,2023,4,625,30,17,1.0,"frozenset({2187, 3692})",2187,0.5666666666666667,True,2023-04,1,661,1
UA,PBI,EWR,2023,4,1017,30,18,1.0,frozenset({2209}),2209,0.6,True,2023-04,1,662,1
AA,ORD,EWR,2023,4,1154,22,12,0.0,frozenset({2918}),2918,0.5454545454545454,True,2023-04,1,663,1
WN,LAS,ABQ,2023,4,1220,14,8,1.0,frozenset({2389}),2389,0.5714285714285714,True,2023-04,1,664,1
AA,DFW,OKC,2023,4,1364,25,14,0.0,"frozenset({1565, 2734})",2734,0.56,True,2023-04,1,665,1
WN,FLL,ATL,2023,4,1170,28,19,2.0,"frozenset({688, 2976})",2976,0.6785714285714286,True,2023-04,1,666,1
F9,PHL,PHX,2023,4,1249,18,10,0.0,frozenset({2335}),2335,0.5555555555555556,True,2023-04,3,122,3
WN,AUS,SMF,2023,4,1275,14,10,0.0,frozenset({2247}),2247,0.7142857142857143,True,2023-04,1,667,1
F9,FLL,ATL,2023,4,967,17,11,1.0,frozenset({1363}),1363,0.6470588235294118,True,2023-04,1,668,1
F9,MIA,ATL,2023,4,1311,17,11,1.0,"frozenset({1513, 1515})",1513,0.6470588235294118,True,2023-04,1,669,1
B6,MCO,BDL,2023,4,1245,30,16,0.0,frozenset({238}),238,0.5333333333333333,True,2023-04,1,670,1
WN,AUS,FLL,2023,4,1075,14,9,2.0,frozenset({1412}),1412,0.6428571428571429,True,2023-04,1,671,1
F9,FLL,ATL,2023,4,1360,13,9,2.0,frozenset({1365}),1365,0.6923076923076923,True,2023-04,2,373,2
AA,MIA,LAX,2023,4,1195,27,14,0.0,frozenset({2289}),2289,0.5185185185185185,True,2023-04,1,672,1
F9,DFW,PHX,2023,4,1125,11,7,0.0,frozenset({2701}),2701,0.6363636363636364,True,2023-04,1,673,1
AA,EWR,MIA,2023,4,1081,30,19,1.0,"frozenset({1708, 2933})",1708,0.6333333333333333,True,2023-04,1,674,1
B6,ALB,FLL,2023,4,980,30,18,2.0,frozenset({87}),87,0.6,True,2023-04,1,675,2
WN,LAS,OAK,2023,4,935,26,15,0.0,"frozenset({1409, 741, 1478})",1409,0.5769230769230769,True,2023-04,1,676,1
WN,DEN,MDW,2023,4,870,17,9,0.0,"frozenset({235, 2774})",2774,0.5294117647058824,True,2023-04,1,677,1
AS,PDX,ORD,2023,4,40,17,10,5.0,frozenset({554}),554,0.5882352941176471,True,2023-04,1,678,1
G4,TYS,FLL,2023,4,1051,13,7,3.0,"frozenset({1419, 3060, 1399, 1400, 1403, 1406})",1419,0.5384615384615384,True,2023-04,1,679,1
UA,EWR,JAX,2023,4,1269,26,16,3.0,frozenset({1323}),1323,0.6153846153846154,True,2023-04,1,680,1
UA,MIA,EWR,2023,4,1036,30,16,0.0,frozenset({1321}),1321,0.5333333333333333,True,2023-04,1,681,1
WN,DAL,DCA,2023,4,1000,22,12,3.0,"frozenset({3594, 1970, 3051})",3594,0.5454545454545454,True,2023-04,1,682,1
AA,MIA,ATL,2023,4,1187,29,15,0.0,"frozenset({1045, 1006})",1006,0.5172413793103449,True,2023-04,1,683,1
AA,DFW,FLL,2023,4,1147,30,16,3.0,frozenset({1438}),1438,0.5333333333333333,True,2023-04,1,684,1
WN,FLL,TPA,2023,4,1200,14,9,2.0,frozenset({201}),201,0.6428571428571429,True,2023-04,1,685,1
AA,DFW,FLL,2023,4,1237,26,16,3.0,frozenset({934}),934,0.6153846153846154,True,2023-04,1,686,1
WN,BWI,MCO,2023,4,1155,32,19,2.0,"frozenset({333, 2701, 1614, 2520, 3674})",2520,0.59375,True,2023-04,1,687,1
WN,CMH,STL,2023,4,1230,17,11,0.0,"frozenset({3914, 1413})",3914,0.6470588235294118,True,2023-04,1,688,1
WN,DAL,BWI,2023,4,1160,27,14,3.0,"frozenset({1106, 3347, 3341, 3350})",3350,0.5185185185185185,True,2023-04,1,689,1
UA,EWR,MCO,2023,4,1272,30,16,0.0,frozenset({2335}),2335,0.5333333333333333,True,2023-04,1,690,1
AS,SAN,FLL,2023,4,645,17,9,0.0,frozenset({480}),480,0.5294117647058824,True,2023-04,1,691,1
F9,LAS,STL,2023,4,978,13,8,1.0,"frozenset({2096, 2094})",2096,0.6153846153846154,True,2023-04,1,692,1
UA,EWR,DFW,2023,4,1263,30,19,4.0,frozenset({1052}),1052,0.6333333333333333,True,2023-04,1,693,1
WN,FLL,MDW,2023,4,1165,21,13,2.0,"frozenset({2672, 2913})",2913,0.6190476190476191,True,2023-04,1,694,1
B6,PSE,MCO,2023,4,1295,28,15,2.0,frozenset({768}),768,0.5357142857142857,True,2023-04,1,695,1
F9,IAH,LAS,2023,4,1190,13,8,0.0,"frozenset({2139, 2141})",2139,0.6153846153846154,True,2023-04,1,696,1
HA,HNL,JFK,2023,4,955,30,21,0.0,frozenset({50}),50,0.7,True,2023-04,1,697,1
UA,EWR,FLL,2023,4,948,30,16,6.0,frozenset({2067}),2067,0.5333333333333333,True,2023-04,1,698,1
DL,ATL,LIT,2023,4,1385,17,11,0.0,frozenset({2083}),2083,0.6470588235294118,True,2023-04,1,699,1
HA,HNL,ITO,2023,4,705,30,18,1.0,frozenset({252}),252,0.6,True,2023-04,1,700,1
AA,DFW,PDX,2023,4,1345,13,7,1.0,"frozenset({789, 1717})",789,0.5384615384615384,True,2023-04,1,701,1
DL,ATL,MIA,2023,4,1250,17,10,0.0,frozenset({1589}),1589,0.5882352941176471,True,2023-04,1,702,1
WN,FLL,MCO,2023,4,1145,10,6,0.0,"frozenset({1744, 1625, 922, 3666})",1625,0.6,True,2023-04,1,703,1
B6,SJU,MCO,2023,4,1165,30,17,0.0,frozenset({1134}),1134,0.5666666666666667,True,2023-04,2,209,2
AA,FLL,LAX,2023,4,1148,22,14,2.0,"frozenset({345, 2670})",345,0.6363636363636364,True,2023-04,1,704,1
UA,MIA,EWR,2023,4,1166,30,18,1.0,frozenset({2115}),2115,0.6,True,2023-04,1,705,1
WN,DEN,BWI,2023,4,1010,22,12,2.0,"frozenset({437, 3471})",437,0.5454545454545454,True,2023-04,1,706,1
F9,SEA,LAS,2023,4,1333,13,7,0.0,frozenset({2168}),2168,0.5384615384615384,True,2023-04,1,707,1
AA,FLL,DFW,2023,4,943,30,16,3.0,frozenset({1390}),1390,0.5333333333333333,True,2023-04,1,708,1
WN,BWI,PVD,2023,4,1330,20,11,0.0,"frozenset({3433, 1277, 2751})",2751,0.55,True,2023-04,1,709,1
HA,HNL,LIH,2023,4,720,30,19,3.0,frozenset({273}),273,0.6333333333333333,True,2023-04,1,710,1
WN,BWI,MIA,2023,4,1115,25,13,0.0,"frozenset({2392, 462, 2735})",462,0.52,True,2023-04,1,711,1
WN,HOU,AUS,2023,4,1095,14,8,1.0,frozenset({3122}),3122,0.5714285714285714,True,2023-04,1,712,1
UA,EWR,MSY,2023,4,1319,10,8,4.0,"frozenset({514, 301})",514,0.8,True,2023-04,1,713,1
F9,IAH,ATL,2023,4,1296,17,12,0.0,frozenset({1578}),1578,0.7058823529411765,True,2023-04,1,714,1
F9,SAT,MCO,2023,4,1043,13,9,0.0,frozenset({1198}),1198,0.6923076923076923,True,2023-04,1,715,1
WN,FLL,DAL,2023,4,1175,30,19,5.0,"frozenset({2840, 3051})",3051,0.6333333333333333,True,2023-04,1,716,1
DL,ATL,FLL,2023,4,1065,30,16,3.0,frozenset({1670}),1670,0.5333333333333333,True,2023-04,1,717,1
AA,MIA,DFW,2023,4,1280,29,15,0.0,"frozenset({1219, 1950})",1219,0.5172413793103449,True,2023-04,1,718,1
B6,RIC,MCO,2023,4,1115,30,19,0.0,frozenset({169}),169,0.6333333333333333,True,2023-04,1,719,1
G4,FLL,TYS,2023,4,1218,13,8,3.0,"frozenset({3043, 3024, 3026, 1431, 3035})",3035,0.6153846153846154,True,2023-04,1,720,1
UA,EWR,PBI,2023,4,1110,30,16,1.0,frozenset({2446}),2446,0.5333333333333333,True,2023-04,1,721,1
AA,DFW,IAH,2023,4,1345,25,15,1.0,frozenset({2790}),2790,0.6,True,2023-04,1,722,1
UA,EWR,MIA,2023,4,1181,30,17,0.0,frozenset({1388}),1388,0.5666666666666667,True,2023-04,1,723,1
AA,MIA,AUS,2023,4,1276,27,14,0.0,frozenset({1077}),1077,0.5185185185185185,True,2023-04,1,724,1
F9,HOU,LAS,2023,4,797,13,8,0.0,"frozenset({1939, 1941})",1939,0.6153846153846154,True,2023-04,1,725,1
B6,BOS,MCO,2023,4,1024,30,17,2.0,frozenset({51}),51,0.5666666666666667,True,2023-04,1,726,1
UA,MCO,EWR,2023,4,1077,30,20,1.0,frozenset({2397}),2397,0.6666666666666666,True,2023-04,1,727,1
WN,FLL,HOU,2023,4,1175,22,15,2.0,"frozenset({824, 1822, 511})",1822,0.6818181818181818,True,2023-04,1,728,1
UA,EWR,MEM,2023,4,1259,21,12,0.0,frozenset({1854}),1854,0.5714285714285714,True,2023-04,1,729,1
B6,ATL,JFK,2023,4,1245,25,15,0.0,frozenset({1520}),1520,0.6,True,2023-04,2,324,2
G4,LAS,PVU,2023,4,954,14,10,1.0,"frozenset({3217, 1597, 3229, 3223})",1597,0.7142857142857143,True,2023-04,1,730,1
AA,FLL,CLT,2023,4,1155,26,14,2.0,"frozenset({1752, 2963, 469})",1752,0.5384615384615384,True,2023-04,1,731,1
WN,BWI,MHT,2023,4,1315,16,10,1.0,"frozenset({825, 2763})",2763,0.625,True,2023-04,1,732,1
AS,SEA,SFO,2023,5,485,14,10,0.0,frozenset({1132}),1132,0.7142857142857143,True,2023-05,1,733,1
NK,BOI,LAS,2023,5,955,29,18,1.0,frozenset({2513}),2513,0.6206896551724138,True,2023-05,1,734,1
F9,PSE,MCO,2023,5,743,10,6,0.0,"frozenset({137, 4889})",4889,0.6,True,2023-05,1,735,1
AA,PHX,LAS,2023,5,899,22,14,0.0,frozenset({1541}),1541,0.6363636363636364,True,2023-05,1,736,1
UA,SNA,SFO,2023,5,465,31,16,0.0,frozenset({2480}),2480,0.5161290322580645,True,2023-05,1,737,1
WN,ORD,LAS,2023,5,1170,27,18,0.0,"frozenset({1168, 4546, 3334})",3334,0.6666666666666666,True,2023-05,2,585,2
AS,ANC,ORD,2023,5,1325,14,13,0.0,frozenset({138}),138,0.9285714285714286,True,2023-05,1,738,1
AA,DFW,SAT,2023,5,1250,31,16,0.0,frozenset({1406}),1406,0.5161290322580645,True,2023-05,1,739,1
WN,OMA,DEN,2023,5,1045,18,12,0.0,frozenset({2177}),2177,0.6666666666666666,True,2023-05,1,740,1
AA,SLC,DFW,2023,5,952,29,16,0.0,"frozenset({2457, 2065})",2457,0.5517241379310345,True,2023-05,1,741,2
F9,DFW,DEN,2023,5,1388,22,12,1.0,"frozenset({595, 591})",595,0.5454545454545454,True,2023-05,1,742,1
UA,PDX,SFO,2023,5,450,26,14,0.0,frozenset({1596}),1596,0.5384615384615384,True,2023-05,1,743,1
F9,ATL,TTN,2023,5,1291,20,14,0.0,frozenset({858}),858,0.7,True,2023-05,1,744,1
F9,DFW,LAS,2023,5,1079,21,17,0.0,frozenset({2801}),2801,0.8095238095238095,True,2023-05,1,745,1
WN,ONT,PHX,2023,5,1025,26,14,0.0,"frozenset({2224, 1850})",2224,0.5384615384615384,True,2023-05,1,746,1
AA,DFW,PNS,2023,5,1019,29,15,2.0,frozenset({2671}),2671,0.5172413793103449,True,2023-05,1,747,1
WN,OAK,PHX,2023,5,1310,18,11,1.0,frozenset({757}),757,0.6111111111111112,True,2023-05,1,748,1
F9,ATL,TPA,2023,5,1027,13,7,1.0,"frozenset({1552, 2265})",2265,0.5384615384615384,True,2023-05,1,749,1
WN,LAS,ONT,2023,5,1330,24,18,0.0,"frozenset({3696, 3334})",3334,0.75,True,2023-05,1,750,1
WN,PDX,PHX,2023,5,1245,23,12,0.0,frozenset({2260}),2260,0.5217391304347826,True,2023-05,1,751,1
WN,DEN,MSY,2023,5,1205,23,12,0.0,frozenset({3675}),3675,0.5217391304347826,True,2023-05,1,752,1
AA,MIA,LAX,2023,5,1277,31,17,0.0,frozenset({2468}),2468,0.5483870967741935,True,2023-05,1,753,1
F9,ATL,MCO,2023,5,1364,24,15,0.0,"frozenset({1018, 1012, 1618})",1618,0.625,True,2023-05,1,754,1
NK,LAS,STL,2023,5,1080,27,15,0.0,frozenset({2956}),2956,0.5555555555555556,True,2023-05,1,755,1
AA,MIA,JAX,2023,5,932,11,6,0.0,frozenset({1636}),1636,0.5454545454545454,True,2023-05,1,756,1
NK,IAH,MCO,2023,5,1152,27,15,0.0,frozenset({357}),357,0.5555555555555556,True,2023-05,1,757,2
WN,BWI,SYR,2023,5,1375,23,12,0.0,frozenset({2255}),2255,0.5217391304347826,True,2023-05,1,758,1
F9,IAH,ATL,2023,5,1060,21,13,1.0,frozenset({858}),858,0.6190476190476191,True,2023-05,1,759,1
F9,MCO,DEN,2023,5,1140,22,12,0.0,"frozenset({681, 1761})",1761,0.5454545454545454,True,2023-05,1,760,1
WN,STL,DEN,2023,5,1000,23,12,0.0,frozenset({345}),345,0.5217391304347826,True,2023-05,1,761,1
DL,MIA,ATL,2023,5,1185,16,9,0.0,frozenset({1328}),1328,0.5625,True,2023-05,2,505,3
WN,CMH,DEN,2023,5,1195,27,14,0.0,frozenset({2364}),2364,0.5185185185185185,True,2023-05,1,762,1
F9,ATL,MDW,2023,5,1348,21,18,0.0,frozenset({3762}),3762,0.8571428571428571,True,2023-05,1,763,1
WN,DEN,MDW,2023,5,1075,23,12,1.0,frozenset({2302}),2302,0.5217391304347826,True,2023-05,1,764,1
F9,ATL,IAH,2023,5,1150,21,12,0.0,frozenset({861}),861,0.5714285714285714,True,2023-05,1,765,1
B6,LGA,ATL,2023,5,1199,23,12,0.0,frozenset({2514}),2514,0.5217391304347826,True,2023-05,1,766,3
F9,ATL,DEN,2023,5,1337,16,11,0.0,"frozenset({2299, 2319})",2299,0.6875,True,2023-05,1,767,1
F9,ATL,BWI,2023,5,1364,16,9,0.0,"frozenset({2266, 2268, 2260})",2266,0.5625,True,2023-05,1,768,1
F9,MCO,CLE,2023,5,1316,15,8,0.0,"frozenset({1680, 1674, 1044})",1044,0.5333333333333333,True,2023-05,1,769,1
F9,LAS,SLC,2023,5,1018,10,6,0.0,"frozenset({2854, 2856, 2846})",2846,0.6,True,2023-05,1,770,1
F9,LAS,SFO,2023,5,550,11,9,2.0,"frozenset({2853, 2085, 2079})",2079,0.8181818181818182,True,2023-05,1,771,1
WN,DEN,MCO,2023,5,1110,23,12,0.0,frozenset({1841}),1841,0.5217391304347826,True,2023-05,1,772,1
F9,IAH,DEN,2023,5,1278,19,10,0.0,frozenset({853}),853,0.5263157894736842,True,2023-05,1,773,1
WN,DEN,LAS,2023,5,1350,25,13,1.0,"frozenset({779, 756})",779,0.52,True,2023-05,1,774,1
WN,DEN,LAS,2023,5,1075,23,13,1.0,frozenset({1081}),1081,0.5652173913043478,True,2023-05,1,775,1
F9,IAH,LAS,2023,5,1188,29,19,0.0,"frozenset({161, 2139})",161,0.6551724137931034,True,2023-05,1,776,2
B6,LAS,LAX,2023,5,1223,27,17,2.0,frozenset({1279}),1279,0.6296296296296297,True,2023-05,1,777,1
WN,SFO,SAN,2023,5,1255,24,13,0.0,"frozenset({365, 1447})",365,0.5416666666666666,True,2023-05,1,778,1
WN,SFO,SAN,2023,5,680,23,15,0.0,frozenset({1408}),1408,0.6521739130434783,True,2023-05,1,779,1
F9,MCO,ISP,2023,5,1318,21,11,2.0,frozenset({1650}),1650,0.5238095238095238,True,2023-05,1,780,1
F9,DFW,TPA,2023,5,1219,21,13,0.0,frozenset({4046}),4046,0.6190476190476191,True,2023-05,1,781,1
NK,MCO,MEM,2023,5,1320,12,7,0.0,frozenset({2866}),2866,0.5833333333333334,True,2023-05,3,317,5
WN,ATL,FLL,2023,5,1300,23,15,0.0,frozenset({3311}),3311,0.6521739130434783,True,2023-05,1,782,1
WN,PHX,DEN,2023,5,1030,31,17,1.0,"frozenset({1091, 2419, 2546})",2419,0.5483870967741935,True,2023-05,1,783,1
F9,ONT,DFW,2023,5,719,19,11,0.0,frozenset({2818}),2818,0.5789473684210527,True,2023-05,1,784,1
NK,MCO,LAS,2023,5,1205,15,8,1.0,frozenset({1137}),1137,0.5333333333333333,True,2023-05,2,595,2
WN,PHX,MCI,2023,5,1135,23,12,1.0,frozenset({2224}),2224,0.5217391304347826,True,2023-05,1,785,1
WN,DEN,SFO,2023,5,1110,23,13,1.0,frozenset({365}),365,0.5652173913043478,True,2023-05,1,786,1
WN,PHX,MKE,2023,5,1220,27,16,0.0,"frozenset({968, 1681})",968,0.5925925925925926,True,2023-05,1,787,1
WN,DEN,SEA,2023,5,1125,19,10,0.0,"frozenset({2177, 3819})",2177,0.5263157894736842,True,2023-05,1,788,1
WN,PHX,MSP,2023,5,1160,27,17,0.0,"frozenset({3040, 2664})",3040,0.6296296296296297,True,2023-05,1,789,1
F9,MDW,SFO,2023,5,937,11,6,0.0,frozenset({3765}),3765,0.5454545454545454,True,2023-05,1,790,1
AA,DFW,TUS,2023,5,1150,28,16,1.0,frozenset({1207}),1207,0.5714285714285714,True,2023-05,1,791,1
WN,DEN,PIT,2023,5,1240,23,16,0.0,frozenset({2419}),2419,0.6956521739130435,True,2023-05,1,792,1
WN,PSP,LAS,2023,5,970,27,15,1.0,"frozenset({1080, 1585})",1585,0.5555555555555556,True,2023-05,1,793,1
F9,ATL,ONT,2023,5,589,15,9,0.0,frozenset({2349}),2349,0.6,True,2023-05,1,794,2
F9,MCO,STL,2023,5,1320,21,11,0.0,frozenset({3209}),3209,0.5238095238095238,True,2023-05,1,795,1
AA,ECP,DFW,2023,5,949,31,17,0.0,frozenset({1777}),1777,0.5483870967741935,True,2023-05,1,796,1
WN,BOI,LAS,2023,5,1185,24,13,0.0,"frozenset({2834, 1971})",2834,0.5416666666666666,True,2023-05,1,797,1
WN,SAN,MCI,2023,5,1130,23,13,0.0,frozenset({2083}),2083,0.5652173913043478,True,2023-05,1,798,1
WN,SAN,SFO,2023,5,505,28,15,0.0,"frozenset({3567, 1749, 255})",1749,0.5357142857142857,True,2023-05,1,799,1
WN,SAT,DEN,2023,5,1150,23,12,0.0,frozenset({2189}),2189,0.5217391304347826,True,2023-05,1,800,1
WN,SAT,MCO,2023,5,1120,23,12,0.0,frozenset({2263}),2263,0.5217391304347826,True,2023-05,1,801,1
F9,MCO,PHX,2023,5,1200,17,11,0.0,"frozenset({3525, 3527})",3525,0.6470588235294118,True,2023-05,1,802,1
WN,SFO,BUR,2023,5,1245,26,15,0.0,frozenset({2154}),2154,0.5769230769230769,True,2023-05,2,524,2
WN,SFO,LAS,2023,5,795,23,13,1.0,frozenset({2419}),2419,0.5652173913043478,True,2023-05,2,521,2
B6,JFK,SJU,2023,5,1379,27,14,0.0,frozenset({403}),403,0.5185185185185185,True,2023-05,1,803,4
F9,DFW,SNA,2023,5,1133,11,8,0.0,"frozenset({3773, 3775})",3773,0.7272727272727273,True,2023-05,1,804,1
WN,SAN,LAS,2023,5,810,31,17,2.0,"frozenset({1408, 5457, 781})",1408,0.5483870967741935,True,2023-05,1,805,1
WN,OKC,PHX,2023,5,1150,23,12,0.0,frozenset({1646}),1646,0.5217391304347826,True,2023-05,1,806,1
OO,SFO,SNA,2023,5,620,14,8,0.0,frozenset({3324}),3324,0.5714285714285714,True,2023-05,1,807,1
F9,SLC,DEN,2023,5,1200,11,9,0.0,"frozenset({2850, 2852})",2852,0.8181818181818182,True,2023-05,1,808,1
WN,LAS,MSY,2023,5,1050,18,11,1.0,frozenset({6607}),6607,0.6111111111111112,True,2023-05,1,809,1
AA,DFW,ATL,2023,5,1125,30,16,1.0,frozenset({2237}),2237,0.5333333333333333,True,2023-05,1,810,3
B6,BNA,FLL,2023,5,1110,27,17,0.0,frozenset({182}),182,0.6296296296296297,True,2023-05,1,811,3
UA,DFW,DEN,2023,5,1021,31,22,0.0,frozenset({2655}),2655,0.7096774193548387,True,2023-05,1,812,2
WN,LAX,SAT,2023,5,1110,23,12,0.0,frozenset({1467}),1467,0.5217391304347826,True,2023-05,1,813,1
F9,DEN,CVG,2023,5,1195,21,11,0.0,frozenset({2782}),2782,0.5238095238095238,True,2023-05,1,814,1
OO,BUR,SFO,2023,5,635,31,16,0.0,frozenset({5655}),5655,0.5161290322580645,True,2023-05,1,815,1
WN,LAS,PHX,2023,5,1045,31,16,0.0,"frozenset({3040, 3915, 3344, 1969, 3225})",3040,0.5161290322580645,True,2023-05,1,816,1
UA,DEN,TUL,2023,5,1079,31,16,1.0,"frozenset({419, 741})",741,0.5161290322580645,True,2023-05,1,817,1
F9,SFO,MCO,2023,5,14,19,11,0.0,frozenset({1738}),1738,0.5789473684210527,True,2023-05,1,818,2
OO,BFL,SFO,2023,5,480,31,18,0.0,frozenset({4696}),4696,0.5806451612903226,True,2023-05,1,819,1
F9,SFO,LAS,2023,5,703,13,11,1.0,"frozenset({2080, 2858, 2084})",2858,0.8461538461538461,True,2023-05,1,820,1
WN,LAS,AUS,2023,5,955,27,17,0.0,"frozenset({2505, 2246})",2246,0.6296296296296297,True,2023-05,2,656,2
WN,LAS,OAK,2023,5,1175,23,12,0.0,frozenset({1081}),1081,0.5217391304347826,True,2023-05,1,821,1
F9,SJU,BDL,2023,5,952,10,9,0.0,frozenset({114}),114,0.9,True,2023-05,3,315,3
AA,DFW,CID,2023,5,1273,27,14,1.0,frozenset({1735}),1735,0.5185185185185185,True,2023-05,1,822,1
WN,LAX,LAS,2023,5,1050,18,11,0.0,frozenset({3477}),3477,0.6111111111111112,True,2023-05,1,823,1
B6,JFK,BNA,2023,5,1040,27,15,0.0,frozenset({73}),73,0.5555555555555556,True,2023-05,1,824,1
AA,DFW,DEN,2023,5,1000,29,17,0.0,frozenset({1322}),1322,0.5862068965517241,True,2023-05,1,825,3
F9,SFO,LAS,2023,5,1224,12,7,2.0,"frozenset({2840, 2313, 2848})",2840,0.5833333333333334,True,2023-05,1,826,1
HA,ITO,HNL,2023,5,1004,33,18,0.0,"frozenset({341, 351})",341,0.5454545454545454,True,2023-05,1,827,1
F9,SJU,ATL,2023,5,1063,21,12,0.0,frozenset({4825}),4825,0.5714285714285714,True,2023-05,1,828,2
OO,SAN,SFO,2023,5,495,32,17,0.0,"frozenset({5346, 3426, 3310})",3310,0.53125,True,2023-05,1,829,1
WN,LAS,SAT,2023,5,1010,21,13,0.0,"frozenset({3348, 3198})",3198,0.6190476190476191,True,2023-05,1,830,1
HA,LAS,HNL,2023,5,1110,17,9,0.0,frozenset({5}),5,0.5294117647058824,True,2023-05,1,831,1
OO,PSP,SFO,2023,5,480,43,24,0.0,"frozenset({5997, 3462})",5997,0.5581395348837209,True,2023-05,1,832,1
F9,SJU,BDL,2023,5,907,21,14,0.0,frozenset({4822}),4822,0.6666666666666666,True,2023-05,1,833,2
F9,DEN,LAS,2023,5,1371,20,11,1.0,"frozenset({777, 779})",779,0.55,True,2023-05,1,834,1
WN,LAS,SAT,2023,5,830,23,13,0.0,frozenset({2810}),2810,0.5652173913043478,True,2023-05,1,835,1
UA,DEN,ORF,2023,5,1050,31,18,3.0,"frozenset({1374, 1239})",1239,0.5806451612903226,True,2023-05,1,836,3
AA,DFW,GRR,2023,5,1175,29,16,0.0,frozenset({1555}),1555,0.5517241379310345,True,2023-05,1,837,2
UA,IAH,DFW,2023,5,1207,27,15,2.0,frozenset({2313}),2313,0.5555555555555556,True,2023-05,1,838,2
HA,KOA,HNL,2023,5,855,25,13,0.0,frozenset({297}),297,0.52,True,2023-05,1,839,1
WN,LAS,DAL,2023,5,1055,31,19,0.0,"frozenset({1080, 611, 5077, 3477})",611,0.6129032258064516,True,2023-05,1,840,1
HA,LIH,HNL,2023,5,627,31,20,1.0,frozenset({184}),184,0.6451612903225806,True,2023-05,2,456,2
WN,LAS,MSY,2023,5,895,23,12,0.0,frozenset({2469}),2469,0.5217391304347826,True,2023-05,1,841,1
HA,LIH,HNL,2023,5,795,31,25,0.0,frozenset({264}),264,0.8064516129032258,True,2023-05,3,279,3
HA,KOA,HNL,2023,5,975,31,16,5.0,frozenset({347}),347,0.5161290322580645,True,2023-05,1,842,1
AA,DEN,DFW,2023,5,1117,24,14,0.0,"frozenset({1322, 1347})",1322,0.5833333333333334,True,2023-05,1,843,2
OO,DEN,TUS,2023,5,1139,28,15,2.0,"frozenset({5424, 4804})",5424,0.5357142857142857,True,2023-05,1,844,1
AA,DFW,ICT,2023,5,1359,28,17,0.0,frozenset({2863}),2863,0.6071428571428571,True,2023-05,1,845,1
UA,IAH,AUS,2023,5,1196,27,15,2.0,frozenset({1498}),1498,0.5555555555555556,True,2023-05,1,846,1
UA,DEN,CHS,2023,5,1064,30,18,0.0,frozenset({2637}),2637,0.6,True,2023-05,1,847,1
WN,LAS,BWI,2023,5,865,23,12,0.0,frozenset({2255}),2255,0.5217391304347826,True,2023-05,1,848,1
OO,LAX,SFO,2023,5,495,40,21,0.0,"frozenset({3435, 5540, 4885, 3439})",3439,0.525,True,2023-05,1,849,1
AA,DEN,DFW,2023,5,1012,31,16,2.0,frozenset({1832}),1832,0.5161290322580645,True,2023-05,1,850,3
WN,LAS,LAX,2023,5,1015,27,15,2.0,"frozenset({1679, 3863})",3863,0.5555555555555556,True,2023-05,2,635,2
B6,MCO,SJU,2023,5,1315,24,13,0.0,frozenset({635}),635,0.5416666666666666,True,2023-05,1,851,1
HA,OGG,HNL,2023,5,860,31,18,0.0,frozenset({285}),285,0.5806451612903226,True,2023-05,3,285,3
F9,BDL,ATL,2023,5,1265,10,7,0.0,frozenset({1559}),1559,0.7,True,2023-05,2,419,2
UA,LAS,ORD,2023,5,1114,23,12,0.0,frozenset({1062}),1062,0.5217391304347826,True,2023-05,1,852,1
F9,SFO,DFW,2023,5,1144,11,7,0.0,frozenset({3770}),3770,0.6363636363636364,True,2023-05,1,853,1
B6,FLL,ALB,2023,5,900,15,9,0.0,frozenset({88}),88,0.6,True,2023-05,1,854,4
AA,DFW,PBI,2023,5,1132,29,16,0.0,frozenset({2271}),2271,0.5517241379310345,True,2023-05,1,855,2
F9,SFO,DFW,2023,5,521,10,6,0.0,frozenset({3770}),3770,0.6,True,2023-05,1,856,1
F9,STL,MCO,2023,5,937,21,11,1.0,frozenset({3210}),3210,0.5238095238095238,True,2023-05,1,857,1
WN,LAS,PHX,2023,5,920,31,19,1.0,"frozenset({2282, 2419, 3036})",2419,0.6129032258064516,True,2023-05,2,472,2
HA,HNL,LIH,2023,5,870,23,15,4.0,frozenset({323}),323,0.6521739130434783,True,2023-05,3,275,3
NK,AUS,LAX,2023,5,1240,16,9,0.0,frozenset({2455}),2455,0.5625,True,2023-05,1,858,1
WN,LAS,OKC,2023,5,845,23,15,1.0,frozenset({2642}),2642,0.6521739130434783,True,2023-05,1,859,1
F9,DEN,DFW,2023,5,1134,22,12,1.0,"frozenset({592, 594})",594,0.5454545454545454,True,2023-05,1,860,1
WN,OAK,DAL,2023,5,1070,27,17,0.0,"frozenset({2192, 1409, 1478})",1409,0.6296296296296297,True,2023-05,1,861,1
F9,TPA,ATL,2023,5,1211,16,10,2.0,"frozenset({2266, 2268, 2260})",2266,0.625,True,2023-05,1,862,1
HA,LIH,HNL,2023,5,845,31,16,1.0,frozenset({284}),284,0.5161290322580645,True,2023-05,2,455,2
UA,DEN,FCA,2023,5,1155,27,14,0.0,frozenset({392}),392,0.5185185185185185,True,2023-05,1,863,1
WN,LAS,ORD,2023,5,795,24,14,0.0,"frozenset({2857, 1167})",1167,0.5833333333333334,True,2023-05,2,571,2
HA,OGG,LAS,2023,5,870,31,16,0.0,frozenset({32}),32,0.5161290322580645,True,2023-05,2,498,2
B6,ALB,FLL,2023,5,1133,15,8,0.0,frozenset({87}),87,0.5333333333333333,True,2023-05,2,675,2
B6,FLL,BOS,2023,5,1240,27,14,0.0,frozenset({170}),170,0.5185185185185185,True,2023-05,2,451,6
HA,HNL,OGG,2023,5,890,31,16,2.0,frozenset({346}),346,0.5161290322580645,True,2023-05,2,469,2
WN,LAS,SMF,2023,5,1120,23,12,0.0,frozenset({1975}),1975,0.5217391304347826,True,2023-05,1,864,1
AA,DFW,JAX,2023,5,1235,29,15,1.0,frozenset({1305}),1305,0.5172413793103449,True,2023-05,1,865,1
HA,ITO,HNL,2023,5,791,31,18,1.0,frozenset({251}),251,0.5806451612903226,True,2023-05,2,468,2
WN,MEM,ATL,2023,5,1125,23,15,0.0,frozenset({5203}),5203,0.6521739130434783,True,2023-05,1,866,1
UA,DEN,BDL,2023,5,1062,31,16,0.0,frozenset({1081}),1081,0.5161290322580645,True,2023-05,1,867,3
F9,BDL,SJU,2023,5,665,10,7,0.0,frozenset({115}),115,0.7,True,2023-05,2,434,2
B6,BDL,MCO,2023,5,1080,23,14,0.0,frozenset({37}),37,0.6086956521739131,True,2023-05,1,868,1
UA,IAH,DEN,2023,5,988,31,19,0.0,"frozenset({2197, 1583})",2197,0.6129032258064516,True,2023-05,1,869,3
F9,ISP,TPA,2023,5,849,14,8,0.0,frozenset({4033}),4033,0.5714285714285714,True,2023-05,1,870,1
WN,LAS,LAX,2023,5,715,23,13,0.0,frozenset({2245}),2245,0.5652173913043478,True,2023-05,2,631,2
HA,HNL,SFO,2023,5,780,31,16,2.0,frozenset({12}),12,0.5161290322580645,True,2023-05,1,871,1
WN,LAX,DEN,2023,5,885,11,6,0.0,frozenset({5443}),5443,0.5454545454545454,True,2023-05,1,872,1
F9,BDL,MCO,2023,5,1207,21,11,0.0,"frozenset({1613, 1207})",1613,0.5238095238095238,True,2023-05,1,873,1
AA,DFW,DEN,2023,5,1256,27,18,1.0,frozenset({577}),577,0.6666666666666666,True,2023-05,1,874,2
B6,FLL,RIC,2023,5,1225,19,12,0.0,frozenset({1146}),1146,0.631578947368421,True,2023-05,1,875,4
F9,STL,LAS,2023,5,1088,11,6,0.0,frozenset({2881}),2881,0.5454545454545454,True,2023-05,1,876,1
WN,LAS,STL,2023,5,760,23,13,0.0,frozenset({2972}),2972,0.5652173913043478,True,2023-05,1,877,1
HA,OGG,HNL,2023,5,635,31,17,0.0,frozenset({195}),195,0.5483870967741935,True,2023-05,1,878,1
AA,DFW,DTW,2023,5,1143,11,6,0.0,frozenset({2167}),2167,0.5454545454545454,True,2023-05,1,879,1
HA,OGG,HNL,2023,5,825,62,33,0.0,"frozenset({265, 275})",265,0.532258064516129,True,2023-05,3,200,3
AA,DFW,DEN,2023,5,1350,28,15,1.0,frozenset({662}),662,0.5357142857142857,True,2023-05,1,880,1
B6,FLL,BNA,2023,5,980,27,14,0.0,frozenset({181}),181,0.5185185185185185,True,2023-05,1,881,3
G4,LAS,DSM,2023,5,1014,11,6,0.0,"frozenset({1643, 453, 478, 447})",453,0.5454545454545454,True,2023-05,1,882,1
F9,ATL,TTN,2023,6,1292,27,19,0.0,"frozenset({808, 858, 1580, 806})",806,0.7037037037037037,True,2023-06,1,883,2
G4,CVG,VPS,2023,6,1106,13,7,0.0,"frozenset({384, 2017, 1996, 430})",384,0.5384615384615384,True,2023-06,1,884,1
G4,CVG,SRQ,2023,6,1064,11,6,0.0,"frozenset({2019, 2005, 1998, 2015})",2019,0.5454545454545454,True,2023-06,1,885,1
G4,CVG,LAX,2023,6,1249,16,9,0.0,"frozenset({792, 772})",772,0.5625,True,2023-06,1,886,2
NK,DFW,MCO,2023,6,1142,15,9,0.0,frozenset({391}),391,0.6,True,2023-06,1,887,2
F9,ATL,MCO,2023,6,1364,30,22,1.0,"frozenset({1618, 1010})",1010,0.7333333333333333,True,2023-06,1,888,2
NK,DFW,FLL,2023,6,1095,11,6,1.0,"frozenset({360, 3060})",3060,0.5454545454545454,True,2023-06,1,889,1
F9,TTN,RDU,2023,6,1199,10,8,2.0,"frozenset({897, 895, 2341, 2343})",895,0.8,True,2023-06,1,890,2
NK,DFW,MCO,2023,6,1236,22,13,4.0,frozenset({312}),312,0.5909090909090909,True,2023-06,1,891,2
F9,DEN,DFW,2023,6,1134,22,15,4.0,"frozenset({594, 506})",506,0.6818181818181818,True,2023-06,1,892,1
F9,MCO,CLT,2023,6,826,19,10,0.0,"frozenset({1634, 1050, 882})",1050,0.5263157894736842,True,2023-06,1,893,1
F9,MCO,DEN,2023,6,1223,13,13,0.0,"frozenset({681, 693, 679})",679,1.0,True,2023-06,1,894,2
F9,MCI,DEN,2023,6,1170,18,10,0.0,"frozenset({645, 567})",567,0.5555555555555556,True,2023-06,1,895,1
F9,LGA,MCO,2023,6,1079,30,20,2.0,"frozenset({1665, 1335})",1335,0.6666666666666666,True,2023-06,1,896,2
F9,LGA,ATL,2023,6,1365,25,16,2.0,"frozenset({1513, 2271})",1513,0.64,True,2023-06,1,897,3
NK,EWR,MCO,2023,6,990,18,11,3.0,frozenset({1399}),1399,0.6111111111111112,True,2023-06,1,898,2
G4,VPS,CVG,2023,6,1204,11,7,0.0,"frozenset({416, 2003, 1988})",2003,0.6363636363636364,True,2023-06,1,899,1
DL,TPA,BOS,2023,6,1250,19,10,1.0,frozenset({1439}),1439,0.5263157894736842,True,2023-06,1,900,1
DL,SLC,SEA,2023,6,1273,11,7,1.0,frozenset({2409}),2409,0.6363636363636364,True,2023-06,1,901,1
DL,RDU,MCO,2023,6,1079,18,10,2.0,frozenset({1078}),1078,0.5555555555555556,True,2023-06,1,902,2
NK,EWR,MIA,2023,6,1179,24,15,4.0,frozenset({3120}),3120,0.625,True,2023-06,1,903,2
F9,IAH,ATL,2023,6,1060,27,17,0.0,"frozenset({808, 858, 1580, 806})",806,0.6296296296296297,True,2023-06,1,904,2
F9,LAS,SAN,2023,6,1173,30,16,1.0,"frozenset({2821, 2127})",2127,0.5333333333333333,True,2023-06,1,905,1
HA,HNL,BOS,2023,6,875,20,12,0.0,frozenset({90}),90,0.6,True,2023-06,1,906,1
F9,IAH,DEN,2023,6,1273,23,13,2.0,"frozenset({853, 759})",759,0.5652173913043478,True,2023-06,1,907,2
F9,LAS,DEN,2023,6,1146,10,9,1.0,"frozenset({768, 778, 2780})",778,0.9,True,2023-06,1,908,2
NK,EWR,SJU,2023,6,1243,30,18,2.0,frozenset({1035}),1035,0.6,True,2023-06,1,909,1
NK,EWR,SJU,2023,6,1345,24,14,4.0,frozenset({3123}),3123,0.5833333333333334,True,2023-06,1,910,2
F9,IAH,LAS,2023,6,1188,28,18,0.0,"frozenset({161, 2139})",161,0.6428571428571429,True,2023-06,2,776,2
F9,MCO,ATL,2023,6,991,14,12,2.0,"frozenset({1617, 1011, 1013})",1011,0.8571428571428571,True,2023-06,1,911,1
F9,MCO,DFW,2023,6,1261,30,17,1.0,"frozenset({801, 3781})",801,0.5666666666666667,True,2023-06,1,912,3
NK,EWR,LAX,2023,6,923,30,17,3.0,frozenset({2322}),2322,0.5666666666666667,True,2023-06,1,913,1
NK,EWR,IAH,2023,6,1281,13,8,1.0,frozenset({703}),703,0.6153846153846154,True,2023-06,1,914,1
NK,DTW,LAX,2023,6,1323,23,14,4.0,frozenset({947}),947,0.6086956521739131,True,2023-06,1,915,2
F9,DEN,DFW,2023,6,898,19,11,0.0,"frozenset({4832, 528, 4834, 4836})",4836,0.5789473684210527,True,2023-06,1,916,1
NK,DTW,MIA,2023,6,1335,13,8,1.0,frozenset({3054}),3054,0.6153846153846154,True,2023-06,1,917,1
F9,ATL,LGA,2023,6,1180,25,14,1.0,"frozenset({2272, 1510})",1510,0.56,True,2023-06,1,918,2
F9,ATL,LAS,2023,6,1140,10,6,0.0,"frozenset({2897, 2003, 2005})",2005,0.6,True,2023-06,1,919,1
F9,DEN,CLT,2023,6,1165,27,15,2.0,"frozenset({644, 530, 660, 658})",660,0.5555555555555556,True,2023-06,1,920,1
F9,MCO,CVG,2023,6,1314,28,19,2.0,"frozenset({1064, 1670})",1064,0.6785714285714286,True,2023-06,1,921,3
F9,TPA,ISP,2023,6,1280,15,8,1.0,"frozenset({4034, 2518})",2518,0.5333333333333333,True,2023-06,1,922,1
F9,ATL,IAH,2023,6,1150,30,18,2.0,"frozenset({861, 807})",807,0.6,True,2023-06,1,923,3
F9,ATL,FLL,2023,6,850,30,23,0.0,"frozenset({2269, 1511})",1511,0.7666666666666667,True,2023-06,1,924,1
F9,ATL,DEN,2023,6,1325,21,13,2.0,"frozenset({457, 2299, 449, 453})",457,0.6190476190476191,True,2023-06,1,925,1
G4,SRQ,CVG,2023,6,1243,11,6,0.0,"frozenset({1986, 390, 397, 405})",405,0.5454545454545454,True,2023-06,1,926,1
NK,EWR,FLL,2023,6,1025,30,18,5.0,frozenset({1678}),1678,0.6,True,2023-06,1,927,2
F9,MCO,CLE,2023,6,1322,11,7,1.0,"frozenset({1040, 1046})",1046,0.6363636363636364,True,2023-06,1,928,1
F9,MCO,CLE,2023,6,1258,19,10,1.0,"frozenset({1040, 1674, 1044, 1046})",1046,0.5263157894736842,True,2023-06,1,929,3
F9,ATL,BWI,2023,6,1331,16,11,1.0,"frozenset({1570, 1572, 2546, 2548, 2550, 2552, 2266})",1570,0.6875,True,2023-06,1,930,3
F9,MCO,BQN,2023,6,976,16,9,0.0,frozenset({4882}),4882,0.5625,True,2023-06,1,931,1
F9,MCO,ATL,2023,6,1090,24,14,0.0,"frozenset({1619, 1013})",1013,0.5833333333333334,True,2023-06,1,932,3
F9,TPA,DEN,2023,6,1340,26,17,1.0,"frozenset({707, 741, 709, 743, 745, 715})",741,0.6538461538461539,True,2023-06,1,933,1
F9,MCO,SAN,2023,6,1153,23,12,1.0,"frozenset({1195, 1757})",1195,0.5217391304347826,True,2023-06,1,934,1
F9,MCO,LAS,2023,6,1384,29,19,2.0,"frozenset({1105, 2843})",1105,0.6551724137931034,True,2023-06,1,935,1
F9,ATL,SFO,2023,6,1192,20,16,2.0,"frozenset({2313, 1523, 1525})",1523,0.8,True,2023-06,1,936,2
F9,DFW,LAS,2023,6,1065,30,18,1.0,"frozenset({2137, 2801, 2129, 2119})",2129,0.6,True,2023-06,1,937,1
F9,PHL,SJU,2023,6,954,28,15,4.0,frozenset({4864}),4864,0.5357142857142857,True,2023-06,1,938,2
F9,BDL,SJU,2023,6,645,26,21,2.0,frozenset({4821}),4821,0.8076923076923077,True,2023-06,1,939,1
F9,PHL,MCO,2023,6,1294,20,13,1.0,"frozenset({1601, 4073, 1161, 1163, 1169, 1171, 1175})",1175,0.65,True,2023-06,1,940,1
F9,PHL,MCO,2023,6,1152,21,13,2.0,"frozenset({1169, 1171, 1605, 1175})",1171,0.6190476190476191,True,2023-06,1,941,2
F9,PHL,DFW,2023,6,1214,16,9,2.0,"frozenset({3755, 2301, 2303})",2301,0.5625,True,2023-06,1,942,2
F9,DFW,LGA,2023,6,1041,28,16,6.0,"frozenset({2606, 3734})",2606,0.5714285714285714,True,2023-06,1,943,1
NK,BOS,MCO,2023,6,1055,18,13,0.0,"frozenset({2086, 126})",2086,0.7222222222222222,True,2023-06,1,944,2
F9,BDL,MCO,2023,6,1207,21,17,0.0,"frozenset({1613, 1207})",1207,0.8095238095238095,True,2023-06,1,945,2
NK,BOS,SJU,2023,6,705,24,17,2.0,frozenset({2324}),2324,0.7083333333333334,True,2023-06,1,946,3
F9,DFW,MCO,2023,6,919,21,11,1.0,"frozenset({3778, 804, 798})",798,0.5238095238095238,True,2023-06,1,947,1
F9,DFW,MIA,2023,6,1199,10,9,1.0,"frozenset({4226, 2766})",2766,0.9,True,2023-06,1,948,1
F9,BNA,MCO,2023,6,583,10,6,1.0,"frozenset({1622, 1030})",1030,0.6,True,2023-06,1,949,1
F9,BQN,MCO,2023,6,1203,16,9,0.0,"frozenset({4881, 4883})",4883,0.5625,True,2023-06,1,950,1
F9,SFO,MCO,2023,6,19,30,16,0.0,frozenset({1738}),1738,0.5333333333333333,True,2023-06,2,818,2
F9,PHL,ATL,2023,6,1158,25,14,0.0,"frozenset({2385, 2381, 3757})",2385,0.56,True,2023-06,1,951,3
F9,DFW,SJU,2023,6,1148,18,12,1.0,"frozenset({4832, 4834, 4836})",4836,0.6666666666666666,True,2023-06,1,952,1
NK,BWI,FLL,2023,6,991,24,13,0.0,frozenset({1896}),1896,0.5416666666666666,True,2023-06,1,953,2
F9,CLE,ATL,2023,6,1300,14,13,1.0,"frozenset({2451, 4837})",4837,0.9285714285714286,True,2023-06,1,954,2
F9,BNA,LAS,2023,6,1234,11,6,0.0,"frozenset({2745, 2011})",2011,0.5454545454545454,True,2023-06,1,955,1
NK,ATL,EWR,2023,6,987,30,17,4.0,frozenset({99}),99,0.5666666666666667,True,2023-06,1,956,1
F9,ATL,SJU,2023,6,1254,26,20,0.0,frozenset({4826}),4826,0.7692307692307693,True,2023-06,1,957,3
F9,DEN,MCO,2023,6,1417,11,8,0.0,frozenset({680}),680,0.7272727272727273,True,2023-06,1,958,3
F9,DFW,BWI,2023,6,977,13,7,2.0,"frozenset({3730, 1386})",1386,0.5384615384615384,True,2023-06,1,959,1
F9,DEN,TPA,2023,6,59,29,15,1.0,"frozenset({738, 708, 740})",740,0.5172413793103449,True,2023-06,1,960,1
NK,BDL,SJU,2023,6,1290,11,9,1.0,frozenset({2327}),2327,0.8181818181818182,True,2023-06,1,961,1
NK,BDL,MCO,2023,6,1044,20,11,1.0,frozenset({259}),259,0.55,True,2023-06,1,962,2
F9,SEA,DEN,2023,6,1231,19,10,1.0,"frozenset({656, 422, 654, 424})",422,0.5263157894736842,True,2023-06,1,963,1
F9,DFW,CLE,2023,6,1037,15,9,0.0,"frozenset({2454, 1775})",2454,0.6,True,2023-06,1,964,2
NK,BNA,MCO,2023,6,1100,10,6,0.0,frozenset({2435}),2435,0.6,True,2023-06,1,965,2
F9,DEN,SLC,2023,6,1373,14,9,2.0,"frozenset({2849, 573})",573,0.6428571428571429,True,2023-06,1,966,1
F9,SFO,DEN,2023,6,1235,13,7,1.0,"frozenset({664, 668, 662})",662,0.5384615384615384,True,2023-06,1,967,1
NK,AUS,FLL,2023,6,1125,22,14,2.0,frozenset({512}),512,0.6363636363636364,True,2023-06,1,968,1
NK,BNA,MCO,2023,6,1142,14,12,4.0,"frozenset({2082, 2435})",2082,0.8571428571428571,True,2023-06,1,969,2
NK,BOS,DFW,2023,6,1125,10,6,1.0,frozenset({1162}),1162,0.6,True,2023-06,1,970,1
F9,SAN,DEN,2023,6,1123,11,7,0.0,"frozenset({554, 894})",554,0.6363636363636364,True,2023-06,1,971,1
F9,RDU,ATL,2023,6,1342,10,7,2.0,"frozenset({897, 895, 2341, 2343})",895,0.7,True,2023-06,1,972,2
NK,ATL,MIA,2023,6,1294,19,10,1.0,frozenset({3101}),3101,0.5263157894736842,True,2023-06,1,973,1
F9,DFW,DEN,2023,6,1395,22,12,5.0,"frozenset({505, 595, 509, 507})",507,0.5454545454545454,True,2023-06,1,974,1
NK,ATL,MIA,2023,6,1003,24,17,1.0,frozenset({1827}),1827,0.7083333333333334,True,2023-06,1,975,1
F9,DEN,SAN,2023,6,1284,17,10,1.0,"frozenset({555, 891, 549, 551})",555,0.5882352941176471,True,2023-06,1,976,2
NK,ATL,MCO,2023,6,1177,13,9,1.0,frozenset({1566}),1566,0.6923076923076923,True,2023-06,1,977,2
NK,ATL,LAS,2023,6,1300,30,19,1.0,frozenset({805}),805,0.6333333333333333,True,2023-06,1,978,3
NK,ATL,FLL,2023,6,1120,29,20,1.0,"frozenset({228, 1053})",228,0.6896551724137931,True,2023-06,1,979,1
F9,CLE,CLT,2023,6,1152,13,8,1.0,"frozenset({2459, 1637})",2459,0.6153846153846154,True,2023-06,1,980,1
MQ,BOS,CVG,2023,6,1033,30,16,0.0,frozenset({4028}),4028,0.5333333333333333,True,2023-06,1,981,2
F9,DFW,SNA,2023,6,1133,30,17,4.0,"frozenset({2601, 2603, 3773})",2601,0.5666666666666667,True,2023-06,1,982,1
NK,BWI,SJU,2023,6,1350,24,14,3.0,frozenset({2331}),2331,0.5833333333333334,True,2023-06,1,983,2
F9,FLL,ATL,2023,6,979,13,11,1.0,"frozenset({1361, 2323, 1365})",1365,0.8461538461538461,True,2023-06,1,984,1
F9,MCO,TTN,2023,6,1180,28,19,1.0,"frozenset({3778, 804, 798})",798,0.6785714285714286,True,2023-06,1,985,1
F9,ATL,ONT,2023,6,580,25,17,0.0,frozenset({2349}),2349,0.68,True,2023-06,2,794,2
F9,CVG,MCO,2023,6,880,21,11,0.0,"frozenset({1065, 1669})",1065,0.5238095238095238,True,2023-06,1,986,2
F9,MCO,SJU,2023,6,1380,21,15,0.0,frozenset({4842}),4842,0.7142857142857143,True,2023-06,1,987,2
F9,MCO,SFO,2023,6,1225,29,20,0.0,frozenset({1737}),1737,0.6896551724137931,True,2023-06,1,988,1
MQ,XNA,CLT,2023,6,1046,20,11,0.0,frozenset({3787}),3787,0.55,True,2023-06,1,989,1
F9,MCO,RDU,2023,6,936,20,11,0.0,"frozenset({1192, 1658, 1660, 1190})",1190,0.55,True,2023-06,1,990,1
MQ,STL,BOS,2023,6,1155,26,14,2.0,frozenset({3707}),3707,0.5384615384615384,True,2023-06,1,991,1
F9,SJU,PHL,2023,6,1240,28,19,4.0,frozenset({4863}),4863,0.6785714285714286,True,2023-06,1,992,1
F9,ATL,MDW,2023,6,1348,25,18,1.0,"frozenset({3762, 1354})",1354,0.72,True,2023-06,1,993,2
F9,DEN,ATL,2023,6,1257,26,18,0.0,"frozenset({456, 2300})",456,0.6923076923076923,True,2023-06,1,994,1
F9,MCO,PHX,2023,6,1200,15,10,0.0,"frozenset({1289, 1287, 3525, 3527})",1287,0.6666666666666666,True,2023-06,1,995,1
F9,MCO,PHL,2023,6,1063,20,13,2.0,"frozenset({1608, 1602, 1170})",1170,0.65,True,2023-06,1,996,2
MQ,DFW,JAN,2023,6,1140,18,10,0.0,frozenset({4036}),4036,0.5555555555555556,True,2023-06,1,997,1
NK,DFW,ATL,2023,6,1025,30,17,2.0,frozenset({2702}),2702,0.5666666666666667,True,2023-06,1,998,1
F9,MCO,ONT,2023,6,1091,23,13,0.0,"frozenset({1729, 1151})",1151,0.5652173913043478,True,2023-06,1,999,1
NK,DFW,BOS,2023,6,1148,10,8,0.0,frozenset({1165}),1165,0.8,True,2023-06,1,1000,2
F9,MCO,LGA,2023,6,852,30,17,2.0,"frozenset({1668, 1334})",1334,0.5666666666666667,True,2023-06,1,1001,2
MQ,DCA,BTR,2023,6,1191,30,17,0.0,frozenset({4215}),4215,0.5666666666666667,True,2023-06,1,1002,1
NK,DEN,LAS,2023,6,1125,10,7,0.0,frozenset({1244}),1244,0.7,True,2023-06,1,1003,1
F9,SJU,MCO,2023,6,175,25,17,0.0,frozenset({4841}),4841,0.68,True,2023-06,1,1004,1
F9,MDW,LAS,2023,6,1076,21,11,0.0,"frozenset({2115, 2750})",2115,0.5238095238095238,True,2023-06,1,1005,1
F9,SJU,CLE,2023,6,946,13,12,2.0,frozenset({4837}),4837,0.9230769230769231,True,2023-06,1,1006,1
F9,CLE,DEN,2023,6,1240,13,9,0.0,frozenset({33}),33,0.6923076923076923,True,2023-06,1,1007,2
F9,CLE,DFW,2023,6,866,17,10,0.0,"frozenset({1776, 2455})",2455,0.5882352941176471,True,2023-06,1,1008,1
F9,SJU,ATL,2023,6,1063,29,19,1.0,frozenset({4825}),4825,0.6551724137931034,True,2023-06,2,828,2
F9,CLE,MCO,2023,6,891,11,6,0.0,"frozenset({1673, 1047})",1047,0.5454545454545454,True,2023-06,1,1009,2
F9,ORD,MCO,2023,6,1085,30,20,0.0,"frozenset({1777, 1155})",1155,0.6666666666666666,True,2023-06,1,1010,2
F9,ORD,ATL,2023,6,1248,26,22,2.0,frozenset({1575}),1575,0.8461538461538461,True,2023-06,1,1011,2
F9,DFW,TPA,2023,6,1219,30,24,1.0,"frozenset({4046, 2566})",2566,0.8,True,2023-06,1,1012,1
NK,CLT,MCO,2023,6,685,11,7,1.0,frozenset({1703}),1703,0.6363636363636364,True,2023-06,1,1013,1
F9,CLE,MCO,2023,6,1312,15,10,0.0,"frozenset({1681, 1037, 1045})",1045,0.6666666666666666,True,2023-06,1,1014,2
F9,OKC,DEN,2023,6,1039,11,6,1.0,"frozenset({467, 517})",467,0.5454545454545454,True,2023-06,1,1015,1
NK,CLT,MCO,2023,6,865,24,21,1.0,frozenset({3800}),3800,0.875,True,2023-06,1,1016,3
F9,CLE,PHX,2023,6,1315,20,11,1.0,"frozenset({2442, 3438})",2442,0.55,True,2023-06,1,1017,3
F9,CLE,SJU,2023,6,635,13,12,0.0,"frozenset({4840, 4838})",4838,0.9230769230769231,True,2023-06,1,1018,1
F9,ATL,PHL,2023,6,1275,28,18,2.0,frozenset({154}),154,0.6428571428571429,True,2023-06,1,1019,1
F9,CLT,CLE,2023,6,991,12,7,1.0,"frozenset({2458, 1638})",2458,0.5833333333333334,True,2023-06,1,1020,2
F9,MIA,LAS,2023,6,1309,19,10,0.0,"frozenset({2161, 2893, 2159})",2159,0.5263157894736842,True,2023-06,1,1021,1
F9,MIA,DFW,2023,6,983,10,9,1.0,"frozenset({4225, 2767})",2767,0.9,True,2023-06,1,1022,1
F9,MIA,ATL,2023,6,1152,12,8,2.0,"frozenset({2339, 1517, 1515})",1515,0.6666666666666666,True,2023-06,1,1023,1
F9,CLT,TTN,2023,6,999,13,7,3.0,"frozenset({1634, 882})",882,0.5384615384615384,True,2023-06,1,1024,1
F9,SJU,BDL,2023,6,920,24,17,0.0,frozenset({4822}),4822,0.7083333333333334,True,2023-06,2,833,2
NK,CLT,MIA,2023,6,1165,30,16,2.0,frozenset({3156}),3156,0.5333333333333333,True,2023-06,1,1025,1
NK,BWI,MCO,2023,6,1131,22,12,1.0,frozenset({2077}),2077,0.5454545454545454,True,2023-06,1,1026,2
F9,LAS,DEN,2023,6,786,18,10,0.0,"frozenset({776, 780, 774})",774,0.5555555555555556,True,2023-06,1,1027,2
9E,AVL,LGA,2023,6,1145,23,13,4.0,frozenset({5426}),5426,0.5652173913043478,True,2023-06,1,1028,1
NK,FLL,ATL,2023,6,1275,30,21,3.0,frozenset({1232}),1232,0.7,True,2023-06,1,1029,2
WN,DEN,BHM,2023,6,925,22,12,0.0,"frozenset({282, 5332})",5332,0.5454545454545454,True,2023-06,1,1030,1
WN,DEN,ATL,2023,6,965,25,13,0.0,"frozenset({849, 4177, 1322})",4177,0.52,True,2023-06,1,1031,1
WN,DCA,MSY,2023,6,1065,26,14,1.0,"frozenset({157, 3342, 727})",3342,0.5384615384615384,True,2023-06,1,1032,1
WN,DAL,PHX,2023,6,1295,20,14,0.0,frozenset({595}),595,0.7,True,2023-06,1,1033,2
WN,DAL,ONT,2023,6,900,20,11,0.0,frozenset({1896}),1896,0.55,True,2023-06,1,1034,1
WN,DAL,OAK,2023,6,1210,20,12,1.0,frozenset({2436}),2436,0.6,True,2023-06,1,1035,1
WN,DAL,MSY,2023,6,1345,29,20,2.0,"frozenset({330, 1891, 2037, 775})",775,0.6896551724137931,True,2023-06,1,1036,2
WN,DAL,MDW,2023,6,1325,26,14,2.0,"frozenset({3051, 2292, 2646})",2646,0.5384615384615384,True,2023-06,1,1037,1
WN,DAL,LIT,2023,6,1375,22,15,0.0,"frozenset({2872, 1764})",2872,0.6818181818181818,True,2023-06,1,1038,1
WN,DAL,LGB,2023,6,1030,20,11,0.0,frozenset({1874}),1874,0.55,True,2023-06,1,1039,1
WN,DAL,LAS,2023,6,1345,22,13,0.0,"frozenset({1680, 3288})",3288,0.5909090909090909,True,2023-06,1,1040,1
WN,DAL,LAS,2023,6,1250,29,15,0.0,"frozenset({1120, 2539, 52, 3109})",3109,0.5172413793103449,True,2023-06,1,1041,1
WN,DAL,HOU,2023,6,1200,29,21,0.0,"frozenset({57, 59, 55})",55,0.7241379310344828,True,2023-06,1,1042,1
WN,DAL,HOU,2023,6,1110,34,18,1.0,"frozenset({49, 51, 9, 47})",49,0.5294117647058824,True,2023-06,1,1043,1
WN,DAL,ELP,2023,6,1375,20,16,0.0,frozenset({366}),366,0.8,True,2023-06,1,1044,1
WN,DAL,DEN,2023,6,1110,26,15,0.0,"frozenset({488, 3075, 1309})",1309,0.5769230769230769,True,2023-06,1,1045,1
WN,DAL,DEN,2023,6,1000,24,13,0.0,"frozenset({1419, 1149})",1149,0.5416666666666666,True,2023-06,1,1046,1
WN,DAL,DEN,2023,6,925,22,12,1.0,"frozenset({2744, 1398})",1398,0.5454545454545454,True,2023-06,1,1047,1
WN,DAL,BNA,2023,6,1245,21,12,1.0,"frozenset({52, 3263})",3263,0.5714285714285714,True,2023-06,1,1048,1
WN,DAL,AUS,2023,6,1350,24,13,1.0,"frozenset({686, 2567})",686,0.5416666666666666,True,2023-06,1,1049,1
WN,DAL,AMA,2023,6,1335,29,15,2.0,"frozenset({5239, 1370, 54, 1162})",54,0.5172413793103449,True,2023-06,1,1050,1
WN,CMH,DEN,2023,6,1165,25,13,0.0,"frozenset({2339, 2364, 1319})",1319,0.52,True,2023-06,1,1051,1
WN,BZN,LAS,2023,6,1150,20,13,0.0,frozenset({2582}),2582,0.65,True,2023-06,1,1052,1
WN,BZN,DEN,2023,6,970,25,14,0.0,"frozenset({577, 1531, 1508})",1531,0.56,True,2023-06,1,1053,1
WN,BWI,SJU,2023,6,1170,25,13,0.0,"frozenset({713, 389, 1102})",1102,0.52,True,2023-06,1,1054,1
WN,BWI,ROC,2023,6,1355,20,11,1.0,frozenset({611}),611,0.55,True,2023-06,1,1055,1
WN,BWI,PHX,2023,6,1325,20,13,1.0,frozenset({223}),223,0.65,True,2023-06,1,1056,1
WN,DEN,BOI,2023,6,925,20,12,0.0,frozenset({949}),949,0.6,True,2023-06,1,1057,1
WN,BWI,MDW,2023,6,1335,24,15,1.0,"frozenset({1678, 526})",526,0.625,True,2023-06,1,1058,1
WN,DEN,BWI,2023,6,1045,21,16,1.0,"frozenset({756, 437})",756,0.7619047619047619,True,2023-06,1,1059,1
WN,DEN,BZN,2023,6,1020,20,11,0.0,frozenset({2581}),2581,0.55,True,2023-06,1,1060,1
WN,DEN,SJC,2023,6,1040,26,14,0.0,"frozenset({3025, 2250, 379})",3025,0.5384615384615384,True,2023-06,1,1061,1
WN,DEN,SEA,2023,6,1130,22,14,0.0,"frozenset({2177, 1990})",1990,0.6363636363636364,True,2023-06,1,1062,1
WN,DEN,SAT,2023,6,1205,26,14,1.0,"frozenset({2770, 660, 958})",958,0.5384615384615384,True,2023-06,1,1063,1
WN,DEN,RDU,2023,6,1235,20,12,1.0,frozenset({3534}),3534,0.6,True,2023-06,1,1064,1
WN,DEN,PHX,2023,6,1125,28,20,0.0,"frozenset({2473, 1386, 2435, 2452})",2473,0.7142857142857143,True,2023-06,1,1065,1
WN,DEN,PHL,2023,6,1170,23,14,3.0,"frozenset({267, 862})",862,0.6086956521739131,True,2023-06,1,1066,1
WN,DEN,ORD,2023,6,1145,22,13,0.0,"frozenset({858, 3859})",858,0.5909090909090909,True,2023-06,1,1067,1
WN,DEN,MSY,2023,6,1310,20,15,1.0,frozenset({234}),234,0.75,True,2023-06,1,1068,1
WN,DEN,MSP,2023,6,1240,21,12,2.0,"frozenset({5316, 324})",324,0.5714285714285714,True,2023-06,1,1069,1
WN,DEN,MEM,2023,6,915,27,14,0.0,"frozenset({393, 5203, 1717, 663})",663,0.5185185185185185,True,2023-06,1,1070,1
WN,DEN,MDW,2023,6,1355,12,7,2.0,frozenset({3351}),3351,0.5833333333333334,True,2023-06,1,1071,1
WN,DEN,MDW,2023,6,1155,25,16,1.0,"frozenset({3177, 420, 301})",3177,0.64,True,2023-06,1,1072,1
WN,DEN,MDW,2023,6,1075,26,16,1.0,"frozenset({2779, 1643, 2302})",1643,0.6153846153846154,True,2023-06,1,1073,1
WN,DEN,MCO,2023,6,1215,22,15,2.0,"frozenset({3659, 783})",783,0.6818181818181818,True,2023-06,1,1074,1
WN,DEN,MCO,2023,6,1135,29,18,0.0,"frozenset({1328, 1841, 1141})",1141,0.6206896551724138,True,2023-06,1,1075,1
WN,DEN,MAF,2023,6,920,25,13,1.0,"frozenset({480, 897, 921})",921,0.52,True,2023-06,1,1076,2
WN,DEN,LGB,2023,6,1125,25,17,0.0,"frozenset({4456, 264, 1859})",264,0.68,True,2023-06,1,1077,1
WN,DEN,LGA,2023,6,965,27,14,1.0,"frozenset({2773, 2420, 1573})",1573,0.5185185185185185,True,2023-06,1,1078,1
WN,DEN,IND,2023,6,1160,20,14,0.0,frozenset({927}),927,0.7,True,2023-06,1,1079,1
WN,DEN,HOU,2023,6,1160,22,12,1.0,"frozenset({3056, 346})",3056,0.5454545454545454,True,2023-06,1,1080,1
WN,DEN,HOU,2023,6,995,24,13,0.0,"frozenset({2496, 3049, 498})",2496,0.5416666666666666,True,2023-06,1,1081,1
WN,DEN,DSM,2023,6,1025,22,13,1.0,"frozenset({791, 3455})",791,0.5909090909090909,True,2023-06,1,1082,1
WN,DEN,DAL,2023,6,1165,27,17,0.0,"frozenset({2872, 979, 2798})",2872,0.6296296296296297,True,2023-06,1,1083,1
WN,DEN,DAL,2023,6,1130,27,19,0.0,"frozenset({635, 1666, 3074})",3074,0.7037037037037037,True,2023-06,1,1084,1
WN,DEN,DAL,2023,6,1055,30,19,0.0,"frozenset({385, 2987, 908, 3013})",2987,0.6333333333333333,True,2023-06,1,1085,1
WN,DEN,COS,2023,6,1360,24,13,1.0,"frozenset({52, 373})",52,0.5416666666666666,True,2023-06,1,1086,1
WN,DEN,BZN,2023,6,1275,22,13,1.0,"frozenset({2971, 191})",2971,0.5909090909090909,True,2023-06,1,1087,1
WN,DEN,BWI,2023,6,1150,22,16,0.0,"frozenset({6603, 6871})",6871,0.7272727272727273,True,2023-06,1,1088,1
WN,BWI,MCO,2023,6,1100,28,20,0.0,"frozenset({232, 2529, 878, 247})",878,0.7142857142857143,True,2023-06,1,1089,2
WN,BWI,MCI,2023,6,1170,21,13,1.0,"frozenset({3227, 2126})",2126,0.6190476190476191,True,2023-06,1,1090,1
WN,BWI,LAS,2023,6,1275,29,18,0.0,"frozenset({489, 826, 3163, 1615})",3163,0.6206896551724138,True,2023-06,1,1091,1
WN,ATL,DEN,2023,6,1090,28,17,0.0,"frozenset({153, 851, 957, 2927})",957,0.6071428571428571,True,2023-06,1,1092,1
WN,ATL,DCA,2023,6,1195,27,15,0.0,"frozenset({1016, 2686, 1670})",2686,0.5555555555555556,True,2023-06,1,1093,1
WN,ATL,AUS,2023,6,1300,20,13,0.0,frozenset({1439}),1439,0.65,True,2023-06,1,1094,1
WN,ABQ,DEN,2023,6,1045,21,13,0.0,"frozenset({2872, 1572})",2872,0.6190476190476191,True,2023-06,1,1095,1
UA,TPA,EWR,2023,6,1145,29,19,4.0,frozenset({599}),599,0.6551724137931034,True,2023-06,1,1096,2
UA,STL,EWR,2023,6,1052,29,18,5.0,"frozenset({1920, 1334})",1334,0.6206896551724138,True,2023-06,1,1097,1
UA,STL,DEN,2023,6,990,27,17,1.0,"frozenset({744, 2664, 464})",464,0.6296296296296297,True,2023-06,1,1098,1
UA,SNA,EWR,2023,6,743,30,16,2.0,frozenset({1577}),1577,0.5333333333333333,True,2023-06,1,1099,2
UA,SJU,EWR,2023,6,819,30,17,2.0,frozenset({1173}),1173,0.5666666666666667,True,2023-06,1,1100,2
UA,SJU,EWR,2023,6,65,30,17,4.0,frozenset({2219}),2219,0.5666666666666667,True,2023-06,1,1101,3
UA,SFO,EWR,2023,6,990,30,20,3.0,frozenset({1896}),1896,0.6666666666666666,True,2023-06,1,1102,1
UA,SFO,EWR,2023,6,665,30,18,3.0,"frozenset({2328, 1074, 1348})",1348,0.6,True,2023-06,1,1103,1
UA,SFO,DEN,2023,6,1227,30,18,4.0,"frozenset({1632, 1449})",1449,0.6,True,2023-06,1,1104,1
UA,SEA,EWR,2023,6,692,29,16,3.0,frozenset({591}),591,0.5517241379310345,True,2023-06,1,1105,2
UA,RSW,EWR,2023,6,1053,29,17,6.0,"frozenset({2601, 1941, 485})",1941,0.5862068965517241,True,2023-06,1,1106,1
UA,RDU,EWR,2023,6,1215,18,11,0.0,frozenset({1645}),1645,0.6111111111111112,True,2023-06,1,1107,1
UA,PBI,EWR,2023,6,1136,27,16,7.0,"frozenset({2300, 2046})",2300,0.5925925925925926,True,2023-06,1,1108,2
UA,PBI,EWR,2023,6,919,30,18,5.0,"frozenset({1505, 1169})",1505,0.6,True,2023-06,1,1109,2
UA,ORF,EWR,2023,6,962,22,14,3.0,frozenset({1363}),1363,0.6363636363636364,True,2023-06,1,1110,2
UA,ORD,MEM,2023,6,1203,11,7,1.0,"frozenset({2113, 1612})",1612,0.6363636363636364,True,2023-06,1,1111,2
UA,ORD,GRR,2023,6,1305,30,17,3.0,frozenset({2370}),2370,0.5666666666666667,True,2023-06,1,1112,1
UA,ORD,EWR,2023,6,1092,30,17,2.0,frozenset({1998}),1998,0.5666666666666667,True,2023-06,1,1113,2
UA,ORD,EWR,2023,6,1009,26,16,2.0,frozenset({2274}),2274,0.6153846153846154,True,2023-06,1,1114,2
UA,ORD,EWR,2023,6,949,26,15,4.0,"frozenset({2138, 1331})",2138,0.5769230769230769,True,2023-06,1,1115,2
UA,ORD,DEN,2023,6,1075,30,16,0.0,"frozenset({1776, 323, 2605})",1776,0.5333333333333333,True,2023-06,1,1116,1
UA,OMA,DEN,2023,6,1026,30,18,2.0,"frozenset({744, 2369, 1875})",744,0.6,True,2023-06,1,1117,1
UA,OKC,DEN,2023,6,1035,29,18,1.0,"frozenset({2469, 1246})",1246,0.6206896551724138,True,2023-06,1,1118,1
WN,ATL,HOU,2023,6,1270,29,18,0.0,"frozenset({1944, 1770, 2075, 3378})",1770,0.6206896551724138,True,2023-06,1,1119,1
WN,ATL,LGA,2023,6,895,22,14,2.0,"frozenset({3259, 3606})",3606,0.6363636363636364,True,2023-06,1,1120,1
WN,ATL,LGA,2023,6,1215,26,18,3.0,"frozenset({2200, 1320, 1725})",2200,0.6923076923076923,True,2023-06,1,1121,1
WN,ATL,PIT,2023,6,1190,20,13,0.0,frozenset({3755}),3755,0.65,True,2023-06,1,1122,1
WN,BWI,FLL,2023,6,1100,25,14,1.0,"frozenset({1544, 460, 3549})",3549,0.56,True,2023-06,1,1123,1
WN,BWI,DEN,2023,6,1300,29,15,0.0,"frozenset({1961, 107, 3148, 1870})",3148,0.5172413793103449,True,2023-06,1,1124,1
WN,BWI,DAL,2023,6,1215,30,18,0.0,"frozenset({473, 1173, 366, 2569})",366,0.6,True,2023-06,1,1125,1
WN,BWI,DAL,2023,6,1115,24,13,2.0,"frozenset({1681, 61})",61,0.5416666666666666,True,2023-06,1,1126,2
WN,BWI,CMH,2023,6,1340,25,14,1.0,"frozenset({1978, 1869, 534})",534,0.56,True,2023-06,1,1127,1
WN,BWI,BUF,2023,6,1345,25,15,0.0,"frozenset({626, 2547, 653, 658})",653,0.6,True,2023-06,1,1128,1
WN,BWI,BOS,2023,6,1030,23,13,1.0,"frozenset({3465, 2621})",3465,0.5652173913043478,True,2023-06,1,1129,1
WN,BWI,BNA,2023,6,1205,23,13,2.0,"frozenset({2234, 3259})",3259,0.5652173913043478,True,2023-06,1,1130,1
WN,BWI,BDL,2023,6,1345,29,15,2.0,"frozenset({2953, 759, 3364, 1807})",3364,0.5172413793103449,True,2023-06,1,1131,1
WN,BWI,ATL,2023,6,1175,27,16,0.0,"frozenset({2225, 2511, 591})",2225,0.5925925925925926,True,2023-06,1,1132,1
WN,BWI,ATL,2023,6,1035,25,13,0.0,"frozenset({392, 1944, 526})",392,0.52,True,2023-06,1,1133,1
WN,BWI,ALB,2023,6,1340,29,18,1.0,"frozenset({2801, 354, 428, 290})",2801,0.6206896551724138,True,2023-06,1,1134,1
WN,BNA,SAN,2023,6,900,20,11,0.0,frozenset({1542}),1542,0.55,True,2023-06,1,1135,1
WN,DEN,SLC,2023,6,980,20,11,0.0,frozenset({2972}),2972,0.55,True,2023-06,1,1136,1
WN,BNA,PNS,2023,6,1245,22,12,0.0,"frozenset({1644, 3134})",3134,0.5454545454545454,True,2023-06,1,1137,1
WN,BNA,LAX,2023,6,1260,20,12,1.0,frozenset({2979}),2979,0.6,True,2023-06,1,1138,1
WN,BNA,LAS,2023,6,1300,26,17,0.0,"frozenset({1737, 2732, 3406})",3406,0.6538461538461539,True,2023-06,1,1139,1
WN,BNA,DAL,2023,6,1050,21,14,0.0,"frozenset({2334, 55})",55,0.6666666666666666,True,2023-06,1,1140,1
WN,BHM,HOU,2023,6,1165,22,14,0.0,"frozenset({282, 5332})",5332,0.6363636363636364,True,2023-06,1,1141,1
WN,AUS,SNA,2023,6,1165,20,13,0.0,frozenset({1879}),1879,0.65,True,2023-06,1,1142,1
WN,AUS,SJC,2023,6,1245,20,12,1.0,frozenset({1664}),1664,0.6,True,2023-06,1,1143,1
WN,AUS,SAN,2023,6,995,24,13,0.0,"frozenset({1483, 2124})",1483,0.5416666666666666,True,2023-06,1,1144,1
WN,AUS,LAX,2023,6,1340,24,15,0.0,"frozenset({826, 3182})",826,0.625,True,2023-06,1,1145,1
WN,AUS,LAS,2023,6,1120,21,12,0.0,"frozenset({1368, 3672})",1368,0.5714285714285714,True,2023-06,1,1146,1
WN,AUS,ELP,2023,6,935,20,13,0.0,frozenset({2885}),2885,0.65,True,2023-06,1,1147,1
WN,AUS,DEN,2023,6,1095,21,14,0.0,"frozenset({2984, 3826})",2984,0.6666666666666666,True,2023-06,1,1148,1
WN,ATL,STL,2023,6,1230,26,14,0.0,"frozenset({2824, 5801, 2275})",2824,0.5384615384615384,True,2023-06,1,1149,1
WN,ATL,SAT,2023,6,1055,20,12,0.0,frozenset({2004}),2004,0.6,True,2023-06,1,1150,1
WN,BNA,MCI,2023,6,1335,26,14,1.0,"frozenset({2414, 2493, 2782})",2782,0.5384615384615384,True,2023-06,1,1151,1
UA,MSP,DEN,2023,6,1083,13,7,1.0,"frozenset({545, 1787, 1325})",1325,0.5384615384615384,True,2023-06,1,1152,1
WN,DEN,SLC,2023,6,1315,25,13,1.0,"frozenset({554, 3229, 3078})",3229,0.52,True,2023-06,1,1153,1
WN,DEN,STL,2023,6,1250,20,11,3.0,frozenset({974}),974,0.55,True,2023-06,1,1154,1
WN,RNO,DEN,2023,6,920,20,14,0.0,frozenset({3079}),3079,0.7,True,2023-06,1,1155,1
WN,RDU,DEN,2023,6,1090,20,12,1.0,frozenset({1717}),1717,0.6,True,2023-06,1,1156,1
WN,PIT,MCO,2023,6,1130,25,14,0.0,"frozenset({2737, 1188, 1100})",1100,0.56,True,2023-06,1,1157,2
WN,PHX,SAN,2023,6,1175,21,12,0.0,"frozenset({552, 1317})",1317,0.5714285714285714,True,2023-06,1,1158,1
WN,PHX,MDW,2023,6,1225,25,15,0.0,"frozenset({2507, 2740, 1679})",1679,0.6,True,2023-06,1,1159,1
WN,PHX,LAS,2023,6,1365,24,15,0.0,"frozenset({595, 623})",595,0.625,True,2023-06,1,1160,2
WN,PHX,LAS,2023,6,1215,27,18,0.0,"frozenset({2728, 2473, 3019})",2473,0.6666666666666666,True,2023-06,1,1161,1
WN,PBI,ATL,2023,6,1045,27,15,0.0,"frozenset({1782, 2686, 1575})",2686,0.5555555555555556,True,2023-06,1,1162,1
WN,ORD,PHX,2023,6,1045,20,11,0.0,frozenset({667}),667,0.55,True,2023-06,1,1163,1
WN,ORD,MCO,2023,6,950,22,14,0.0,"frozenset({1704, 770})",770,0.6363636363636364,True,2023-06,1,1164,1
WN,ORD,DEN,2023,6,1130,27,14,0.0,"frozenset({1049, 2971, 1140})",2971,0.5185185185185185,True,2023-06,1,1165,1
WN,ORD,DEN,2023,6,985,26,16,0.0,"frozenset({1418, 1990})",1990,0.6153846153846154,True,2023-06,1,1166,1
WN,ORD,DAL,2023,6,1020,22,13,0.0,"frozenset({765, 4222})",765,0.5909090909090909,True,2023-06,1,1167,1
WN,ORD,BWI,2023,6,1075,29,17,0.0,"frozenset({746, 1895, 1615})",746,0.5862068965517241,True,2023-06,1,1168,1
WN,OMA,LAS,2023,6,1105,23,14,0.0,"frozenset({1571, 892})",892,0.6086956521739131,True,2023-06,1,1169,1
WN,OMA,DEN,2023,6,1040,22,13,1.0,"frozenset({2177, 988})",988,0.5909090909090909,True,2023-06,1,1170,1
WN,OKC,DEN,2023,6,1260,24,16,0.0,"frozenset({2403, 3243})",3243,0.6666666666666666,True,2023-06,1,1171,1
WN,OAK,SEA,2023,6,1205,22,12,0.0,"frozenset({2972, 1543})",2972,0.5454545454545454,True,2023-06,1,1172,1
WN,OAK,MDW,2023,6,1175,22,12,0.0,"frozenset({1120, 2979})",1120,0.5454545454545454,True,2023-06,1,1173,1
WN,OAK,EUG,2023,6,1210,22,12,0.0,"frozenset({1966, 254})",254,0.5454545454545454,True,2023-06,1,1174,1
WN,OAK,BOI,2023,6,1235,22,13,0.0,"frozenset({5701, 790})",5701,0.5909090909090909,True,2023-06,1,1175,1
WN,MTJ,DEN,2023,6,895,20,12,0.0,frozenset({1764}),1764,0.6,True,2023-06,1,1176,1
WN,MSY,DEN,2023,6,1160,22,16,0.0,"frozenset({2986, 3604})",2986,0.7272727272727273,True,2023-06,1,1177,1
WN,MSY,DAL,2023,6,1255,26,16,0.0,"frozenset({1057, 2198, 3127})",1057,0.6153846153846154,True,2023-06,1,1178,1
WN,MSY,DAL,2023,6,1120,23,14,0.0,"frozenset({2314, 3107})",3107,0.6086956521739131,True,2023-06,1,1179,1
WN,MIA,HOU,2023,6,1185,24,15,0.0,"frozenset({1552, 2707})",1552,0.625,True,2023-06,1,1180,1
WN,MIA,BNA,2023,6,1055,22,13,0.0,"frozenset({2034, 3598})",3598,0.5909090909090909,True,2023-06,1,1181,1
WN,RSW,BWI,2023,6,1135,22,12,0.0,"frozenset({2059, 454})",2059,0.5454545454545454,True,2023-06,1,1182,1
WN,MDW,SMF,2023,6,1360,20,11,0.0,frozenset({2999}),2999,0.55,True,2023-06,1,1183,1
WN,SAN,DAL,2023,6,1075,20,11,0.0,frozenset({5113}),5113,0.55,True,2023-06,1,1184,1
WN,SEA,DEN,2023,6,855,23,12,0.0,"frozenset({1748, 846})",846,0.5217391304347826,True,2023-06,1,1185,1
YX,ORF,LGA,2023,6,1057,26,15,5.0,frozenset({4620}),4620,0.5769230769230769,True,2023-06,1,1186,1
YX,IND,EWR,2023,6,1092,25,13,6.0,frozenset({3455}),3455,0.52,True,2023-06,1,1187,1
YX,GSO,LGA,2023,6,1135,26,14,5.0,frozenset({4711}),4711,0.5384615384615384,True,2023-06,1,1188,1
YX,GSO,EWR,2023,6,1152,25,14,6.0,"frozenset({3571, 3438})",3438,0.56,True,2023-06,1,1189,1
YX,GRR,EWR,2023,6,1006,29,15,8.0,frozenset({3495}),3495,0.5172413793103449,True,2023-06,1,1190,2
YX,EWR,IAD,2023,6,875,11,6,0.0,"frozenset({3648, 3582})",3582,0.5454545454545454,True,2023-06,1,1191,1
YX,EWR,CLT,2023,6,1297,29,15,9.0,"frozenset({3544, 3575})",3544,0.5172413793103449,True,2023-06,1,1192,1
YX,BUF,EWR,2023,6,1032,29,15,7.0,frozenset({3432}),3432,0.5172413793103449,True,2023-06,1,1193,2
YX,BOS,JFK,2023,6,1057,30,20,3.0,frozenset({4296}),4296,0.6666666666666666,True,2023-06,1,1194,2
WN,TUS,DEN,2023,6,995,20,12,0.0,frozenset({2468}),2468,0.6,True,2023-06,1,1195,1
WN,TPA,SJU,2023,6,1285,20,13,0.0,frozenset({3174}),3174,0.65,True,2023-06,1,1196,1
WN,TPA,MSY,2023,6,1350,22,14,0.0,"frozenset({2403, 3022})",3022,0.6363636363636364,True,2023-06,1,1197,1
WN,TPA,MDW,2023,6,1340,25,14,0.0,"frozenset({176, 3689, 1011})",3689,0.56,True,2023-06,1,1198,1
WN,TPA,DEN,2023,6,1315,29,18,1.0,"frozenset({201, 212, 1871, 1841})",1841,0.6206896551724138,True,2023-06,1,1199,1
WN,TPA,DAL,2023,6,1270,23,12,0.0,frozenset({1119}),1119,0.5217391304347826,True,2023-06,1,1200,2
WN,SYR,BWI,2023,6,990,23,13,0.0,"frozenset({878, 3718})",878,0.5652173913043478,True,2023-06,1,1201,1
WN,STL,OMA,2023,6,1320,26,15,0.0,"frozenset({3152, 3888, 1726})",1726,0.5769230769230769,True,2023-06,1,1202,1
WN,STL,MKE,2023,6,1325,22,12,0.0,"frozenset({376, 3550})",3550,0.5454545454545454,True,2023-06,1,1203,1
WN,STL,LGB,2023,6,990,20,11,0.0,frozenset({1589}),1589,0.55,True,2023-06,1,1204,1
WN,STL,LAS,2023,6,1280,27,15,2.0,"frozenset({1395, 1789, 550})",1789,0.5555555555555556,True,2023-06,1,1205,1
WN,STL,DTW,2023,6,1050,20,11,0.0,frozenset({247}),247,0.55,True,2023-06,1,1206,1
WN,SNA,DEN,2023,6,875,14,9,0.0,"frozenset({3424, 332})",3424,0.6428571428571429,True,2023-06,1,1207,1
WN,SMF,SEA,2023,6,1090,20,11,0.0,frozenset({2248}),2248,0.55,True,2023-06,1,1208,1
WN,SLC,OAK,2023,6,1110,20,12,0.0,frozenset({2972}),2972,0.6,True,2023-06,1,1209,1
WN,SLC,DEN,2023,6,995,23,14,0.0,"frozenset({2961, 123, 892})",123,0.6086956521739131,True,2023-06,1,1210,1
WN,SJC,AUS,2023,6,1170,20,11,0.0,frozenset({3643}),3643,0.55,True,2023-06,1,1211,1
WN,SEA,DEN,2023,6,1320,20,12,1.0,frozenset({241}),241,0.6,True,2023-06,1,1212,1
WN,SAT,LAS,2023,6,1165,20,14,0.0,frozenset({2004}),2004,0.7,True,2023-06,1,1213,1
WN,MDW,SJC,2023,6,1155,20,12,0.0,"frozenset({114, 4114})",4114,0.6,True,2023-06,1,1214,1
WN,MDW,SAT,2023,6,1370,24,13,1.0,"frozenset({1096, 1385})",1385,0.5416666666666666,True,2023-06,1,1215,1
WN,MDW,PHL,2023,6,1285,26,14,0.0,"frozenset({2393, 1245, 3350})",3350,0.5384615384615384,True,2023-06,1,1216,1
WN,LAS,MDW,2023,6,1230,23,12,1.0,"frozenset({4434, 3351})",4434,0.5217391304347826,True,2023-06,1,1217,1
WN,LAS,LGB,2023,6,905,22,12,0.0,"frozenset({596, 4910})",4910,0.5454545454545454,True,2023-06,1,1218,1
WN,LAS,IND,2023,6,1165,20,11,0.0,frozenset({3388}),3388,0.55,True,2023-06,1,1219,1
WN,LAS,DEN,2023,6,910,22,17,1.0,"frozenset({794, 4974})",4974,0.7727272727272727,True,2023-06,1,1220,1
WN,LAS,BUR,2023,6,1250,25,15,1.0,"frozenset({3981, 3957, 4582})",4582,0.6,True,2023-06,1,1221,2
WN,ISP,MCO,2023,6,995,20,11,0.0,frozenset({1091}),1091,0.55,True,2023-06,1,1222,1
WN,IND,PHX,2023,6,1095,21,12,0.0,"frozenset({332, 814})",332,0.5714285714285714,True,2023-06,1,1223,1
WN,HOU,SAN,2023,6,1330,24,13,0.0,"frozenset({1702, 335})",1702,0.5416666666666666,True,2023-06,1,1224,1
WN,HOU,PHX,2023,6,1170,27,15,0.0,"frozenset({3144, 232, 1473})",232,0.5555555555555556,True,2023-06,1,1225,1
WN,HOU,OAK,2023,6,1035,20,11,0.0,frozenset({254}),254,0.55,True,2023-06,1,1226,1
WN,HOU,LAX,2023,6,990,24,13,0.0,"frozenset({1360, 33})",33,0.5416666666666666,True,2023-06,1,1227,1
WN,HOU,ELP,2023,6,1370,20,14,1.0,frozenset({3888}),3888,0.7,True,2023-06,1,1228,1
WN,HOU,ABQ,2023,6,1320,29,16,1.0,"frozenset({3154, 1627, 1484, 662})",662,0.5517241379310345,True,2023-06,1,1229,1
WN,FLL,STL,2023,6,1120,25,16,0.0,"frozenset({850, 1789, 2351})",1789,0.64,True,2023-06,1,1230,1
WN,FLL,SJU,2023,6,1300,20,12,0.0,frozenset({3549}),3549,0.6,True,2023-06,1,1231,1
WN,FLL,MDW,2023,6,1180,23,17,0.0,"frozenset({2913, 1891})",1891,0.7391304347826086,True,2023-06,1,1232,1
WN,FLL,MCO,2023,6,1190,22,12,0.0,"frozenset({1761, 1755})",1761,0.5454545454545454,True,2023-06,1,1233,1
WN,FLL,HOU,2023,6,1200,26,14,0.0,"frozenset({1968, 3228, 1822})",3228,0.5384615384615384,True,2023-06,1,1234,1
WN,FLL,DAL,2023,6,1165,26,14,0.0,"frozenset({801, 3051, 2646})",2646,0.5384615384615384,True,2023-06,1,1235,1
WN,FLL,BWI,2023,6,1120,23,13,1.0,"frozenset({759, 695})",695,0.5652173913043478,True,2023-06,1,1236,1
WN,FLL,BNA,2023,6,1205,25,15,0.0,"frozenset({2406, 547, 2782})",2782,0.6,True,2023-06,1,1237,1
WN,FLL,ATL,2023,6,1215,20,11,0.0,frozenset({2022}),2022,0.55,True,2023-06,1,1238,1
WN,ELP,SAN,2023,6,1045,20,11,0.0,frozenset({3013}),3013,0.55,True,2023-06,1,1239,1
WN,ELP,LAS,2023,6,1000,20,16,0.0,frozenset({2885}),2885,0.8,True,2023-06,1,1240,1
WN,DSM,DEN,2023,6,1230,22,12,1.0,"frozenset({3097, 2036})",2036,0.5454545454545454,True,2023-06,1,1241,1
WN,DEN,TPA,2023,6,1220,20,11,0.0,frozenset({779}),779,0.55,True,2023-06,1,1242,1
WN,DEN,TPA,2023,6,975,25,13,0.0,"frozenset({553, 2403, 3022})",3022,0.52,True,2023-06,1,1243,1
WN,LAS,ORD,2023,6,795,22,12,0.0,"frozenset({2162, 1167})",2162,0.5454545454545454,True,2023-06,1,1244,1
WN,LAS,PHX,2023,6,1240,31,18,0.0,"frozenset({5696, 4004, 5125, 1577, 1716})",4004,0.5806451612903226,True,2023-06,1,1245,1
WN,LAS,RNO,2023,6,1270,20,11,0.0,frozenset({4035}),4035,0.55,True,2023-06,1,1246,1
WN,LAS,SAN,2023,6,1210,31,16,1.0,"frozenset({5161, 1005, 1070, 2330, 2044})",1005,0.5161290322580645,True,2023-06,1,1247,1
WN,MDW,MCO,2023,6,1045,27,15,0.0,"frozenset({2552, 3644, 1206})",1206,0.5555555555555556,True,2023-06,1,1248,1
WN,MDW,MCI,2023,6,1315,22,12,1.0,"frozenset({642, 2446})",642,0.5454545454545454,True,2023-06,1,1249,1
WN,MDW,DEN,2023,6,990,23,15,0.0,"frozenset({1312, 1361})",1312,0.6521739130434783,True,2023-06,1,1250,1
WN,MDW,BHM,2023,6,1375,24,13,0.0,"frozenset({599, 3519})",3519,0.5416666666666666,True,2023-06,1,1251,1
WN,MDW,AUS,2023,6,1375,24,14,0.0,"frozenset({1934, 934})",934,0.5833333333333334,True,2023-06,1,1252,1
WN,MCO,RDU,2023,6,1200,20,12,0.0,frozenset({1092}),1092,0.6,True,2023-06,1,1253,1
WN,MCO,ORD,2023,6,780,20,11,0.0,frozenset({769}),769,0.55,True,2023-06,1,1254,1
WN,MCO,MSY,2023,6,1310,25,16,0.0,"frozenset({2024, 2552, 2111})",2024,0.64,True,2023-06,1,1255,1
WN,MCO,MKE,2023,6,1275,20,16,0.0,frozenset({879}),879,0.8,True,2023-06,1,1256,1
WN,MCO,HOU,2023,6,1375,27,15,0.0,"frozenset({1266, 1315, 3103})",1315,0.5555555555555556,True,2023-06,1,1257,1
WN,MCO,FLL,2023,6,1330,20,11,0.0,frozenset({1225}),1225,0.55,True,2023-06,1,1258,1
WN,MCO,DEN,2023,6,1315,23,17,1.0,"frozenset({1320, 3469})",3469,0.7391304347826086,True,2023-06,1,1259,1
WN,MCO,DAL,2023,6,1260,27,15,0.0,"frozenset({4576, 2688, 2621})",4576,0.5555555555555556,True,2023-06,1,1260,1
WN,DEN,SMF,2023,6,1250,27,17,1.0,"frozenset({1792, 1561, 3075, 2911})",2911,0.6296296296296297,True,2023-06,1,1261,1
WN,MCO,DAL,2023,6,1210,26,19,0.0,"frozenset({771, 2766, 1719})",771,0.7307692307692307,True,2023-06,1,1262,1
WN,MCO,BNA,2023,6,1185,23,14,0.0,"frozenset({969, 3515})",3515,0.6086956521739131,True,2023-06,1,1263,2
WN,MCO,ATL,2023,6,1090,27,17,0.0,"frozenset({2200, 3266, 3816})",2200,0.6296296296296297,True,2023-06,1,1264,1
WN,MCI,OAK,2023,6,1310,20,11,0.0,frozenset({2126}),2126,0.55,True,2023-06,1,1265,1
WN,MCI,DEN,2023,6,1280,20,11,1.0,frozenset({3088}),3088,0.55,True,2023-06,1,1266,1
WN,LIT,DAL,2023,6,1130,22,13,0.0,"frozenset({1435, 1581})",1435,0.5909090909090909,True,2023-06,1,1267,1
WN,LGB,SJC,2023,6,1130,20,13,0.0,frozenset({1874}),1874,0.65,True,2023-06,1,1268,1
WN,LGB,OAK,2023,6,1135,26,14,0.0,"frozenset({1533, 2242, 468, 1589})",1589,0.5384615384615384,True,2023-06,1,1269,1
WN,LGA,STL,2023,6,1105,29,15,2.0,"frozenset({505, 724, 281})",281,0.5172413793103449,True,2023-06,1,1270,1
WN,LGA,BNA,2023,6,1130,29,16,2.0,"frozenset({712, 2074, 1189, 1926})",1926,0.5517241379310345,True,2023-06,1,1271,1
WN,LGA,ATL,2023,6,1075,22,15,2.0,"frozenset({1121, 2237})",2237,0.6818181818181818,True,2023-06,1,1272,1
WN,LAX,SMF,2023,6,1105,21,14,0.0,"frozenset({1448, 33})",33,0.6666666666666666,True,2023-06,1,1273,1
WN,LAX,ELP,2023,6,895,20,11,0.0,frozenset({4778}),4778,0.55,True,2023-06,1,1274,1
WN,LAS,SFO,2023,6,510,20,11,0.0,frozenset({2780}),2780,0.55,True,2023-06,1,1275,1
WN,MCO,DAL,2023,6,1145,29,17,0.0,"frozenset({681, 595, 1284, 5})",595,0.5862068965517241,True,2023-06,1,1276,2
NK,FLL,ATL,2023,6,917,30,18,0.0,frozenset({226}),226,0.6,True,2023-06,1,1277,2
UA,MIA,EWR,2023,6,1140,28,18,5.0,frozenset({2013}),2013,0.6428571428571429,True,2023-06,1,1278,2
UA,MIA,DEN,2023,6,941,30,19,3.0,frozenset({576}),576,0.6333333333333333,True,2023-06,1,1279,1
OO,IAH,TUS,2023,6,1103,23,13,0.0,frozenset({5467}),5467,0.5652173913043478,True,2023-06,1,1280,1
OO,AUS,OKC,2023,6,1282,26,14,0.0,frozenset({3218}),3218,0.5384615384615384,True,2023-06,1,1281,1
OH,TUL,DFW,2023,6,997,12,7,1.0,frozenset({5076}),5076,0.5833333333333334,True,2023-06,1,1282,1
OH,TRI,DFW,2023,6,989,13,7,1.0,frozenset({5227}),5227,0.5384615384615384,True,2023-06,1,1283,1
OH,DFW,TRI,2023,6,1133,12,7,0.0,frozenset({5106}),5106,0.5833333333333334,True,2023-06,1,1284,1
OH,DFW,DAY,2023,6,1134,30,16,3.0,frozenset({5156}),5156,0.5333333333333333,True,2023-06,1,1285,1
NK,TPA,SJU,2023,6,1199,24,15,1.0,frozenset({538}),538,0.625,True,2023-06,1,1286,2
NK,SJU,TPA,2023,6,99,24,16,1.0,frozenset({539}),539,0.6666666666666666,True,2023-06,1,1287,1
NK,SJU,MCO,2023,6,1329,23,12,1.0,frozenset({1908}),1908,0.5217391304347826,True,2023-06,1,1288,3
NK,SJU,MCO,2023,6,1259,21,13,2.0,frozenset({1042}),1042,0.6190476190476191,True,2023-06,1,1289,3
NK,SJU,MCO,2023,6,884,29,21,1.0,frozenset({2009}),2009,0.7241379310344828,True,2023-06,1,1290,3
NK,SJU,BDL,2023,6,998,11,8,1.0,frozenset({2326}),2326,0.7272727272727273,True,2023-06,1,1291,1
NK,SJU,ATL,2023,6,960,21,12,0.0,frozenset({2721}),2721,0.5714285714285714,True,2023-06,1,1292,1
NK,SDF,MCO,2023,6,475,30,19,1.0,frozenset({693}),693,0.6333333333333333,True,2023-06,1,1293,1
NK,RIC,MCO,2023,6,1120,23,17,1.0,frozenset({841}),841,0.7391304347826086,True,2023-06,1,1294,3
NK,RDU,MCO,2023,6,1199,11,6,1.0,frozenset({1903}),1903,0.5454545454545454,True,2023-06,1,1295,1
NK,PIT,MCO,2023,6,1020,24,14,4.0,frozenset({637}),637,0.5833333333333334,True,2023-06,1,1296,2
NK,PIT,EWR,2023,6,845,18,11,2.0,frozenset({714}),714,0.6111111111111112,True,2023-06,1,1297,1
NK,PHL,MCO,2023,6,1170,17,10,1.0,"frozenset({529, 753})",753,0.5882352941176471,True,2023-06,1,1298,3
NK,ORD,MCO,2023,6,1030,30,16,2.0,frozenset({1705}),1705,0.5333333333333333,True,2023-06,1,1299,1
NK,ORD,LAX,2023,6,1369,30,16,5.0,frozenset({1024}),1024,0.5333333333333333,True,2023-06,1,1300,1
NK,ORD,FLL,2023,6,1159,17,12,0.0,frozenset({1986}),1986,0.7058823529411765,True,2023-06,1,1301,2
NK,OAK,LAS,2023,6,1090,12,7,1.0,frozenset({2122}),2122,0.5833333333333334,True,2023-06,1,1302,1
NK,MIA,ORD,2023,6,1171,29,17,1.0,frozenset({3164}),3164,0.5862068965517241,True,2023-06,1,1303,2
NK,MIA,IAH,2023,6,1230,24,17,2.0,frozenset({3144}),3144,0.7083333333333334,True,2023-06,1,1304,2
NK,MIA,EWR,2023,6,1097,23,12,2.0,frozenset({3119}),3119,0.5217391304347826,True,2023-06,1,1305,2
NK,MIA,DFW,2023,6,1255,24,16,2.0,frozenset({3163}),3163,0.6666666666666666,True,2023-06,1,1306,2
OO,XNA,DEN,2023,6,1026,29,16,3.0,frozenset({5355}),5355,0.5517241379310345,True,2023-06,1,1307,1
NK,MIA,ATL,2023,6,1295,29,17,3.0,frozenset({1826}),1826,0.5862068965517241,True,2023-06,1,1308,1
UA,ABQ,DEN,2023,6,1088,28,15,3.0,frozenset({1485}),1485,0.5357142857142857,True,2023-06,1,1309,1
UA,ATL,DEN,2023,6,998,29,15,2.0,frozenset({225}),225,0.5172413793103449,True,2023-06,1,1310,1
UA,DEN,CID,2023,6,1045,24,14,2.0,"frozenset({435, 2084})",435,0.5833333333333334,True,2023-06,1,1311,1
UA,DEN,BWI,2023,6,1064,30,17,1.0,"frozenset({1257, 2258})",1257,0.5666666666666667,True,2023-06,1,1312,1
UA,DEN,BOI,2023,6,1152,30,16,3.0,"frozenset({1159, 367})",1159,0.5333333333333333,True,2023-06,1,1313,1
UA,DEN,BNA,2023,6,1044,29,15,0.0,frozenset({773}),773,0.5172413793103449,True,2023-06,1,1314,2
UA,DEN,BDL,2023,6,1062,30,17,1.0,frozenset({1081}),1081,0.5666666666666667,True,2023-06,2,867,3
UA,DEN,AUS,2023,6,1077,30,17,1.0,frozenset({366}),366,0.5666666666666667,True,2023-06,1,1315,2
UA,DCA,ORD,2023,6,899,21,12,3.0,frozenset({2224}),2224,0.5714285714285714,True,2023-06,1,1316,1
UA,CLT,EWR,2023,6,1195,17,10,0.0,frozenset({522}),522,0.5882352941176471,True,2023-06,1,1317,2
UA,CLT,EWR,2023,6,1074,29,16,4.0,frozenset({1747}),1747,0.5517241379310345,True,2023-06,1,1318,2
UA,CLE,EWR,2023,6,1156,25,18,2.0,"frozenset({1306, 2659})",1306,0.72,True,2023-06,1,1319,1
UA,CLE,EWR,2023,6,1090,16,9,1.0,"frozenset({344, 1883})",1883,0.5625,True,2023-06,1,1320,1
UA,CLE,EWR,2023,6,953,28,16,4.0,"frozenset({488, 436})",436,0.5714285714285714,True,2023-06,1,1321,1
UA,BZN,DEN,2023,6,979,30,19,1.0,"frozenset({419, 436, 678})",678,0.6333333333333333,True,2023-06,1,1322,1
UA,BZN,DEN,2023,6,871,30,16,2.0,frozenset({276}),276,0.5333333333333333,True,2023-06,1,1323,1
UA,BQN,EWR,2023,6,60,30,16,4.0,frozenset({1162}),1162,0.5333333333333333,True,2023-06,1,1324,2
UA,BOS,EWR,2023,6,1266,23,13,3.0,"frozenset({204, 566, 679})",566,0.5652173913043478,True,2023-06,1,1325,1
UA,BOS,EWR,2023,6,993,18,10,1.0,"frozenset({369, 1461})",369,0.5555555555555556,True,2023-06,1,1326,1
UA,BOS,EWR,2023,6,783,20,12,3.0,"frozenset({2206, 2207})",2207,0.6,True,2023-06,1,1327,1
UA,BNA,IAH,2023,6,1008,30,16,1.0,frozenset({239}),239,0.5333333333333333,True,2023-06,1,1328,1
UA,BNA,EWR,2023,6,1069,23,15,6.0,"frozenset({394, 694})",694,0.6521739130434783,True,2023-06,1,1329,1
UA,BNA,EWR,2023,6,849,25,13,3.0,frozenset({1777}),1777,0.52,True,2023-06,1,1330,1
UA,BNA,DEN,2023,6,1061,29,15,1.0,frozenset({1839}),1839,0.5172413793103449,True,2023-06,1,1331,2
UA,AUS,IAH,2023,6,974,15,8,1.0,"frozenset({482, 2294})",482,0.5333333333333333,True,2023-06,1,1332,1
UA,AUS,EWR,2023,6,1010,29,16,5.0,frozenset({324}),324,0.5517241379310345,True,2023-06,1,1333,1
UA,ATL,EWR,2023,6,1170,25,17,5.0,frozenset({2127}),2127,0.68,True,2023-06,1,1334,2
UA,ATL,EWR,2023,6,942,25,14,1.0,"frozenset({208, 1720})",1720,0.56,True,2023-06,1,1335,1
UA,ATL,DEN,2023,6,1098,17,10,1.0,"frozenset({2216, 1219, 1213})",1213,0.5882352941176471,True,2023-06,1,1336,1
UA,ANC,EWR,2023,6,1198,29,16,3.0,frozenset({1660}),1660,0.5517241379310345,True,2023-06,1,1337,1
NK,MCO,SJU,2023,6,1388,21,13,0.0,frozenset({1049}),1049,0.6190476190476191,True,2023-06,1,1338,2
NK,MCO,SJU,2023,6,1328,30,20,1.0,"frozenset({880, 1049})",880,0.6666666666666666,True,2023-06,1,1339,3
NK,MCO,SJU,2023,6,1093,23,15,1.0,frozenset({1400}),1400,0.6521739130434783,True,2023-06,1,1340,3
NK,MCO,AUS,2023,6,1015,10,7,0.0,frozenset({1878}),1878,0.7,True,2023-06,1,1341,2
NK,MCO,ATL,2023,6,1190,24,19,0.0,frozenset({3065}),3065,0.7916666666666666,True,2023-06,1,1342,2
NK,MCO,ATL,2023,6,1021,13,8,1.0,frozenset({1210}),1210,0.6153846153846154,True,2023-06,1,1343,1
NK,MCO,ACY,2023,6,1305,20,13,1.0,frozenset({1102}),1102,0.65,True,2023-06,1,1344,1
NK,LGA,FLL,2023,6,990,26,17,2.0,frozenset({856}),856,0.6538461538461539,True,2023-06,1,1345,2
NK,LGA,FLL,2023,6,902,29,16,1.0,"frozenset({856, 1667})",1667,0.5517241379310345,True,2023-06,1,1346,1
NK,LAS,DEN,2023,6,897,10,7,0.0,frozenset({906}),906,0.7,True,2023-06,1,1347,1
NK,IAH,MCO,2023,6,1155,30,20,1.0,frozenset({357}),357,0.6666666666666666,True,2023-06,2,757,2
NK,IAH,FLL,2023,6,1147,19,12,0.0,frozenset({1525}),1525,0.631578947368421,True,2023-06,1,1348,1
NK,IAH,DTW,2023,6,924,23,13,0.0,frozenset({961}),961,0.5652173913043478,True,2023-06,1,1349,1
NK,FLL,TPA,2023,6,1080,30,22,0.0,frozenset({1555}),1555,0.7333333333333333,True,2023-06,1,1350,3
NK,FLL,PNS,2023,6,885,10,6,1.0,frozenset({1050}),1050,0.6,True,2023-06,1,1351,3
NK,FLL,PHL,2023,6,1080,30,20,2.0,frozenset({1810}),1810,0.6666666666666666,True,2023-06,1,1352,3
NK,FLL,ORD,2023,6,948,17,12,0.0,frozenset({19}),19,0.7058823529411765,True,2023-06,1,1353,4
NK,FLL,MSY,2023,6,1176,13,9,2.0,frozenset({1526}),1526,0.6923076923076923,True,2023-06,1,1354,3
NK,FLL,MCO,2023,6,1253,29,17,1.0,frozenset({676}),676,0.5862068965517241,True,2023-06,1,1355,3
NK,FLL,LAX,2023,6,1055,26,15,2.0,frozenset({339}),339,0.5769230769230769,True,2023-06,1,1356,1
NK,FLL,LAS,2023,6,819,30,16,2.0,frozenset({213}),213,0.5333333333333333,True,2023-06,1,1357,1
NK,FLL,IAH,2023,6,1320,14,8,1.0,frozenset({352}),352,0.5714285714285714,True,2023-06,1,1358,3
NK,FLL,IAH,2023,6,987,17,10,0.0,"frozenset({956, 95})",956,0.5882352941176471,True,2023-06,1,1359,3
NK,FLL,EWR,2023,6,1195,24,20,2.0,frozenset({1777}),1777,0.8333333333333334,True,2023-06,1,1360,3
NK,FLL,DFW,2023,6,1225,16,9,1.0,"frozenset({2955, 1910})",2955,0.5625,True,2023-06,1,1361,1
NK,FLL,DFW,2023,6,1155,18,10,0.0,"frozenset({1966, 1910})",1966,0.5555555555555556,True,2023-06,1,1362,2
NK,FLL,DEN,2023,6,1225,30,18,0.0,"frozenset({1314, 300})",1314,0.6,True,2023-06,1,1363,2
NK,FLL,CLE,2023,6,1215,29,15,1.0,frozenset({1608}),1608,0.5172413793103449,True,2023-06,1,1364,1
NK,FLL,BOS,2023,6,1176,24,15,2.0,frozenset({616}),616,0.625,True,2023-06,1,1365,2
NK,FLL,AUS,2023,6,939,22,14,2.0,frozenset({517}),517,0.6363636363636364,True,2023-06,1,1366,1
NK,MCO,BNA,2023,6,1029,14,10,4.0,"frozenset({2081, 2434})",2081,0.7142857142857143,True,2023-06,1,1367,2
NK,MCO,BOS,2023,6,920,13,7,1.0,"frozenset({2085, 103})",103,0.5384615384615384,True,2023-06,1,1368,1
NK,MCO,BQN,2023,6,1145,21,13,2.0,frozenset({1899}),1899,0.6190476190476191,True,2023-06,1,1369,3
NK,MCO,CLE,2023,6,1297,30,17,2.0,frozenset({432}),432,0.5666666666666667,True,2023-06,1,1370,2
NK,MCO,SJU,2023,6,1025,21,15,2.0,frozenset({802}),802,0.7142857142857143,True,2023-06,1,1371,3
NK,MCO,SJU,2023,6,655,30,18,1.0,frozenset({2008}),2008,0.6,True,2023-06,1,1372,1
NK,MCO,SDF,2023,6,1139,30,26,1.0,frozenset({1778}),1778,0.8666666666666667,True,2023-06,1,1373,3
NK,MCO,PIT,2023,6,1145,30,19,4.0,frozenset({722}),722,0.6333333333333333,True,2023-06,1,1374,2
NK,MCO,PHX,2023,6,1134,24,15,4.0,frozenset({689}),689,0.625,True,2023-06,1,1375,2
NK,MCO,PHL,2023,6,1265,30,18,0.0,frozenset({1212}),1212,0.6,True,2023-06,1,1376,3
NK,MCO,PHL,2023,6,834,27,14,1.0,frozenset({1848}),1848,0.5185185185185185,True,2023-06,1,1377,1
NK,MCO,ORD,2023,6,1282,10,7,1.0,frozenset({2056}),2056,0.7,True,2023-06,1,1378,1
NK,MCO,ORD,2023,6,1200,14,11,1.0,frozenset({2056}),2056,0.7857142857142857,True,2023-06,1,1379,1
NK,MCO,ORD,2023,6,1021,15,8,1.0,frozenset({322}),322,0.5333333333333333,True,2023-06,1,1380,2
NK,MCO,MSY,2023,6,1380,17,11,2.0,frozenset({555}),555,0.6470588235294118,True,2023-06,1,1381,3
NK,MCO,MSY,2023,6,1055,10,7,0.0,frozenset({1266}),1266,0.7,True,2023-06,1,1382,2
NK,MCO,MHT,2023,6,1255,17,10,0.0,frozenset({2047}),2047,0.5882352941176471,True,2023-06,1,1383,2
UA,DEN,CMH,2023,6,1072,30,16,1.0,"frozenset({1274, 726, 1191})",1274,0.5333333333333333,True,2023-06,1,1384,1
NK,MCO,MEM,2023,6,1325,27,21,5.0,frozenset({2866}),2866,0.7777777777777778,True,2023-06,4,317,5
NK,MCO,LGA,2023,6,1220,30,19,6.0,frozenset({686}),686,0.6333333333333333,True,2023-06,1,1385,2
NK,MCO,LAX,2023,6,1122,30,17,1.0,frozenset({2803}),2803,0.5666666666666667,True,2023-06,1,1386,3
NK,MCO,IND,2023,6,1335,10,7,3.0,frozenset({1109}),1109,0.7,True,2023-06,1,1387,2
NK,MCO,IAH,2023,6,1022,30,16,1.0,"frozenset({35, 356})",356,0.5333333333333333,True,2023-06,1,1388,1
NK,MCO,FLL,2023,6,1260,25,14,2.0,"frozenset({3675, 675, 1959})",3675,0.56,True,2023-06,1,1389,1
NK,MCO,EWR,2023,6,1256,22,15,3.0,frozenset({1909}),1909,0.6818181818181818,True,2023-06,1,1390,2
NK,MCO,EWR,2023,6,706,30,16,2.0,frozenset({2321}),2321,0.5333333333333333,True,2023-06,1,1391,1
NK,MCO,DTW,2023,6,1235,30,22,0.0,frozenset({1222}),1222,0.7333333333333333,True,2023-06,1,1392,2
NK,MCO,DTW,2023,6,1124,17,13,1.0,frozenset({336}),336,0.7647058823529411,True,2023-06,1,1393,1
NK,MCO,DFW,2023,6,1332,26,18,1.0,frozenset({1015}),1015,0.6923076923076923,True,2023-06,1,1394,3
NK,MCO,DFW,2023,6,1078,20,13,2.0,frozenset({314}),314,0.65,True,2023-06,1,1395,2
NK,MCO,CMH,2023,6,1303,24,17,1.0,frozenset({1673}),1673,0.7083333333333334,True,2023-06,1,1396,3
NK,MCO,CLT,2023,6,1286,14,10,2.0,frozenset({3801}),3801,0.7142857142857143,True,2023-06,1,1397,2
NK,MCO,MCI,2023,6,1180,21,14,0.0,frozenset({1198}),1198,0.6666666666666666,True,2023-06,1,1398,2
UA,MIA,EWR,2023,6,1006,30,19,2.0,frozenset({1321}),1321,0.6333333333333333,True,2023-06,1,1399,2
UA,DEN,DTW,2023,6,1057,30,16,0.0,"frozenset({1220, 1364})",1220,0.5333333333333333,True,2023-06,1,1400,1
UA,DEN,EWR,2023,6,966,30,18,2.0,"frozenset({1318, 1715, 1214})",1318,0.6,True,2023-06,1,1401,1
UA,IAD,BOS,2023,6,1025,30,16,0.0,frozenset({688}),688,0.5333333333333333,True,2023-06,1,1402,4
UA,GTF,DEN,2023,6,874,29,17,0.0,frozenset({1396}),1396,0.5862068965517241,True,2023-06,1,1403,1
UA,FSD,DEN,2023,6,1031,30,19,4.0,"frozenset({512, 2203, 1247})",2203,0.6333333333333333,True,2023-06,1,1404,1
UA,FLL,IAH,2023,6,1024,30,20,2.0,"frozenset({2632, 1410})",1410,0.6666666666666666,True,2023-06,1,1405,1
UA,FLL,EWR,2023,6,1049,27,22,5.0,frozenset({1937}),1937,0.8148148148148148,True,2023-06,1,1406,2
UA,FLL,EWR,2023,6,922,26,16,5.0,frozenset({2458}),2458,0.6153846153846154,True,2023-06,1,1407,2
UA,FLL,DEN,2023,6,921,30,21,1.0,frozenset({745}),745,0.7,True,2023-06,1,1408,1
UA,EWR,TPA,2023,6,1210,29,15,2.0,frozenset({2471}),2471,0.5172413793103449,True,2023-06,1,1409,2
UA,EWR,TPA,2023,6,1070,29,16,3.0,frozenset({1683}),1683,0.5517241379310345,True,2023-06,1,1410,2
UA,EWR,TPA,2023,6,915,30,17,4.0,"frozenset({2072, 705, 1576})",1576,0.5666666666666667,True,2023-06,1,1411,1
UA,EWR,SYR,2023,6,1326,30,18,5.0,"frozenset({2432, 1733, 2110})",2110,0.6,True,2023-06,1,1412,1
UA,EWR,SRQ,2023,6,959,28,16,4.0,"frozenset({1488, 2319})",1488,0.5714285714285714,True,2023-06,1,1413,1
UA,EWR,SJU,2023,6,1199,30,20,5.0,frozenset({1543}),1543,0.6666666666666666,True,2023-06,1,1414,3
UA,EWR,SFO,2023,6,1260,30,16,1.0,frozenset({1829}),1829,0.5333333333333333,True,2023-06,1,1415,2
UA,EWR,SFO,2023,6,1110,30,16,4.0,frozenset({1209}),1209,0.5333333333333333,True,2023-06,1,1416,2
UA,EWR,SEA,2023,6,1147,15,10,4.0,"frozenset({1888, 2044})",2044,0.6666666666666666,True,2023-06,1,1417,2
UA,EWR,SAV,2023,6,1289,21,16,2.0,"frozenset({792, 1733})",1733,0.7619047619047619,True,2023-06,1,1418,1
UA,EWR,RSW,2023,6,1019,26,16,6.0,frozenset({2033}),2033,0.6153846153846154,True,2023-06,1,1419,2
UA,EWR,RDU,2023,6,1295,26,16,4.0,"frozenset({2267, 2078})",2267,0.6153846153846154,True,2023-06,1,1420,1
UA,EWR,RDU,2023,6,1049,18,10,0.0,frozenset({307}),307,0.5555555555555556,True,2023-06,1,1421,2
UA,EWR,PWM,2023,6,1319,10,6,2.0,"frozenset({588, 2620})",588,0.6,True,2023-06,1,1422,1
UA,EWR,PBI,2023,6,1172,27,22,3.0,frozenset({1355}),1355,0.8148148148148148,True,2023-06,1,1423,2
UA,EWR,PBI,2023,6,899,27,16,4.0,"frozenset({2332, 254})",254,0.5925925925925926,True,2023-06,1,1424,2
UA,EWR,ORD,2023,6,1296,30,18,4.0,"frozenset({1393, 1941})",1941,0.6,True,2023-06,1,1425,1
UA,EWR,ORD,2023,6,1114,30,16,2.0,frozenset({1232}),1232,0.5333333333333333,True,2023-06,1,1426,2
UA,EWR,ORD,2023,6,1039,30,20,2.0,"frozenset({2113, 2325})",2325,0.6666666666666666,True,2023-06,1,1427,1
UA,EWR,ORD,2023,6,938,29,16,3.0,"frozenset({1840, 2070})",2070,0.5517241379310345,True,2023-06,1,1428,1
UA,IAD,DFW,2023,6,1025,29,16,0.0,frozenset({2116}),2116,0.5517241379310345,True,2023-06,1,1429,2
UA,EWR,MSY,2023,6,1230,29,15,7.0,frozenset({2425}),2425,0.5172413793103449,True,2023-06,1,1430,2
UA,IAD,EWR,2023,6,1025,22,13,0.0,"frozenset({2398, 2231})",2231,0.5909090909090909,True,2023-06,1,1431,1
UA,IAH,AUS,2023,6,860,15,9,2.0,"frozenset({697, 1247})",1247,0.6,True,2023-06,1,1432,1
UA,MEM,EWR,2023,6,832,25,14,8.0,frozenset({395}),395,0.56,True,2023-06,1,1433,1
UA,MCO,ORD,2023,6,1076,29,15,0.0,frozenset({2259}),2259,0.5172413793103449,True,2023-06,1,1434,2
UA,MCO,EWR,2023,6,1122,30,20,4.0,"frozenset({1768, 2184})",1768,0.6666666666666666,True,2023-06,1,1435,2
UA,MCO,EWR,2023,6,1010,27,19,5.0,"frozenset({1849, 711})",1849,0.7037037037037037,True,2023-06,1,1436,1
UA,MCI,DEN,2023,6,1034,29,18,2.0,"frozenset({552, 2073, 367})",367,0.6206896551724138,True,2023-06,1,1437,1
UA,JAX,EWR,2023,6,1173,23,18,3.0,frozenset({1450}),1450,0.782608695652174,True,2023-06,1,1438,1
UA,JAC,EWR,2023,6,425,14,9,5.0,"frozenset({293, 1757})",1757,0.6428571428571429,True,2023-06,1,1439,1
UA,JAC,DEN,2023,6,885,30,16,1.0,frozenset({1385}),1385,0.5333333333333333,True,2023-06,1,1440,1
UA,IAH,TUL,2023,6,1309,29,16,2.0,frozenset({2656}),2656,0.5517241379310345,True,2023-06,1,1441,1
UA,IAH,SNA,2023,6,1220,30,16,3.0,"frozenset({2017, 1699})",2017,0.5333333333333333,True,2023-06,1,1442,1
UA,IAH,SMF,2023,6,1190,30,16,1.0,frozenset({2456}),2456,0.5333333333333333,True,2023-06,1,1443,1
UA,IAH,SFO,2023,6,1199,30,17,1.0,"frozenset({2414, 1367})",1367,0.5666666666666667,True,2023-06,1,1444,1
UA,IAH,PNS,2023,6,1218,30,16,2.0,frozenset({2273}),2273,0.5333333333333333,True,2023-06,1,1445,2
UA,IAH,PHX,2023,6,1210,29,16,2.0,frozenset({2241}),2241,0.5517241379310345,True,2023-06,1,1446,1
UA,IAH,MSY,2023,6,1230,29,15,3.0,"frozenset({1528, 2165})",1528,0.5172413793103449,True,2023-06,1,1447,1
UA,IAH,MCO,2023,6,1099,30,16,3.0,frozenset({2496}),2496,0.5333333333333333,True,2023-06,1,1448,1
UA,IAH,LAX,2023,6,1218,30,18,3.0,frozenset({2236}),2236,0.6,True,2023-06,1,1449,1
UA,IAH,LAX,2023,6,1180,29,16,0.0,frozenset({1627}),1627,0.5517241379310345,True,2023-06,1,1450,1
UA,IAH,LAS,2023,6,1208,30,19,4.0,"frozenset({1491, 2006})",1491,0.6333333333333333,True,2023-06,1,1451,1
UA,IAH,EWR,2023,6,880,30,16,3.0,"frozenset({2212, 1764, 1735})",1735,0.5333333333333333,True,2023-06,1,1452,1
UA,IAH,DTW,2023,6,1210,16,9,1.0,frozenset({1611}),1611,0.5625,True,2023-06,1,1453,1
UA,IAH,DFW,2023,6,1225,28,17,3.0,frozenset({2313}),2313,0.6071428571428571,True,2023-06,2,838,2
UA,IAH,DEN,2023,6,1086,30,18,1.0,"frozenset({1584, 437})",437,0.6,True,2023-06,1,1454,2
UA,IAH,DEN,2023,6,982,30,21,0.0,frozenset({2197}),2197,0.7,True,2023-06,2,869,3
UA,IAH,CMH,2023,6,1206,30,18,3.0,frozenset({1352}),1352,0.6,True,2023-06,1,1455,1
UA,IAH,BNA,2023,6,1210,30,16,2.0,"frozenset({1363, 1583})",1583,0.5333333333333333,True,2023-06,1,1456,1
UA,IAH,BNA,2023,6,1109,29,16,3.0,frozenset({1967}),1967,0.5517241379310345,True,2023-06,1,1457,1
UA,IAD,FLL,2023,6,1139,29,15,3.0,frozenset({1379}),1379,0.5172413793103449,True,2023-06,1,1458,1
UA,EWR,MSP,2023,6,1265,27,17,6.0,frozenset({1638}),1638,0.6296296296296297,True,2023-06,1,1459,2
UA,EWR,MSN,2023,6,1259,29,16,3.0,frozenset({2328}),2328,0.5517241379310345,True,2023-06,1,1460,2
UA,EWR,MKE,2023,6,1252,26,16,3.0,"frozenset({1672, 711})",1672,0.6153846153846154,True,2023-06,1,1461,1
UA,EWR,ATL,2023,6,957,25,14,4.0,frozenset({1259}),1259,0.56,True,2023-06,1,1462,2
UA,DTW,EWR,2023,6,856,21,11,2.0,frozenset({1032}),1032,0.5238095238095238,True,2023-06,1,1463,2
UA,DSM,DEN,2023,6,1027,29,17,2.0,"frozenset({1139, 2436, 2237})",1139,0.5862068965517241,True,2023-06,1,1464,1
UA,DFW,SFO,2023,6,1210,29,17,3.0,frozenset({2005}),2005,0.5862068965517241,True,2023-06,1,1465,1
UA,DFW,IAH,2023,6,1066,30,17,0.0,"frozenset({1928, 1609})",1609,0.5666666666666667,True,2023-06,1,1466,1
UA,DFW,EWR,2023,6,953,16,9,2.0,"frozenset({2432, 746})",746,0.5625,True,2023-06,1,1467,1
UA,DFW,EWR,2023,6,867,16,9,2.0,"frozenset({560, 1307})",1307,0.5625,True,2023-06,1,1468,1
UA,DFW,DEN,2023,6,998,30,21,3.0,frozenset({2655}),2655,0.7,True,2023-06,2,812,2
UA,DEN,SYR,2023,6,1075,30,16,3.0,"frozenset({2371, 1909, 679})",1909,0.5333333333333333,True,2023-06,1,1469,1
UA,DEN,STL,2023,6,1251,21,13,2.0,"frozenset({2028, 765, 1047})",1047,0.6190476190476191,True,2023-06,1,1470,1
UA,DEN,STL,2023,6,1078,30,19,2.0,"frozenset({483, 1211})",483,0.6333333333333333,True,2023-06,1,1471,2
UA,DEN,SDF,2023,6,1063,30,21,2.0,"frozenset({1565, 1246})",1565,0.7,True,2023-06,1,1472,1
UA,DEN,RNO,2023,6,1175,27,14,3.0,"frozenset({2073, 2115, 1549})",1549,0.5185185185185185,True,2023-06,1,1473,1
UA,DEN,RIC,2023,6,1074,30,17,3.0,frozenset({589}),589,0.5666666666666667,True,2023-06,1,1474,2
UA,DEN,ORF,2023,6,1055,30,16,5.0,frozenset({1239}),1239,0.5333333333333333,True,2023-06,2,836,3
UA,DEN,MSO,2023,6,1158,29,15,2.0,"frozenset({1761, 566, 1183})",1183,0.5172413793103449,True,2023-06,1,1475,1
UA,DEN,MSN,2023,6,1064,30,16,3.0,frozenset({651}),651,0.5333333333333333,True,2023-06,1,1476,1
UA,DEN,MIA,2023,6,1079,29,17,3.0,frozenset({1356}),1356,0.5862068965517241,True,2023-06,1,1477,2
UA,DEN,MFR,2023,6,1155,30,16,2.0,frozenset({2342}),2342,0.5333333333333333,True,2023-06,1,1478,1
UA,DEN,MEM,2023,6,1073,29,16,3.0,"frozenset({2330, 1534})",1534,0.5517241379310345,True,2023-06,1,1479,1
UA,DEN,LGA,2023,6,905,26,14,2.0,"frozenset({1260, 2375})",2375,0.5384615384615384,True,2023-06,1,1480,1
UA,DEN,LAX,2023,6,1265,29,23,1.0,frozenset({512}),512,0.7931034482758621,True,2023-06,1,1481,2
UA,DEN,IND,2023,6,1067,30,22,1.0,"frozenset({1331, 1199})",1331,0.7333333333333333,True,2023-06,1,1482,1
UA,DEN,IAH,2023,6,1264,30,17,0.0,"frozenset({2179, 285})",2179,0.5666666666666667,True,2023-06,1,1483,1
UA,DEN,GEG,2023,6,1175,30,17,3.0,"frozenset({577, 483})",577,0.5666666666666667,True,2023-06,1,1484,2
UA,DEN,FSD,2023,6,1136,29,19,2.0,"frozenset({566, 1671})",1671,0.6551724137931034,True,2023-06,1,1485,1
UA,DEN,EWR,2023,6,1066,30,21,1.0,frozenset({2613}),2613,0.7,True,2023-06,1,1486,2
UA,EWR,ATL,2023,6,1221,28,21,4.0,frozenset({673}),673,0.75,True,2023-06,1,1487,1
UA,EWR,BNA,2023,6,1259,30,17,6.0,"frozenset({2600, 2001, 341})",2001,0.5666666666666667,True,2023-06,1,1488,1
UA,EWR,BOS,2023,6,917,17,14,4.0,frozenset({1601}),1601,0.8235294117647058,True,2023-06,1,1489,1
UA,EWR,BOS,2023,6,1019,27,15,4.0,frozenset({1261}),1261,0.5555555555555556,True,2023-06,1,1490,2
UA,EWR,MIA,2023,6,1170,29,20,4.0,"frozenset({1865, 1388})",1865,0.6896551724137931,True,2023-06,1,1491,1
UA,EWR,MIA,2023,6,897,28,18,3.0,"frozenset({592, 1844})",1844,0.6428571428571429,True,2023-06,1,1492,1
UA,EWR,MEM,2023,6,1319,27,16,7.0,frozenset({1156}),1156,0.5925925925925926,True,2023-06,1,1493,2
UA,EWR,MCO,2023,6,1019,29,18,3.0,"frozenset({1546, 2155})",1546,0.6206896551724138,True,2023-06,1,1494,2
UA,EWR,MCO,2023,6,970,30,18,6.0,"frozenset({657, 1546})",657,0.6,True,2023-06,1,1495,1
UA,EWR,MCO,2023,6,890,30,16,4.0,"frozenset({1105, 657})",1105,0.5333333333333333,True,2023-06,1,1496,2
UA,EWR,LAX,2023,6,1230,27,19,3.0,frozenset({2112}),2112,0.7037037037037037,True,2023-06,1,1497,1
UA,EWR,LAX,2023,6,880,29,15,1.0,frozenset({2403}),2403,0.5172413793103449,True,2023-06,1,1498,1
UA,EWR,JAX,2023,6,959,25,18,4.0,frozenset({1314}),1314,0.72,True,2023-06,1,1499,1
UA,EWR,JAC,2023,6,1085,11,7,4.0,"frozenset({2294, 1159})",1159,0.6363636363636364,True,2023-06,1,1500,2
UA,EWR,IAH,2023,6,935,30,17,1.0,frozenset({2206}),2206,0.5666666666666667,True,2023-06,1,1501,2
UA,EWR,IAD,2023,6,1176,26,14,2.0,frozenset({2494}),2494,0.5384615384615384,True,2023-06,1,1502,2
UA,EWR,IAD,2023,6,877,16,10,0.0,"frozenset({1992, 334})",334,0.625,True,2023-06,1,1503,1
UA,DEN,EUG,2023,6,1161,30,16,1.0,"frozenset({331, 1303})",1303,0.5333333333333333,True,2023-06,1,1504,2
UA,EWR,FLL,2023,6,1170,30,18,4.0,frozenset({2161}),2161,0.6,True,2023-06,1,1505,2
UA,EWR,FLL,2023,6,795,27,16,4.0,frozenset({1336}),1336,0.5925925925925926,True,2023-06,1,1506,2
UA,EWR,DFW,2023,6,1229,26,17,6.0,frozenset({2135}),2135,0.6538461538461539,True,2023-06,1,1507,2
UA,EWR,DFW,2023,6,1019,26,14,4.0,"frozenset({1947, 1979})",1979,0.5384615384615384,True,2023-06,1,1508,1
UA,EWR,DEN,2023,6,1199,30,16,2.0,"frozenset({1505, 1962, 1827})",1827,0.5333333333333333,True,2023-06,1,1509,1
UA,EWR,DEN,2023,6,1037,30,18,2.0,"frozenset({1848, 2317, 701})",1848,0.6,True,2023-06,1,1510,1
UA,EWR,CVG,2023,6,1267,26,18,4.0,"frozenset({1067, 292, 591})",292,0.6923076923076923,True,2023-06,1,1511,1
UA,EWR,CLT,2023,6,869,30,17,5.0,frozenset({1030}),1030,0.5666666666666667,True,2023-06,1,1512,2
UA,EWR,CLE,2023,6,1154,29,17,3.0,frozenset({1386}),1386,0.5862068965517241,True,2023-06,1,1513,1
UA,EWR,CLE,2023,6,1055,30,18,2.0,"frozenset({598, 1711})",1711,0.6,True,2023-06,1,1514,1
UA,EWR,CHS,2023,6,1250,28,21,3.0,frozenset({1283}),1283,0.75,True,2023-06,1,1515,2
UA,EWR,BUF,2023,6,1350,26,19,3.0,"frozenset({1307, 1252})",1307,0.7307692307692307,True,2023-06,1,1516,2
UA,EWR,BQN,2023,6,1194,30,18,3.0,frozenset({569}),569,0.6,True,2023-06,1,1517,2
UA,EWR,BOS,2023,6,1290,24,15,4.0,"frozenset({1076, 485})",1076,0.625,True,2023-06,1,1518,2
UA,EWR,FLL,2023,6,929,26,18,4.0,"frozenset({1482, 2067})",1482,0.6923076923076923,True,2023-06,1,1519,2
OO,DEN,COS,2023,6,1130,30,16,4.0,frozenset({4660}),4660,0.5333333333333333,True,2023-06,1,1520,1
HA,HNL,PDX,2023,6,885,30,16,0.0,frozenset({26}),26,0.5333333333333333,True,2023-06,1,1521,1
B6,MCO,JFK,2023,6,969,16,12,1.0,frozenset({2884}),2884,0.75,True,2023-06,1,1522,3
AA,DFW,BUF,2023,6,1136,26,14,0.0,frozenset({574}),574,0.5384615384615384,True,2023-06,1,1523,1
AA,DFW,BOS,2023,6,1113,24,13,2.0,frozenset({1366}),1366,0.5416666666666666,True,2023-06,1,1524,1
AA,DFW,BOI,2023,6,1194,10,7,0.0,frozenset({1482}),1482,0.7,True,2023-06,1,1525,1
AA,DFW,BNA,2023,6,1252,30,16,3.0,frozenset({1500}),1500,0.5333333333333333,True,2023-06,1,1526,1
AA,SLC,DFW,2023,6,965,30,16,0.0,frozenset({2457}),2457,0.5333333333333333,True,2023-06,2,741,2
AA,STL,DCA,2023,6,1078,26,16,0.0,frozenset({2286}),2286,0.6153846153846154,True,2023-06,1,1527,1
AA,DFW,BNA,2023,6,1161,30,16,0.0,frozenset({1044}),1044,0.5333333333333333,True,2023-06,1,1528,1
AA,DFW,AUS,2023,6,1215,30,17,0.0,"frozenset({2707, 2019})",2707,0.5666666666666667,True,2023-06,1,1529,1
AA,DFW,AUS,2023,6,1140,30,17,1.0,frozenset({1828}),1828,0.5666666666666667,True,2023-06,1,1530,1
AA,STL,LGA,2023,6,881,24,13,0.0,frozenset({2270}),2270,0.5416666666666666,True,2023-06,1,1531,1
B6,RSW,EWR,2023,6,1005,16,11,1.0,frozenset({1812}),1812,0.6875,True,2023-06,1,1532,2
AA,DFW,ATL,2023,6,1241,30,16,0.0,frozenset({2749}),2749,0.5333333333333333,True,2023-06,1,1533,2
B6,RSW,JFK,2023,6,857,16,9,0.0,frozenset({130}),130,0.5625,True,2023-06,1,1534,2
AA,TPA,DFW,2023,6,1178,23,12,1.0,frozenset({2484}),2484,0.5217391304347826,True,2023-06,1,1535,1
AA,DFW,ATL,2023,6,1170,30,19,1.0,frozenset({2237}),2237,0.6333333333333333,True,2023-06,2,810,3
AA,DFW,ATL,2023,6,979,30,16,1.0,frozenset({2403}),2403,0.5333333333333333,True,2023-06,1,1536,1
AA,DEN,DFW,2023,6,1116,30,18,1.0,frozenset({1322}),1322,0.6,True,2023-06,2,843,2
AA,DEN,DFW,2023,6,1002,29,15,0.0,frozenset({1832}),1832,0.5172413793103449,True,2023-06,2,850,3
B6,JFK,FLL,2023,6,1005,30,16,3.0,frozenset({2901}),2901,0.5333333333333333,True,2023-06,1,1537,3
B6,JFK,FLL,2023,6,899,30,17,0.0,frozenset({1401}),1401,0.5666666666666667,True,2023-06,1,1538,2
B6,SAV,JFK,2023,6,1189,30,17,2.0,frozenset({342}),342,0.5666666666666667,True,2023-06,1,1539,2
AA,TPA,MIA,2023,6,940,26,16,0.0,frozenset({2503}),2503,0.6153846153846154,True,2023-06,1,1540,1
B6,SEA,JFK,2023,6,846,14,10,0.0,frozenset({64}),64,0.7142857142857143,True,2023-06,1,1541,2
AA,DCA,MIA,2023,6,1211,28,15,2.0,frozenset({1554}),1554,0.5357142857142857,True,2023-06,1,1542,1
AA,DCA,MIA,2023,6,954,30,16,1.0,frozenset({1606}),1606,0.5333333333333333,True,2023-06,1,1543,1
AA,TPA,ORD,2023,6,978,30,16,0.0,frozenset({1101}),1101,0.5333333333333333,True,2023-06,1,1544,1
B6,SJU,DCA,2023,6,1055,16,13,0.0,frozenset({1348}),1348,0.8125,True,2023-06,1,1545,1
B6,RNO,JFK,2023,6,1439,16,9,2.0,frozenset({80}),80,0.5625,True,2023-06,1,1546,3
AA,DFW,CLE,2023,6,1235,30,16,0.0,frozenset({1607}),1607,0.5333333333333333,True,2023-06,1,1547,1
B6,RIC,MCO,2023,6,1060,16,12,0.0,frozenset({969}),969,0.75,True,2023-06,1,1548,3
AA,DFW,DEN,2023,6,999,30,23,1.0,frozenset({1322}),1322,0.7666666666666667,True,2023-06,2,825,3
AA,DFW,LGA,2023,6,902,30,23,1.0,frozenset({610}),610,0.7666666666666667,True,2023-06,1,1549,1
AA,DFW,LGA,2023,6,811,26,14,1.0,frozenset({1105}),1105,0.5384615384615384,True,2023-06,1,1550,1
AA,DFW,LBB,2023,6,1368,30,17,0.0,frozenset({844}),844,0.5666666666666667,True,2023-06,1,1551,2
AA,DFW,LAX,2023,6,1318,24,13,0.0,"frozenset({1747, 1644})",1747,0.5416666666666666,True,2023-06,1,1552,1
B6,PVD,FLL,2023,6,1020,16,11,1.0,frozenset({1197}),1197,0.6875,True,2023-06,1,1553,2
AA,DFW,LAS,2023,6,1315,30,17,0.0,frozenset({1459}),1459,0.5666666666666667,True,2023-06,1,1554,1
B6,PVD,MCO,2023,6,1090,12,10,0.0,frozenset({2275}),2275,0.8333333333333334,True,2023-06,1,1555,2
B6,PVD,PBI,2023,6,940,16,10,1.0,frozenset({1287}),1287,0.625,True,2023-06,1,1556,1
B6,JFK,MCO,2023,6,1295,16,13,4.0,frozenset({283}),283,0.8125,True,2023-06,1,1557,3
AA,DFW,ICT,2023,6,1360,30,16,2.0,"frozenset({1432, 1221})",1432,0.5333333333333333,True,2023-06,1,1558,1
AA,DFW,IAH,2023,6,1197,30,16,0.0,frozenset({2209}),2209,0.5333333333333333,True,2023-06,1,1559,1
AA,DFW,GRR,2023,6,1235,14,8,1.0,frozenset({1555}),1555,0.5714285714285714,True,2023-06,2,837,2
B6,RDU,BOS,2023,6,914,16,10,0.0,frozenset({2184}),2184,0.625,True,2023-06,1,1560,2
AA,DCA,LGA,2023,6,1080,26,15,0.0,frozenset({1504}),1504,0.5769230769230769,True,2023-06,1,1561,2
AA,DFW,GEG,2023,6,1178,26,16,1.0,frozenset({303}),303,0.6153846153846154,True,2023-06,1,1562,1
B6,JFK,MCO,2023,6,995,29,18,4.0,frozenset({383}),383,0.6206896551724138,True,2023-06,1,1563,4
B6,JFK,MCO,2023,6,930,30,19,3.0,"frozenset({193, 1483})",1483,0.6333333333333333,True,2023-06,1,1564,2
AA,DFW,FLL,2023,6,1243,30,16,0.0,frozenset({934}),934,0.5333333333333333,True,2023-06,1,1565,1
AA,DFW,FAT,2023,6,1354,30,17,0.0,frozenset({1381}),1381,0.5666666666666667,True,2023-06,1,1566,1
B6,JFK,MCO,2023,6,840,30,16,2.0,"frozenset({883, 1483})",883,0.5333333333333333,True,2023-06,1,1567,2
AA,DFW,EWR,2023,6,1019,30,18,3.0,frozenset({1802}),1802,0.6,True,2023-06,1,1568,2
AA,DFW,ELP,2023,6,916,30,16,0.0,frozenset({1681}),1681,0.5333333333333333,True,2023-06,1,1569,1
B6,JFK,MCO,2023,6,750,16,9,1.0,frozenset({83}),83,0.5625,True,2023-06,1,1570,2
B6,RDU,JFK,2023,6,795,16,10,0.0,frozenset({86}),86,0.625,True,2023-06,1,1571,2
B6,RDU,JFK,2023,6,1273,16,10,3.0,frozenset({386}),386,0.625,True,2023-06,1,1572,2
B6,JFK,MCO,2023,6,457,16,9,1.0,frozenset({483}),483,0.5625,True,2023-06,1,1573,1
AA,DFW,DEN,2023,6,1287,24,17,0.0,frozenset({577}),577,0.7083333333333334,True,2023-06,2,874,2
AA,DFW,DEN,2023,6,1145,30,17,2.0,frozenset({1217}),1217,0.5666666666666667,True,2023-06,1,1574,3
AA,DFW,FSD,2023,6,1170,30,16,0.0,frozenset({855}),855,0.5333333333333333,True,2023-06,1,1575,1
B6,PBI,LGA,2023,6,1139,28,19,2.0,frozenset({1262}),1262,0.6785714285714286,True,2023-06,1,1576,3
B6,SJU,FLL,2023,6,763,16,10,0.0,frozenset({1754}),1754,0.625,True,2023-06,1,1577,1
AA,DCA,LGA,2023,6,930,26,14,0.0,frozenset({2317}),2317,0.5384615384615384,True,2023-06,1,1578,1
B6,TPA,JFK,2023,6,1279,13,8,0.0,frozenset({226}),226,0.6153846153846154,True,2023-06,1,1579,1
B6,JAX,FLL,2023,6,1178,28,17,4.0,frozenset({1017}),1017,0.6071428571428571,True,2023-06,1,1580,2
B6,AUS,JFK,2023,6,940,16,10,0.0,frozenset({694}),694,0.625,True,2023-06,1,1581,2
B6,JAX,BOS,2023,6,1252,14,10,3.0,frozenset({310}),310,0.7142857142857143,True,2023-06,1,1582,2
B6,BDL,SJU,2023,6,1105,29,21,2.0,frozenset({275}),275,0.7241379310344828,True,2023-06,1,1583,2
B6,TPA,LGA,2023,6,1005,28,16,2.0,frozenset({2810}),2810,0.5714285714285714,True,2023-06,1,1584,1
B6,TPA,SJU,2023,6,810,16,12,0.0,frozenset({2551}),2551,0.75,True,2023-06,1,1585,1
B6,TPA,SJU,2023,6,1255,14,9,0.0,frozenset({2512}),2512,0.6428571428571429,True,2023-06,1,1586,1
B6,BDL,SJU,2023,6,1340,16,9,1.0,frozenset({1475}),1475,0.5625,True,2023-06,1,1587,1
B6,BNA,BOS,2023,6,1150,16,10,2.0,frozenset({1206}),1206,0.625,True,2023-06,1,1588,2
B6,BNA,FLL,2023,6,980,16,13,2.0,frozenset({182}),182,0.8125,True,2023-06,2,811,3
DL,ATL,CHA,2023,6,1415,15,8,0.0,frozenset({2327}),2327,0.5333333333333333,True,2023-06,1,1589,2
B6,BNA,FLL,2023,6,1110,14,12,1.0,frozenset({182}),182,0.8571428571428571,True,2023-06,2,811,3
DL,ATL,DAL,2023,6,1054,23,15,0.0,frozenset({684}),684,0.6521739130434783,True,2023-06,1,1590,1
B6,BNA,JFK,2023,6,1225,16,12,6.0,frozenset({1674}),1674,0.75,True,2023-06,1,1591,2
AA,CLT,RSW,2023,6,1354,24,13,1.0,frozenset({1176}),1176,0.5416666666666666,True,2023-06,1,1592,1
B6,FLL,SJU,2023,6,1050,16,12,1.0,frozenset({1453}),1453,0.75,True,2023-06,1,1593,1
DL,ATL,DEN,2023,6,1107,15,10,0.0,frozenset({1754}),1754,0.6666666666666666,True,2023-06,1,1594,1
DL,ATL,DEN,2023,6,1254,15,8,0.0,frozenset({391}),391,0.5333333333333333,True,2023-06,1,1595,1
DL,ATL,DTW,2023,6,1285,19,10,0.0,frozenset({1640}),1640,0.5263157894736842,True,2023-06,1,1596,1
B6,BNA,LGA,2023,6,1035,12,9,0.0,frozenset({2188}),2188,0.75,True,2023-06,1,1597,1
B6,FLL,SAN,2023,6,1094,25,15,0.0,frozenset({29}),29,0.6,True,2023-06,1,1598,1
B6,BOS,BNA,2023,6,985,16,9,1.0,frozenset({1207}),1207,0.5625,True,2023-06,1,1599,2
DL,ATL,JAX,2023,6,986,30,18,0.0,frozenset({2627}),2627,0.6,True,2023-06,1,1600,1
DL,ATL,JAX,2023,6,1425,18,10,2.0,frozenset({2746}),2746,0.5555555555555556,True,2023-06,1,1601,2
DL,ATL,LAX,2023,6,990,19,10,0.0,"frozenset({897, 484, 301})",301,0.5263157894736842,True,2023-06,1,1602,1
B6,FLL,RIC,2023,6,1243,26,18,3.0,frozenset({1146}),1146,0.6923076923076923,True,2023-06,2,875,4
B6,ATL,LGA,2023,6,1229,28,18,4.0,frozenset({2513}),2513,0.6428571428571429,True,2023-06,1,1603,2
B6,ATL,LGA,2023,6,1002,30,16,1.0,frozenset({2613}),2613,0.5333333333333333,True,2023-06,1,1604,2
B6,TPA,EWR,2023,6,1274,16,12,3.0,frozenset({2174}),2174,0.75,True,2023-06,1,1605,2
B6,TPA,BOS,2023,6,1106,16,10,0.0,frozenset({1192}),1192,0.625,True,2023-06,1,1606,2
B6,JFK,DTW,2023,6,1315,16,11,4.0,frozenset({1419}),1419,0.6875,True,2023-06,1,1607,3
B6,SJU,JFK,2023,6,880,28,15,2.0,frozenset({2030}),2030,0.5357142857142857,True,2023-06,1,1608,3
B6,SJU,JFK,2023,6,1108,16,12,2.0,frozenset({2404}),2404,0.75,True,2023-06,1,1609,3
B6,SJU,MCO,2023,6,846,14,8,0.0,frozenset({934}),934,0.5714285714285714,True,2023-06,1,1610,1
B6,SJU,MCO,2023,6,940,30,16,1.0,"frozenset({636, 934})",934,0.5333333333333333,True,2023-06,1,1611,2
B6,JFK,BUF,2023,6,1200,12,9,3.0,frozenset({2602}),2602,0.75,True,2023-06,1,1612,2
B6,SJU,MCO,2023,6,1220,29,15,2.0,frozenset({1134}),1134,0.5172413793103449,True,2023-06,1,1613,2
B6,SJU,MCO,2023,6,1315,16,12,1.0,frozenset({2134}),2134,0.75,True,2023-06,1,1614,2
B6,JFK,BTV,2023,6,1237,16,9,4.0,frozenset({234}),234,0.5625,True,2023-06,1,1615,2
B6,LGA,ATL,2023,6,1199,14,8,0.0,frozenset({2514}),2514,0.5714285714285714,True,2023-06,2,766,3
AA,CVG,MIA,2023,6,1157,30,16,1.0,frozenset({2607}),2607,0.5333333333333333,True,2023-06,1,1616,2
AA,CVG,DFW,2023,6,1218,30,16,1.0,frozenset({2345}),2345,0.5333333333333333,True,2023-06,1,1617,1
AA,CVG,CLT,2023,6,1221,24,13,0.0,frozenset({1494}),1494,0.5416666666666666,True,2023-06,1,1618,1
B6,SJU,FLL,2023,6,1037,16,15,0.0,frozenset({2054}),2054,0.9375,True,2023-06,1,1619,3
B6,JFK,BQN,2023,6,1346,16,13,3.0,frozenset({839}),839,0.8125,True,2023-06,1,1620,3
B6,SJU,TPA,2023,6,1255,29,15,1.0,frozenset({2752}),2752,0.5172413793103449,True,2023-06,1,1621,3
AS,MCO,SEA,2023,6,1115,16,9,0.0,frozenset({341}),341,0.5625,True,2023-06,1,1622,2
AS,MCO,SFO,2023,6,1185,16,9,1.0,frozenset({369}),369,0.5625,True,2023-06,1,1623,1
B6,SLC,JFK,2023,6,1369,16,12,2.0,frozenset({72}),72,0.75,True,2023-06,1,1624,2
AS,SFO,PDX,2023,6,660,12,7,0.0,frozenset({1045}),1045,0.5833333333333334,True,2023-06,1,1625,1
B6,JFK,BOS,2023,6,1155,16,10,4.0,frozenset({1718}),1718,0.625,True,2023-06,1,1626,3
B6,SMF,BOS,2023,6,1280,30,18,1.0,frozenset({916}),916,0.6,True,2023-06,1,1627,2
B6,SMF,JFK,2023,6,1389,16,12,1.0,frozenset({162}),162,0.75,True,2023-06,1,1628,2
B6,JFK,BNA,2023,6,1071,16,11,5.0,frozenset({1673}),1673,0.6875,True,2023-06,1,1629,2
B6,ALB,MCO,2023,6,969,16,15,0.0,frozenset({119}),119,0.9375,True,2023-06,1,1630,3
AA,CLT,TPA,2023,6,1212,30,16,0.0,frozenset({2022}),2022,0.5333333333333333,True,2023-06,1,1631,3
B6,STT,SJU,2023,6,965,16,11,0.0,frozenset({435}),435,0.6875,True,2023-06,1,1632,1
B6,TPA,BOS,2023,6,885,16,9,2.0,frozenset({592}),592,0.5625,True,2023-06,1,1633,2
B6,SJU,STT,2023,6,881,16,10,0.0,frozenset({936}),936,0.625,True,2023-06,1,1634,1
B6,PBI,JFK,2023,6,1028,16,13,7.0,frozenset({2154}),2154,0.8125,True,2023-06,1,1635,1
AA,DFW,LGA,2023,6,1053,30,19,2.0,"frozenset({2708, 652})",652,0.6333333333333333,True,2023-06,1,1636,1
B6,PBI,EWR,2023,6,1270,16,11,2.0,frozenset({1044}),1044,0.6875,True,2023-06,1,1637,2
AA,GSO,DFW,2023,6,1075,30,16,0.0,frozenset({1598}),1598,0.5333333333333333,True,2023-06,1,1638,1
AA,FLL,PHL,2023,6,851,30,17,2.0,frozenset({1401}),1401,0.5666666666666667,True,2023-06,1,1639,1
AA,FLL,DFW,2023,6,1044,30,21,0.0,frozenset({606}),606,0.7,True,2023-06,1,1640,1
AA,MIA,MEM,2023,6,1330,30,17,2.0,frozenset({1522}),1522,0.5666666666666667,True,2023-06,1,1641,1
AA,EWR,ORD,2023,6,1065,30,19,2.0,frozenset({1688}),1688,0.6333333333333333,True,2023-06,1,1642,2
B6,MCO,BQN,2023,6,1328,16,13,1.0,frozenset({430}),430,0.8125,True,2023-06,1,1643,2
AA,MIA,PHL,2023,6,1034,30,16,2.0,frozenset({2486}),2486,0.5333333333333333,True,2023-06,1,1644,4
B6,MCO,BUF,2023,6,955,16,12,1.0,frozenset({1586}),1586,0.75,True,2023-06,1,1645,2
B6,MCO,EWR,2023,6,691,16,10,1.0,frozenset({2528}),2528,0.625,True,2023-06,1,1646,1
B6,MCO,EWR,2023,6,1036,14,9,0.0,frozenset({128}),128,0.6428571428571429,True,2023-06,1,1647,1
B6,MCO,EWR,2023,6,1080,16,12,2.0,frozenset({828}),828,0.75,True,2023-06,1,1648,1
B6,MCO,EWR,2023,6,1145,14,9,1.0,frozenset({828}),828,0.6428571428571429,True,2023-06,1,1649,4
B6,MCO,EWR,2023,6,1308,16,11,4.0,frozenset({2194}),2194,0.6875,True,2023-06,1,1650,2
AA,EWR,MIA,2023,6,1119,30,17,4.0,frozenset({1708}),1708,0.5666666666666667,True,2023-06,1,1651,2
B6,JFK,SJU,2023,6,1378,30,19,3.0,frozenset({403}),403,0.6333333333333333,True,2023-06,2,803,4
B6,JFK,SJU,2023,6,1200,21,12,1.0,"frozenset({703, 1903})",703,0.5714285714285714,True,2023-06,1,1652,3
AA,EWR,CLT,2023,6,1190,24,15,2.0,frozenset({869}),869,0.625,True,2023-06,1,1653,2
B6,JFK,SJU,2023,6,1117,16,12,0.0,frozenset({1903}),1903,0.75,True,2023-06,1,1654,3
B6,MCO,HPN,2023,6,1059,16,10,1.0,frozenset({1294}),1294,0.625,True,2023-06,1,1655,2
B6,MCO,HPN,2023,6,1195,30,21,3.0,"frozenset({714, 1694})",1694,0.7,True,2023-06,1,1656,1
B6,JFK,SJU,2023,6,810,16,11,1.0,frozenset({803}),803,0.6875,True,2023-06,1,1657,1
B6,DEN,BOS,2023,6,1390,14,11,0.0,frozenset({594}),594,0.7857142857142857,True,2023-06,1,1658,2
B6,MCO,JFK,2023,6,1090,30,22,4.0,"frozenset({884, 1284})",884,0.7333333333333333,True,2023-06,1,1659,2
B6,MCO,JFK,2023,6,1175,16,15,3.0,frozenset({1284}),1284,0.9375,True,2023-06,1,1660,4
B6,MCO,JFK,2023,6,1255,30,20,2.0,frozenset({384}),384,0.6666666666666666,True,2023-06,1,1661,5
AA,EWR,CLT,2023,6,1037,30,17,1.0,frozenset({1216}),1216,0.5666666666666667,True,2023-06,1,1662,1
AA,ELP,DFW,2023,6,1007,30,17,0.0,frozenset({1681}),1681,0.5666666666666667,True,2023-06,1,1663,1
B6,JFK,SLC,2023,6,1260,16,12,2.0,frozenset({71}),71,0.75,True,2023-06,1,1664,2
B6,JFK,SYR,2023,6,1297,21,12,3.0,frozenset({2516}),2516,0.5714285714285714,True,2023-06,1,1665,2
B6,MCO,BOS,2023,6,1229,16,13,3.0,frozenset({1152}),1152,0.8125,True,2023-06,1,1666,2
B6,MCO,BOS,2023,6,1100,14,9,1.0,frozenset({2952}),2952,0.6428571428571429,True,2023-06,1,1667,3
AA,MCO,MIA,2023,6,1147,30,18,3.0,frozenset({1411}),1411,0.6,True,2023-06,1,1668,2
AA,MCO,MIA,2023,6,1056,30,17,2.0,frozenset({457}),457,0.5666666666666667,True,2023-06,1,1669,2
AA,MCO,DCA,2023,6,1201,29,15,3.0,frozenset({2884}),2884,0.5172413793103449,True,2023-06,1,1670,1
AA,MIA,ATL,2023,6,1291,30,16,0.0,frozenset({2290}),2290,0.5333333333333333,True,2023-06,1,1671,2
B6,LAX,BOS,2023,6,1259,16,9,1.0,frozenset({388}),388,0.5625,True,2023-06,1,1672,1
B6,LGA,FLL,2023,6,1010,28,17,1.0,frozenset({571}),571,0.6071428571428571,True,2023-06,1,1673,2
B6,LGA,FLL,2023,6,1229,28,15,2.0,frozenset({471}),471,0.5357142857142857,True,2023-06,1,1674,2
AA,MIA,BNA,2023,6,958,30,17,1.0,frozenset({323}),323,0.5666666666666667,True,2023-06,1,1675,1
AA,MIA,DFW,2023,6,1056,30,21,1.0,frozenset({695}),695,0.7,True,2023-06,1,1676,2
B6,LGA,JAX,2023,6,1045,28,17,3.0,frozenset({2339}),2339,0.6071428571428571,True,2023-06,1,1677,2
AA,MCI,DFW,2023,6,1089,30,16,1.0,frozenset({1376}),1376,0.5333333333333333,True,2023-06,1,1678,1
B6,LGA,MCO,2023,6,1079,30,16,1.0,frozenset({1799}),1799,0.5333333333333333,True,2023-06,1,1679,2
B6,LGA,MCO,2023,6,1290,16,13,2.0,frozenset({499}),499,0.8125,True,2023-06,1,1680,2
AA,MIA,TPA,2023,6,1237,30,17,0.0,frozenset({1921}),1921,0.5666666666666667,True,2023-06,1,1681,1
AA,LGA,DFW,2023,6,1020,26,15,1.0,frozenset({2818}),2818,0.5769230769230769,True,2023-06,1,1682,1
AA,MIA,IND,2023,6,1265,30,18,1.0,frozenset({1222}),1222,0.6,True,2023-06,1,1683,1
B6,LAS,FLL,2023,6,1426,30,16,3.0,frozenset({608}),608,0.5333333333333333,True,2023-06,1,1684,2
AA,MIA,JFK,2023,6,1059,30,16,0.0,frozenset({2225}),2225,0.5333333333333333,True,2023-06,1,1685,2
B6,LGA,TPA,2023,6,1289,28,15,1.0,frozenset({47}),47,0.5357142857142857,True,2023-06,1,1686,3
AA,JFK,MIA,2023,6,1109,30,20,3.0,frozenset({485}),485,0.6666666666666666,True,2023-06,1,1687,1
AA,MIA,LAS,2023,6,1268,30,17,1.0,frozenset({1858}),1858,0.5666666666666667,True,2023-06,1,1688,1
B6,JFK,TPA,2023,6,1037,30,17,3.0,frozenset({225}),225,0.5666666666666667,True,2023-06,1,1689,2
AA,MIA,LGA,2023,6,961,26,14,4.0,frozenset({2047}),2047,0.5384615384615384,True,2023-06,1,1690,1
AA,MIA,LGA,2023,6,1019,30,18,5.0,frozenset({1680}),1680,0.6,True,2023-06,1,1691,1
B6,MCO,BDL,2023,6,1235,30,21,2.0,frozenset({138}),138,0.7,True,2023-06,1,1692,4
AA,MIA,LGA,2023,6,1079,30,20,3.0,frozenset({1530}),1530,0.6666666666666666,True,2023-06,1,1693,2
AA,JAX,MIA,2023,6,1160,26,15,1.0,frozenset({836}),836,0.5769230769230769,True,2023-06,1,1694,1
AA,JAX,CLT,2023,6,750,30,16,1.0,frozenset({1836}),1836,0.5333333333333333,True,2023-06,1,1695,1
B6,LAS,JFK,2023,6,950,16,9,0.0,frozenset({148}),148,0.5625,True,2023-06,1,1696,2
AA,MKE,DFW,2023,6,1042,30,18,0.0,frozenset({1733}),1733,0.6,True,2023-06,1,1697,2
AA,DFW,TYS,2023,6,1252,30,17,0.0,frozenset({1052}),1052,0.5666666666666667,True,2023-06,1,1698,1
AA,MSY,DFW,2023,6,1076,29,17,1.0,frozenset({2156}),2156,0.5862068965517241,True,2023-06,1,1699,1
AA,DFW,RIC,2023,6,1148,30,16,0.0,frozenset({1133}),1133,0.5333333333333333,True,2023-06,1,1700,1
AA,DFW,RDU,2023,6,1236,30,18,0.0,frozenset({542}),542,0.6,True,2023-06,1,1701,1
B6,JFK,ONT,2023,6,1179,16,11,0.0,frozenset({355}),355,0.6875,True,2023-06,1,1702,3
B6,MCO,SLC,2023,6,1139,17,11,1.0,frozenset({801}),801,0.6470588235294118,True,2023-06,1,1703,2
AA,DFW,PHX,2023,6,1120,22,12,0.0,frozenset({339}),339,0.5454545454545454,True,2023-06,1,1704,1
B6,MIA,BOS,2023,6,1245,16,10,1.0,frozenset({1720}),1720,0.625,True,2023-06,1,1705,3
AA,DFW,PHX,2023,6,1078,30,17,0.0,frozenset({1796}),1796,0.5666666666666667,True,2023-06,1,1706,1
B6,MIA,JFK,2023,6,922,16,11,1.0,frozenset({2392}),2392,0.6875,True,2023-06,1,1707,3
B6,MIA,JFK,2023,6,1259,28,19,1.0,"frozenset({2892, 2092})",2892,0.6785714285714286,True,2023-06,1,1708,1
AA,DFW,PBI,2023,6,1167,30,18,2.0,frozenset({2271}),2271,0.6,True,2023-06,2,855,2
AA,DFW,ONT,2023,6,1374,29,15,0.0,frozenset({2191}),2191,0.5172413793103449,True,2023-06,1,1709,1
B6,JFK,MIA,2023,6,1016,30,19,3.0,"frozenset({2993, 2093})",2093,0.6333333333333333,True,2023-06,1,1710,3
AA,DFW,OMA,2023,6,1299,30,17,0.0,frozenset({2628}),2628,0.5666666666666667,True,2023-06,1,1711,1
AA,DFW,SAN,2023,6,1255,30,16,0.0,frozenset({1399}),1399,0.5333333333333333,True,2023-06,1,1712,1
B6,JFK,MIA,2023,6,690,16,10,0.0,frozenset({2593}),2593,0.625,True,2023-06,1,1713,2
B6,MIA,LAX,2023,6,1198,16,11,0.0,frozenset({2886}),2886,0.6875,True,2023-06,1,1714,1
AA,DFW,MSY,2023,6,937,29,16,0.0,frozenset({2156}),2156,0.5517241379310345,True,2023-06,1,1715,3
B6,MSP,BOS,2023,6,994,14,8,0.0,frozenset({836}),836,0.5714285714285714,True,2023-06,1,1716,2
B6,MSY,JFK,2023,6,1090,16,11,3.0,frozenset({176}),176,0.6875,True,2023-06,1,1717,2
AA,DFW,MSP,2023,6,1172,30,16,0.0,frozenset({2806}),2806,0.5333333333333333,True,2023-06,1,1718,1
AA,DFW,MRY,2023,6,1180,30,18,0.0,frozenset({1563}),1563,0.6,True,2023-06,1,1719,1
B6,ORH,FLL,2023,6,975,16,12,2.0,frozenset({1119}),1119,0.75,True,2023-06,1,1720,3
AA,DFW,MCO,2023,6,1247,30,22,1.0,frozenset({1336}),1336,0.7333333333333333,True,2023-06,1,1721,3
AA,DFW,MCO,2023,6,1141,30,16,1.0,frozenset({2186}),2186,0.5333333333333333,True,2023-06,1,1722,2
B6,PBI,BDL,2023,6,1170,16,12,1.0,frozenset({1142}),1142,0.75,True,2023-06,1,1723,3
AA,PHL,PDX,2023,6,1154,18,10,0.0,frozenset({1919}),1919,0.5555555555555556,True,2023-06,1,1724,1
B6,PBI,DCA,2023,6,1116,14,10,0.0,frozenset({2534}),2534,0.7142857142857143,True,2023-06,1,1725,2
AA,DFW,MCI,2023,6,1260,30,21,0.0,frozenset({2267}),2267,0.7,True,2023-06,1,1726,3
AA,DFW,MSY,2023,6,1287,29,15,2.0,frozenset({1455}),1455,0.5172413793103449,True,2023-06,1,1727,1
DL,ATL,LAX,2023,6,1305,15,8,0.0,frozenset({1770}),1770,0.5333333333333333,True,2023-06,1,1728,1
AA,DFW,SAT,2023,6,1167,30,18,1.0,frozenset({1564}),1564,0.6,True,2023-06,1,1729,1
B6,MCO,SJU,2023,6,1395,16,12,1.0,frozenset({2133}),2133,0.75,True,2023-06,1,1730,1
B6,JFK,RSW,2023,6,1290,16,11,4.0,frozenset({2129}),2129,0.6875,True,2023-06,1,1731,2
B6,JFK,ROC,2023,6,1320,16,14,4.0,frozenset({486}),486,0.875,True,2023-06,1,1732,2
B6,MCO,LAX,2023,6,1179,29,25,0.0,frozenset({131}),131,0.8620689655172413,True,2023-06,1,1733,3
B6,JFK,RNO,2023,6,1200,16,9,2.0,frozenset({2181}),2181,0.5625,True,2023-06,1,1734,3
B6,MCO,LGA,2023,6,1130,30,19,2.0,frozenset({798}),798,0.6333333333333333,True,2023-06,1,1735,2
AA,DFW,TPA,2023,6,1237,24,16,1.0,frozenset({1295}),1295,0.6666666666666666,True,2023-06,1,1736,3
B6,JFK,RDU,2023,6,1115,16,10,5.0,frozenset({1185}),1185,0.625,True,2023-06,1,1737,2
B6,MCO,LGA,2023,6,1228,28,20,5.0,frozenset({998}),998,0.7142857142857143,True,2023-06,1,1738,4
AA,DFW,STL,2023,6,1273,30,16,0.0,frozenset({1010}),1010,0.5333333333333333,True,2023-06,1,1739,1
AA,DFW,SMF,2023,6,1375,30,16,1.0,frozenset({456}),456,0.5333333333333333,True,2023-06,1,1740,1
B6,JFK,PSE,2023,6,1376,16,11,2.0,frozenset({745}),745,0.6875,True,2023-06,1,1741,4
AA,DFW,SLC,2023,6,1347,30,20,1.0,frozenset({344}),344,0.6666666666666666,True,2023-06,1,1742,1
B6,MCO,PSE,2023,6,1310,14,9,0.0,frozenset({767}),767,0.6428571428571429,True,2023-06,1,1743,1
AA,DFW,SBA,2023,6,1170,30,17,0.0,frozenset({1483}),1483,0.5666666666666667,True,2023-06,1,1744,1
B6,MCO,PSE,2023,6,1350,16,9,0.0,frozenset({767}),767,0.5625,True,2023-06,1,1745,1
AA,DFW,SLC,2023,6,1264,30,20,0.0,frozenset({2375}),2375,0.6666666666666666,True,2023-06,1,1746,1
B6,MCO,RIC,2023,6,892,16,12,0.0,frozenset({270}),270,0.75,True,2023-06,1,1747,3
AA,DFW,SFO,2023,6,1258,24,14,1.0,"frozenset({227, 1237})",1237,0.5833333333333334,True,2023-06,1,1748,1
AA,ORD,PHL,2023,6,1244,18,11,1.0,frozenset({490}),490,0.6111111111111112,True,2023-06,1,1749,2
AA,DFW,SFO,2023,6,1016,30,16,0.0,frozenset({1175}),1175,0.5333333333333333,True,2023-06,1,1750,1
AA,DFW,SFO,2023,6,891,30,16,0.0,frozenset({2388}),2388,0.5333333333333333,True,2023-06,1,1751,1
B6,JFK,PBI,2023,6,1035,23,14,3.0,frozenset({2053}),2053,0.6086956521739131,True,2023-06,1,1752,2
AA,DFW,SEA,2023,6,1359,14,8,1.0,frozenset({1759}),1759,0.5714285714285714,True,2023-06,1,1753,1
B6,JFK,PBI,2023,6,800,16,12,2.0,frozenset({1153}),1153,0.75,True,2023-06,1,1754,1
B6,MCO,SJU,2023,6,660,16,10,1.0,frozenset({1433}),1433,0.625,True,2023-06,1,1755,2
B6,MCO,SJU,2023,6,990,16,12,0.0,frozenset({1133}),1133,0.75,True,2023-06,1,1756,2
B6,MCO,SJU,2023,6,1225,13,11,0.0,frozenset({2133}),2133,0.8461538461538461,True,2023-06,1,1757,3
AA,DFW,SEA,2023,6,1251,24,13,0.0,"frozenset({1996, 228})",1996,0.5416666666666666,True,2023-06,1,1758,1
B6,MCO,PVD,2023,6,867,12,8,0.0,frozenset({2276}),2276,0.6666666666666666,True,2023-06,1,1759,2
AA,CLT,MIA,2023,6,1354,24,13,3.0,frozenset({1278}),1278,0.5416666666666666,True,2023-06,1,1760,1
B6,LGA,ATL,2023,6,1025,30,16,4.0,frozenset({2614}),2614,0.5333333333333333,True,2023-06,1,1761,3
AA,CLT,EWR,2023,6,1024,30,16,3.0,frozenset({1373}),1373,0.5333333333333333,True,2023-06,1,1762,1
DL,ATL,PNS,2023,6,1425,15,8,1.0,frozenset({1465}),1465,0.5333333333333333,True,2023-06,1,1763,1
DL,MCO,JFK,2023,6,900,26,15,0.0,frozenset({1271}),1271,0.5769230769230769,True,2023-06,1,1764,2
B6,FLL,JAX,2023,6,1047,28,17,4.0,frozenset({2618}),2618,0.6071428571428571,True,2023-06,1,1765,2
B6,FLL,JFK,2023,6,802,30,19,0.0,"frozenset({602, 1902})",1902,0.6333333333333333,True,2023-06,1,1766,1
9E,LGA,ORF,2023,6,1210,21,11,7.0,frozenset({5299}),5299,0.5238095238095238,True,2023-06,1,1767,1
B6,FLL,ATL,2023,6,1220,16,13,3.0,frozenset({568}),568,0.8125,True,2023-06,1,1768,3
9E,CHO,LGA,2023,6,1079,26,15,7.0,"frozenset({5469, 4805})",5469,0.5769230769230769,True,2023-06,1,1769,1
DL,DTW,EWR,2023,6,1060,26,17,1.0,frozenset({2942}),2942,0.6538461538461539,True,2023-06,1,1770,1
DL,MIA,BOS,2023,6,1199,26,16,3.0,frozenset({1538}),1538,0.6153846153846154,True,2023-06,1,1771,2
DL,DTW,GRR,2023,6,1394,29,15,1.0,frozenset({2105}),2105,0.5172413793103449,True,2023-06,1,1772,1
DL,DTW,LAX,2023,6,1201,15,9,1.0,frozenset({674}),674,0.6,True,2023-06,1,1773,2
DL,ATL,RDU,2023,6,1319,18,10,1.0,"frozenset({1100, 1301})",1100,0.5555555555555556,True,2023-06,1,1774,1
B6,DCA,MCO,2023,6,1200,30,19,2.0,frozenset({2523}),2523,0.6333333333333333,True,2023-06,1,1775,3
B6,FLL,DCA,2023,6,974,30,21,4.0,"frozenset({24, 1780})",24,0.7,True,2023-06,1,1776,1
DL,MIA,JFK,2023,6,900,26,14,3.0,frozenset({1545}),1545,0.5384615384615384,True,2023-06,1,1777,1
B6,BQN,MCO,2023,6,122,15,8,0.0,frozenset({629}),629,0.5333333333333333,True,2023-06,1,1778,1
B6,FLL,BUF,2023,6,873,16,9,1.0,frozenset({2466}),2466,0.5625,True,2023-06,1,1779,1
B6,FLL,LAS,2023,6,1255,16,11,2.0,frozenset({607}),607,0.6875,True,2023-06,1,1780,1
B6,FLL,LAX,2023,6,1289,16,13,2.0,frozenset({2501}),2501,0.8125,True,2023-06,1,1781,1
DL,BWI,ATL,2023,6,1225,15,8,0.0,frozenset({1828}),1828,0.5333333333333333,True,2023-06,1,1782,2
DL,EWR,DTW,2023,6,1216,26,15,1.0,frozenset({2942}),2942,0.5769230769230769,True,2023-06,1,1783,1
DL,MCO,MSP,2023,6,1278,18,11,3.0,frozenset({1529}),1529,0.6111111111111112,True,2023-06,1,1784,1
B6,BUR,JFK,2023,6,1290,16,9,3.0,frozenset({358}),358,0.5625,True,2023-06,1,1785,2
DL,ATL,ONT,2023,6,1271,23,13,1.0,frozenset({989}),989,0.5652173913043478,True,2023-06,1,1786,1
B6,FLL,DCA,2023,6,1095,30,18,4.0,frozenset({1880}),1880,0.6,True,2023-06,1,1787,4
DL,ATL,RDU,2023,6,1395,15,9,0.0,frozenset({2081}),2081,0.6,True,2023-06,1,1788,2
B6,FLL,EWR,2023,6,978,25,17,3.0,frozenset({606}),606,0.68,True,2023-06,1,1789,1
DL,LAX,DTW,2023,6,1400,15,9,1.0,frozenset({531}),531,0.6,True,2023-06,1,1790,1
DL,DAL,ATL,2023,6,859,26,14,0.0,frozenset({1034}),1034,0.5384615384615384,True,2023-06,1,1791,1
B6,EWR,FLL,2023,6,905,16,11,2.0,frozenset({505}),505,0.6875,True,2023-06,1,1792,2
B6,EWR,FLL,2023,6,1220,16,13,4.0,frozenset({305}),305,0.8125,True,2023-06,1,1793,1
DL,DAL,ATL,2023,6,1091,26,15,1.0,"frozenset({2736, 1026})",1026,0.5769230769230769,True,2023-06,1,1794,1
DL,ATL,TPA,2023,6,1410,18,11,1.0,frozenset({1253}),1253,0.6111111111111112,True,2023-06,1,1795,2
DL,MCO,RDU,2023,6,1246,18,13,6.0,frozenset({1078}),1078,0.7222222222222222,True,2023-06,1,1796,2
DL,DAL,LAX,2023,6,1185,23,18,2.0,frozenset({1393}),1393,0.782608695652174,True,2023-06,1,1797,1
B6,FLL,ALB,2023,6,1090,16,13,2.0,frozenset({88}),88,0.8125,True,2023-06,2,854,4
DL,ATL,SAT,2023,6,1395,27,15,2.0,frozenset({1508}),1508,0.5555555555555556,True,2023-06,1,1798,1
DL,LGA,IAH,2023,6,1165,23,13,1.0,frozenset({1684}),1684,0.5652173913043478,True,2023-06,1,1799,1
B6,FLL,JFK,2023,6,1270,30,19,5.0,frozenset({1802}),1802,0.6333333333333333,True,2023-06,1,1800,5
DL,MCO,SLC,2023,6,1170,26,15,1.0,frozenset({1595}),1595,0.5769230769230769,True,2023-06,1,1801,1
DL,LGA,FLL,2023,6,1199,26,16,2.0,"frozenset({1528, 1239})",1528,0.6153846153846154,True,2023-06,1,1802,1
DL,MIA,ATL,2023,6,1121,26,14,2.0,frozenset({1386}),1386,0.5384615384615384,True,2023-06,1,1803,2
AA,ATL,MIA,2023,6,1024,26,17,2.0,frozenset({241}),241,0.6538461538461539,True,2023-06,1,1804,1
B6,EWR,LAX,2023,6,1025,16,9,2.0,frozenset({2073}),2073,0.5625,True,2023-06,1,1805,1
DL,CHS,LGA,2023,6,1160,26,15,2.0,"frozenset({1169, 950})",1169,0.5769230769230769,True,2023-06,1,1806,2
DL,LGA,DEN,2023,6,1080,26,14,2.0,frozenset({860}),860,0.5384615384615384,True,2023-06,1,1807,1
B6,BOS,LGA,2023,6,1020,12,8,1.0,frozenset({1231}),1231,0.6666666666666666,True,2023-06,1,1808,1
B6,BUF,FLL,2023,6,1103,16,12,1.0,frozenset({2465}),2465,0.75,True,2023-06,1,1809,3
DL,DEN,SLC,2023,6,1190,15,8,0.0,frozenset({2281}),2281,0.5333333333333333,True,2023-06,1,1810,1
B6,FLL,EWR,2023,6,1231,30,19,1.0,frozenset({506}),506,0.6333333333333333,True,2023-06,1,1811,1
DL,MIA,ATL,2023,6,1182,18,10,1.0,frozenset({1328}),1328,0.5555555555555556,True,2023-06,3,505,3
AA,CLT,DFW,2023,6,1084,29,15,1.0,frozenset({1571}),1571,0.5172413793103449,True,2023-06,1,1812,1
AA,BNA,MIA,2023,6,1090,26,18,2.0,frozenset({323}),323,0.6923076923076923,True,2023-06,1,1813,2
AA,CLT,EWR,2023,6,1250,30,16,1.0,frozenset({2794}),2794,0.5333333333333333,True,2023-06,1,1814,1
B6,FLL,LGA,2023,6,1058,28,19,2.0,frozenset({472}),472,0.6785714285714286,True,2023-06,1,1815,3
AA,AUS,DFW,2023,6,1200,26,15,2.0,frozenset({1316}),1316,0.5769230769230769,True,2023-06,1,1816,1
B6,FLL,LGA,2023,6,1210,30,17,3.0,frozenset({572}),572,0.5666666666666667,True,2023-06,1,1817,3
B6,FLL,BOS,2023,6,1274,16,13,0.0,frozenset({170}),170,0.8125,True,2023-06,3,451,6
DL,FLL,JFK,2023,6,915,30,17,0.0,"frozenset({1417, 2457})",2457,0.5666666666666667,True,2023-06,1,1818,2
DL,MCO,ATL,2023,6,1218,26,14,1.0,"frozenset({1261, 774})",1261,0.5384615384615384,True,2023-06,1,1819,1
DL,FLL,ATL,2023,6,923,30,16,1.0,"frozenset({1582, 2055})",2055,0.5333333333333333,True,2023-06,1,1820,1
AA,CLT,LGA,2023,6,967,30,16,1.0,frozenset({1722}),1722,0.5333333333333333,True,2023-06,1,1821,1
B6,BOS,SJU,2023,6,878,14,10,0.0,frozenset({897}),897,0.7142857142857143,True,2023-06,1,1822,1
9E,BUF,LGA,2023,6,1146,23,12,6.0,frozenset({5141}),5141,0.5217391304347826,True,2023-06,1,1823,1
B6,FLL,BNA,2023,6,980,14,11,1.0,frozenset({181}),181,0.7857142857142857,True,2023-06,2,881,3
AA,CLT,LGA,2023,6,1087,30,17,3.0,frozenset({1893}),1893,0.5666666666666667,True,2023-06,1,1824,1
B6,FLL,BNA,2023,6,848,16,10,2.0,frozenset({181}),181,0.625,True,2023-06,2,881,3
B6,FLL,JFK,2023,6,952,30,17,1.0,frozenset({2102}),2102,0.5666666666666667,True,2023-06,1,1825,2
DL,MCO,ATL,2023,6,1149,29,16,0.0,"frozenset({1497, 1742})",1742,0.5517241379310345,True,2023-06,1,1826,2
AA,BUF,DFW,2023,6,1056,30,17,0.0,frozenset({33}),33,0.5666666666666667,True,2023-06,1,1827,1
DL,FLL,LGA,2023,6,934,30,19,3.0,frozenset({2497}),2497,0.6333333333333333,True,2023-06,1,1828,1
B6,EWR,SJU,2023,6,1156,30,18,3.0,frozenset({1289}),1289,0.6,True,2023-06,1,1829,2
B6,FLL,BDL,2023,6,1240,30,17,0.0,frozenset({460}),460,0.5666666666666667,True,2023-06,1,1830,6
DL,FLL,LGA,2023,6,1199,26,14,1.0,"frozenset({1696, 1541})",1696,0.5384615384615384,True,2023-06,1,1831,1
DL,ATL,MCO,2023,6,1050,27,14,2.0,"frozenset({824, 1261, 774})",1261,0.5185185185185185,True,2023-06,1,1832,1
B6,BOS,DEN,2023,6,1160,14,11,0.0,frozenset({293}),293,0.7857142857142857,True,2023-06,1,1833,2
AA,BOS,PHL,2023,6,1087,30,18,1.0,frozenset({1511}),1511,0.6,True,2023-06,1,1834,1
DL,MSP,BNA,2023,6,1275,26,14,1.0,frozenset({2572}),2572,0.5384615384615384,True,2023-06,1,1835,1
B6,BOS,MCO,2023,6,958,16,9,3.0,frozenset({2251}),2251,0.5625,True,2023-06,1,1836,2
DL,ATL,MCO,2023,6,1110,26,17,1.0,"frozenset({824, 637})",824,0.6538461538461539,True,2023-06,1,1837,2
DL,ATL,MIA,2023,6,1380,18,11,2.0,frozenset({1324}),1324,0.6111111111111112,True,2023-06,1,1838,1
B6,FLL,BOS,2023,6,675,14,8,1.0,frozenset({2070}),2070,0.5714285714285714,True,2023-06,1,1839,1
DL,FLL,ATL,2023,6,1259,18,10,0.0,frozenset({1670}),1670,0.5555555555555556,True,2023-06,1,1840,1
DL,JFK,MCO,2023,6,1155,26,15,2.0,frozenset({1521}),1521,0.5769230769230769,True,2023-06,1,1841,2
DL,FLL,ATL,2023,6,1192,30,18,0.0,frozenset({1295}),1295,0.6,True,2023-06,1,1842,1
B6,BOS,JFK,2023,6,1181,16,9,3.0,frozenset({317}),317,0.5625,True,2023-06,1,1843,2
DL,MIA,LGA,2023,6,1135,23,18,2.0,frozenset({1409}),1409,0.782608695652174,True,2023-06,1,1844,2
B6,EWR,TPA,2023,6,1019,13,8,0.0,frozenset({2273}),2273,0.6153846153846154,True,2023-06,1,1845,1
DL,MCO,ATL,2023,6,1280,16,9,1.0,"frozenset({824, 8801, 637})",824,0.5625,True,2023-06,1,1846,2
B6,EWR,TPA,2023,6,1235,16,12,2.0,frozenset({2273}),2273,0.75,True,2023-06,1,1847,2
DL,ATL,MSY,2023,6,1259,15,9,1.0,frozenset({2451}),2451,0.6,True,2023-06,1,1848,2
B6,EWR,RSW,2023,6,787,16,9,1.0,frozenset({1811}),1811,0.5625,True,2023-06,1,1849,1
B6,FLL,RDU,2023,6,1259,16,12,0.0,frozenset({2626}),2626,0.75,True,2023-06,1,1850,4
B6,DEN,JFK,2023,6,1425,30,16,1.0,frozenset({98}),98,0.5333333333333333,True,2023-06,1,1851,2
B6,BOS,TPA,2023,6,850,16,9,0.0,frozenset({1191}),1191,0.5625,True,2023-06,1,1852,1
AA,CLT,BOS,2023,6,897,30,17,0.0,frozenset({806}),806,0.5666666666666667,True,2023-06,1,1853,1
B6,BOS,FLL,2023,6,1210,16,9,1.0,frozenset({369}),369,0.5625,True,2023-06,1,1854,2
B6,FLL,JFK,2023,6,1116,16,12,2.0,frozenset({2202}),2202,0.75,True,2023-06,1,1855,2
DL,FLL,ATL,2023,6,1013,30,17,0.0,"frozenset({1413, 1375})",1413,0.5666666666666667,True,2023-06,1,1856,1
WN,BOI,DEN,2023,7,1055,25,14,1.0,"frozenset({366, 428, 1718})",366,0.56,True,2023-07,1,1857,1
UA,EWR,CHS,2023,7,1269,27,18,3.0,"frozenset({1283, 1687})",1283,0.6666666666666666,True,2023-07,2,1515,2
AA,ORD,DFW,2023,7,1220,30,18,4.0,frozenset({1463}),1463,0.6,True,2023-07,1,1858,1
WN,BUR,DEN,2023,7,825,17,11,0.0,"frozenset({3293, 429})",3293,0.6470588235294118,True,2023-07,1,1859,1
WN,BUF,MDW,2023,7,1200,24,13,3.0,"frozenset({5263, 3049, 2263})",3049,0.5416666666666666,True,2023-07,1,1860,1
AA,ORD,EWR,2023,7,825,31,16,7.0,frozenset({1688}),1688,0.5161290322580645,True,2023-07,1,1861,1
B6,BUR,JFK,2023,7,1290,31,18,5.0,frozenset({358}),358,0.5806451612903226,True,2023-07,2,1785,2
AA,ORD,BOS,2023,7,1230,23,14,3.0,frozenset({2682}),2682,0.6086956521739131,True,2023-07,1,1862,1
WN,BOS,STL,2023,7,1145,31,19,1.0,"frozenset({2563, 421, 1654, 667, 2076})",2563,0.6129032258064516,True,2023-07,1,1863,1
WN,BNA,TPA,2023,7,805,11,6,0.0,"frozenset({1826, 3338, 359})",1826,0.5454545454545454,True,2023-07,1,1864,1
WN,BOS,MDW,2023,7,1250,25,14,2.0,"frozenset({1854, 1880, 3342})",1880,0.56,True,2023-07,1,1865,1
UA,EWR,CHS,2023,7,990,22,14,5.0,frozenset({1757}),1757,0.6363636363636364,True,2023-07,1,1866,1
WN,BNA,PHX,2023,7,1325,15,8,0.0,frozenset({1827}),1827,0.5333333333333333,True,2023-07,1,1867,1
WN,BOS,BWI,2023,7,1310,25,15,4.0,"frozenset({2657, 251, 1727})",1727,0.6,True,2023-07,1,1868,1
AA,ORD,DEN,2023,7,1238,22,13,0.0,frozenset({1387}),1387,0.5909090909090909,True,2023-07,1,1869,1
WN,BOS,BWI,2023,7,1215,22,12,2.0,"frozenset({1652, 2800, 1476})",1652,0.5454545454545454,True,2023-07,1,1870,1
UA,EWR,CLE,2023,7,1070,29,17,5.0,frozenset({598}),598,0.5862068965517241,True,2023-07,1,1871,1
UA,EWR,BUF,2023,7,1356,25,15,3.0,frozenset({1307}),1307,0.6,True,2023-07,2,1516,2
AA,ORD,BOS,2023,7,915,23,14,1.0,frozenset({1461}),1461,0.6086956521739131,True,2023-07,1,1872,1
B6,BWI,BOS,2023,7,1099,31,17,5.0,frozenset({1026}),1026,0.5483870967741935,True,2023-07,1,1873,1
B6,BOS,DCA,2023,7,1080,29,18,3.0,frozenset({2255}),2255,0.6206896551724138,True,2023-07,1,1874,1
UA,EWR,DEN,2023,7,1185,31,17,2.0,frozenset({1962}),1962,0.5483870967741935,True,2023-07,1,1875,1
UA,EWR,CLT,2023,7,869,31,17,4.0,frozenset({1030}),1030,0.5483870967741935,True,2023-07,2,1512,2
UA,EWR,FLL,2023,7,785,31,23,5.0,frozenset({1336}),1336,0.7419354838709677,True,2023-07,2,1506,2
AA,PHL,BOS,2023,7,1115,31,18,5.0,frozenset({1856}),1856,0.5806451612903226,True,2023-07,1,1876,1
AA,PHL,CHS,2023,7,1180,27,14,1.0,frozenset({2163}),2163,0.5185185185185185,True,2023-07,1,1877,1
UA,EWR,FLL,2023,7,939,31,23,3.0,frozenset({1482}),1482,0.7419354838709677,True,2023-07,2,1519,2
UA,EWR,FLL,2023,7,1165,31,21,7.0,frozenset({2161}),2161,0.6774193548387096,True,2023-07,2,1505,2
AA,PHL,CLE,2023,7,1114,27,14,1.0,frozenset({1813}),1813,0.5185185185185185,True,2023-07,1,1878,1
AA,PHL,CLT,2023,7,1157,31,16,5.0,frozenset({889}),889,0.5161290322580645,True,2023-07,1,1879,1
WN,ATL,STL,2023,7,1085,15,8,0.0,frozenset({2991}),2991,0.5333333333333333,True,2023-07,1,1880,1
B6,BOS,SMF,2023,7,1015,31,18,1.0,frozenset({915}),915,0.5806451612903226,True,2023-07,1,1881,1
AA,PHL,DEN,2023,7,1187,31,16,3.0,frozenset({1063}),1063,0.5161290322580645,True,2023-07,1,1882,1
B6,BOS,SJC,2023,7,1080,31,17,1.0,frozenset({971}),971,0.5483870967741935,True,2023-07,1,1883,1
AA,PHL,IAH,2023,7,1126,31,17,2.0,frozenset({1533}),1533,0.5483870967741935,True,2023-07,1,1884,1
UA,EWR,IAD,2023,7,1179,26,21,1.0,frozenset({2494}),2494,0.8076923076923077,True,2023-07,2,1502,2
WN,ATL,PIT,2023,7,1195,21,11,0.0,"frozenset({3755, 2807})",2807,0.5238095238095238,True,2023-07,1,1885,1
UA,EWR,IAH,2023,7,860,31,18,1.0,frozenset({1590}),1590,0.5806451612903226,True,2023-07,1,1886,1
UA,EWR,IAH,2023,7,930,31,16,1.0,frozenset({2206}),2206,0.5161290322580645,True,2023-07,2,1501,2
UA,EWR,IAH,2023,7,1073,31,21,2.0,frozenset({2360}),2360,0.6774193548387096,True,2023-07,1,1887,1
UA,EWR,IAH,2023,7,1238,30,23,3.0,frozenset({1317}),1317,0.7666666666666667,True,2023-07,1,1888,1
WN,ATL,SAT,2023,7,1205,20,12,0.0,"frozenset({2080, 3266, 939})",2080,0.6,True,2023-07,1,1889,1
AA,PHL,BOS,2023,7,1050,30,16,1.0,frozenset({1514}),1514,0.5333333333333333,True,2023-07,1,1890,1
AA,PHL,BOS,2023,7,930,23,15,5.0,frozenset({1776}),1776,0.6521739130434783,True,2023-07,1,1891,1
AA,PHL,BGR,2023,7,1246,27,15,1.0,frozenset({668}),668,0.5555555555555556,True,2023-07,1,1892,1
WN,BNA,DEN,2023,7,985,17,11,0.0,"frozenset({2129, 1166})",2129,0.6470588235294118,True,2023-07,1,1893,1
AA,ORD,OMA,2023,7,1250,29,16,1.0,frozenset({1838}),1838,0.5517241379310345,True,2023-07,1,1894,1
WN,BHM,DAL,2023,7,1135,21,12,0.0,"frozenset({3083, 1579, 1732, 2143})",1732,0.5714285714285714,True,2023-07,1,1895,1
UA,EWR,CLT,2023,7,981,31,16,1.0,frozenset({758}),758,0.5161290322580645,True,2023-07,1,1896,1
UA,EWR,CVG,2023,7,1267,26,22,3.0,frozenset({591}),591,0.8461538461538461,True,2023-07,1,1897,1
WN,BDL,MCO,2023,7,960,17,11,0.0,"frozenset({579, 2766})",579,0.6470588235294118,True,2023-07,1,1898,1
B6,BUF,FLL,2023,7,1100,31,17,1.0,frozenset({2465}),2465,0.5483870967741935,True,2023-07,2,1809,3
UA,EWR,DEN,2023,7,868,31,20,5.0,frozenset({1435}),1435,0.6451612903225806,True,2023-07,1,1899,1
UA,EWR,DEN,2023,7,1037,31,24,6.0,frozenset({2317}),2317,0.7741935483870968,True,2023-07,1,1900,1
UA,EWR,DEN,2023,7,1105,31,25,8.0,"frozenset({208, 1227})",1227,0.8064516129032258,True,2023-07,1,1901,1
B6,BUF,BOS,2023,7,1033,26,14,3.0,frozenset({716}),716,0.5384615384615384,True,2023-07,1,1902,1
B6,BQN,FLL,2023,7,1256,26,18,1.0,frozenset({245}),245,0.6923076923076923,True,2023-07,1,1903,1
UA,EWR,DFW,2023,7,1019,31,18,4.0,frozenset({2319}),2319,0.5806451612903226,True,2023-07,1,1904,1
AA,ORD,PHL,2023,7,1256,17,11,2.0,frozenset({490}),490,0.6470588235294118,True,2023-07,2,1749,2
UA,EWR,DFW,2023,7,1258,31,16,5.0,frozenset({2135}),2135,0.5161290322580645,True,2023-07,2,1507,2
B6,BOS,TPA,2023,7,964,27,15,5.0,frozenset({691}),691,0.5555555555555556,True,2023-07,1,1905,1
AA,PBI,CLT,2023,7,1165,26,16,0.0,frozenset({2212}),2212,0.6153846153846154,True,2023-07,1,1906,1
AA,PHL,ATL,2023,7,1131,31,17,0.0,frozenset({582}),582,0.5483870967741935,True,2023-07,1,1907,1
B6,BOS,TPA,2023,7,618,31,18,6.0,frozenset({591}),591,0.5806451612903226,True,2023-07,1,1908,1
AA,ORD,JFK,2023,7,1115,31,17,2.0,frozenset({2518}),2518,0.5483870967741935,True,2023-07,1,1909,1
UA,EWR,BQN,2023,7,1194,31,19,3.0,frozenset({569}),569,0.6129032258064516,True,2023-07,2,1517,2
WN,BWI,BOS,2023,7,1340,29,19,1.0,"frozenset({123, 3620, 261})",123,0.6551724137931034,True,2023-07,1,1910,1
UA,EWR,BOS,2023,7,1123,26,18,10.0,frozenset({1808}),1808,0.6923076923076923,True,2023-07,1,1911,1
AA,MIA,DFW,2023,7,1061,31,16,1.0,frozenset({695}),695,0.5161290322580645,True,2023-07,2,1676,2
UA,DEN,SEA,2023,7,1255,27,15,1.0,frozenset({2651}),2651,0.5555555555555556,True,2023-07,1,1912,1
WN,BWI,SDF,2023,7,1220,24,14,2.0,"frozenset({225, 3430})",3430,0.5833333333333334,True,2023-07,1,1913,1
WN,BWI,SAN,2023,7,1255,15,10,1.0,frozenset({711}),711,0.6666666666666666,True,2023-07,1,1914,1
WN,BWI,RSW,2023,7,985,21,11,0.0,"frozenset({161, 3610})",161,0.5238095238095238,True,2023-07,1,1915,1
WN,BWI,ROC,2023,7,1375,24,16,0.0,"frozenset({1265, 611, 2853})",2853,0.6666666666666666,True,2023-07,1,1916,1
AA,MIA,DTW,2023,7,1265,31,16,1.0,frozenset({1268}),1268,0.5161290322580645,True,2023-07,1,1917,1
WN,BWI,RDU,2023,7,1110,17,9,1.0,"frozenset({565, 518})",518,0.5294117647058824,True,2023-07,1,1918,1
WN,BWI,PVD,2023,7,1280,15,8,0.0,frozenset({568}),568,0.5333333333333333,True,2023-07,1,1919,1
UA,DEN,SFO,2023,7,1222,31,19,1.0,frozenset({2239}),2239,0.6129032258064516,True,2023-07,1,1920,1
WN,BWI,PHX,2023,7,1295,27,15,0.0,"frozenset({568, 608, 3758, 223})",608,0.5555555555555556,True,2023-07,1,1921,1
UA,DEN,SDF,2023,7,1059,31,16,0.0,frozenset({1246}),1246,0.5161290322580645,True,2023-07,1,1922,1
WN,BWI,PBI,2023,7,1175,23,12,1.0,"frozenset({1776, 2753, 1947})",1776,0.5217391304347826,True,2023-07,1,1923,1
UA,DEN,SMF,2023,7,1286,25,16,2.0,frozenset({1952}),1952,0.64,True,2023-07,1,1924,1
WN,BWI,MIA,2023,7,1225,26,14,0.0,"frozenset({1696, 5703, 3438, 654, 2620})",1696,0.5384615384615384,True,2023-07,1,1925,1
UA,DEN,SNA,2023,7,1175,31,17,3.0,frozenset({2199}),2199,0.5483870967741935,True,2023-07,1,1926,1
WN,BWI,MHT,2023,7,1345,31,16,0.0,"frozenset({1956, 1477, 972, 3632, 927})",1956,0.5161290322580645,True,2023-07,1,1927,1
AA,MIA,JFK,2023,7,1057,31,17,0.0,frozenset({2225}),2225,0.5483870967741935,True,2023-07,2,1685,2
WN,BWI,MDW,2023,7,1360,14,8,1.0,"frozenset({928, 526})",928,0.5714285714285714,True,2023-07,1,1928,1
AA,MIA,JFK,2023,7,1105,31,16,3.0,frozenset({1524}),1524,0.5161290322580645,True,2023-07,1,1929,1
WN,BWI,MCO,2023,7,1100,16,14,0.0,"frozenset({232, 2320, 878, 247})",878,0.875,True,2023-07,2,1089,2
AA,MIA,JFK,2023,7,1205,31,16,1.0,frozenset({1357}),1357,0.5161290322580645,True,2023-07,1,1930,1
UA,DEN,STL,2023,7,1073,30,16,1.0,frozenset({483}),483,0.5333333333333333,True,2023-07,2,1471,2
UA,DEN,STL,2023,7,1256,20,12,1.0,frozenset({2028}),2028,0.6,True,2023-07,1,1931,1
UA,DEN,SJC,2023,7,1159,31,22,2.0,frozenset({2027}),2027,0.7096774193548387,True,2023-07,1,1932,1
WN,BWI,SJU,2023,7,1165,29,20,0.0,"frozenset({713, 3421, 1102})",3421,0.6896551724137931,True,2023-07,1,1933,1
WN,BWI,STL,2023,7,1345,28,16,1.0,"frozenset({777, 2543, 548, 855})",2543,0.5714285714285714,True,2023-07,1,1934,1
B6,DCA,MCO,2023,7,815,31,17,0.0,frozenset({23}),23,0.5483870967741935,True,2023-07,1,1935,1
UA,DEN,PHL,2023,7,1065,31,16,0.0,frozenset({1647}),1647,0.5161290322580645,True,2023-07,1,1936,1
AA,MCO,MIA,2023,7,1058,31,21,2.0,frozenset({457}),457,0.6774193548387096,True,2023-07,2,1669,2
AA,MCO,MIA,2023,7,1147,31,19,1.0,frozenset({1411}),1411,0.6129032258064516,True,2023-07,2,1668,2
AA,MCO,MIA,2023,7,1230,31,16,2.0,frozenset({2127}),2127,0.5161290322580645,True,2023-07,1,1937,1
WN,DAL,DEN,2023,7,1350,25,13,0.0,"frozenset({3368, 2829, 2264})",2264,0.52,True,2023-07,1,1938,1
WN,DAL,DEN,2023,7,1200,19,13,1.0,"frozenset({2513, 1365})",1365,0.6842105263157895,True,2023-07,1,1939,1
WN,DAL,DEN,2023,7,970,23,12,0.0,"frozenset({1419, 1149, 3143})",3143,0.5217391304347826,True,2023-07,1,1940,1
UA,DEN,PHX,2023,7,1160,27,15,1.0,frozenset({594}),594,0.5555555555555556,True,2023-07,1,1941,1
AA,MCO,ORD,2023,7,1062,22,13,0.0,frozenset({1121}),1121,0.5909090909090909,True,2023-07,1,1942,1
AA,MCO,PHL,2023,7,898,27,16,1.0,frozenset({2095}),2095,0.5925925925925926,True,2023-07,1,1943,1
AA,MCO,PHL,2023,7,1028,31,22,2.0,frozenset({2502}),2502,0.7096774193548387,True,2023-07,1,1944,1
UA,DEN,RDM,2023,7,1151,30,17,0.0,frozenset({1588}),1588,0.5666666666666667,True,2023-07,1,1945,1
AA,MIA,ATL,2023,7,910,31,17,0.0,frozenset({1368}),1368,0.5483870967741935,True,2023-07,1,1946,1
UA,DEN,RIC,2023,7,1069,31,16,2.0,frozenset({589}),589,0.5161290322580645,True,2023-07,2,1474,2
AA,MIA,ATL,2023,7,1162,27,16,1.0,frozenset({1006}),1006,0.5925925925925926,True,2023-07,1,1947,2
WN,COS,PHX,2023,7,1150,26,14,0.0,"frozenset({1152, 2889, 690, 2252})",1152,0.5384615384615384,True,2023-07,1,1948,1
AA,MIA,ATL,2023,7,1300,31,20,1.0,frozenset({2290}),2290,0.6451612903225806,True,2023-07,2,1671,2
B6,DCA,MCO,2023,7,1200,31,17,3.0,frozenset({2523}),2523,0.5483870967741935,True,2023-07,2,1775,3
UA,DEN,RNO,2023,7,1175,31,16,0.0,frozenset({2073}),2073,0.5161290322580645,True,2023-07,1,1949,1
AA,MIA,BOS,2023,7,1071,26,14,2.0,frozenset({1074}),1074,0.5384615384615384,True,2023-07,1,1950,1
WN,BZN,DEN,2023,7,1020,15,10,0.0,frozenset({2787}),2787,0.6666666666666666,True,2023-07,1,1951,1
WN,BZN,DEN,2023,7,870,15,9,0.0,frozenset({1094}),1094,0.6,True,2023-07,1,1952,1
WN,BWI,TPA,2023,7,1170,28,16,1.0,"frozenset({1721, 3114, 3329, 1902})",3329,0.5714285714285714,True,2023-07,1,1953,1
AA,MIA,DCA,2023,7,1121,27,16,2.0,"frozenset({656, 2648})",656,0.5925925925925926,True,2023-07,1,1954,1
UA,DEN,SAT,2023,7,1049,31,16,0.0,frozenset({1762}),1762,0.5161290322580645,True,2023-07,1,1955,1
B6,DCA,FLL,2023,7,1080,31,16,3.0,frozenset({1979}),1979,0.5161290322580645,True,2023-07,1,1956,2
UA,EWR,BOS,2023,7,1310,29,15,7.0,frozenset({1076}),1076,0.5172413793103449,True,2023-07,2,1518,2
WN,BWI,LAX,2023,7,1190,20,13,0.0,"frozenset({1051, 3260})",1051,0.65,True,2023-07,1,1957,1
UA,DEN,SYR,2023,7,1073,31,16,0.0,frozenset({2371}),2371,0.5161290322580645,True,2023-07,1,1958,1
WN,BWI,CMH,2023,7,1370,29,18,1.0,"frozenset({1177, 1733, 534, 2135})",1733,0.6206896551724138,True,2023-07,1,1959,1
WN,BWI,CLT,2023,7,1205,20,13,1.0,"frozenset({2628, 2534})",2534,0.65,True,2023-07,1,1960,1
UA,EWR,AUS,2023,7,1110,29,18,6.0,frozenset({369}),369,0.6206896551724138,True,2023-07,1,1961,1
UA,EWR,AUS,2023,7,1235,31,19,7.0,frozenset({676}),676,0.6129032258064516,True,2023-07,1,1962,1
B6,CHS,HPN,2023,7,1040,31,18,0.0,frozenset({2648}),2648,0.5806451612903226,True,2023-07,1,1963,1
UA,EWR,BNA,2023,7,929,25,15,8.0,frozenset({1298}),1298,0.6,True,2023-07,1,1964,1
UA,EWR,BNA,2023,7,1130,21,19,3.0,frozenset({1677}),1677,0.9047619047619048,True,2023-07,1,1965,1
UA,EWR,BNA,2023,7,1207,10,8,1.0,frozenset({1677}),1677,0.8,True,2023-07,1,1966,1
WN,BWI,BUF,2023,7,1345,25,19,1.0,"frozenset({626, 519, 653, 658})",519,0.76,True,2023-07,1,1967,1
WN,BWI,BUF,2023,7,1085,21,11,2.0,"frozenset({3049, 2263})",3049,0.5238095238095238,True,2023-07,1,1968,1
AA,PHL,MCO,2023,7,960,31,18,1.0,frozenset({2531}),2531,0.5806451612903226,True,2023-07,1,1969,1
B6,CLE,BOS,2023,7,1070,26,15,3.0,frozenset({640}),640,0.5769230769230769,True,2023-07,1,1970,1
UA,EWR,BNA,2023,7,1275,31,19,4.0,frozenset({341}),341,0.6129032258064516,True,2023-07,1,1971,1
WN,BWI,BOS,2023,7,1170,21,13,3.0,"frozenset({746, 3027, 2546})",3027,0.6190476190476191,True,2023-07,1,1972,1
WN,BWI,BOS,2023,7,955,28,17,4.0,"frozenset({224, 2305, 420, 3703, 1784})",3703,0.6071428571428571,True,2023-07,1,1973,1
AA,MIA,PHX,2023,7,1262,31,22,2.0,frozenset({2633}),2633,0.7096774193548387,True,2023-07,1,1974,1
WN,BWI,BNA,2023,7,1365,15,9,1.0,frozenset({1652}),1652,0.6,True,2023-07,1,1975,1
AA,MIA,SEA,2023,7,1277,27,16,0.0,frozenset({2363}),2363,0.5925925925925926,True,2023-07,1,1976,1
WN,BWI,BDL,2023,7,1335,29,20,0.0,"frozenset({2240, 3364, 759})",2240,0.6896551724137931,True,2023-07,1,1977,1
UA,EWR,BOS,2023,7,1019,29,21,4.0,frozenset({1261}),1261,0.7241379310344828,True,2023-07,2,1490,2
WN,BWI,AUS,2023,7,1300,21,11,0.0,"frozenset({883, 3375})",3375,0.5238095238095238,True,2023-07,1,1978,1
WN,BWI,ATL,2023,7,1155,31,16,1.0,"frozenset({3310, 2511, 591, 2225, 4534})",3310,0.5161290322580645,True,2023-07,1,1979,1
AA,MKE,DFW,2023,7,1048,31,16,0.0,frozenset({1733}),1733,0.5161290322580645,True,2023-07,2,1697,2
WN,BWI,ALB,2023,7,1340,31,21,0.0,"frozenset({354, 290, 2801, 1937, 1206})",1937,0.6774193548387096,True,2023-07,1,1980,1
B6,BZN,JFK,2023,7,640,13,8,0.0,frozenset({944}),944,0.6153846153846154,True,2023-07,1,1981,1
UA,EWR,ATL,2023,7,1230,27,21,4.0,frozenset({1442}),1442,0.7777777777777778,True,2023-07,1,1982,1
WN,BWI,CVG,2023,7,1370,21,12,0.0,"frozenset({3739, 3287})",3739,0.5714285714285714,True,2023-07,1,1983,1
UA,EWR,ATL,2023,7,1079,24,19,4.0,frozenset({1391}),1391,0.7916666666666666,True,2023-07,1,1984,1
B6,DCA,FLL,2023,7,900,21,11,2.0,frozenset({1579}),1579,0.5238095238095238,True,2023-07,1,1985,1
UA,DEN,TUL,2023,7,1225,28,15,0.0,frozenset({1359}),1359,0.5357142857142857,True,2023-07,1,1986,1
UA,DFW,DEN,2023,7,1109,27,15,1.0,frozenset({1603}),1603,0.5555555555555556,True,2023-07,1,1987,1
B6,DCA,BOS,2023,7,1170,22,13,3.0,frozenset({2354}),2354,0.5909090909090909,True,2023-07,1,1988,3
WN,BWI,JAX,2023,7,1205,20,12,1.0,"frozenset({931, 1685, 3639})",3639,0.6,True,2023-07,1,1989,1
WN,BWI,ISP,2023,7,1370,23,15,1.0,"frozenset({792, 438, 3838})",792,0.6521739130434783,True,2023-07,1,1990,2
WN,BWI,HOU,2023,7,1335,19,10,0.0,"frozenset({450, 2070})",2070,0.5263157894736842,True,2023-07,1,1991,1
WN,BWI,HOU,2023,7,1130,23,13,0.0,"frozenset({3322, 2923, 430})",2923,0.5652173913043478,True,2023-07,1,1992,2
WN,BWI,FLL,2023,7,1225,27,15,0.0,"frozenset({4074, 1969, 1044, 3386, 1275})",3386,0.5555555555555556,True,2023-07,1,1993,1
WN,BWI,FLL,2023,7,965,28,19,0.0,"frozenset({1737, 239, 3216, 1429, 4566, 2232})",1737,0.6785714285714286,True,2023-07,1,1994,2
B6,DCA,BOS,2023,7,870,24,13,2.0,frozenset({2554}),2554,0.5416666666666666,True,2023-07,1,1995,1
AA,MIA,LGA,2023,7,856,31,16,1.0,frozenset({2024}),2024,0.5161290322580645,True,2023-07,1,1996,1
AA,MIA,LGA,2023,7,1075,31,16,0.0,frozenset({1530}),1530,0.5161290322580645,True,2023-07,2,1693,2
WN,BWI,DTW,2023,7,1340,24,13,0.0,"frozenset({3162, 3479})",3479,0.5416666666666666,True,2023-07,1,1997,1
WN,BWI,DEN,2023,7,1330,31,20,1.0,"frozenset({1988, 107, 3148, 1870})",1988,0.6451612903225806,True,2023-07,1,1998,1
B6,DCA,ACK,2023,7,930,31,18,4.0,frozenset({2494}),2494,0.5806451612903226,True,2023-07,1,1999,1
WN,BWI,DEN,2023,7,1135,29,19,1.0,"frozenset({656, 1981, 2742})",656,0.6551724137931034,True,2023-07,1,2000,1
AA,MIA,MCO,2023,7,1221,31,16,3.0,frozenset({1192}),1192,0.5161290322580645,True,2023-07,1,2001,1
UA,DTW,EWR,2023,7,854,19,10,2.0,frozenset({1032}),1032,0.5263157894736842,True,2023-07,2,1463,2
UA,EUG,DEN,2023,7,792,31,16,0.0,frozenset({2240}),2240,0.5161290322580645,True,2023-07,1,2002,1
WN,BWI,DAL,2023,7,1240,28,21,1.0,"frozenset({2569, 366, 1425, 1649, 1173})",1425,0.75,True,2023-07,1,2003,1
WN,BWI,DAL,2023,7,1115,23,13,0.0,"frozenset({1681, 61, 4061})",61,0.5652173913043478,True,2023-07,2,1126,2
AA,MIA,MSY,2023,7,1238,31,17,2.0,frozenset({983}),983,0.5483870967741935,True,2023-07,1,2004,1
UA,EWR,ATL,2023,7,970,26,16,5.0,frozenset({1259}),1259,0.6153846153846154,True,2023-07,2,1462,2
AA,MIA,PHL,2023,7,1035,31,16,3.0,frozenset({2486}),2486,0.5161290322580645,True,2023-07,2,1644,4
WN,BWI,LAS,2023,7,1275,27,18,0.0,"frozenset({3112, 489, 826, 3163})",3112,0.6666666666666666,True,2023-07,1,2005,2
WN,ATL,MSY,2023,7,1340,15,10,0.0,frozenset({1309}),1309,0.6666666666666666,True,2023-07,1,2006,1
WN,ATL,BWI,2023,7,1220,26,14,1.0,"frozenset({3162, 123, 578, 1782})",578,0.5384615384615384,True,2023-07,1,2007,1
B6,BOS,SFO,2023,7,1255,27,15,0.0,frozenset({333}),333,0.5555555555555556,True,2023-07,1,2008,1
UA,MSP,EWR,2023,7,829,31,18,2.0,frozenset({634}),634,0.5806451612903226,True,2023-07,1,2009,1
UA,EWR,SFO,2023,7,1110,31,17,5.0,frozenset({1209}),1209,0.5483870967741935,True,2023-07,2,1416,2
AS,SEA,JFK,2023,7,845,31,17,0.0,frozenset({16}),16,0.5483870967741935,True,2023-07,1,2010,1
UA,MKE,DEN,2023,7,1080,31,17,2.0,frozenset({1787}),1787,0.5483870967741935,True,2023-07,1,2011,1
UA,MIA,EWR,2023,7,1142,26,17,5.0,frozenset({2013}),2013,0.6538461538461539,True,2023-07,2,1278,2
UA,MIA,EWR,2023,7,1011,31,17,3.0,frozenset({1321}),1321,0.5483870967741935,True,2023-07,2,1399,2
UA,EWR,SFO,2023,7,1270,31,21,5.0,frozenset({1829}),1829,0.6774193548387096,True,2023-07,2,1415,2
B6,ABQ,JFK,2023,7,1420,31,17,6.0,frozenset({66}),66,0.5483870967741935,True,2023-07,1,2012,1
B6,BOS,LAX,2023,7,1082,31,18,0.0,frozenset({187}),187,0.5806451612903226,True,2023-07,1,2013,2
B6,ACK,JFK,2023,7,1065,31,19,8.0,frozenset({192}),192,0.6129032258064516,True,2023-07,1,2014,1
B6,BOS,LAS,2023,7,1065,31,19,1.0,frozenset({777}),777,0.6129032258064516,True,2023-07,1,2015,1
B6,ALB,MCO,2023,7,970,31,21,0.0,frozenset({119}),119,0.6774193548387096,True,2023-07,2,1630,3
UA,MCO,ORD,2023,7,1084,26,21,1.0,frozenset({2259}),2259,0.8076923076923077,True,2023-07,2,1434,2
UA,EWR,SJU,2023,7,1199,31,22,1.0,frozenset({1543}),1543,0.7096774193548387,True,2023-07,2,1414,3
UA,MCO,IAD,2023,7,1142,31,19,1.0,frozenset({1451}),1451,0.6129032258064516,True,2023-07,1,2016,1
UA,MCO,IAD,2023,7,983,30,16,0.0,frozenset({2065}),2065,0.5333333333333333,True,2023-07,1,2017,1
UA,EWR,SLC,2023,7,1253,11,6,1.0,frozenset({1846}),1846,0.5454545454545454,True,2023-07,1,2018,1
UA,EWR,SMF,2023,7,1173,31,20,4.0,frozenset({1682}),1682,0.6451612903225806,True,2023-07,1,2019,1
UA,MCO,EWR,2023,7,1255,31,19,2.0,frozenset({2184}),2184,0.6129032258064516,True,2023-07,1,2020,1
UA,MCO,EWR,2023,7,1136,29,25,5.0,frozenset({1768}),1768,0.8620689655172413,True,2023-07,2,1435,2
UA,MCO,EWR,2023,7,1030,31,19,7.0,frozenset({711}),711,0.6129032258064516,True,2023-07,1,2021,2
UA,MCO,EWR,2023,7,924,31,20,6.0,frozenset({2112}),2112,0.6451612903225806,True,2023-07,1,2022,1
UA,MCO,EWR,2023,7,789,31,19,6.0,frozenset({1676}),1676,0.6129032258064516,True,2023-07,1,2023,1
UA,MSY,IAH,2023,7,1027,19,12,0.0,frozenset({2356}),2356,0.631578947368421,True,2023-07,1,2024,1
B6,ATL,BOS,2023,7,1199,31,19,2.0,frozenset({1096}),1096,0.6129032258064516,True,2023-07,1,2025,2
AS,SEA,HNL,2023,7,680,31,17,0.0,frozenset({893}),893,0.5483870967741935,True,2023-07,1,2026,1
UA,OMA,DEN,2023,7,1030,30,18,2.0,frozenset({1875}),1875,0.6,True,2023-07,1,2027,1
AS,EWR,SEA,2023,7,1105,31,17,0.0,frozenset({477}),477,0.5483870967741935,True,2023-07,1,2028,1
UA,EWR,RSW,2023,7,814,21,13,0.0,frozenset({312}),312,0.6190476190476191,True,2023-07,1,2029,1
UA,ORD,FSD,2023,7,1200,31,16,2.0,frozenset({2227}),2227,0.5161290322580645,True,2023-07,1,2030,1
UA,ORD,EWR,2023,7,1290,31,19,4.0,frozenset({1774}),1774,0.6129032258064516,True,2023-07,1,2031,1
UA,EWR,RSW,2023,7,1019,31,20,6.0,frozenset({2033}),2033,0.6451612903225806,True,2023-07,2,1419,2
UA,EWR,RSW,2023,7,1140,31,18,2.0,frozenset({1884}),1884,0.5806451612903226,True,2023-07,1,2032,1
UA,EWR,SAN,2023,7,1170,31,18,3.0,frozenset({1481}),1481,0.5806451612903226,True,2023-07,1,2033,1
UA,ORD,EWR,2023,7,1092,31,18,4.0,frozenset({1998}),1998,0.5806451612903226,True,2023-07,2,1113,2
UA,EWR,SEA,2023,7,864,30,19,0.0,frozenset({674}),674,0.6333333333333333,True,2023-07,1,2034,1
UA,ORD,EWR,2023,7,1029,31,17,8.0,frozenset({2274}),2274,0.5483870967741935,True,2023-07,2,1114,2
UA,ORD,EWR,2023,7,951,24,14,5.0,frozenset({2138}),2138,0.5833333333333334,True,2023-07,2,1115,2
UA,EWR,SEA,2023,7,959,31,18,4.0,frozenset({1308}),1308,0.5806451612903226,True,2023-07,1,2035,1
UA,EWR,SEA,2023,7,1147,31,19,2.0,frozenset({2044}),2044,0.6129032258064516,True,2023-07,2,1417,2
B6,BOS,LAX,2023,7,1305,27,15,1.0,frozenset({1387}),1387,0.5555555555555556,True,2023-07,1,2036,3
UA,EWR,SFO,2023,7,930,31,18,3.0,frozenset({2046}),2046,0.5806451612903226,True,2023-07,1,2037,1
UA,ORD,EWR,2023,7,863,31,18,6.0,frozenset({1092}),1092,0.5806451612903226,True,2023-07,1,2038,1
AS,JFK,SFO,2023,7,1229,31,16,0.0,frozenset({41}),41,0.5161290322580645,True,2023-07,1,2039,1
UA,EWR,SFO,2023,7,1005,31,22,2.0,frozenset({1676}),1676,0.7096774193548387,True,2023-07,1,2040,1
AS,MCO,SEA,2023,7,1115,31,17,0.0,frozenset({341}),341,0.5483870967741935,True,2023-07,2,1622,2
UA,ORD,CMH,2023,7,1282,29,15,0.0,frozenset({1492}),1492,0.5172413793103449,True,2023-07,1,2041,1
UA,ORD,CLT,2023,7,1276,24,15,0.0,frozenset({2289}),2289,0.625,True,2023-07,1,2042,1
UA,ORD,BUF,2023,7,1286,21,11,2.0,frozenset({2128}),2128,0.5238095238095238,True,2023-07,1,2043,1
UA,ORD,ATL,2023,7,1120,29,15,1.0,frozenset({1654}),1654,0.5172413793103449,True,2023-07,1,2044,1
AS,PDX,JFK,2023,7,825,26,15,0.0,frozenset({18}),18,0.5769230769230769,True,2023-07,1,2045,1
B6,ATL,JFK,2023,7,1130,31,20,3.0,frozenset({1320}),1320,0.6451612903225806,True,2023-07,1,2046,1
UA,MCO,DEN,2023,7,1033,28,16,1.0,frozenset({1602}),1602,0.5714285714285714,True,2023-07,1,2047,1
UA,LGA,ORD,2023,7,1155,26,16,6.0,frozenset({2017}),2017,0.6153846153846154,True,2023-07,1,2048,1
B6,BNA,JFK,2023,7,1224,31,20,8.0,frozenset({1674}),1674,0.6451612903225806,True,2023-07,2,1591,2
UA,FLL,EWR,2023,7,1189,31,20,3.0,frozenset({1972}),1972,0.6451612903225806,True,2023-07,1,2049,1
B6,BOS,ATL,2023,7,972,31,17,1.0,frozenset({697}),697,0.5483870967741935,True,2023-07,1,2050,2
B6,BOS,ATL,2023,7,1230,22,12,4.0,frozenset({1097}),1097,0.5454545454545454,True,2023-07,1,2051,1
UA,IAH,DEN,2023,7,1086,31,16,0.0,frozenset({437}),437,0.5161290322580645,True,2023-07,2,1454,2
UA,IAH,DEN,2023,7,980,31,17,1.0,frozenset({2197}),2197,0.5483870967741935,True,2023-07,3,869,3
B6,BOS,BNA,2023,7,985,31,16,1.0,frozenset({1207}),1207,0.5161290322580645,True,2023-07,2,1599,2
UA,IAH,CVG,2023,7,1210,23,13,0.0,frozenset({1759}),1759,0.5652173913043478,True,2023-07,1,2052,1
B6,BOS,BWI,2023,7,960,31,17,3.0,frozenset({727}),727,0.5483870967741935,True,2023-07,1,2053,1
UA,IAD,SFO,2023,7,1065,31,18,1.0,frozenset({1306}),1306,0.5806451612903226,True,2023-07,1,2054,1
B6,BOS,DTW,2023,7,1040,31,16,3.0,frozenset({1037}),1037,0.5161290322580645,True,2023-07,1,2055,1
UA,IAD,ORD,2023,7,1036,31,16,1.0,frozenset({2497}),2497,0.5161290322580645,True,2023-07,1,2056,1
UA,IAD,MCO,2023,7,1028,31,20,0.0,frozenset({2268}),2268,0.6451612903225806,True,2023-07,1,2057,1
UA,IAD,LAX,2023,7,1100,31,16,3.0,frozenset({2602}),2602,0.5161290322580645,True,2023-07,1,2058,1
UA,IAD,LAS,2023,7,1198,21,12,0.0,frozenset({780}),780,0.5714285714285714,True,2023-07,1,2059,1
UA,IAD,IAH,2023,7,1025,31,17,1.0,frozenset({1399}),1399,0.5483870967741935,True,2023-07,1,2060,1
UA,FLL,ORD,2023,7,963,31,17,1.0,frozenset({419}),419,0.5483870967741935,True,2023-07,1,2061,1
B6,BOS,CLE,2023,7,1195,31,19,3.0,frozenset({541}),541,0.6129032258064516,True,2023-07,1,2062,1
UA,IAD,EWR,2023,7,1320,31,16,6.0,frozenset({596}),596,0.5161290322580645,True,2023-07,1,2063,1
B6,BOS,DEN,2023,7,1160,26,17,1.0,frozenset({293}),293,0.6538461538461539,True,2023-07,2,1833,2
UA,IAD,DFW,2023,7,1025,31,17,1.0,frozenset({2116}),2116,0.5483870967741935,True,2023-07,2,1429,2
B6,BOS,DCA,2023,7,720,26,14,0.0,frozenset({1855}),1855,0.5384615384615384,True,2023-07,1,2064,1
UA,IAD,BOS,2023,7,1025,31,17,2.0,frozenset({688}),688,0.5483870967741935,True,2023-07,2,1402,4
UA,IAH,EWR,2023,7,750,31,16,1.0,frozenset({1429}),1429,0.5161290322580645,True,2023-07,1,2065,1
UA,IAH,EWR,2023,7,860,31,21,11.0,frozenset({1764}),1764,0.6774193548387096,True,2023-07,1,2066,1
UA,FLL,EWR,2023,7,1039,31,22,6.0,frozenset({1937}),1937,0.7096774193548387,True,2023-07,2,1406,2
UA,FLL,EWR,2023,7,922,31,18,5.0,frozenset({2458}),2458,0.5806451612903226,True,2023-07,2,1407,2
UA,LGA,ORD,2023,7,1100,31,18,5.0,frozenset({2011}),2011,0.5806451612903226,True,2023-07,1,2067,1
B6,BOS,JFK,2023,7,1243,31,19,4.0,frozenset({617}),617,0.6129032258064516,True,2023-07,1,2068,1
UA,LGA,ORD,2023,7,1031,31,18,5.0,frozenset({1641}),1641,0.5806451612903226,True,2023-07,1,2069,1
UA,LAX,EWR,2023,7,765,31,16,5.0,frozenset({2614}),2614,0.5161290322580645,True,2023-07,1,2070,1
UA,LAS,DEN,2023,7,976,28,17,3.0,frozenset({2449}),2449,0.6071428571428571,True,2023-07,1,2071,1
B6,ATL,LGA,2023,7,1002,31,21,3.0,frozenset({2613}),2613,0.6774193548387096,True,2023-07,2,1604,2
B6,ATL,LGA,2023,7,1229,31,17,3.0,frozenset({2513}),2513,0.5483870967741935,True,2023-07,2,1603,2
B6,AUS,JFK,2023,7,960,31,19,2.0,frozenset({694}),694,0.6129032258064516,True,2023-07,2,1581,2
B6,BOS,JFK,2023,7,1181,31,23,3.0,frozenset({317}),317,0.7419354838709677,True,2023-07,2,1843,2
UA,EWR,SYR,2023,7,1337,31,28,3.0,frozenset({2432}),2432,0.9032258064516129,True,2023-07,1,2072,1
UA,IAH,SJU,2023,7,1102,31,17,0.0,frozenset({1914}),1914,0.5483870967741935,True,2023-07,1,2073,1
UA,EWR,ROC,2023,7,1317,17,12,0.0,frozenset({1331}),1331,0.7058823529411765,True,2023-07,1,2074,1
B6,BOS,JFK,2023,7,948,31,19,8.0,frozenset({517}),517,0.6129032258064516,True,2023-07,1,2075,1
UA,IAH,PNS,2023,7,1222,31,16,2.0,frozenset({2273}),2273,0.5161290322580645,True,2023-07,2,1445,2
B6,BOS,IAH,2023,7,852,31,17,1.0,frozenset({2233}),2233,0.5483870967741935,True,2023-07,1,2076,1
B6,BNA,BOS,2023,7,818,18,10,1.0,frozenset({206}),206,0.5555555555555556,True,2023-07,1,2077,1
B6,BNA,BOS,2023,7,1150,31,17,1.0,frozenset({1206}),1206,0.5483870967741935,True,2023-07,2,1588,2
UA,EWR,TPA,2023,7,910,31,19,4.0,frozenset({2072}),2072,0.6129032258064516,True,2023-07,1,2078,1
B6,BNA,FLL,2023,7,980,31,24,3.0,frozenset({182}),182,0.7741935483870968,True,2023-07,3,811,3
UA,EWR,TPA,2023,7,1073,31,24,3.0,frozenset({1683}),1683,0.7741935483870968,True,2023-07,2,1410,2
UA,EWR,TPA,2023,7,1230,31,20,4.0,frozenset({2471}),2471,0.6451612903225806,True,2023-07,2,1409,2
B6,BOS,FLL,2023,7,1230,31,17,0.0,frozenset({369}),369,0.5483870967741935,True,2023-07,2,1854,2
UA,IAH,GRR,2023,7,1189,30,17,2.0,frozenset({2092}),2092,0.5666666666666667,True,2023-07,1,2079,1
UA,IAH,EWR,2023,7,1005,31,18,3.0,frozenset({1818}),1818,0.5806451612903226,True,2023-07,1,2080,1
B6,BDL,SJU,2023,7,1065,27,15,0.0,frozenset({275}),275,0.5555555555555556,True,2023-07,2,1583,2
UA,ORD,IAH,2023,7,1275,29,18,2.0,frozenset({1783}),1783,0.6206896551724138,True,2023-07,1,2081,1
UA,ORD,ICT,2023,7,1224,31,18,4.0,frozenset({1626}),1626,0.5806451612903226,True,2023-07,1,2082,1
UA,ORD,LGA,2023,7,835,31,18,4.0,frozenset({2182}),2182,0.5806451612903226,True,2023-07,1,2083,1
AA,PHL,TPA,2023,7,1125,31,19,1.0,frozenset({2082}),2082,0.6129032258064516,True,2023-07,1,2084,1
UA,TPA,EWR,2023,7,1148,31,21,8.0,frozenset({599}),599,0.6774193548387096,True,2023-07,2,1096,2
UA,EWR,MCO,2023,7,787,31,16,0.0,frozenset({494}),494,0.5161290322580645,True,2023-07,1,2085,1
UA,TPA,EWR,2023,7,875,30,16,2.0,frozenset({2604}),2604,0.5333333333333333,True,2023-07,1,2086,1
AA,PHX,ATL,2023,7,1018,19,10,0.0,frozenset({1224}),1224,0.5263157894736842,True,2023-07,1,2087,1
UA,EWR,MCO,2023,7,839,31,19,1.0,frozenset({1929}),1929,0.6129032258064516,True,2023-07,1,2088,1
UA,EWR,MCO,2023,7,903,31,22,6.0,frozenset({1105}),1105,0.7096774193548387,True,2023-07,2,1496,2
UA,EWR,MCO,2023,7,980,31,26,5.0,frozenset({1546}),1546,0.8387096774193549,True,2023-07,2,1494,2
UA,EWR,MCO,2023,7,1033,31,24,3.0,frozenset({2155}),2155,0.7741935483870968,True,2023-07,1,2089,1
UA,EWR,MCO,2023,7,1110,29,24,6.0,frozenset({1887}),1887,0.8275862068965517,True,2023-07,1,2090,1
UA,EWR,MCO,2023,7,1170,31,22,3.0,frozenset({1402}),1402,0.7096774193548387,True,2023-07,1,2091,1
B6,BOS,PIT,2023,7,1195,27,14,2.0,frozenset({2385}),2385,0.5185185185185185,True,2023-07,1,2092,1
UA,EWR,MEM,2023,7,1319,27,16,7.0,frozenset({1156}),1156,0.5925925925925926,True,2023-07,2,1493,2
UA,STL,EWR,2023,7,1053,31,16,6.0,frozenset({1920}),1920,0.5161290322580645,True,2023-07,1,2093,1
B6,BOS,PHX,2023,7,1130,31,16,2.0,frozenset({1303}),1303,0.5161290322580645,True,2023-07,1,2094,1
AA,PHX,DEN,2023,7,915,31,18,0.0,frozenset({1329}),1329,0.5806451612903226,True,2023-07,1,2095,1
UA,EWR,MIA,2023,7,899,26,15,4.0,frozenset({592}),592,0.5769230769230769,True,2023-07,1,2096,1
UA,EWR,MIA,2023,7,1180,31,20,3.0,frozenset({1388}),1388,0.6451612903225806,True,2023-07,1,2097,1
B6,BOS,PHL,2023,7,985,26,15,4.0,frozenset({2259}),2259,0.5769230769230769,True,2023-07,1,2098,1
UA,STL,DEN,2023,7,995,31,20,1.0,frozenset({744}),744,0.6451612903225806,True,2023-07,1,2099,1
AA,PIT,CLT,2023,7,1142,26,14,1.0,frozenset({1189}),1189,0.5384615384615384,True,2023-07,1,2100,1
AA,PIT,PHL,2023,7,968,26,15,1.0,frozenset({1862}),1862,0.5769230769230769,True,2023-07,1,2101,1
UA,SNA,EWR,2023,7,741,31,16,4.0,frozenset({1577}),1577,0.5161290322580645,True,2023-07,2,1099,2
WN,ABQ,DEN,2023,7,1330,15,9,0.0,frozenset({3568}),3568,0.6,True,2023-07,1,2102,1
AA,PHL,STL,2023,7,1139,31,19,1.0,frozenset({2936}),2936,0.6129032258064516,True,2023-07,1,2103,1
B6,BOS,RDU,2023,7,1240,18,13,3.0,frozenset({983}),983,0.7222222222222222,True,2023-07,1,2104,1
WN,ALB,MDW,2023,7,1190,20,12,1.0,"frozenset({1491, 302, 527})",1491,0.6,True,2023-07,1,2105,1
UA,EWR,JAC,2023,7,1085,31,19,6.0,frozenset({1159}),1159,0.6129032258064516,True,2023-07,2,1500,2
WN,ATL,LGA,2023,7,865,25,13,6.0,"frozenset({1944, 1561, 1650, 3606})",1561,0.52,True,2023-07,1,2106,1
B6,BOS,SFO,2023,7,1110,31,17,2.0,frozenset({33}),33,0.5483870967741935,True,2023-07,1,2107,1
UA,EWR,LAS,2023,7,985,31,18,3.0,frozenset({402}),402,0.5806451612903226,True,2023-07,1,2108,1
AA,PHL,MCO,2023,7,1118,27,15,2.0,frozenset({646}),646,0.5555555555555556,True,2023-07,1,2109,1
WN,ATL,JAN,2023,7,1250,25,13,0.0,"frozenset({2370, 1163, 2673, 3409, 2362})",2362,0.52,True,2023-07,1,2110,1
WN,ATL,IND,2023,7,1195,21,11,0.0,"frozenset({161, 1779})",1779,0.5238095238095238,True,2023-07,1,2111,1
AA,PHL,ORD,2023,7,1119,31,20,2.0,"frozenset({865, 1359})",865,0.6451612903225806,True,2023-07,1,2112,1
UA,EWR,LAS,2023,7,1067,31,19,4.0,frozenset({2297}),2297,0.6129032258064516,True,2023-07,1,2113,1
WN,ATL,FLL,2023,7,1325,23,13,0.0,"frozenset({2961, 2155, 1860})",1860,0.5652173913043478,True,2023-07,1,2114,1
AA,PHL,PBI,2023,7,951,26,15,0.0,frozenset({471}),471,0.5769230769230769,True,2023-07,1,2115,1
AA,RDU,LGA,2023,7,1011,24,13,2.0,frozenset({2040}),2040,0.5416666666666666,True,2023-07,1,2116,1
AA,PHL,PBI,2023,7,1128,31,18,1.0,frozenset({938}),938,0.5806451612903226,True,2023-07,1,2117,1
UA,EWR,LAS,2023,7,1223,29,21,4.0,frozenset({2085}),2085,0.7241379310344828,True,2023-07,1,2118,1
UA,EWR,LAS,2023,7,1274,31,19,4.0,frozenset({657}),657,0.6129032258064516,True,2023-07,1,2119,1
WN,ATL,DEN,2023,7,1100,28,18,1.0,"frozenset({3495, 2927, 851, 3124, 957})",3495,0.6428571428571429,True,2023-07,1,2120,1
B6,BOS,RSW,2023,7,760,31,19,2.0,frozenset({2065}),2065,0.6129032258064516,True,2023-07,1,2121,1
UA,EWR,LAX,2023,7,930,26,17,3.0,frozenset({1357}),1357,0.6538461538461539,True,2023-07,1,2122,1
UA,EWR,LAX,2023,7,1140,31,20,1.0,frozenset({1190}),1190,0.6451612903225806,True,2023-07,1,2123,1
AA,PHL,RDU,2023,7,1185,30,18,0.0,frozenset({706}),706,0.6,True,2023-07,1,2124,1
WN,ATL,DAL,2023,7,1255,25,15,1.0,"frozenset({3114, 484, 590, 5239})",590,0.6,True,2023-07,1,2125,1
UA,EWR,MCI,2023,7,1291,31,21,5.0,frozenset({1686}),1686,0.6774193548387096,True,2023-07,1,2126,1
UA,IAD,ATL,2023,7,1053,31,18,1.0,frozenset({2081}),2081,0.5806451612903226,True,2023-07,1,2127,1
AA,PHL,SEA,2023,7,1120,31,17,4.0,frozenset({2361}),2361,0.5483870967741935,True,2023-07,1,2128,1
WN,ATL,DEN,2023,7,1325,15,12,0.0,frozenset({3149}),3149,0.8,True,2023-07,1,2129,1
WN,ATL,MSY,2023,7,1195,10,6,0.0,"frozenset({1057, 1106, 1652})",1057,0.6,True,2023-07,1,2130,1
UA,EWR,MKE,2023,7,1259,26,21,1.0,frozenset({711}),711,0.8076923076923077,True,2023-07,1,2131,1
AA,RDU,PHL,2023,7,1081,25,15,1.0,frozenset({2687}),2687,0.6,True,2023-07,1,2132,1
UA,PBI,EWR,2023,7,1138,31,21,6.0,frozenset({2300}),2300,0.6774193548387096,True,2023-07,2,1108,2
UA,EWR,PBI,2023,7,1170,26,17,5.0,frozenset({1355}),1355,0.6538461538461539,True,2023-07,2,1423,2
UA,PBI,EWR,2023,7,910,31,20,4.0,frozenset({1505}),1505,0.6451612903225806,True,2023-07,2,1109,2
UA,EWR,PDX,2023,7,1109,31,18,3.0,frozenset({2447}),2447,0.5806451612903226,True,2023-07,1,2133,1
UA,EWR,PHX,2023,7,1225,31,23,4.0,frozenset({759}),759,0.7419354838709677,True,2023-07,1,2134,1
AA,TVC,DFW,2023,7,1065,31,17,0.0,frozenset({2446}),2446,0.5483870967741935,True,2023-07,1,2135,1
UA,ORF,EWR,2023,7,1117,19,12,3.0,frozenset({1156}),1156,0.631578947368421,True,2023-07,1,2136,1
UA,ORF,EWR,2023,7,959,25,14,0.0,frozenset({1363}),1363,0.56,True,2023-07,2,1110,2
AS,AKN,ANC,2023,7,959,10,6,0.0,"frozenset({1466, 134})",1466,0.6,True,2023-07,1,2137,1
B6,BOS,LGA,2023,7,1140,24,15,6.0,frozenset({1431}),1431,0.625,True,2023-07,1,2138,1
UA,ORD,ROC,2023,7,1292,29,18,4.0,frozenset({2011}),2011,0.6206896551724138,True,2023-07,1,2139,1
UA,ORD,RNO,2023,7,1193,28,16,3.0,frozenset({2075}),2075,0.5714285714285714,True,2023-07,1,2140,1
B6,BOS,LGA,2023,7,1080,24,14,5.0,frozenset({1331}),1331,0.5833333333333334,True,2023-07,1,2141,1
B6,BOS,LGA,2023,7,960,29,17,10.0,frozenset({731}),731,0.5862068965517241,True,2023-07,1,2142,1
UA,ORD,PDX,2023,7,1203,31,20,3.0,frozenset({2676}),2676,0.6451612903225806,True,2023-07,1,2143,1
UA,ORD,OMA,2023,7,1224,31,17,0.0,frozenset({1006}),1006,0.5483870967741935,True,2023-07,1,2144,1
UA,EWR,RDU,2023,7,1017,26,17,5.0,frozenset({307}),307,0.6538461538461539,True,2023-07,2,1421,2
UA,EWR,RDU,2023,7,1319,28,21,7.0,frozenset({2078}),2078,0.75,True,2023-07,1,2145,1
UA,ORD,MSN,2023,7,1229,31,18,2.0,frozenset({739}),739,0.5806451612903226,True,2023-07,1,2146,1
UA,ORD,MEM,2023,7,1203,31,19,1.0,frozenset({1612}),1612,0.6129032258064516,True,2023-07,2,1111,2
AS,EWR,LAX,2023,7,1199,31,18,0.0,frozenset({287}),287,0.5806451612903226,True,2023-07,1,2147,1
UA,ORD,MCO,2023,7,1080,31,16,0.0,frozenset({2173}),2173,0.5161290322580645,True,2023-07,1,2148,1
UA,ORD,MCI,2023,7,1210,31,18,2.0,frozenset({2283}),2283,0.5806451612903226,True,2023-07,1,2149,1
UA,RDU,EWR,2023,7,815,26,15,1.0,frozenset({2612}),2612,0.5769230769230769,True,2023-07,1,2150,1
UA,RDU,EWR,2023,7,1098,31,21,6.0,frozenset({768}),768,0.6774193548387096,True,2023-07,1,2151,1
UA,EWR,PBI,2023,7,895,31,21,8.0,frozenset({254}),254,0.6774193548387096,True,2023-07,2,1424,2
UA,RDU,EWR,2023,7,1182,26,15,7.0,frozenset({472}),472,0.5769230769230769,True,2023-07,1,2152,1
UA,SJU,EWR,2023,7,811,31,18,1.0,frozenset({1173}),1173,0.5806451612903226,True,2023-07,2,1100,2
UA,SJU,EWR,2023,7,65,31,19,2.0,frozenset({2219}),2219,0.6129032258064516,True,2023-07,2,1101,3
B6,BOS,PBI,2023,7,840,31,16,0.0,frozenset({521}),521,0.5161290322580645,True,2023-07,1,2153,1
UA,EWR,MSN,2023,7,1259,26,16,5.0,frozenset({2328}),2328,0.6153846153846154,True,2023-07,2,1460,2
UA,EWR,MSP,2023,7,1262,31,24,3.0,frozenset({1638}),1638,0.7741935483870968,True,2023-07,2,1459,2
UA,SFO,EWR,2023,7,660,31,19,0.0,frozenset({1074}),1074,0.6129032258064516,True,2023-07,1,2154,1
UA,EWR,MSY,2023,7,1230,31,20,2.0,frozenset({2425}),2425,0.6451612903225806,True,2023-07,2,1430,2
AA,TPA,CLT,2023,7,1194,26,15,0.0,frozenset({1901}),1901,0.5769230769230769,True,2023-07,1,2155,1
UA,SEA,EWR,2023,7,691,26,14,3.0,frozenset({591}),591,0.5384615384615384,True,2023-07,2,1105,2
B6,BOS,MIA,2023,7,948,26,15,3.0,frozenset({1319}),1319,0.5769230769230769,True,2023-07,1,2156,2
B6,BOS,MCO,2023,7,1125,31,18,6.0,frozenset({1451}),1451,0.5806451612903226,True,2023-07,1,2157,1
UA,SMF,IAD,2023,7,1419,31,16,3.0,frozenset({2132}),2132,0.5161290322580645,True,2023-07,1,2158,1
B6,BOS,MCO,2023,7,960,31,21,6.0,frozenset({2251}),2251,0.6774193548387096,True,2023-07,2,1836,2
UA,EWR,ORD,2023,7,1110,31,24,4.0,frozenset({1232}),1232,0.7741935483870968,True,2023-07,2,1426,2
UA,SEA,DEN,2023,7,1110,27,14,0.0,frozenset({1810}),1810,0.5185185185185185,True,2023-07,1,2159,1
UA,SAV,DEN,2023,7,972,31,17,1.0,"frozenset({1124, 655})",655,0.5483870967741935,True,2023-07,1,2160,1
UA,SAT,EWR,2023,7,867,31,16,3.0,frozenset({1283}),1283,0.5161290322580645,True,2023-07,1,2161,1
UA,SAN,EWR,2023,7,759,31,18,2.0,frozenset({1532}),1532,0.5806451612903226,True,2023-07,1,2162,1
UA,EWR,ORD,2023,7,1200,24,18,7.0,frozenset({1234}),1234,0.75,True,2023-07,1,2163,1
UA,RSW,EWR,2023,7,1051,24,16,3.0,frozenset({2601}),2601,0.6666666666666666,True,2023-07,1,2164,1
UA,EWR,ORD,2023,7,1304,31,21,7.0,frozenset({1393}),1393,0.6774193548387096,True,2023-07,1,2165,1
UA,RSW,EWR,2023,7,835,31,16,5.0,frozenset({2494}),2494,0.5161290322580645,True,2023-07,1,2166,1
AA,TPA,DFW,2023,7,1090,31,16,0.0,frozenset({2504}),2504,0.5161290322580645,True,2023-07,1,2167,1
UA,RDU,ORD,2023,7,1061,31,19,1.0,frozenset({2227}),2227,0.6129032258064516,True,2023-07,1,2168,1
UA,EWR,ORD,2023,7,1038,31,25,4.0,frozenset({2113}),2113,0.8064516129032258,True,2023-07,1,2169,1
UA,ORD,EWR,2023,7,1175,31,16,3.0,frozenset({2202}),2202,0.5161290322580645,True,2023-07,1,2170,1
DL,MSY,ATL,2023,7,1211,14,11,2.0,frozenset({2367}),2367,0.7857142857142857,True,2023-07,1,2171,1
AA,MCO,LAX,2023,7,1185,27,16,0.0,frozenset({2512}),2512,0.5925925925925926,True,2023-07,1,2172,1
WN,PHX,LAS,2023,7,1365,11,6,0.0,"frozenset({1736, 595, 623})",595,0.5454545454545454,True,2023-07,2,1160,2
WN,PHX,LAS,2023,7,1240,31,17,0.0,"frozenset({1152, 737, 2728, 2473, 712, 3019})",1152,0.5483870967741935,True,2023-07,1,2173,1
WN,PHX,DEN,2023,7,1200,17,9,1.0,"frozenset({3305, 130, 3079})",3305,0.5294117647058824,True,2023-07,1,2174,1
WN,PHX,DEN,2023,7,1045,19,10,2.0,"frozenset({1850, 2964, 3102})",3102,0.5263157894736842,True,2023-07,1,2175,1
AA,CLT,DFW,2023,7,1145,30,16,1.0,frozenset({2602}),2602,0.5333333333333333,True,2023-07,1,2176,1
WN,PHL,MDW,2023,7,1110,20,13,2.0,"frozenset({2577, 2589})",2577,0.65,True,2023-07,1,2177,1
AA,CLT,DFW,2023,7,1354,26,17,1.0,frozenset({1082}),1082,0.6538461538461539,True,2023-07,1,2178,1
WN,PDX,OAK,2023,7,1370,15,8,2.0,frozenset({1962}),1962,0.5333333333333333,True,2023-07,1,2179,1
WN,PDX,DEN,2023,7,1095,23,12,3.0,"frozenset({3002, 1227, 955})",3002,0.5217391304347826,True,2023-07,1,2180,1
WN,PBI,ATL,2023,7,1050,28,17,0.0,"frozenset({1575, 1782, 2807, 123, 2686})",2807,0.6071428571428571,True,2023-07,1,2181,1
WN,ORD,MCO,2023,7,965,21,11,1.0,"frozenset({770, 3863})",3863,0.5238095238095238,True,2023-07,1,2182,1
AA,CLT,EWR,2023,7,1365,26,14,4.0,frozenset({2718}),2718,0.5384615384615384,True,2023-07,1,2183,1
AA,CLT,FLL,2023,7,1290,24,13,3.0,frozenset({2202}),2202,0.5416666666666666,True,2023-07,1,2184,2
AA,CLT,DEN,2023,7,1110,31,21,0.0,frozenset({473}),473,0.6774193548387096,True,2023-07,1,2185,2
WN,ORD,DEN,2023,7,1265,26,14,0.0,"frozenset({2177, 3433, 2887})",3433,0.5384615384615384,True,2023-07,1,2186,1
WN,ORD,DEN,2023,7,985,26,15,2.0,"frozenset({1714, 1786, 1990})",1714,0.5769230769230769,True,2023-07,1,2187,1
AA,CLT,IAH,2023,7,1340,26,14,2.0,frozenset({1840}),1840,0.5384615384615384,True,2023-07,1,2188,1
AA,CLT,IND,2023,7,1245,31,17,1.0,frozenset({648}),648,0.5483870967741935,True,2023-07,1,2189,1
AA,CLT,IND,2023,7,1343,26,15,3.0,frozenset({1081}),1081,0.5769230769230769,True,2023-07,1,2190,2
AA,CLT,JAX,2023,7,1050,31,24,2.0,frozenset({1830}),1830,0.7741935483870968,True,2023-07,1,2191,1
AA,CLT,JAX,2023,7,1285,27,17,2.0,frozenset({2619}),2619,0.6296296296296297,True,2023-07,1,2192,1
AA,CLT,JAX,2023,7,1356,26,14,1.0,frozenset({746}),746,0.5384615384615384,True,2023-07,1,2193,1
AA,CLT,LAS,2023,7,1160,26,15,1.0,frozenset({1842}),1842,0.5769230769230769,True,2023-07,1,2194,1
WN,ONT,DEN,2023,7,830,21,11,1.0,"frozenset({1050, 5019, 2910})",2910,0.5238095238095238,True,2023-07,1,2195,1
WN,OMA,PHX,2023,7,1185,11,6,0.0,"frozenset({737, 1252, 1765})",1765,0.5454545454545454,True,2023-07,1,2196,1
WN,OMA,DEN,2023,7,1250,23,14,0.0,"frozenset({1008, 1397, 174})",1397,0.6086956521739131,True,2023-07,1,2197,1
AA,CLT,LGA,2023,7,875,31,19,3.0,frozenset({2068}),2068,0.6129032258064516,True,2023-07,1,2198,1
AA,CLT,MCI,2023,7,1375,26,16,1.0,frozenset({1903}),1903,0.6153846153846154,True,2023-07,1,2199,1
WN,ORD,DEN,2023,7,1130,29,15,1.0,"frozenset({1049, 2971, 2788})",2788,0.5172413793103449,True,2023-07,1,2200,1
WN,OKC,DEN,2023,7,1270,26,16,3.0,"frozenset({3058, 2403, 3243})",3058,0.6153846153846154,True,2023-07,1,2201,1
WN,PHX,MCO,2023,7,975,15,11,0.0,frozenset({3604}),3604,0.7333333333333333,True,2023-07,1,2202,2
AA,CLT,CHS,2023,7,1370,26,14,1.0,frozenset({1657}),1657,0.5384615384615384,True,2023-07,1,2203,1
AA,BOS,CLT,2023,7,1131,26,19,0.0,frozenset({1449}),1449,0.7307692307692307,True,2023-07,1,2204,2
WN,SAN,OAK,2023,7,1175,11,6,0.0,"frozenset({498, 4987, 284, 3013})",498,0.5454545454545454,True,2023-07,1,2205,1
AA,BOS,DCA,2023,7,1170,25,15,4.0,frozenset({2143}),2143,0.6,True,2023-07,1,2206,1
AA,BOS,DFW,2023,7,1094,30,19,2.0,frozenset({1138}),1138,0.6333333333333333,True,2023-07,1,2207,1
WN,SAN,DEN,2023,7,1125,21,11,1.0,"frozenset({2219, 2644})",2219,0.5238095238095238,True,2023-07,1,2208,1
AA,BOS,ORD,2023,7,1057,23,17,1.0,frozenset({1485}),1485,0.7391304347826086,True,2023-07,1,2209,1
WN,SAN,BNA,2023,7,580,15,8,0.0,frozenset({2128}),2128,0.5333333333333333,True,2023-07,1,2210,1
WN,SAN,AUS,2023,7,1245,15,9,1.0,frozenset({2519}),2519,0.6,True,2023-07,1,2211,1
WN,RSW,BWI,2023,7,1090,25,13,0.0,"frozenset({568, 826, 2251})",568,0.52,True,2023-07,1,2212,1
WN,RNO,SJC,2023,7,1120,15,13,0.0,frozenset({175}),175,0.8666666666666667,True,2023-07,1,2213,1
AA,BOS,PHL,2023,7,1052,23,16,5.0,frozenset({1776}),1776,0.6956521739130435,True,2023-07,1,2214,1
WN,RNO,DEN,2023,7,865,17,9,1.0,"frozenset({2402, 3347})",3347,0.5294117647058824,True,2023-07,1,2215,1
WN,RDU,DEN,2023,7,1160,17,11,1.0,"frozenset({1200, 1351})",1200,0.6470588235294118,True,2023-07,1,2216,2
AA,CLT,CLE,2023,7,1345,26,14,1.0,frozenset({585}),585,0.5384615384615384,True,2023-07,1,2217,1
AA,CLT,ALB,2023,7,1239,31,16,1.0,frozenset({1078}),1078,0.5161290322580645,True,2023-07,1,2218,1
WN,PVD,MCO,2023,7,1140,17,9,0.0,"frozenset({2913, 651})",651,0.5294117647058824,True,2023-07,1,2219,1
AA,CLT,BOS,2023,7,1006,27,16,2.0,frozenset({1510}),1510,0.5925925925925926,True,2023-07,1,2220,1
WN,PIT,MDW,2023,7,1230,21,11,2.0,"frozenset({642, 523})",523,0.5238095238095238,True,2023-07,1,2221,1
WN,PIT,MCO,2023,7,1155,11,6,0.0,"frozenset({554, 3092, 1100})",1100,0.5454545454545454,True,2023-07,2,1157,2
WN,PIT,FLL,2023,7,990,17,9,0.0,"frozenset({258, 2860})",258,0.5294117647058824,True,2023-07,1,2222,1
WN,PIT,DEN,2023,7,1215,24,13,2.0,"frozenset({3250, 1882})",3250,0.5416666666666666,True,2023-07,1,2223,1
WN,PHX,SLC,2023,7,1355,10,7,0.0,"frozenset({1876, 2997, 2006})",2006,0.7,True,2023-07,1,2224,1
WN,PHX,SJC,2023,7,1260,31,16,0.0,"frozenset({3588, 1765, 200, 201, 4874, 2295})",3588,0.5161290322580645,True,2023-07,1,2225,1
WN,PHX,SEA,2023,7,1080,10,6,0.0,"frozenset({2540, 2246, 5774})",2540,0.6,True,2023-07,1,2226,1
WN,PHX,SAT,2023,7,1180,17,10,0.0,"frozenset({544, 2196})",2196,0.5882352941176471,True,2023-07,1,2227,1
AA,CLT,BUF,2023,7,1340,20,14,0.0,frozenset({703}),703,0.7,True,2023-07,1,2228,1
AA,CLT,BWI,2023,7,1228,31,18,1.0,"frozenset({2448, 794})",794,0.5806451612903226,True,2023-07,1,2229,1
WN,PHX,PDX,2023,7,1345,17,14,1.0,"frozenset({2566, 3455})",3455,0.8235294117647058,True,2023-07,1,2230,1
WN,PWM,BWI,2023,7,995,14,8,0.0,"frozenset({3272, 642, 1247})",3272,0.5714285714285714,True,2023-07,1,2231,1
AA,CLT,MCO,2023,7,930,30,17,1.0,frozenset({1782}),1782,0.5666666666666667,True,2023-07,1,2232,1
AA,CLT,MCO,2023,7,1112,31,16,0.0,frozenset({2105}),2105,0.5161290322580645,True,2023-07,1,2233,1
AA,CLT,MCO,2023,7,1215,31,17,0.0,frozenset({1879}),1879,0.5483870967741935,True,2023-07,1,2234,1
WN,MDW,RSW,2023,7,1255,19,10,0.0,"frozenset({1272, 393, 184})",393,0.5263157894736842,True,2023-07,1,2235,1
WN,MDW,RDU,2023,7,1050,15,9,0.0,frozenset({1826}),1826,0.6,True,2023-07,1,2236,1
WN,MDW,PIT,2023,7,1305,21,14,1.0,"frozenset({888, 339})",888,0.6666666666666666,True,2023-07,1,2237,1
WN,MDW,PHX,2023,7,1320,23,18,0.0,"frozenset({3256, 2174, 2263})",2174,0.782608695652174,True,2023-07,1,2238,1
WN,MDW,PHL,2023,7,1300,26,19,3.0,"frozenset({2393, 3469, 3350})",3469,0.7307692307692307,True,2023-07,1,2239,1
WN,MDW,PHL,2023,7,885,15,8,0.0,frozenset({3554}),3554,0.5333333333333333,True,2023-07,1,2240,1
AA,CLT,SFO,2023,7,1124,31,16,2.0,frozenset({2735}),2735,0.5161290322580645,True,2023-07,1,2241,1
WN,MDW,PDX,2023,7,1315,21,13,0.0,"frozenset({1522, 3533})",3533,0.6190476190476191,True,2023-07,1,2242,1
WN,MDW,OMA,2023,7,1330,23,15,1.0,"frozenset({5433, 2141})",2141,0.6521739130434783,True,2023-07,1,2243,1
WN,MDW,OKC,2023,7,1340,26,16,1.0,"frozenset({3440, 2265, 2091, 3461})",3440,0.6153846153846154,True,2023-07,1,2244,1
WN,MDW,OAK,2023,7,1310,21,12,0.0,"frozenset({3594, 1418})",3594,0.5714285714285714,True,2023-07,1,2245,1
WN,MDW,MHT,2023,7,1195,15,11,0.0,frozenset({1035}),1035,0.7333333333333333,True,2023-07,1,2246,2
WN,MDW,MEM,2023,7,1365,24,17,1.0,"frozenset({3300, 4849, 1100, 3693})",3693,0.7083333333333334,True,2023-07,1,2247,1
AA,CLT,SDF,2023,7,892,23,12,0.0,frozenset({279}),279,0.5217391304347826,True,2023-07,1,2248,1
WN,MDW,MCI,2023,7,1375,14,8,1.0,"frozenset({3275, 1501})",1501,0.5714285714285714,True,2023-07,1,2249,1
AA,CLT,SLC,2023,7,1227,25,13,0.0,frozenset({1484}),1484,0.52,True,2023-07,1,2250,1
WN,MDW,LGA,2023,7,1055,24,14,2.0,"frozenset({2994, 2300})",2994,0.5833333333333334,True,2023-07,1,2251,1
WN,MDW,LGA,2023,7,880,26,17,6.0,"frozenset({280, 201, 2450, 3079})",201,0.6538461538461539,True,2023-07,1,2252,1
WN,MDW,LAX,2023,7,1045,21,12,1.0,"frozenset({1545, 925})",1545,0.5714285714285714,True,2023-07,1,2253,1
WN,MDW,LAX,2023,7,885,15,10,0.0,frozenset({573}),573,0.6666666666666666,True,2023-07,1,2254,1
WN,MDW,LAS,2023,7,1360,11,9,1.0,"frozenset({3252, 4411, 1411, 1343})",3252,0.8181818181818182,True,2023-07,1,2255,1
WN,MDW,LAS,2023,7,1300,25,17,1.0,"frozenset({2421, 2140, 4141, 2702})",2421,0.68,True,2023-07,1,2256,1
WN,MDW,LAS,2023,7,1180,10,8,0.0,"frozenset({114, 1035, 110})",114,0.8,True,2023-07,1,2257,1
WN,MDW,LAS,2023,7,1035,17,9,1.0,"frozenset({664, 2497})",664,0.5294117647058824,True,2023-07,1,2258,1
AA,CLT,STL,2023,7,1097,31,16,1.0,frozenset({2937}),2937,0.5161290322580645,True,2023-07,1,2259,1
WN,MDW,GRR,2023,7,1320,21,12,0.0,"frozenset({2235, 3150})",3150,0.5714285714285714,True,2023-07,1,2260,1
WN,MDW,DEN,2023,7,1320,22,14,1.0,"frozenset({856, 3003, 1943})",856,0.6363636363636364,True,2023-07,1,2261,1
WN,MDW,DEN,2023,7,1215,29,15,2.0,"frozenset({1272, 2466, 494})",2466,0.5172413793103449,True,2023-07,1,2262,1
WN,MDW,MCI,2023,7,1265,20,15,1.0,"frozenset({2897, 734})",2897,0.75,True,2023-07,1,2263,1
WN,MDW,SAT,2023,7,1345,26,14,0.0,"frozenset({1096, 1385, 654})",654,0.5384615384615384,True,2023-07,1,2264,1
AA,CLT,SAV,2023,7,1363,26,14,1.0,frozenset({2877}),2877,0.5384615384615384,True,2023-07,1,2265,1
WN,MDW,SJC,2023,7,955,15,9,0.0,frozenset({2168}),2168,0.6,True,2023-07,1,2266,2
WN,OAK,SAN,2023,7,1165,15,9,0.0,frozenset({3081}),3081,0.6,True,2023-07,1,2267,1
AA,CLT,MCO,2023,7,1340,26,15,2.0,frozenset({2092}),2092,0.5769230769230769,True,2023-07,1,2268,1
AA,CLT,MEM,2023,7,1379,26,14,1.0,frozenset({2392}),2392,0.5384615384615384,True,2023-07,1,2269,1
WN,OAK,DEN,2023,7,980,17,12,0.0,"frozenset({938, 204})",938,0.7058823529411765,True,2023-07,1,2270,1
AA,CLT,MKE,2023,7,1377,26,14,2.0,"frozenset({2513, 1876})",1876,0.5384615384615384,True,2023-07,1,2271,1
AA,CLT,OKC,2023,7,1290,21,15,1.0,frozenset({768}),768,0.7142857142857143,True,2023-07,1,2272,2
WN,MYR,BWI,2023,7,1190,22,13,0.0,"frozenset({1096, 2451, 2942})",2451,0.5909090909090909,True,2023-07,1,2273,1
AA,CLT,ORD,2023,7,1093,31,17,0.0,frozenset({2857}),2857,0.5483870967741935,True,2023-07,1,2274,1
WN,MSY,MCO,2023,7,1105,10,6,0.0,"frozenset({897, 1828})",1828,0.6,True,2023-07,1,2275,1
WN,MSY,MCO,2023,7,1025,21,11,0.0,"frozenset({1107, 2075})",1107,0.5238095238095238,True,2023-07,1,2276,1
WN,MSY,DEN,2023,7,1185,24,13,0.0,"frozenset({2986, 2387})",2387,0.5416666666666666,True,2023-07,1,2277,1
AA,CLT,PBI,2023,7,1119,20,12,1.0,frozenset({519}),519,0.6,True,2023-07,1,2278,2
WN,MSY,DAL,2023,7,1215,22,12,0.0,"frozenset({1136, 1890, 3074, 3127})",3074,0.5454545454545454,True,2023-07,1,2279,1
AA,CLT,PHL,2023,7,1220,31,17,1.0,frozenset({1648}),1648,0.5483870967741935,True,2023-07,1,2280,1
WN,MSP,DEN,2023,7,1355,18,12,0.0,"frozenset({2536, 2414})",2536,0.6666666666666666,True,2023-07,1,2281,1
WN,MSP,DEN,2023,7,1125,23,16,1.0,"frozenset({701, 2078, 2213})",701,0.6956521739130435,True,2023-07,1,2282,2
AA,CLT,PIT,2023,7,1004,31,17,1.0,frozenset({1189}),1189,0.5483870967741935,True,2023-07,1,2283,1
WN,MIA,HOU,2023,7,1165,26,14,0.0,"frozenset({1552, 2707, 836})",836,0.5384615384615384,True,2023-07,1,2284,2
AA,CLT,RDU,2023,7,1113,31,16,0.0,frozenset({1904}),1904,0.5161290322580645,True,2023-07,1,2285,1
AA,CLT,RDU,2023,7,1379,25,15,0.0,"frozenset({494, 1143})",494,0.6,True,2023-07,1,2286,1
WN,MEM,MDW,2023,7,975,21,11,0.0,"frozenset({744, 417})",744,0.5238095238095238,True,2023-07,1,2287,1
WN,MEM,MCO,2023,7,1090,15,8,0.0,frozenset({174}),174,0.5333333333333333,True,2023-07,1,2288,1
WN,MEM,ATL,2023,7,1140,26,14,0.0,"frozenset({1656, 1745, 1860, 663})",1860,0.5384615384615384,True,2023-07,1,2289,1
AA,CLT,RIC,2023,7,1245,27,15,2.0,frozenset({1946}),1946,0.5555555555555556,True,2023-07,1,2290,2
WN,MDW,TUL,2023,7,1230,15,8,0.0,frozenset({860}),860,0.5333333333333333,True,2023-07,1,2291,1
WN,MDW,STL,2023,7,1350,11,7,0.0,"frozenset({1865, 2937, 367})",1865,0.6363636363636364,True,2023-07,1,2292,1
WN,MDW,STL,2023,7,1315,11,7,0.0,"frozenset({555, 1677})",1677,0.6363636363636364,True,2023-07,1,2293,1
WN,MDW,SLC,2023,7,1375,24,14,1.0,"frozenset({1891, 3660})",3660,0.5833333333333334,True,2023-07,1,2294,1
WN,MDW,SJC,2023,7,1230,23,16,0.0,"frozenset({2577, 1109, 894})",2577,0.6956521739130435,True,2023-07,1,2295,1
AA,BNA,MIA,2023,7,1107,27,15,0.0,frozenset({323}),323,0.5555555555555556,True,2023-07,2,1813,2
WN,SAT,DEN,2023,7,910,13,7,0.0,"frozenset({451, 484, 2581, 2734})",2581,0.5384615384615384,True,2023-07,1,2296,1
WN,SAT,DEN,2023,7,1195,21,11,3.0,"frozenset({884, 2868})",884,0.5238095238095238,True,2023-07,1,2297,1
AA,BHM,CLT,2023,7,1020,22,13,0.0,"frozenset({816, 1421})",816,0.5909090909090909,True,2023-07,1,2298,1
YX,EWR,MDT,2023,7,1279,31,19,12.0,frozenset({3438}),3438,0.6129032258064516,True,2023-07,1,2299,1
YX,EWR,IND,2023,7,1200,31,23,10.0,frozenset({3441}),3441,0.7419354838709677,True,2023-07,1,2300,1
YX,EWR,IND,2023,7,1120,31,16,10.0,frozenset({3519}),3519,0.5161290322580645,True,2023-07,1,2301,1
YX,EWR,ILM,2023,7,1277,31,18,12.0,frozenset({3559}),3559,0.5806451612903226,True,2023-07,1,2302,1
9E,CVG,LGA,2023,7,1099,24,14,6.0,frozenset({5223}),5223,0.5833333333333334,True,2023-07,1,2303,1
YX,EWR,GSP,2023,7,1205,31,22,10.0,frozenset({3502}),3502,0.7096774193548387,True,2023-07,1,2304,1
YX,EWR,GSO,2023,7,1306,17,11,5.0,frozenset({3584}),3584,0.6470588235294118,True,2023-07,1,2305,1
YX,EWR,GRR,2023,7,1230,26,17,9.0,frozenset({3476}),3476,0.6538461538461539,True,2023-07,1,2306,1
YX,EWR,DTW,2023,7,1319,23,13,7.0,"frozenset({3599, 3639})",3639,0.5652173913043478,True,2023-07,1,2307,1
YX,EWR,DTW,2023,7,1019,25,13,7.0,frozenset({3416}),3416,0.52,True,2023-07,1,2308,1
YX,EWR,CVG,2023,7,785,13,7,5.0,frozenset({3670}),3670,0.5384615384615384,True,2023-07,1,2309,1
YX,EWR,CMH,2023,7,1259,31,16,9.0,frozenset({3692}),3692,0.5161290322580645,True,2023-07,1,2310,1
YX,EWR,CMH,2023,7,1077,30,17,10.0,frozenset({3425}),3425,0.5666666666666667,True,2023-07,1,2311,1
YX,EWR,PHL,2023,7,1251,23,14,7.0,frozenset({3644}),3644,0.6086956521739131,True,2023-07,1,2312,1
YX,EWR,CMH,2023,7,929,30,16,7.0,frozenset({3427}),3427,0.5333333333333333,True,2023-07,1,2313,1
9E,DTW,JFK,2023,7,1198,26,15,7.0,frozenset({5044}),5044,0.5769230769230769,True,2023-07,1,2314,1
YX,EWR,BOS,2023,7,1199,25,13,8.0,"frozenset({5648, 5770})",5770,0.52,True,2023-07,1,2315,1
YX,EWR,BGR,2023,7,1319,31,17,14.0,frozenset({3403}),3403,0.5483870967741935,True,2023-07,1,2316,1
YX,EWR,AVL,2023,7,1170,31,22,10.0,frozenset({3560}),3560,0.7096774193548387,True,2023-07,1,2317,1
YX,DTW,EWR,2023,7,1203,21,11,4.0,frozenset({3568}),3568,0.5238095238095238,True,2023-07,1,2318,1
YX,DTW,EWR,2023,7,1005,31,17,10.0,frozenset({3567}),3567,0.5483870967741935,True,2023-07,1,2319,1
YX,DCA,JFK,2023,7,1020,31,17,8.0,frozenset({5741}),5741,0.5483870967741935,True,2023-07,1,2320,1
YX,CVG,JFK,2023,7,1035,29,17,5.0,frozenset({4279}),4279,0.5862068965517241,True,2023-07,1,2321,1
YX,CVG,EWR,2023,7,995,18,12,4.0,frozenset({3414}),3414,0.6666666666666666,True,2023-07,1,2322,1
YX,CVG,EWR,2023,7,959,13,7,6.0,frozenset({3414}),3414,0.5384615384615384,True,2023-07,1,2323,1
YX,CMH,JFK,2023,7,1075,31,16,10.0,"frozenset({5843, 5815})",5815,0.5161290322580645,True,2023-07,1,2324,1
YX,CMH,EWR,2023,7,1117,31,21,12.0,frozenset({3587}),3587,0.6774193548387096,True,2023-07,1,2325,1
YX,BUF,EWR,2023,7,1036,31,17,11.0,frozenset({3432}),3432,0.5483870967741935,True,2023-07,2,1193,2
YX,EWR,CLT,2023,7,1290,28,18,12.0,frozenset({3575}),3575,0.6428571428571429,True,2023-07,1,2326,1
YX,EWR,PIT,2023,7,1077,31,16,12.0,frozenset({3459}),3459,0.5161290322580645,True,2023-07,1,2327,1
YX,EWR,PIT,2023,7,1140,31,23,9.0,frozenset({3469}),3469,0.7419354838709677,True,2023-07,1,2328,1
YX,EWR,PIT,2023,7,1251,31,18,11.0,frozenset({3450}),3450,0.5806451612903226,True,2023-07,1,2329,1
YX,RIC,EWR,2023,7,1088,30,19,10.0,frozenset({3406}),3406,0.6333333333333333,True,2023-07,1,2330,1
YX,PWM,EWR,2023,7,1101,21,13,7.0,frozenset({3616}),3616,0.6190476190476191,True,2023-07,1,2331,1
YX,PIT,EWR,2023,7,1127,30,17,10.0,frozenset({3609}),3609,0.5666666666666667,True,2023-07,1,2332,1
YX,PHL,CMH,2023,7,1160,31,20,1.0,frozenset({4482}),4482,0.6451612903225806,True,2023-07,1,2333,1
YX,ORF,JFK,2023,7,1164,30,17,9.0,frozenset({4336}),4336,0.5666666666666667,True,2023-07,1,2334,1
YX,ORD,BUF,2023,7,1230,13,11,3.0,"frozenset({4429, 4430})",4430,0.8461538461538461,True,2023-07,1,2335,1
YX,ORD,AVL,2023,7,923,23,13,1.0,frozenset({4352}),4352,0.5652173913043478,True,2023-07,1,2336,1
YX,MKE,EWR,2023,7,1000,26,15,9.0,frozenset({3643}),3643,0.5769230769230769,True,2023-07,1,2337,1
YX,LGA,ORF,2023,7,1285,26,14,7.0,frozenset({4746}),4746,0.5384615384615384,True,2023-07,1,2338,1
YX,LGA,LIT,2023,7,1095,26,15,4.0,frozenset({4316}),4316,0.5769230769230769,True,2023-07,1,2339,1
YX,LGA,CVG,2023,7,1169,26,14,7.0,frozenset({4618}),4618,0.5384615384615384,True,2023-07,1,2340,1
YX,LGA,CMH,2023,7,1179,48,26,10.0,"frozenset({5808, 4690})",4690,0.5416666666666666,True,2023-07,1,2341,1
YX,LGA,CLE,2023,7,1200,22,12,3.0,frozenset({4722}),4722,0.5454545454545454,True,2023-07,1,2342,1
YX,LGA,BNA,2023,7,1200,24,14,7.0,frozenset({5641}),5641,0.5833333333333334,True,2023-07,1,2343,1
YX,JFK,PIT,2023,7,1255,12,9,5.0,frozenset({5746}),5746,0.75,True,2023-07,1,2344,1
YX,JFK,IND,2023,7,1211,31,19,8.0,frozenset({4586}),4586,0.6129032258064516,True,2023-07,1,2345,1
YX,JFK,BOS,2023,7,1319,31,17,7.0,frozenset({4659}),4659,0.5483870967741935,True,2023-07,1,2346,1
YX,JFK,BOS,2023,7,1230,31,16,8.0,frozenset({4743}),4743,0.5161290322580645,True,2023-07,1,2347,1
9E,CAE,LGA,2023,7,1020,19,10,4.0,frozenset({5355}),5355,0.5263157894736842,True,2023-07,1,2348,1
YX,IAD,EWR,2023,7,1027,31,21,10.0,frozenset({3623}),3623,0.6774193548387096,True,2023-07,1,2349,1
9E,CLE,LGA,2023,7,1060,24,13,6.0,frozenset({5459}),5459,0.5416666666666666,True,2023-07,1,2350,1
9E,CLT,JFK,2023,7,1195,26,15,8.0,frozenset({4901}),4901,0.5769230769230769,True,2023-07,1,2351,1
YX,GRR,EWR,2023,7,1011,29,20,11.0,frozenset({3495}),3495,0.6896551724137931,True,2023-07,2,1190,2
9E,CVG,JFK,2023,7,1059,31,18,8.0,frozenset({4937}),4937,0.5806451612903226,True,2023-07,1,2352,1
YX,EYW,EWR,2023,7,889,31,19,10.0,frozenset({3493}),3493,0.6129032258064516,True,2023-07,1,2353,1
YX,EWR,SDF,2023,7,1229,31,22,8.0,frozenset({3573}),3573,0.7096774193548387,True,2023-07,1,2354,1
YX,EWR,SAV,2023,7,1140,25,14,7.0,frozenset({3638}),3638,0.56,True,2023-07,1,2355,1
YX,EWR,PWM,2023,7,1145,31,17,10.0,frozenset({3470}),3470,0.5483870967741935,True,2023-07,1,2356,1
YX,EWR,PVD,2023,7,1175,31,17,12.0,frozenset({3556}),3556,0.5483870967741935,True,2023-07,1,2357,1
9E,EWR,CVG,2023,7,1230,23,12,8.0,frozenset({5381}),5381,0.5217391304347826,True,2023-07,1,2358,1
WN,MDW,DEN,2023,7,1155,19,13,1.0,"frozenset({1264, 4002, 446, 1480})",446,0.6842105263157895,True,2023-07,1,2359,1
YX,BTV,EWR,2023,7,933,31,16,11.0,frozenset({3620}),3620,0.5161290322580645,True,2023-07,1,2360,1
YX,BOS,JFK,2023,7,1054,31,19,3.0,frozenset({4296}),4296,0.6129032258064516,True,2023-07,2,1194,2
WN,STL,DAL,2023,7,1275,13,10,0.0,"frozenset({667, 1956, 470})",1956,0.7692307692307693,True,2023-07,1,2361,1
9E,LGA,DAY,2023,7,1200,24,13,4.0,frozenset({4905}),4905,0.5416666666666666,True,2023-07,1,2362,1
WN,SNA,PHX,2023,7,1230,14,10,1.0,"frozenset({3768, 3455, 2175})",3455,0.7142857142857143,True,2023-07,1,2363,1
9E,LGA,DSM,2023,7,1060,21,12,6.0,frozenset({5435}),5435,0.5714285714285714,True,2023-07,1,2364,1
9E,LGA,GSP,2023,7,1139,21,12,6.0,frozenset({5436}),5436,0.5714285714285714,True,2023-07,1,2365,1
9E,LGA,IND,2023,7,1190,24,14,6.0,frozenset({4998}),4998,0.5833333333333334,True,2023-07,1,2366,1
WN,SMF,PHX,2023,7,1195,23,15,0.0,"frozenset({1417, 678, 3271})",1417,0.6521739130434783,True,2023-07,1,2367,1
WN,SMF,DEN,2023,7,1115,13,7,1.0,"frozenset({2321, 2059, 1723, 2318})",2318,0.5384615384615384,True,2023-07,1,2368,1
WN,SMF,DEN,2023,7,830,17,11,0.0,"frozenset({3864, 2013})",2013,0.6470588235294118,True,2023-07,1,2369,1
WN,SLC,PHX,2023,7,1345,18,10,0.0,"frozenset({3692, 2389})",2389,0.5555555555555556,True,2023-07,1,2370,1
9E,LGA,MEM,2023,7,1135,19,11,2.0,frozenset({5105}),5105,0.5789473684210527,True,2023-07,1,2371,1
9E,LGA,MYR,2023,7,1210,24,14,5.0,frozenset({5482}),5482,0.5833333333333334,True,2023-07,1,2372,1
WN,SLC,DEN,2023,7,1130,26,15,4.0,"frozenset({2631, 1968, 3121, 2162, 4887})",3121,0.5769230769230769,True,2023-07,1,2373,1
9E,LGA,CLE,2023,7,1160,24,13,7.0,frozenset({5027}),5027,0.5416666666666666,True,2023-07,1,2374,1
WN,SLC,DEN,2023,7,1060,17,13,0.0,"frozenset({574, 598})",574,0.7647058823529411,True,2023-07,1,2375,1
WN,SLC,DEN,2023,7,875,18,13,1.0,frozenset({873}),873,0.7222222222222222,True,2023-07,1,2376,1
9E,LGA,PVD,2023,7,1318,24,13,7.0,frozenset({5322}),5322,0.5416666666666666,True,2023-07,1,2377,1
9E,LGA,RDU,2023,7,1260,24,13,7.0,frozenset({5113}),5113,0.5416666666666666,True,2023-07,1,2378,1
WN,SFO,SAN,2023,7,1255,17,12,0.0,"frozenset({2129, 1564})",2129,0.7058823529411765,True,2023-07,1,2379,1
9E,PWM,JFK,2023,7,1160,31,16,11.0,"frozenset({5497, 5500})",5500,0.5161290322580645,True,2023-07,1,2380,1
9E,RDU,JFK,2023,7,1002,31,17,9.0,"frozenset({4968, 5235, 5109})",4968,0.5483870967741935,True,2023-07,1,2381,1
9E,RDU,JFK,2023,7,1199,31,17,6.0,frozenset({4967}),4967,0.5483870967741935,True,2023-07,1,2382,1
9E,ROC,JFK,2023,7,1129,28,15,10.0,frozenset({5177}),5177,0.5357142857142857,True,2023-07,1,2383,1
9E,SYR,JFK,2023,7,1130,31,17,8.0,frozenset({5107}),5107,0.5483870967741935,True,2023-07,1,2384,1
AA,ALB,CLT,2023,7,1031,31,16,1.0,frozenset({1857}),1857,0.5161290322580645,True,2023-07,1,2385,1
AA,ATL,MIA,2023,7,1079,31,21,1.0,frozenset({1368}),1368,0.6774193548387096,True,2023-07,1,2386,1
AA,AUS,JFK,2023,7,848,31,16,5.0,frozenset({1092}),1092,0.5161290322580645,True,2023-07,1,2387,1
WN,SEA,DEN,2023,7,945,15,9,0.0,frozenset({1096}),1096,0.6,True,2023-07,1,2388,2
WN,SLC,DEN,2023,7,985,24,13,1.0,"frozenset({123, 4332, 2493})",4332,0.5416666666666666,True,2023-07,1,2389,1
WN,STL,DEN,2023,7,1010,17,10,0.0,"frozenset({2949, 2455})",2949,0.5882352941176471,True,2023-07,1,2390,1
WN,STL,DEN,2023,7,1090,10,6,1.0,"frozenset({1530, 2763, 187})",1530,0.6,True,2023-07,1,2391,1
WN,STL,DEN,2023,7,1165,23,17,1.0,"frozenset({3292, 2991})",2991,0.7391304347826086,True,2023-07,1,2392,1
9E,EWR,RDU,2023,7,1180,23,13,6.0,frozenset({5126}),5126,0.5652173913043478,True,2023-07,1,2393,1
YX,BNA,LGA,2023,7,1000,24,13,5.0,frozenset({5657}),5657,0.5416666666666666,True,2023-07,1,2394,1
YX,BGR,EWR,2023,7,1145,25,15,8.0,frozenset({3417}),3417,0.6,True,2023-07,1,2395,1
YX,BGR,EWR,2023,7,760,31,18,7.0,frozenset({3471}),3471,0.5806451612903226,True,2023-07,1,2396,1
YX,BDL,ORD,2023,7,1086,16,10,0.0,frozenset({4353}),4353,0.625,True,2023-07,1,2397,1
YX,AVL,ORD,2023,7,1123,23,16,2.0,frozenset({4352}),4352,0.6956521739130435,True,2023-07,1,2398,1
YX,ALB,EWR,2023,7,1028,31,20,12.0,frozenset({3501}),3501,0.6451612903225806,True,2023-07,1,2399,1
WN,TUS,DEN,2023,7,1115,15,9,0.0,frozenset({2982}),2982,0.6,True,2023-07,1,2400,1
9E,ILM,LGA,2023,7,1162,24,14,9.0,frozenset({5046}),5046,0.5833333333333334,True,2023-07,1,2401,1
9E,JAX,LGA,2023,7,1144,24,15,5.0,frozenset({4922}),4922,0.625,True,2023-07,1,2402,1
9E,JFK,BWI,2023,7,1270,29,18,9.0,frozenset({5306}),5306,0.6206896551724138,True,2023-07,1,2403,1
WN,TPA,MCI,2023,7,1145,21,11,0.0,"frozenset({716, 3517})",3517,0.5238095238095238,True,2023-07,1,2404,1
WN,TPA,IND,2023,7,1010,17,9,0.0,"frozenset({1158, 2575})",1158,0.5294117647058824,True,2023-07,1,2405,1
WN,TPA,HOU,2023,7,1365,14,10,0.0,"frozenset({2641, 3329, 4422, 3223})",2641,0.7142857142857143,True,2023-07,1,2406,1
WN,TPA,DEN,2023,7,1315,15,10,1.0,"frozenset({1841, 1874, 212, 1871})",1874,0.6666666666666666,True,2023-07,1,2407,1
WN,TPA,DEN,2023,7,1195,15,9,1.0,frozenset({1874}),1874,0.6,True,2023-07,1,2408,1
WN,TPA,DAL,2023,7,1270,14,9,0.0,"frozenset({2595, 677, 1119})",1119,0.6428571428571429,True,2023-07,2,1200,2
9E,JFK,CVG,2023,7,1125,31,16,8.0,frozenset({5272}),5272,0.5161290322580645,True,2023-07,1,2409,1
9E,JFK,IND,2023,7,1100,23,14,7.0,frozenset({4918}),4918,0.6086956521739131,True,2023-07,1,2410,1
WN,STL,PHX,2023,7,1310,10,6,0.0,"frozenset({682, 2364, 1333, 421})",682,0.6,True,2023-07,1,2411,1
9E,JFK,ITH,2023,7,1325,31,17,8.0,frozenset({5228}),5228,0.5483870967741935,True,2023-07,1,2412,1
9E,JFK,MSP,2023,7,1169,31,16,2.0,frozenset({5233}),5233,0.5161290322580645,True,2023-07,1,2413,1
9E,JFK,RDU,2023,7,1169,28,15,9.0,frozenset({5251}),5251,0.5357142857142857,True,2023-07,1,2414,1
WN,STL,MCI,2023,7,1320,18,11,0.0,"frozenset({2563, 1660})",2563,0.6111111111111112,True,2023-07,1,2415,1
WN,STL,LIT,2023,7,1320,26,14,1.0,"frozenset({3745, 2947, 2076})",3745,0.5384615384615384,True,2023-07,1,2416,1
9E,JFK,ROC,2023,7,1370,31,17,10.0,frozenset({5311}),5311,0.5483870967741935,True,2023-07,1,2417,1
9E,LGA,ALB,2023,7,1270,24,13,6.0,frozenset({5475}),5475,0.5416666666666666,True,2023-07,1,2418,1
9E,LGA,BHM,2023,7,1130,24,13,7.0,frozenset({5068}),5068,0.5416666666666666,True,2023-07,1,2419,1
WN,STL,DEN,2023,7,1325,19,13,1.0,"frozenset({5801, 2429, 526, 3087})",3087,0.6842105263157895,True,2023-07,1,2420,1
YX,BOS,JFK,2023,7,1116,31,17,10.0,frozenset({4294}),4294,0.5483870967741935,True,2023-07,1,2421,1
WN,MDW,DEN,2023,7,1105,26,18,4.0,"frozenset({2911, 2679})",2679,0.6923076923076923,True,2023-07,1,2422,1
WN,MDW,DEN,2023,7,960,21,14,1.0,"frozenset({1312, 1507})",1507,0.6666666666666666,True,2023-07,1,2423,2
WN,MDW,DEN,2023,7,910,26,18,0.0,"frozenset({1935, 953, 1507, 1191})",1935,0.6923076923076923,True,2023-07,1,2424,1
WN,DEN,PSP,2023,7,930,15,9,0.0,frozenset({1971}),1971,0.6,True,2023-07,1,2425,1
WN,DEN,PIT,2023,7,1255,21,11,3.0,"frozenset({137, 133})",137,0.5238095238095238,True,2023-07,1,2426,1
WN,DEN,PHX,2023,7,1375,19,10,1.0,"frozenset({2746, 1850, 335})",335,0.5263157894736842,True,2023-07,1,2427,1
WN,DEN,PHX,2023,7,1225,31,18,3.0,"frozenset({419, 2303, 2342, 1736, 1161, 1183})",1161,0.5806451612903226,True,2023-07,1,2428,1
WN,DEN,PHX,2023,7,1135,31,21,3.0,"frozenset({355, 2473, 1386, 977, 2452})",355,0.6774193548387096,True,2023-07,1,2429,1
WN,DEN,PHL,2023,7,1000,15,9,1.0,frozenset({2570}),2570,0.6,True,2023-07,1,2430,1
WN,DEN,PDX,2023,7,1225,21,12,0.0,"frozenset({1962, 2286})",1962,0.5714285714285714,True,2023-07,1,2431,1
WN,DEN,PDX,2023,7,950,21,11,1.0,"frozenset({954, 826})",826,0.5238095238095238,True,2023-07,1,2432,1
WN,DEN,PDX,2023,7,850,15,9,1.0,frozenset({986}),986,0.6,True,2023-07,1,2433,1
WN,DEN,ONT,2023,7,1360,30,19,2.0,"frozenset({2885, 2508, 814, 3509, 437})",437,0.6333333333333333,True,2023-07,1,2434,2
WN,DEN,ONT,2023,7,1155,24,14,3.0,"frozenset({3410, 3331, 2300})",2300,0.5833333333333334,True,2023-07,1,2435,1
WN,DEN,OMA,2023,7,1345,26,14,4.0,"frozenset({1496, 2363, 2547, 3080})",3080,0.5384615384615384,True,2023-07,1,2436,1
WN,DEN,OKC,2023,7,1350,21,12,1.0,"frozenset({2644, 373})",373,0.5714285714285714,True,2023-07,1,2437,1
WN,DEN,RDU,2023,7,1145,15,10,1.0,frozenset({1552}),1552,0.6666666666666666,True,2023-07,1,2438,1
WN,DEN,OKC,2023,7,1080,17,10,0.0,"frozenset({2402, 445})",445,0.5882352941176471,True,2023-07,1,2439,2
WN,DEN,OAK,2023,7,1255,26,16,1.0,"frozenset({735, 3307, 1767})",3307,0.6153846153846154,True,2023-07,1,2440,2
WN,DEN,MSY,2023,7,1250,25,15,0.0,"frozenset({1667, 2078, 663})",1667,0.6,True,2023-07,1,2441,1
AA,EWR,CLT,2023,7,1190,26,14,3.0,frozenset({869}),869,0.5384615384615384,True,2023-07,2,1653,2
WN,DEN,MSP,2023,7,1345,18,15,0.0,frozenset({2733}),2733,0.8333333333333334,True,2023-07,1,2442,2
WN,DEN,MSP,2023,7,1225,21,15,2.0,"frozenset({324, 117})",117,0.7142857142857143,True,2023-07,1,2443,1
WN,DEN,MSP,2023,7,1020,16,9,0.0,"frozenset({367, 2143})",367,0.5625,True,2023-07,1,2444,1
WN,DEN,MKE,2023,7,1315,23,15,1.0,"frozenset({1465, 2186, 3267})",3267,0.6521739130434783,True,2023-07,1,2445,1
AA,EWR,MIA,2023,7,1116,31,18,4.0,frozenset({1708}),1708,0.5806451612903226,True,2023-07,2,1651,2
WN,DEN,MDW,2023,7,1320,18,11,3.0,frozenset({425}),425,0.6111111111111112,True,2023-07,1,2446,1
WN,DEN,MDW,2023,7,1270,30,19,4.0,"frozenset({360, 726, 3231})",3231,0.6333333333333333,True,2023-07,1,2447,1
WN,DEN,MDW,2023,7,1130,21,14,1.0,"frozenset({3177, 223})",223,0.6666666666666666,True,2023-07,1,2448,1
WN,DEN,MDW,2023,7,1075,26,16,3.0,"frozenset({1643, 2779, 2910})",2910,0.6153846153846154,True,2023-07,1,2449,1
AA,EWR,ORD,2023,7,1065,31,21,9.0,frozenset({1688}),1688,0.6774193548387096,True,2023-07,2,1642,2
WN,DEN,OAK,2023,7,1375,26,15,0.0,"frozenset({2220, 2750, 2319})",2220,0.5769230769230769,True,2023-07,1,2450,1
WN,DEN,RNO,2023,7,1010,17,11,1.0,"frozenset({175, 3183})",175,0.6470588235294118,True,2023-07,1,2451,1
WN,DEN,SAN,2023,7,1025,29,16,1.0,"frozenset({1640, 867, 212, 2071})",212,0.5517241379310345,True,2023-07,1,2452,1
WN,DEN,SAN,2023,7,1125,15,8,0.0,"frozenset({1714, 4714})",1714,0.5333333333333333,True,2023-07,1,2453,1
WN,FLL,DEN,2023,7,820,15,8,0.0,frozenset({3131}),3131,0.5333333333333333,True,2023-07,1,2454,1
WN,FLL,DCA,2023,7,1125,31,18,0.0,"frozenset({2917, 3687, 2475, 5778, 2841})",2841,0.5806451612903226,True,2023-07,1,2455,1
WN,FLL,BWI,2023,7,1005,13,7,0.0,"frozenset({384, 3244, 1981, 2039})",2039,0.5384615384615384,True,2023-07,1,2456,1
AA,DFW,SAN,2023,7,1345,30,16,0.0,frozenset({2568}),2568,0.5333333333333333,True,2023-07,1,2457,1
WN,FLL,BNA,2023,7,1170,21,11,0.0,"frozenset({2357, 278})",2357,0.5238095238095238,True,2023-07,1,2458,1
WN,FLL,ATL,2023,7,1135,10,7,1.0,"frozenset({2456, 1281, 498, 1364})",1281,0.7,True,2023-07,1,2459,1
WN,FAT,DEN,2023,7,975,21,11,0.0,"frozenset({2341, 3054})",3054,0.5238095238095238,True,2023-07,1,2460,1
WN,DSM,DEN,2023,7,1255,21,13,1.0,"frozenset({3441, 2036})",3441,0.6190476190476191,True,2023-07,1,2461,1
WN,DEN,TUL,2023,7,1240,17,11,1.0,"frozenset({3172, 1966})",3172,0.6470588235294118,True,2023-07,1,2462,1
WN,DEN,STL,2023,7,1325,23,12,1.0,"frozenset({3483, 300, 2654, 3335})",3335,0.5217391304347826,True,2023-07,1,2463,1
WN,DEN,STL,2023,7,1215,20,16,0.0,"frozenset({2762, 3510})",3510,0.8,True,2023-07,1,2464,1
WN,DEN,SNA,2023,7,1120,20,14,0.0,"frozenset({2074, 2206, 3063})",2206,0.7,True,2023-07,1,2465,2
WN,DEN,SMF,2023,7,1360,23,12,1.0,"frozenset({2068, 399})",2068,0.5217391304347826,True,2023-07,1,2466,1
WN,DEN,SMF,2023,7,1250,23,14,3.0,"frozenset({3075, 150, 2911})",150,0.6086956521739131,True,2023-07,1,2467,1
WN,DEN,SMF,2023,7,1065,21,15,1.0,"frozenset({1416, 2879})",1416,0.7142857142857143,True,2023-07,1,2468,1
WN,DEN,SLC,2023,7,1290,23,13,1.0,"frozenset({554, 1813, 1049, 3229, 446})",446,0.5652173913043478,True,2023-07,1,2469,1
WN,DEN,SLC,2023,7,1215,17,10,1.0,"frozenset({2802, 2389})",2389,0.5882352941176471,True,2023-07,1,2470,1
WN,DEN,SLC,2023,7,1000,24,13,2.0,"frozenset({840, 3131, 2972})",3131,0.5416666666666666,True,2023-07,1,2471,2
AA,DFW,SMF,2023,7,1079,30,16,1.0,frozenset({1252}),1252,0.5333333333333333,True,2023-07,1,2472,1
AA,DFW,SMF,2023,7,1248,27,14,0.0,frozenset({1647}),1647,0.5185185185185185,True,2023-07,1,2473,1
WN,DEN,SJC,2023,7,1120,20,15,0.0,"frozenset({3232, 2345, 2277})",3232,0.75,True,2023-07,1,2474,1
WN,DEN,SFO,2023,7,1135,17,13,0.0,"frozenset({2129, 2455})",2129,0.7647058823529411,True,2023-07,1,2475,2
WN,DEN,SEA,2023,7,1350,26,14,1.0,"frozenset({2152, 2801, 2553})",2152,0.5384615384615384,True,2023-07,1,2476,1
WN,DEN,SEA,2023,7,1125,21,12,0.0,"frozenset({988, 1990, 2092})",2092,0.5714285714285714,True,2023-07,1,2477,1
WN,DEN,SEA,2023,7,795,15,9,0.0,frozenset({2625}),2625,0.6,True,2023-07,1,2478,1
AA,DFW,TPA,2023,7,915,30,17,0.0,frozenset({2484}),2484,0.5666666666666667,True,2023-07,1,2479,1
AA,DFW,TPA,2023,7,1235,27,19,1.0,frozenset({1295}),1295,0.7037037037037037,True,2023-07,2,1736,3
WN,DEN,SDF,2023,7,1215,15,9,1.0,frozenset({375}),375,0.6,True,2023-07,1,2480,1
WN,DEN,SAT,2023,7,1275,23,18,1.0,"frozenset({371, 410, 1939})",371,0.782608695652174,True,2023-07,1,2481,1
AA,EWR,ORD,2023,7,1190,18,11,3.0,frozenset({2632}),2632,0.6111111111111112,True,2023-07,1,2482,1
WN,FLL,DEN,2023,7,1050,16,14,0.0,"frozenset({2241, 2977, 1190, 3307, 3131})",3307,0.875,True,2023-07,1,2483,1
AA,FLL,CLT,2023,7,1183,26,14,1.0,"frozenset({1752, 2539, 1759})",1752,0.5384615384615384,True,2023-07,1,2484,1
WN,DEN,MCI,2023,7,1030,17,9,0.0,"frozenset({1316, 3213})",3213,0.5294117647058824,True,2023-07,1,2485,1
WN,DEN,BZN,2023,7,1300,29,20,0.0,"frozenset({1200, 2971, 2974})",1200,0.6896551724137931,True,2023-07,1,2486,1
AA,LGA,CLT,2023,7,1040,31,21,3.0,frozenset({2068}),2068,0.6774193548387096,True,2023-07,1,2487,1
WN,DEN,BWI,2023,7,1130,21,14,2.0,"frozenset({611, 4123, 6871})",611,0.6666666666666666,True,2023-07,1,2488,1
WN,DEN,BWI,2023,7,1010,16,10,0.0,"frozenset({792, 322})",792,0.625,True,2023-07,1,2489,1
AA,LGA,MIA,2023,7,989,31,16,1.0,frozenset({1356}),1356,0.5161290322580645,True,2023-07,1,2490,1
AA,LGA,ORD,2023,7,1120,26,17,3.0,frozenset({2566}),2566,0.6538461538461539,True,2023-07,1,2491,1
WN,DEN,BUF,2023,7,1105,15,9,0.0,frozenset({3515}),3515,0.6,True,2023-07,1,2492,1
WN,DEN,BNA,2023,7,1335,24,14,1.0,"frozenset({389, 1982})",389,0.5833333333333334,True,2023-07,1,2493,1
WN,DEN,BNA,2023,7,1230,17,13,1.0,"frozenset({3090, 702})",702,0.7647058823529411,True,2023-07,1,2494,1
AA,MCO,AUS,2023,7,1124,27,14,1.0,frozenset({1781}),1781,0.5185185185185185,True,2023-07,1,2495,1
WN,DEN,AUS,2023,7,1270,10,6,0.0,"frozenset({329, 1319})",1319,0.6,True,2023-07,1,2496,1
WN,DEN,AUS,2023,7,1190,15,11,2.0,frozenset({574}),574,0.7333333333333333,True,2023-07,1,2497,1
WN,DEN,ATL,2023,7,1260,26,20,1.0,"frozenset({3121, 2242, 2455})",3121,0.7692307692307693,True,2023-07,1,2498,1
WN,DEN,CMH,2023,7,1220,31,19,1.0,"frozenset({3555, 2964, 2804, 1311})",3555,0.6129032258064516,True,2023-07,1,2499,1
WN,DEN,ATL,2023,7,1080,15,8,1.0,frozenset({2176}),2176,0.5333333333333333,True,2023-07,1,2500,1
WN,DEN,ALB,2023,7,1085,15,9,0.0,frozenset({3396}),3396,0.6,True,2023-07,1,2501,2
WN,DCA,MSY,2023,7,1105,17,9,0.0,"frozenset({2429, 157})",2429,0.5294117647058824,True,2023-07,1,2502,1
AA,MCO,CLT,2023,7,1035,31,20,0.0,frozenset({2277}),2277,0.6451612903225806,True,2023-07,1,2503,1
WN,DCA,HOU,2023,7,1165,26,14,1.0,"frozenset({64, 2263, 2847})",2263,0.5384615384615384,True,2023-07,1,2504,1
WN,DCA,BNA,2023,7,1170,31,16,0.0,"frozenset({1475, 3720, 2038, 2362, 927})",3720,0.5161290322580645,True,2023-07,1,2505,1
WN,DAL,STL,2023,7,1355,26,15,0.0,"frozenset({1057, 3004, 2875, 1876})",2875,0.5769230769230769,True,2023-07,1,2506,1
AA,MCO,CLT,2023,7,1121,26,18,0.0,frozenset({1782}),1782,0.6923076923076923,True,2023-07,1,2507,1
WN,DAL,PHX,2023,7,1290,10,6,0.0,"frozenset({595, 1444, 719})",595,0.6,True,2023-07,2,1033,2
AA,MCO,DCA,2023,7,946,31,19,2.0,frozenset({2509}),2509,0.6129032258064516,True,2023-07,1,2508,1
WN,DAL,OAK,2023,7,1315,17,10,0.0,"frozenset({755, 2743})",755,0.5882352941176471,True,2023-07,1,2509,1
AA,MCO,DFW,2023,7,1057,31,22,0.0,frozenset({1324}),1324,0.7096774193548387,True,2023-07,1,2510,1
WN,DAL,MSY,2023,7,1345,13,8,0.0,"frozenset({233, 330, 1891, 775})",775,0.6153846153846154,True,2023-07,2,1036,2
AA,MCO,DFW,2023,7,1170,30,18,0.0,"frozenset({2076, 1269})",2076,0.6,True,2023-07,1,2511,1
AA,MCO,CLT,2023,7,937,31,17,1.0,frozenset({2117}),2117,0.5483870967741935,True,2023-07,1,2512,1
AA,LAX,JFK,2023,7,743,31,17,0.0,frozenset({274}),274,0.5483870967741935,True,2023-07,1,2513,1
WN,DEN,COS,2023,7,1370,26,16,1.0,"frozenset({2427, 52, 373})",2427,0.6153846153846154,True,2023-07,1,2514,1
AA,LAS,PHL,2023,7,713,31,19,1.0,frozenset({2482}),2482,0.6129032258064516,True,2023-07,1,2515,1
WN,DEN,MAF,2023,7,920,11,6,1.0,"frozenset({480, 921, 2883})",921,0.5454545454545454,True,2023-07,2,1076,2
AA,IND,CLT,2023,7,951,31,16,0.0,"frozenset({1821, 2215})",1821,0.5161290322580645,True,2023-07,1,2516,1
WN,DEN,LGA,2023,7,810,21,14,3.0,"frozenset({786, 3371})",3371,0.6666666666666666,True,2023-07,1,2517,1
AA,IND,DFW,2023,7,861,27,14,0.0,frozenset({2456}),2456,0.5185185185185185,True,2023-07,1,2518,1
WN,DEN,LAX,2023,7,1370,29,20,0.0,"frozenset({753, 3370, 1747, 4468})",1747,0.6896551724137931,True,2023-07,1,2519,2
WN,DEN,LAX,2023,7,1170,21,15,1.0,"frozenset({2787, 3247})",2787,0.7142857142857143,True,2023-07,1,2520,1
WN,DEN,LAS,2023,7,1290,31,18,1.0,"frozenset({360, 2985, 1004, 5007, 2206})",360,0.5806451612903226,True,2023-07,1,2521,1
WN,DEN,LAS,2023,7,1175,20,12,1.0,"frozenset({5977, 1753, 2333, 2966})",2966,0.6,True,2023-07,1,2522,1
WN,DEN,LAS,2023,7,950,22,14,3.0,"frozenset({5970, 676, 1006})",676,0.6363636363636364,True,2023-07,1,2523,1
AA,IND,ORD,2023,7,1180,17,10,0.0,frozenset({2608}),2608,0.5882352941176471,True,2023-07,1,2524,1
WN,DEN,IND,2023,7,1280,15,12,1.0,frozenset({697}),697,0.8,True,2023-07,1,2525,2
WN,DEN,IND,2023,7,1205,10,7,0.0,"frozenset({818, 1371, 884})",884,0.7,True,2023-07,1,2526,1
AA,JAX,MIA,2023,7,1156,26,15,0.0,"frozenset({211, 836})",211,0.5769230769230769,True,2023-07,1,2527,1
WN,DEN,ICT,2023,7,1350,24,15,1.0,"frozenset({946, 2631})",946,0.625,True,2023-07,1,2528,1
WN,DEN,HOU,2023,7,1285,24,16,4.0,"frozenset({3315, 3159})",3315,0.6666666666666666,True,2023-07,1,2529,1
WN,DEN,HOU,2023,7,1220,26,14,0.0,"frozenset({752, 418, 1181})",418,0.5384615384615384,True,2023-07,1,2530,1
WN,DEN,HOU,2023,7,1130,24,14,1.0,"frozenset({3056, 3809, 418, 285})",285,0.5833333333333334,True,2023-07,1,2531,1
AA,JFK,MIA,2023,7,929,31,17,3.0,frozenset({320}),320,0.5483870967741935,True,2023-07,1,2532,1
WN,DEN,GEG,2023,7,1355,26,17,0.0,"frozenset({2113, 1228, 710})",2113,0.6538461538461539,True,2023-07,1,2533,1
WN,DEN,GEG,2023,7,945,20,12,1.0,"frozenset({792, 1946, 944})",944,0.6,True,2023-07,1,2534,1
WN,DEN,ELP,2023,7,1325,24,14,0.0,"frozenset({138, 940})",138,0.5833333333333334,True,2023-07,1,2535,1
WN,DEN,DSM,2023,7,1205,24,13,1.0,"frozenset({893, 2150, 3367})",893,0.5416666666666666,True,2023-07,1,2536,1
AA,JFK,MIA,2023,7,989,31,17,0.0,frozenset({2622}),2622,0.5483870967741935,True,2023-07,1,2537,1
WN,DEN,DAL,2023,7,1235,26,17,1.0,"frozenset({244, 3191})",244,0.6538461538461539,True,2023-07,1,2538,1
WN,DEN,DAL,2023,7,1185,20,12,2.0,"frozenset({2840, 244, 2798})",2840,0.6,True,2023-07,1,2539,1
WN,DEN,DAL,2023,7,1135,37,21,3.0,"frozenset({2875, 3074, 979, 2872, 635})",2875,0.5675675675675675,True,2023-07,1,2540,1
WN,DEN,DAL,2023,7,1015,20,12,1.0,"frozenset({3722, 1637, 1094})",1094,0.6,True,2023-07,1,2541,1
AA,LAS,CLT,2023,7,847,26,16,1.0,frozenset({2470}),2470,0.6153846153846154,True,2023-07,1,2542,1
AA,LAS,DFW,2023,7,887,31,16,0.0,frozenset({777}),777,0.5161290322580645,True,2023-07,1,2543,1
WN,DEN,MCI,2023,7,1295,26,14,1.0,"frozenset({434, 102, 1660, 478})",434,0.5384615384615384,True,2023-07,1,2544,1
AA,MCO,MIA,2023,7,939,31,17,0.0,frozenset({2495}),2495,0.5483870967741935,True,2023-07,1,2545,1
WN,FLL,HOU,2023,7,1165,21,13,0.0,frozenset({1737}),1737,0.6190476190476191,True,2023-07,1,2546,1
AA,DFW,PHX,2023,7,1403,23,12,0.0,frozenset({1744}),1744,0.5217391304347826,True,2023-07,1,2547,1
AA,DCA,BNA,2023,7,1132,23,12,1.0,frozenset({2994}),2994,0.5217391304347826,True,2023-07,1,2548,1
AA,DCA,BOS,2023,7,1020,31,19,4.0,frozenset({2143}),2143,0.6129032258064516,True,2023-07,1,2549,1
WN,MCO,BWI,2023,7,1280,11,8,0.0,"frozenset({322, 2675, 991})",322,0.7272727272727273,True,2023-07,1,2550,1
WN,MCO,BWI,2023,7,1190,25,15,1.0,"frozenset({928, 2953, 282})",928,0.6,True,2023-07,1,2551,1
WN,MCO,BWI,2023,7,1135,31,18,1.0,"frozenset({262, 1037, 210, 3479, 1978})",1037,0.5806451612903226,True,2023-07,1,2552,1
WN,MCO,BWI,2023,7,1065,13,9,1.0,"frozenset({5152, 2152, 653, 3635, 1437})",3635,0.6923076923076923,True,2023-07,1,2553,1
WN,MCO,BNA,2023,7,1185,12,7,0.0,"frozenset({969, 3515, 2630, 1953})",3515,0.5833333333333334,True,2023-07,2,1263,2
WN,MCO,BNA,2023,7,1080,19,10,0.0,"frozenset({3552, 339, 2326})",3552,0.5263157894736842,True,2023-07,1,2554,1
WN,MCO,BNA,2023,7,1045,10,6,0.0,"frozenset({3233, 339, 2444})",339,0.6,True,2023-07,1,2555,1
WN,MCO,BHM,2023,7,1050,15,9,0.0,frozenset({1732}),1732,0.6,True,2023-07,1,2556,1
WN,MCO,ATL,2023,7,1370,11,8,0.0,"frozenset({3737, 2946, 1547})",2946,0.7272727272727273,True,2023-07,1,2557,1
WN,MCO,ATL,2023,7,1115,31,23,0.0,"frozenset({3266, 3816, 682, 1163, 590, 2200})",590,0.7419354838709677,True,2023-07,1,2558,1
WN,MCI,OAK,2023,7,1335,21,11,0.0,"frozenset({2058, 2126})",2058,0.5238095238095238,True,2023-07,1,2559,1
AA,CVG,MIA,2023,7,1135,31,16,0.0,frozenset({2607}),2607,0.5161290322580645,True,2023-07,2,1616,2
AA,DCA,LGA,2023,7,1080,26,17,4.0,frozenset({1504}),1504,0.6538461538461539,True,2023-07,2,1561,2
WN,MCI,DEN,2023,7,1185,27,18,2.0,"frozenset({2303, 2923, 2964, 1223})",1223,0.6666666666666666,True,2023-07,1,2560,1
WN,MCI,DEN,2023,7,1035,17,13,0.0,"frozenset({2452, 2206})",2206,0.7647058823529411,True,2023-07,1,2561,1
AA,DCA,MCO,2023,7,1025,31,17,3.0,frozenset({2116}),2116,0.5483870967741935,True,2023-07,1,2562,1
WN,MAF,DEN,2023,7,1035,15,8,0.0,frozenset({3383}),3383,0.5333333333333333,True,2023-07,1,2563,1
AA,DCA,MIA,2023,7,1040,26,14,1.0,frozenset({575}),575,0.5384615384615384,True,2023-07,1,2564,1
WN,LGB,DEN,2023,7,985,21,11,1.0,"frozenset({133, 3478})",3478,0.5238095238095238,True,2023-07,1,2565,1
WN,LGA,TPA,2023,7,1105,24,13,2.0,"frozenset({3736, 3885})",3885,0.5416666666666666,True,2023-07,1,2566,1
WN,LGA,STL,2023,7,1105,31,20,9.0,"frozenset({2744, 281, 724})",2744,0.6451612903225806,True,2023-07,1,2567,1
AA,DCA,TPA,2023,7,1182,31,16,2.0,frozenset({617}),617,0.5161290322580645,True,2023-07,1,2568,1
WN,LGA,MDW,2023,7,1285,26,17,2.0,"frozenset({3664, 1702, 351})",1702,0.6538461538461539,True,2023-07,1,2569,1
WN,LGA,MDW,2023,7,1035,23,15,6.0,"frozenset({2618, 3355, 479})",3355,0.6521739130434783,True,2023-07,1,2570,1
WN,LGA,DEN,2023,7,1225,24,14,2.0,"frozenset({2659, 2751})",2751,0.5833333333333334,True,2023-07,1,2571,1
WN,LGA,DEN,2023,7,1075,26,14,6.0,"frozenset({569, 1140, 101})",1140,0.5384615384615384,True,2023-07,1,2572,1
WN,MCI,DEN,2023,7,1275,21,11,2.0,"frozenset({3088, 1786})",1786,0.5238095238095238,True,2023-07,1,2573,1
WN,MCO,DAL,2023,7,1060,18,10,0.0,"frozenset({1365, 663})",1365,0.5555555555555556,True,2023-07,1,2574,1
WN,MCO,DAL,2023,7,1145,11,7,0.0,"frozenset({681, 595, 3003})",595,0.6363636363636364,True,2023-07,2,1276,2
WN,MCO,DAL,2023,7,1180,20,12,0.0,"frozenset({579, 3003, 5})",579,0.6,True,2023-07,1,2575,1
AA,CLT,TPA,2023,7,1045,31,17,0.0,frozenset({503}),503,0.5483870967741935,True,2023-07,1,2576,2
WN,MDW,CVG,2023,7,1295,31,17,0.0,"frozenset({705, 1700, 2724, 1798})",705,0.5483870967741935,True,2023-07,1,2577,1
WN,MDW,COS,2023,7,1020,15,10,1.0,frozenset({1152}),1152,0.6666666666666666,True,2023-07,1,2578,1
WN,MDW,CMH,2023,7,1375,15,12,1.0,frozenset({223}),223,0.8,True,2023-07,1,2579,1
WN,MDW,BWI,2023,7,1300,11,6,0.0,"frozenset({3221, 174, 2015})",3221,0.5454545454545454,True,2023-07,1,2580,1
WN,MDW,BWI,2023,7,1145,12,7,0.0,"frozenset({2354, 1708, 1044, 3838})",1708,0.5833333333333334,True,2023-07,1,2581,1
WN,MDW,BOS,2023,7,1360,15,8,1.0,frozenset({5889}),5889,0.5333333333333333,True,2023-07,1,2582,1
WN,MDW,BOS,2023,7,970,22,12,1.0,"frozenset({1651, 1475, 2799})",1651,0.5454545454545454,True,2023-07,1,2583,2
WN,MDW,BNA,2023,7,1240,22,13,0.0,"frozenset({1673, 155, 2821, 3831})",1673,0.5909090909090909,True,2023-07,1,2584,1
AA,CLT,TPA,2023,7,1215,31,17,1.0,frozenset({2022}),2022,0.5483870967741935,True,2023-07,2,1631,3
WN,MDW,BDL,2023,7,1180,21,13,2.0,"frozenset({33, 451})",33,0.6190476190476191,True,2023-07,1,2585,1
AA,CLT,TPA,2023,7,1340,26,16,0.0,frozenset({1773}),1773,0.6153846153846154,True,2023-07,1,2586,2
WN,MCO,SJU,2023,7,1315,20,11,0.0,"frozenset({1312, 344, 2364})",344,0.55,True,2023-07,1,2587,1
WN,MCO,SJU,2023,7,1245,10,8,0.0,"frozenset({2211, 500, 1519})",2211,0.8,True,2023-07,1,2588,1
WN,MCO,SJU,2023,7,805,11,6,0.0,"frozenset({2730, 1715, 1107})",1107,0.5454545454545454,True,2023-07,1,2589,1
WN,MCO,RDU,2023,7,1320,15,9,0.0,frozenset({3891}),3891,0.6,True,2023-07,1,2590,1
WN,MCO,MSY,2023,7,1135,19,10,0.0,"frozenset({3074, 2387, 1885})",3074,0.5263157894736842,True,2023-07,1,2591,1
WN,MCO,MEM,2023,7,995,15,8,0.0,frozenset({1111}),1111,0.5333333333333333,True,2023-07,1,2592,1
WN,MCO,MDW,2023,7,1375,13,7,0.0,"frozenset({1713, 1476, 644, 1415})",1713,0.5384615384615384,True,2023-07,1,2593,1
WN,MCO,MDW,2023,7,1315,25,16,0.0,"frozenset({3784, 513, 897})",3784,0.64,True,2023-07,1,2594,1
WN,MCO,MDW,2023,7,1220,31,23,2.0,"frozenset({2408, 1411, 1103})",2408,0.7419354838709677,True,2023-07,1,2595,2
WN,MCO,MDW,2023,7,1045,25,16,0.0,"frozenset({114, 1035, 2565})",1035,0.64,True,2023-07,1,2596,1
WN,MCO,MCI,2023,7,1320,12,7,0.0,"frozenset({2617, 1705, 1951})",1705,0.5833333333333334,True,2023-07,1,2597,1
WN,MCO,IND,2023,7,995,11,7,1.0,"frozenset({1586, 547, 662})",547,0.6363636363636364,True,2023-07,1,2598,1
WN,MCO,HOU,2023,7,1155,25,15,0.0,"frozenset({1952, 64, 389, 3439})",3439,0.6,True,2023-07,1,2599,1
WN,MCO,DEN,2023,7,1220,15,9,1.0,frozenset({2427}),2427,0.6,True,2023-07,1,2600,1
WN,MCO,DEN,2023,7,1055,15,12,0.0,frozenset({3319}),3319,0.8,True,2023-07,1,2601,2
WN,MCO,DCA,2023,7,1135,26,15,0.0,"frozenset({1793, 1745, 1198})",1745,0.5769230769230769,True,2023-07,1,2602,1
WN,MCO,DAL,2023,7,1230,32,19,0.0,"frozenset({4576, 771, 3333, 2766})",3333,0.59375,True,2023-07,1,2603,1
WN,LGA,DAL,2023,7,1200,31,19,6.0,"frozenset({3399, 2251, 1677, 3601, 1941, 2683})",2683,0.6129032258064516,True,2023-07,1,2604,1
WN,FLL,IND,2023,7,1100,12,7,0.0,"frozenset({736, 1747, 437})",736,0.5833333333333334,True,2023-07,1,2605,1
WN,LGA,BNA,2023,7,1115,31,16,5.0,"frozenset({2074, 379, 1189, 1926})",379,0.5161290322580645,True,2023-07,1,2606,1
WN,LAX,TUS,2023,7,1290,15,10,0.0,frozenset({2216}),2216,0.6666666666666666,True,2023-07,1,2607,1
WN,LAS,GEG,2023,7,810,17,9,0.0,"frozenset({4289, 2050})",4289,0.5294117647058824,True,2023-07,1,2608,1
WN,LAS,FAT,2023,7,1290,20,11,0.0,"frozenset({4232, 4235, 2892, 2005})",2005,0.55,True,2023-07,1,2609,1
WN,LAS,DEN,2023,7,1010,30,16,3.0,"frozenset({3907, 4677, 4362, 2677, 3510})",3907,0.5333333333333333,True,2023-07,1,2610,1
WN,LAS,DEN,2023,7,915,21,13,2.0,"frozenset({1788, 4974})",1788,0.6190476190476191,True,2023-07,1,2611,1
WN,LAS,DEN,2023,7,850,20,13,1.0,"frozenset({1428, 5987, 4987})",1428,0.65,True,2023-07,1,2612,1
AA,DFW,MCI,2023,7,1260,31,22,1.0,frozenset({2267}),2267,0.7096774193548387,True,2023-07,2,1726,3
WN,LAS,BUR,2023,7,1250,12,8,0.0,"frozenset({4582, 3433, 3981, 2351, 5981})",4582,0.6666666666666666,True,2023-07,2,1221,2
AA,DFW,MCO,2023,7,787,31,18,0.0,frozenset({1324}),1324,0.5806451612903226,True,2023-07,1,2613,1
AA,DFW,MCO,2023,7,1141,31,17,1.0,frozenset({2186}),2186,0.5483870967741935,True,2023-07,2,1722,2
AA,DFW,MCO,2023,7,1252,30,19,2.0,frozenset({1336}),1336,0.6333333333333333,True,2023-07,2,1721,3
WN,JAX,DEN,2023,7,1005,20,13,0.0,"frozenset({2920, 1551})",1551,0.65,True,2023-07,1,2614,1
WN,ISP,BWI,2023,7,1015,11,6,1.0,"frozenset({251, 1101, 1773})",1101,0.5454545454545454,True,2023-07,1,2615,1
WN,IND,DEN,2023,7,1290,29,18,0.0,"frozenset({3370, 1747, 437, 5542})",1747,0.6206896551724138,True,2023-07,1,2616,2
AA,DFW,LBB,2023,7,1250,27,15,0.0,frozenset({844}),844,0.5555555555555556,True,2023-07,2,1551,2
WN,IND,ATL,2023,7,1185,26,15,0.0,"frozenset({2833, 3427, 3149, 2285})",3149,0.5769230769230769,True,2023-07,1,2617,1
WN,IAD,DEN,2023,7,1125,18,14,0.0,frozenset({2511}),2511,0.7777777777777778,True,2023-07,1,2618,1
AA,DFW,MSY,2023,7,936,31,16,0.0,frozenset({2156}),2156,0.5161290322580645,True,2023-07,2,1715,3
WN,HOU,OKC,2023,7,1325,26,15,1.0,"frozenset({3420, 3645, 6511})",6511,0.5769230769230769,True,2023-07,1,2619,1
AA,DFW,OKC,2023,7,1370,30,17,1.0,frozenset({2734}),2734,0.5666666666666667,True,2023-07,1,2620,1
WN,HOU,ELP,2023,7,1335,23,12,0.0,"frozenset({57, 169})",169,0.5217391304347826,True,2023-07,1,2621,1
WN,HOU,BNA,2023,7,1330,11,6,1.0,"frozenset({4848, 1468, 3061, 806})",3061,0.5454545454545454,True,2023-07,1,2622,1
WN,GEG,OAK,2023,7,995,15,9,0.0,frozenset({3081}),3081,0.6,True,2023-07,1,2623,1
AA,DFW,PBI,2023,7,681,27,14,0.0,frozenset({2218}),2218,0.5185185185185185,True,2023-07,1,2624,1
AA,DFW,PDX,2023,7,1126,27,14,0.0,frozenset({1986}),1986,0.5185185185185185,True,2023-07,1,2625,1
WN,FLL,SJU,2023,7,1300,21,12,0.0,"frozenset({1699, 3549, 2567})",1699,0.5714285714285714,True,2023-07,1,2626,1
AA,DFW,PHL,2023,7,949,31,17,1.0,frozenset({583}),583,0.5483870967741935,True,2023-07,1,2627,2
AA,DFW,PHL,2023,7,1241,30,16,2.0,frozenset({952}),952,0.5333333333333333,True,2023-07,1,2628,1
WN,FLL,MCO,2023,7,1185,21,14,0.0,"frozenset({1761, 258})",258,0.6666666666666666,True,2023-07,1,2629,1
WN,ICT,DEN,2023,7,1265,24,15,0.0,"frozenset({3434, 3499})",3499,0.625,True,2023-07,1,2630,2
AA,DFW,LAX,2023,7,1310,12,7,0.0,frozenset({2513}),2513,0.5833333333333334,True,2023-07,1,2631,1
AA,DFW,LAX,2023,7,975,27,14,1.0,frozenset({783}),783,0.5185185185185185,True,2023-07,1,2632,1
AA,DFW,LAS,2023,7,1139,31,16,0.0,frozenset({1771}),1771,0.5161290322580645,True,2023-07,1,2633,1
AA,DEN,DFW,2023,7,1002,31,19,0.0,frozenset({1832}),1832,0.6129032258064516,True,2023-07,3,850,3
AA,DFW,ANC,2023,7,1130,31,16,0.0,frozenset({395}),395,0.5161290322580645,True,2023-07,1,2634,1
WN,LAX,SFO,2023,7,1270,21,16,0.0,frozenset({3247}),3247,0.7619047619047619,True,2023-07,1,2635,2
WN,LAX,LAS,2023,7,1050,25,19,0.0,"frozenset({2368, 3296, 573})",573,0.76,True,2023-07,1,2636,1
AA,DFW,ATL,2023,7,1170,31,17,1.0,frozenset({2237}),2237,0.5483870967741935,True,2023-07,3,810,3
AA,DFW,ATL,2023,7,1241,31,17,1.0,frozenset({2749}),2749,0.5483870967741935,True,2023-07,2,1533,2
WN,LAX,DEN,2023,7,975,23,12,2.0,"frozenset({2282, 324, 1964})",1964,0.5217391304347826,True,2023-07,1,2637,1
WN,LAS,SNA,2023,7,1040,20,11,0.0,"frozenset({3176, 1259, 4006, 3792})",1259,0.55,True,2023-07,1,2638,1
WN,LAS,SLC,2023,7,1315,25,14,0.0,"frozenset({4419, 294, 3176, 4971, 5176, 5598})",294,0.56,True,2023-07,1,2639,1
WN,LAS,SLC,2023,7,1020,17,9,0.0,"frozenset({4909, 4038})",4909,0.5294117647058824,True,2023-07,1,2640,1
WN,LAS,SFO,2023,7,825,21,11,0.0,"frozenset({4950, 1990, 4951})",1990,0.5238095238095238,True,2023-07,1,2641,1
AA,DFW,BOS,2023,7,754,31,16,1.0,frozenset({1138}),1138,0.5161290322580645,True,2023-07,1,2642,1
AA,DFW,BOS,2023,7,955,31,19,3.0,frozenset({849}),849,0.6129032258064516,True,2023-07,1,2643,2
WN,LAS,SAT,2023,7,1215,22,14,0.0,"frozenset({1637, 2185, 3214, 5200, 4209, 5209})",1637,0.6363636363636364,True,2023-07,1,2644,1
AA,DFW,CLT,2023,7,1120,27,14,1.0,frozenset({522}),522,0.5185185185185185,True,2023-07,1,2645,1
AA,DFW,CLT,2023,7,1248,30,16,2.0,frozenset({579}),579,0.5333333333333333,True,2023-07,1,2646,1
AA,DFW,CMH,2023,7,1028,31,18,1.0,frozenset({641}),641,0.5806451612903226,True,2023-07,1,2647,1
AA,DFW,CMH,2023,7,1246,31,18,0.0,frozenset({398}),398,0.5806451612903226,True,2023-07,1,2648,2
AA,DFW,CVG,2023,7,1247,31,16,1.0,frozenset({2309}),2309,0.5161290322580645,True,2023-07,1,2649,1
AA,DFW,DEN,2023,7,890,31,16,0.0,frozenset({1832}),1832,0.5161290322580645,True,2023-07,1,2650,1
AA,DFW,DEN,2023,7,1000,31,16,0.0,frozenset({1322}),1322,0.5161290322580645,True,2023-07,3,825,3
AA,DFW,DEN,2023,7,1131,31,19,0.0,frozenset({1217}),1217,0.6129032258064516,True,2023-07,2,1574,3
AA,DFW,DEN,2023,7,1350,30,17,0.0,frozenset({662}),662,0.5666666666666667,True,2023-07,1,2651,1
AA,DFW,EWR,2023,7,1015,31,16,0.0,frozenset({1802}),1802,0.5161290322580645,True,2023-07,2,1568,2
WN,LAS,MDW,2023,7,995,29,15,1.0,"frozenset({1744, 771, 4688, 4126})",771,0.5172413793103449,True,2023-07,1,2652,1
WN,LAS,MDW,2023,7,860,17,9,1.0,"frozenset({1673, 1095})",1673,0.5294117647058824,True,2023-07,1,2653,1
WN,LAS,LAX,2023,7,1155,28,21,0.0,"frozenset({3232, 1926, 2857, 3247, 379})",3247,0.75,True,2023-07,1,2654,2
WN,LAS,LAX,2023,7,1000,11,6,0.0,"frozenset({5120, 3344, 850, 3155})",850,0.5454545454545454,True,2023-07,1,2655,1
AA,DFW,IND,2023,7,1245,31,19,0.0,frozenset({2711}),2711,0.6129032258064516,True,2023-07,1,2656,1
WN,LGA,ATL,2023,7,1045,24,17,5.0,"frozenset({2237, 1975})",1975,0.7083333333333334,True,2023-07,1,2657,1
UA,DEN,ORF,2023,7,1063,31,19,4.0,frozenset({1239}),1239,0.6129032258064516,True,2023-07,3,836,3
UA,EWR,AUS,2023,7,943,31,17,0.0,frozenset({1129}),1129,0.5483870967741935,True,2023-07,1,2658,1
YX,SYR,EWR,2023,7,932,31,18,12.0,frozenset({3440}),3440,0.5806451612903226,True,2023-07,1,2659,1
B6,JFK,TPA,2023,7,1022,31,20,8.0,frozenset({225}),225,0.6451612903225806,True,2023-07,2,1689,2
DL,ATL,DCA,2023,7,1115,24,13,0.0,"frozenset({525, 687})",525,0.5416666666666666,True,2023-07,1,2660,1
F9,MCO,ISP,2023,7,1318,27,21,3.0,frozenset({1096}),1096,0.7777777777777778,True,2023-07,1,2661,1
B6,LAS,BOS,2023,7,700,26,17,0.0,frozenset({178}),178,0.6538461538461539,True,2023-07,1,2662,3
DL,ATL,DCA,2023,7,858,31,17,1.0,frozenset({455}),455,0.5483870967741935,True,2023-07,1,2663,1
B6,LAS,BOS,2023,7,1340,27,19,3.0,frozenset({778}),778,0.7037037037037037,True,2023-07,1,2664,1
F9,MCO,LAS,2023,7,1393,11,6,1.0,"frozenset({1105, 1107})",1107,0.5454545454545454,True,2023-07,1,2665,1
F9,MCO,LGA,2023,7,856,31,19,4.0,frozenset({1334}),1334,0.6129032258064516,True,2023-07,2,1001,2
NK,LAX,ATL,2023,7,790,10,6,0.0,frozenset({3103}),3103,0.6,True,2023-07,1,2666,1
DL,ATL,CHA,2023,7,1415,14,12,2.0,frozenset({2327}),2327,0.8571428571428571,True,2023-07,2,1589,2
F9,MCO,PHL,2023,7,946,25,18,3.0,"frozenset({1160, 1168})",1168,0.72,True,2023-07,1,2667,2
F9,MCO,PHL,2023,7,1072,13,8,4.0,"frozenset({1170, 1172})",1170,0.6153846153846154,True,2023-07,2,996,2
NK,IAH,FLL,2023,7,940,23,12,0.0,frozenset({957}),957,0.5217391304347826,True,2023-07,1,2668,1
B6,LAS,FLL,2023,7,1426,31,20,1.0,frozenset({608}),608,0.6451612903225806,True,2023-07,2,1684,2
DL,ATL,BWI,2023,7,1285,14,9,1.0,frozenset({1020}),1020,0.6428571428571429,True,2023-07,1,2669,1
B6,LAS,JFK,2023,7,1010,26,23,2.0,frozenset({148}),148,0.8846153846153846,True,2023-07,2,1696,2
NK,FLL,TPA,2023,7,1135,20,12,0.0,frozenset({1555}),1555,0.6,True,2023-07,2,1350,3
B6,LAS,JFK,2023,7,1355,31,21,6.0,frozenset({1548}),1548,0.6774193548387096,True,2023-07,1,2670,2
DL,ATL,BWI,2023,7,1363,31,17,2.0,frozenset({2590}),2590,0.5483870967741935,True,2023-07,1,2671,1
NK,LAX,CLE,2023,7,1058,23,12,0.0,frozenset({184}),184,0.5217391304347826,True,2023-07,1,2672,1
NK,LAX,IAH,2023,7,1149,23,13,0.0,frozenset({591}),591,0.5652173913043478,True,2023-07,1,2673,1
F9,MCO,IND,2023,7,909,13,7,2.0,frozenset({1090}),1090,0.5384615384615384,True,2023-07,1,2674,1
NK,MCO,AUS,2023,7,1015,14,10,0.0,frozenset({1878}),1878,0.7142857142857143,True,2023-07,2,1341,2
B6,JFK,SJU,2023,7,1200,31,20,2.0,frozenset({703}),703,0.6451612903225806,True,2023-07,2,1652,3
B6,JFK,SJU,2023,7,1378,31,22,1.0,frozenset({403}),403,0.7096774193548387,True,2023-07,3,803,4
F9,MCO,CVG,2023,7,691,19,11,0.0,frozenset({1060}),1060,0.5789473684210527,True,2023-07,1,2675,1
NK,MCO,ATL,2023,7,1185,31,20,1.0,frozenset({3065}),3065,0.6451612903225806,True,2023-07,2,1342,2
F9,MCO,CVG,2023,7,1332,27,18,2.0,"frozenset({1064, 1066})",1064,0.6666666666666666,True,2023-07,2,921,3
DL,ATL,GRR,2023,7,1380,31,16,2.0,"frozenset({2865, 828})",2865,0.5161290322580645,True,2023-07,1,2676,1
DL,ATL,FLL,2023,7,1425,14,8,1.0,frozenset({1600}),1600,0.5714285714285714,True,2023-07,1,2677,1
F9,MCO,DEN,2023,7,1209,23,13,3.0,"frozenset({693, 679})",679,0.5652173913043478,True,2023-07,2,894,2
NK,LGA,MCO,2023,7,1199,31,22,4.0,frozenset({475}),475,0.7096774193548387,True,2023-07,1,2678,1
B6,JFK,SLC,2023,7,1280,31,23,2.0,frozenset({71}),71,0.7419354838709677,True,2023-07,2,1664,2
F9,MCO,DFW,2023,7,1280,31,20,1.0,frozenset({801}),801,0.6451612903225806,True,2023-07,2,912,3
NK,LGA,IAH,2023,7,1139,26,14,3.0,frozenset({1344}),1344,0.5384615384615384,True,2023-07,1,2679,1
NK,LGA,FLL,2023,7,990,26,15,2.0,frozenset({856}),856,0.5769230769230769,True,2023-07,2,1345,2
B6,JFK,SMF,2023,7,1110,31,17,4.0,frozenset({161}),161,0.5483870967741935,True,2023-07,1,2680,1
DL,ATL,FAY,2023,7,1396,21,12,4.0,frozenset({2026}),2026,0.5714285714285714,True,2023-07,1,2681,2
NK,LBE,MCO,2023,7,1100,31,16,0.0,frozenset({863}),863,0.5161290322580645,True,2023-07,1,2682,1
B6,JFK,SYR,2023,7,1299,31,23,3.0,frozenset({2516}),2516,0.7419354838709677,True,2023-07,2,1665,2
NK,LAX,LAS,2023,7,1395,27,14,0.0,frozenset({2699}),2699,0.5185185185185185,True,2023-07,1,2683,1
B6,LAS,JFK,2023,7,1434,31,21,2.0,frozenset({2348}),2348,0.6774193548387096,True,2023-07,1,2684,2
NK,MCO,BDL,2023,7,840,26,14,3.0,frozenset({258}),258,0.5384615384615384,True,2023-07,1,2685,1
DL,ATL,BUF,2023,7,1364,23,12,0.0,frozenset({2334}),2334,0.5217391304347826,True,2023-07,1,2686,1
F9,MCO,SFO,2023,7,1203,14,9,2.0,"frozenset({1737, 1263})",1263,0.6428571428571429,True,2023-07,1,2687,1
B6,LGA,ATL,2023,7,1025,31,18,4.0,frozenset({2614}),2614,0.5806451612903226,True,2023-07,2,1761,3
B6,LGA,ATL,2023,7,1240,26,14,2.0,frozenset({2514}),2514,0.5384615384615384,True,2023-07,3,766,3
B6,LGA,BOS,2023,7,1035,18,11,2.0,frozenset({1132}),1132,0.6111111111111112,True,2023-07,1,2688,1
F9,ONT,MCO,2023,7,1320,10,6,1.0,frozenset({1150}),1150,0.6,True,2023-07,1,2689,1
NK,FLL,LGA,2023,7,1160,31,17,2.0,frozenset({2020}),2020,0.5483870967741935,True,2023-07,1,2690,1
B6,LGA,BOS,2023,7,1095,24,18,7.0,frozenset({1232}),1232,0.75,True,2023-07,1,2691,1
B6,LGA,BOS,2023,7,1215,24,13,7.0,frozenset({1432}),1432,0.5416666666666666,True,2023-07,1,2692,1
F9,ORD,ATL,2023,7,1248,23,13,2.0,"frozenset({1577, 1575})",1575,0.5652173913043478,True,2023-07,2,1011,2
F9,MSP,DEN,2023,7,1047,12,8,0.0,frozenset({459}),459,0.6666666666666666,True,2023-07,1,2693,1
B6,SMF,JFK,2023,7,1389,31,20,4.0,frozenset({162}),162,0.6451612903225806,True,2023-07,2,1628,2
F9,PBI,ISP,2023,7,906,13,8,2.0,frozenset({2866}),2866,0.6153846153846154,True,2023-07,1,2694,1
B6,SMF,BOS,2023,7,1280,31,21,1.0,frozenset({916}),916,0.6774193548387096,True,2023-07,2,1627,2
NK,FLL,IAH,2023,7,1320,18,11,1.0,frozenset({352}),352,0.6111111111111112,True,2023-07,2,1358,3
NK,FLL,IAH,2023,7,987,23,15,0.0,frozenset({956}),956,0.6521739130434783,True,2023-07,2,1359,3
B6,SLC,JFK,2023,7,1354,31,22,2.0,frozenset({72}),72,0.7096774193548387,True,2023-07,2,1624,2
B6,SLC,JFK,2023,7,874,31,23,3.0,frozenset({872}),872,0.7419354838709677,True,2023-07,1,2695,1
B6,LGA,DEN,2023,7,840,31,21,4.0,frozenset({1942}),1942,0.6774193548387096,True,2023-07,1,2696,1
B6,LGA,FLL,2023,7,1010,31,21,0.0,frozenset({571}),571,0.6774193548387096,True,2023-07,2,1673,2
F9,ORD,MCO,2023,7,1085,27,15,0.0,frozenset({1155}),1155,0.5555555555555556,True,2023-07,2,1010,2
NK,FLL,MCO,2023,7,1260,27,17,0.0,frozenset({676}),676,0.6296296296296297,True,2023-07,2,1355,3
F9,MIA,SJU,2023,7,1096,16,11,2.0,"frozenset({4880, 4878})",4878,0.6875,True,2023-07,1,2697,1
F9,MIA,PHL,2023,7,1295,13,8,2.0,"frozenset({2328, 2326})",2328,0.6153846153846154,True,2023-07,1,2698,1
F9,MCO,SJU,2023,7,1384,20,11,0.0,frozenset({4842}),4842,0.55,True,2023-07,2,987,2
NK,FLL,RDU,2023,7,1030,12,7,2.0,frozenset({1366}),1366,0.5833333333333334,True,2023-07,1,2699,2
B6,TPA,JFK,2023,7,803,31,20,7.0,frozenset({2826}),2826,0.6451612903225806,True,2023-07,1,2700,1
F9,MCO,STL,2023,7,1399,15,11,0.0,frozenset({1211}),1211,0.7333333333333333,True,2023-07,1,2701,1
NK,FLL,PNS,2023,7,885,13,7,0.0,frozenset({1050}),1050,0.5384615384615384,True,2023-07,2,1351,3
F9,MCO,TTN,2023,7,1261,10,6,0.0,frozenset({796}),796,0.6,True,2023-07,1,2702,1
F9,MDW,DFW,2023,7,1312,13,9,0.0,"frozenset({1369, 1371})",1371,0.6923076923076923,True,2023-07,1,2703,1
B6,TPA,HPN,2023,7,1169,31,17,1.0,frozenset({548}),548,0.5483870967741935,True,2023-07,1,2704,2
NK,FLL,PHL,2023,7,1080,30,18,0.0,frozenset({1810}),1810,0.6,True,2023-07,2,1352,3
B6,LAS,LAX,2023,7,1100,31,18,2.0,frozenset({1279}),1279,0.5806451612903226,True,2023-07,1,2705,1
B6,TPA,EWR,2023,7,1259,31,20,5.0,frozenset({2174}),2174,0.6451612903225806,True,2023-07,2,1605,2
NK,FLL,ORD,2023,7,1269,31,19,0.0,frozenset({5}),5,0.6129032258064516,True,2023-07,1,2706,1
NK,FLL,ORD,2023,7,948,23,14,0.0,frozenset({19}),19,0.6086956521739131,True,2023-07,2,1353,4
B6,LAX,JFK,2023,7,1354,31,18,0.0,frozenset({124}),124,0.5806451612903226,True,2023-07,1,2707,3
B6,TPA,BOS,2023,7,1240,27,17,4.0,frozenset({692}),692,0.6296296296296297,True,2023-07,1,2708,1
B6,TPA,BOS,2023,7,1108,31,20,3.0,frozenset({1192}),1192,0.6451612903225806,True,2023-07,2,1606,2
B6,LAX,SFO,2023,7,1120,31,18,0.0,frozenset({536}),536,0.5806451612903226,True,2023-07,1,2709,2
B6,TPA,BOS,2023,7,885,31,22,6.0,frozenset({592}),592,0.7096774193548387,True,2023-07,2,1633,2
NK,FLL,MSY,2023,7,1180,14,10,2.0,frozenset({1526}),1526,0.7142857142857143,True,2023-07,2,1354,3
F9,MCO,RDU,2023,7,990,13,7,1.0,"frozenset({1192, 1188, 1190})",1192,0.5384615384615384,True,2023-07,1,2710,1
B6,JFK,SJU,2023,7,1110,31,23,2.0,frozenset({1903}),1903,0.7419354838709677,True,2023-07,2,1654,3
B6,JFK,SJU,2023,7,578,31,18,3.0,frozenset({2903}),2903,0.5806451612903226,True,2023-07,1,2711,2
NK,MCO,BNA,2023,7,978,14,10,2.0,frozenset({2434}),2434,0.7142857142857143,True,2023-07,1,2712,1
NK,MCO,MCI,2023,7,1140,20,16,1.0,frozenset({1198}),1198,0.8,True,2023-07,2,1398,2
F9,LAS,DEN,2023,7,1075,18,10,1.0,"frozenset({768, 776, 778})",776,0.5555555555555556,True,2023-07,1,2713,1
NK,MCO,LGA,2023,7,1220,31,22,5.0,frozenset({686}),686,0.7096774193548387,True,2023-07,2,1385,2
F9,LAS,DEN,2023,7,1303,11,7,1.0,frozenset({778}),778,0.6363636363636364,True,2023-07,2,908,2
DL,ATL,MSY,2023,7,1105,21,13,1.0,frozenset({2367}),2367,0.6190476190476191,True,2023-07,1,2714,1
F9,LAS,DFW,2023,7,1083,10,6,0.0,"frozenset({2136, 2132})",2136,0.6,True,2023-07,1,2715,1
NK,MCO,LAX,2023,7,1120,31,23,2.0,frozenset({2803}),2803,0.7419354838709677,True,2023-07,2,1386,3
F9,LAS,MCO,2023,7,665,15,12,0.0,frozenset({1104}),1104,0.8,True,2023-07,1,2716,1
F9,LAS,DEN,2023,7,974,30,18,0.0,"frozenset({776, 780, 774})",774,0.6,True,2023-07,2,1027,2
DL,ATL,MKE,2023,7,1439,13,8,1.0,frozenset({2970}),2970,0.6153846153846154,True,2023-07,1,2717,1
NK,MCO,IND,2023,7,1282,21,19,1.0,frozenset({1109}),1109,0.9047619047619048,True,2023-07,2,1387,2
B6,JFK,MIA,2023,7,690,31,21,4.0,frozenset({2593}),2593,0.6774193548387096,True,2023-07,2,1713,2
B6,JFK,MIA,2023,7,1030,31,25,8.0,frozenset({2093}),2093,0.8064516129032258,True,2023-07,2,1710,3
NK,MCO,FLL,2023,7,1225,28,23,1.0,"frozenset({675, 239})",675,0.8214285714285714,True,2023-07,1,2718,1
DL,ATL,MIA,2023,7,1266,14,8,0.0,frozenset({1589}),1589,0.5714285714285714,True,2023-07,1,2719,1
YX,SAV,JFK,2023,7,1065,26,14,7.0,frozenset({5776}),5776,0.5384615384615384,True,2023-07,1,2720,1
DL,ATL,MIA,2023,7,1138,22,13,0.0,frozenset({1588}),1588,0.5909090909090909,True,2023-07,1,2721,1
NK,MCO,EWR,2023,7,1256,23,19,1.0,frozenset({1909}),1909,0.8260869565217391,True,2023-07,2,1390,2
NK,MCO,LAS,2023,7,1226,15,12,0.0,frozenset({1137}),1137,0.8,True,2023-07,1,2722,1
DL,ATL,MSY,2023,7,1269,14,9,1.0,frozenset({2451}),2451,0.6428571428571429,True,2023-07,2,1848,2
B6,JFK,MCO,2023,7,1295,31,25,5.0,frozenset({283}),283,0.8064516129032258,True,2023-07,2,1557,3
B6,JFK,MCO,2023,7,1185,11,8,5.0,frozenset({83}),83,0.7272727272727273,True,2023-07,2,1570,2
NK,MCO,PHL,2023,7,960,18,13,1.0,frozenset({358}),358,0.7222222222222222,True,2023-07,1,2723,3
B6,JFK,LAS,2023,7,1080,31,22,4.0,frozenset({711}),711,0.7096774193548387,True,2023-07,1,2724,2
B6,JFK,LAS,2023,7,1200,31,23,3.0,frozenset({1211}),1211,0.7419354838709677,True,2023-07,1,2725,2
F9,ISP,MCO,2023,7,1117,13,9,2.0,frozenset({1095}),1095,0.6923076923076923,True,2023-07,1,2726,1
B6,JFK,LAX,2023,7,1237,31,19,2.0,frozenset({1823}),1823,0.6129032258064516,True,2023-07,1,2727,1
DL,ATL,ORD,2023,7,1236,23,15,3.0,frozenset({1035}),1035,0.6521739130434783,True,2023-07,1,2728,1
NK,MCO,ORD,2023,7,1005,14,8,0.0,frozenset({322}),322,0.5714285714285714,True,2023-07,2,1380,2
F9,ISP,TPA,2023,7,849,26,16,0.0,"frozenset({4888, 4886, 2519})",2519,0.6153846153846154,True,2023-07,1,2729,1
NK,MCO,MSY,2023,7,1351,21,12,0.0,frozenset({555}),555,0.5714285714285714,True,2023-07,2,1381,3
NK,MCO,MSY,2023,7,1055,14,10,1.0,frozenset({1266}),1266,0.7142857142857143,True,2023-07,2,1382,2
B6,JFK,MCO,2023,7,750,20,12,3.0,frozenset({83}),83,0.6,True,2023-07,2,1570,2
DL,ATL,OMA,2023,7,1405,19,11,4.0,frozenset({2776}),2776,0.5789473684210527,True,2023-07,1,2730,1
B6,JFK,MCO,2023,7,840,20,12,1.0,frozenset({883}),883,0.6,True,2023-07,2,1567,2
B6,JFK,MCO,2023,7,929,31,27,4.0,frozenset({1483}),1483,0.8709677419354839,True,2023-07,2,1564,2
NK,MCO,MKE,2023,7,1100,23,14,2.0,frozenset({2911}),2911,0.6086956521739131,True,2023-07,1,2731,1
NK,MCO,MHT,2023,7,1255,11,6,1.0,frozenset({2047}),2047,0.5454545454545454,True,2023-07,2,1383,2
B6,JFK,MCO,2023,7,1004,31,20,5.0,frozenset({383}),383,0.6451612903225806,True,2023-07,2,1563,4
B6,JFK,MCO,2023,7,1080,31,21,2.0,frozenset({2583}),2583,0.6774193548387096,True,2023-07,1,2732,1
NK,MCO,MEM,2023,7,1325,30,24,2.0,frozenset({2866}),2866,0.8,True,2023-07,5,317,5
B6,JFK,ONT,2023,7,1180,31,16,2.0,frozenset({355}),355,0.5161290322580645,True,2023-07,2,1702,3
DL,ATL,MCO,2023,7,1410,22,13,0.0,frozenset({1155}),1155,0.5909090909090909,True,2023-07,1,2733,1
DL,ATL,MCO,2023,7,1345,23,12,0.0,"frozenset({8785, 1162})",1162,0.5217391304347826,True,2023-07,1,2734,1
NK,MCO,DTW,2023,7,1235,32,23,2.0,"frozenset({3987, 1222})",1222,0.71875,True,2023-07,2,1392,2
NK,MCO,CLT,2023,7,1286,18,14,2.0,frozenset({3801}),3801,0.7777777777777778,True,2023-07,2,1397,2
B6,JFK,ROC,2023,7,1320,31,20,4.0,frozenset({486}),486,0.6451612903225806,True,2023-07,2,1732,2
NK,MCO,CLE,2023,7,1297,15,11,0.0,frozenset({432}),432,0.7333333333333333,True,2023-07,2,1370,2
NK,MCO,CLE,2023,7,1265,15,13,0.0,frozenset({432}),432,0.8666666666666667,True,2023-07,2,1370,2
B6,JFK,RSW,2023,7,1302,31,18,8.0,frozenset({2129}),2129,0.5806451612903226,True,2023-07,2,1731,2
DL,ATL,LAS,2023,7,1415,14,9,1.0,frozenset({805}),805,0.6428571428571429,True,2023-07,1,2735,1
NK,MCO,BWI,2023,7,1210,13,11,0.0,"frozenset({2005, 2078})",2078,0.8461538461538461,True,2023-07,1,2736,1
B6,JFK,SAV,2023,7,990,31,17,8.0,frozenset({341}),341,0.5483870967741935,True,2023-07,1,2737,1
B6,JFK,SFO,2023,7,1300,31,20,2.0,frozenset({2615}),2615,0.6451612903225806,True,2023-07,1,2738,1
DL,ATL,JAX,2023,7,1430,14,9,0.0,frozenset({2746}),2746,0.6428571428571429,True,2023-07,2,1601,2
NK,MCO,BQN,2023,7,1145,25,15,0.0,frozenset({1899}),1899,0.6,True,2023-07,2,1369,3
B6,JFK,SJC,2023,7,990,31,16,5.0,frozenset({669}),669,0.5161290322580645,True,2023-07,1,2739,1
F9,MCO,CLE,2023,7,1260,14,12,2.0,"frozenset({1044, 1046})",1044,0.8571428571428571,True,2023-07,1,2740,1
F9,MCO,CLE,2023,7,1323,17,10,2.0,"frozenset({1040, 1046})",1046,0.5882352941176471,True,2023-07,2,929,3
DL,ATL,IAH,2023,7,1369,21,11,0.0,frozenset({1601}),1601,0.5238095238095238,True,2023-07,1,2741,1
F9,MCO,CLT,2023,7,834,18,10,0.0,"frozenset({1050, 882, 2458})",2458,0.5555555555555556,True,2023-07,1,2742,1
DL,ATL,HSV,2023,7,1420,15,12,4.0,frozenset({2638}),2638,0.8,True,2023-07,1,2743,1
NK,MCO,BOS,2023,7,802,21,13,3.0,"frozenset({2085, 103})",2085,0.6190476190476191,True,2023-07,1,2744,1
NK,MCO,BNA,2023,7,1029,17,10,0.0,"frozenset({2081, 2434})",2081,0.5882352941176471,True,2023-07,2,1367,2
F9,MCO,BWI,2023,7,1014,31,17,2.0,frozenset({1242}),1242,0.5483870967741935,True,2023-07,1,2745,2
F9,PHL,ATL,2023,7,1144,25,15,1.0,frozenset({2385}),2385,0.6,True,2023-07,2,951,3
NK,MCO,CMH,2023,7,1296,31,26,2.0,frozenset({1673}),1673,0.8387096774193549,True,2023-07,2,1396,3
F9,MCO,ATL,2023,7,1017,12,7,1.0,"frozenset({1011, 1013})",1013,0.5833333333333334,True,2023-07,2,932,3
DL,ATL,MCO,2023,7,1193,24,14,0.0,"frozenset({2448, 2881})",2881,0.5833333333333334,True,2023-07,1,2746,1
NK,MCO,DTW,2023,7,933,20,13,0.0,frozenset({1617}),1617,0.65,True,2023-07,1,2747,2
B6,JFK,PBI,2023,7,1020,31,18,6.0,frozenset({2053}),2053,0.5806451612903226,True,2023-07,2,1752,2
DL,ATL,MCO,2023,7,1115,31,16,1.0,frozenset({824}),824,0.5161290322580645,True,2023-07,2,1837,2
DL,ATL,MCO,2023,7,1050,31,18,0.0,"frozenset({1497, 635, 1261})",1497,0.5806451612903226,True,2023-07,1,2748,1
F9,LGA,ATL,2023,7,1365,18,13,2.0,frozenset({1513}),1513,0.7222222222222222,True,2023-07,2,897,3
B6,JFK,PDX,2023,7,1170,22,14,2.0,frozenset({1005}),1005,0.6363636363636364,True,2023-07,1,2749,1
F9,LGA,MCO,2023,7,1075,30,25,4.0,frozenset({1335}),1335,0.8333333333333334,True,2023-07,2,896,2
B6,JFK,PHX,2023,7,1216,31,19,3.0,frozenset({135}),135,0.6129032258064516,True,2023-07,1,2750,1
DL,ATL,MCI,2023,7,1284,14,8,0.0,frozenset({2795}),2795,0.5714285714285714,True,2023-07,1,2751,1
NK,MCO,DFW,2023,7,1338,27,20,0.0,frozenset({1015}),1015,0.7407407407407407,True,2023-07,2,1394,3
NK,MCO,DFW,2023,7,1049,30,17,2.0,frozenset({314}),314,0.5666666666666667,True,2023-07,2,1395,2
NK,MCO,DFW,2023,7,997,19,15,2.0,frozenset({390}),390,0.7894736842105263,True,2023-07,1,2752,1
B6,JFK,PSE,2023,7,1378,31,26,4.0,frozenset({745}),745,0.8387096774193549,True,2023-07,2,1741,4
F9,MCI,DEN,2023,7,1180,14,9,0.0,"frozenset({95, 567})",95,0.6428571428571429,True,2023-07,1,2753,1
DL,ATL,MCI,2023,7,1170,13,8,0.0,frozenset({1362}),1362,0.6153846153846154,True,2023-07,1,2754,1
DL,ATL,LAX,2023,7,1305,14,9,0.0,"frozenset({1770, 915})",915,0.6428571428571429,True,2023-07,1,2755,1
B6,JFK,RDU,2023,7,1118,31,21,6.0,frozenset({1185}),1185,0.6774193548387096,True,2023-07,2,1737,2
B6,JFK,RNO,2023,7,1200,31,18,5.0,frozenset({2181}),2181,0.5806451612903226,True,2023-07,2,1734,3
F9,MCO,ATL,2023,7,1110,16,10,0.0,frozenset({1013}),1013,0.625,True,2023-07,2,932,3
NK,MCO,PHL,2023,7,1274,31,21,1.0,frozenset({1212}),1212,0.6774193548387096,True,2023-07,2,1376,3
NK,FLL,EWR,2023,7,1195,31,23,0.0,frozenset({1777}),1777,0.7419354838709677,True,2023-07,2,1360,3
B6,LGA,FLL,2023,7,1262,26,19,5.0,frozenset({471}),471,0.7307692307692307,True,2023-07,2,1674,2
F9,TPA,BQN,2023,7,1086,11,7,0.0,"frozenset({4888, 4886})",4886,0.6363636363636364,True,2023-07,1,2756,1
NK,BDL,MCO,2023,7,1065,26,21,4.0,frozenset({259}),259,0.8076923076923077,True,2023-07,2,962,2
B6,MCO,PVD,2023,7,867,21,15,2.0,frozenset({2276}),2276,0.7142857142857143,True,2023-07,2,1759,2
F9,TPA,CLE,2023,7,1087,14,9,2.0,frozenset({2436}),2436,0.6428571428571429,True,2023-07,1,2757,1
F9,TTN,MCO,2023,7,1053,31,17,3.0,frozenset({801}),801,0.5483870967741935,True,2023-07,1,2758,1
B6,MCO,RIC,2023,7,902,31,19,3.0,frozenset({270}),270,0.6129032258064516,True,2023-07,2,1747,3
NK,ATL,ORD,2023,7,1095,29,15,0.0,frozenset({1785}),1785,0.5172413793103449,True,2023-07,1,2759,1
F9,TTN,RDU,2023,7,1202,14,12,3.0,"frozenset({897, 895})",895,0.8571428571428571,True,2023-07,2,890,2
B6,RSW,BOS,2023,7,1021,31,19,2.0,frozenset({2066}),2066,0.6129032258064516,True,2023-07,1,2760,1
NK,ATL,MSY,2023,7,1292,31,17,0.0,frozenset({1441}),1441,0.5483870967741935,True,2023-07,1,2761,1
NK,ATL,MCO,2023,7,1177,12,8,2.0,frozenset({1566}),1566,0.6666666666666666,True,2023-07,2,977,2
B6,RNO,JFK,2023,7,1439,31,21,5.0,frozenset({80}),80,0.6774193548387096,True,2023-07,2,1546,3
G4,AVL,FLL,2023,7,1270,13,10,0.0,"frozenset({492, 501})",492,0.7692307692307693,True,2023-07,1,2762,1
NK,ATL,LAS,2023,7,1305,31,19,1.0,frozenset({805}),805,0.6129032258064516,True,2023-07,2,978,3
NK,ATL,LAS,2023,7,1242,29,15,1.0,frozenset({272}),272,0.5172413793103449,True,2023-07,1,2763,1
B6,MCO,SJU,2023,7,714,27,16,0.0,frozenset({1433}),1433,0.5925925925925926,True,2023-07,2,1755,2
B6,MCO,SJU,2023,7,990,31,23,2.0,frozenset({1133}),1133,0.7419354838709677,True,2023-07,2,1756,2
B6,MCO,SJU,2023,7,1244,20,17,1.0,frozenset({516}),516,0.85,True,2023-07,1,2764,2
F9,XNA,DEN,2023,7,1038,11,7,0.0,frozenset({719}),719,0.6363636363636364,True,2023-07,1,2765,1
B6,RSW,DCA,2023,7,1104,26,15,4.0,frozenset({582}),582,0.5769230769230769,True,2023-07,1,2766,1
B6,MCO,LGA,2023,7,1228,31,21,4.0,frozenset({998}),998,0.6774193548387096,True,2023-07,2,1738,4
NK,BNA,MCO,2023,7,1100,14,11,2.0,frozenset({2435}),2435,0.7857142857142857,True,2023-07,2,965,2
NK,BOS,MCO,2023,7,1038,21,19,3.0,"frozenset({2086, 126})",2086,0.9047619047619048,True,2023-07,2,944,2
F9,SJU,MIA,2023,7,881,13,7,0.0,"frozenset({2681, 4875})",4875,0.5384615384615384,True,2023-07,1,2767,1
NK,BOS,MCO,2023,7,796,31,17,2.0,frozenset({2807}),2807,0.5483870967741935,True,2023-07,1,2768,1
F9,SJU,MIA,2023,7,1311,16,11,2.0,"frozenset({4875, 4877, 4879})",4877,0.6875,True,2023-07,1,2769,1
F9,SJU,MIA,2023,7,1384,13,7,0.0,"frozenset({4875, 4879})",4879,0.5384615384615384,True,2023-07,1,2770,1
B6,MCO,LAX,2023,7,1200,31,27,0.0,frozenset({131}),131,0.8709677419354839,True,2023-07,2,1733,3
F9,SJU,PHL,2023,7,1250,23,15,4.0,frozenset({2665}),2665,0.6521739130434783,True,2023-07,1,2771,1
NK,BOS,LAX,2023,7,1150,27,19,1.0,frozenset({3672}),3672,0.7037037037037037,True,2023-07,1,2772,1
F9,SJU,STT,2023,7,666,13,7,0.0,frozenset({4894}),4894,0.5384615384615384,True,2023-07,1,2773,1
F9,SLC,DEN,2023,7,876,24,15,0.0,"frozenset({570, 574})",570,0.625,True,2023-07,1,2774,1
F9,STL,DEN,2023,7,1251,19,11,0.0,"frozenset({15, 7})",7,0.5789473684210527,True,2023-07,1,2775,1
B6,MCO,LGA,2023,7,875,31,21,4.0,frozenset({1098}),1098,0.6774193548387096,True,2023-07,1,2776,1
NK,BOS,CLT,2023,7,1038,11,6,0.0,frozenset({1166}),1166,0.5454545454545454,True,2023-07,1,2777,1
NK,BOS,CLT,2023,7,943,12,8,6.0,frozenset({1166}),1166,0.6666666666666666,True,2023-07,1,2778,1
B6,MCO,LGA,2023,7,1127,31,23,2.0,frozenset({798}),798,0.7419354838709677,True,2023-07,2,1735,2
B6,RSW,JFK,2023,7,857,31,23,2.0,frozenset({130}),130,0.7419354838709677,True,2023-07,2,1534,2
NK,BNA,MCO,2023,7,1146,17,9,0.0,"frozenset({2082, 2435})",2082,0.5294117647058824,True,2023-07,2,969,2
B6,RSW,EWR,2023,7,1003,31,18,6.0,frozenset({1812}),1812,0.5806451612903226,True,2023-07,2,1532,2
F9,STT,SJU,2023,7,747,13,10,0.0,frozenset({4893}),4893,0.7692307692307693,True,2023-07,1,2779,1
B6,MCO,SJU,2023,7,1394,31,21,3.0,frozenset({2133}),2133,0.6774193548387096,True,2023-07,2,1757,3
F9,SJU,MCO,2023,7,1185,27,15,1.0,"frozenset({2677, 2671})",2671,0.5555555555555556,True,2023-07,1,2780,1
B6,RIC,MCO,2023,7,1072,31,23,3.0,frozenset({969}),969,0.7419354838709677,True,2023-07,2,1548,3
G4,CVG,LAX,2023,7,1250,18,10,0.0,frozenset({772}),772,0.5555555555555556,True,2023-07,2,886,2
G4,TYS,FLL,2023,7,956,13,9,0.0,"frozenset({1400, 3039, 3045, 1415})",3045,0.6923076923076923,True,2023-07,1,2781,1
B6,MSY,JFK,2023,7,1093,31,24,5.0,frozenset({176}),176,0.7741935483870968,True,2023-07,2,1717,2
B6,MVY,BOS,2023,7,1050,31,16,4.0,frozenset({1225}),1225,0.5161290322580645,True,2023-07,1,2782,1
B6,MVY,DCA,2023,7,969,14,9,2.0,frozenset({1413}),1413,0.6428571428571429,True,2023-07,1,2783,1
B6,PWM,JFK,2023,7,1205,31,17,8.0,frozenset({307}),307,0.5483870967741935,True,2023-07,1,2784,1
G4,USA,PIE,2023,7,894,18,10,0.0,"frozenset({1050, 1082, 2664, 1072, 2650, 1055})",2664,0.5555555555555556,True,2023-07,1,2785,1
G4,VPS,CVG,2023,7,1247,17,9,1.0,"frozenset({1985, 1988})",1985,0.5294117647058824,True,2023-07,1,2786,1
B6,PVD,MCO,2023,7,1092,21,14,2.0,frozenset({2275}),2275,0.6666666666666666,True,2023-07,2,1555,2
B6,MSP,BOS,2023,7,994,26,14,0.0,frozenset({836}),836,0.5384615384615384,True,2023-07,2,1716,2
B6,ORH,FLL,2023,7,972,31,16,0.0,frozenset({1119}),1119,0.5161290322580645,True,2023-07,2,1720,3
B6,PBI,BDL,2023,7,1180,31,19,1.0,frozenset({1142}),1142,0.6129032258064516,True,2023-07,2,1723,3
B6,PHX,JFK,2023,7,1438,31,19,3.0,frozenset({136}),136,0.6129032258064516,True,2023-07,1,2787,1
B6,PBI,DCA,2023,7,1085,23,12,3.0,frozenset({2534}),2534,0.5217391304347826,True,2023-07,2,1725,2
B6,PHX,BOS,2023,7,1342,31,20,2.0,frozenset({1302}),1302,0.6451612903225806,True,2023-07,1,2788,1
B6,PBI,EWR,2023,7,1256,31,22,2.0,frozenset({1044}),1044,0.7096774193548387,True,2023-07,2,1637,2
B6,PHL,BOS,2023,7,1135,26,15,3.0,frozenset({2460}),2460,0.5769230769230769,True,2023-07,1,2789,1
B6,PDX,JFK,2023,7,1428,31,21,5.0,frozenset({1006}),1006,0.6774193548387096,True,2023-07,1,2790,1
B6,PBI,LGA,2023,7,1140,31,17,3.0,frozenset({1262}),1262,0.5483870967741935,True,2023-07,2,1576,3
B6,PVD,FLL,2023,7,1020,31,17,2.0,frozenset({1197}),1197,0.5483870967741935,True,2023-07,2,1553,2
G4,SRQ,CVG,2023,7,1238,14,9,0.0,"frozenset({417, 390, 1991, 397, 408})",408,0.6428571428571429,True,2023-07,1,2791,1
B6,RDU,BOS,2023,7,914,31,20,4.0,frozenset({2184}),2184,0.6451612903225806,True,2023-07,2,1560,2
B6,RDU,BOS,2023,7,1087,19,13,0.0,frozenset({684}),684,0.6842105263157895,True,2023-07,1,2792,2
G4,CVG,SRQ,2023,7,1059,14,10,0.0,"frozenset({420, 1994, 1998, 2015, 2047})",1994,0.7142857142857143,True,2023-07,1,2793,1
B6,MCO,SLC,2023,7,1139,31,22,0.0,frozenset({801}),801,0.7096774193548387,True,2023-07,2,1703,2
B6,RDU,JFK,2023,7,1273,31,18,3.0,frozenset({386}),386,0.5806451612903226,True,2023-07,2,1572,2
B6,RDU,JFK,2023,7,1015,31,18,5.0,frozenset({1686}),1686,0.5806451612903226,True,2023-07,1,2794,1
B6,MCO,SYR,2023,7,1009,31,21,5.0,frozenset({656}),656,0.6774193548387096,True,2023-07,1,2795,1
B6,MIA,BOS,2023,7,1206,26,16,3.0,frozenset({1720}),1720,0.6153846153846154,True,2023-07,2,1705,3
G4,FLL,AVL,2023,7,1104,13,8,0.0,"frozenset({481, 508, 489})",489,0.6153846153846154,True,2023-07,1,2796,1
B6,RDU,JFK,2023,7,800,31,16,4.0,frozenset({86}),86,0.5161290322580645,True,2023-07,2,1571,2
G4,FLL,TYS,2023,7,1126,13,11,0.0,"frozenset({1412, 1420, 3060, 3064, 1436})",1436,0.8461538461538461,True,2023-07,1,2797,1
G4,PBG,FLL,2023,7,1077,10,6,0.0,"frozenset({505, 507, 533})",507,0.6,True,2023-07,1,2798,1
MQ,DCA,CMH,2023,7,1205,31,17,2.0,frozenset({4042}),4042,0.5483870967741935,True,2023-07,1,2799,1
MQ,BOS,CVG,2023,7,1033,27,14,2.0,frozenset({4028}),4028,0.5185185185185185,True,2023-07,2,981,2
MQ,AVL,MIA,2023,7,994,31,20,0.0,frozenset({3668}),3668,0.6451612903225806,True,2023-07,1,2800,1
MQ,AVL,DCA,2023,7,1051,31,16,2.0,frozenset({3743}),3743,0.5161290322580645,True,2023-07,1,2801,1
B6,MIA,JFK,2023,7,922,31,22,6.0,frozenset({2392}),2392,0.7096774193548387,True,2023-07,2,1707,3
B6,MIA,JFK,2023,7,1272,31,26,7.0,frozenset({2092}),2092,0.8387096774193549,True,2023-07,1,2802,2
B6,RDU,BOS,2023,7,1255,18,12,2.0,frozenset({1484}),1484,0.6666666666666666,True,2023-07,1,2803,2
G4,PVD,PGD,2023,7,1109,14,8,1.0,"frozenset({872, 931, 884, 878})",931,0.5714285714285714,True,2023-07,1,2804,1
G4,SFB,ABE,2023,7,1135,18,13,0.0,"frozenset({1811, 1805, 214, 207})",214,0.7222222222222222,True,2023-07,1,2805,1
G4,AZA,PVU,2023,7,1103,18,11,0.0,"frozenset({1601, 1597})",1597,0.6111111111111112,True,2023-07,1,2806,1
F9,SJU,MCO,2023,7,890,20,13,1.0,frozenset({2669}),2669,0.65,True,2023-07,1,2807,1
F9,SJU,MCO,2023,7,190,22,13,1.0,frozenset({2667}),2667,0.5909090909090909,True,2023-07,1,2808,1
B6,SAV,JFK,2023,7,1189,31,21,6.0,frozenset({342}),342,0.6774193548387096,True,2023-07,2,1539,2
NK,FLL,ATL,2023,7,1110,31,21,0.0,frozenset({1078}),1078,0.6774193548387096,True,2023-07,1,2809,2
NK,FLL,ATL,2023,7,880,27,17,1.0,frozenset({226}),226,0.6296296296296297,True,2023-07,2,1277,2
B6,LGA,TPA,2023,7,1199,26,17,4.0,frozenset({47}),47,0.6538461538461539,True,2023-07,2,1686,3
F9,PHL,RSW,2023,7,1291,19,11,1.0,frozenset({2355}),2355,0.5789473684210527,True,2023-07,1,2810,1
B6,SJU,RDU,2023,7,825,19,11,0.0,frozenset({2930}),2930,0.5789473684210527,True,2023-07,1,2811,1
B6,MCI,BOS,2023,7,1130,31,16,3.0,frozenset({2364}),2364,0.5161290322580645,True,2023-07,1,2812,1
F9,PHL,SJU,2023,7,964,23,12,4.0,frozenset({4864}),4864,0.5217391304347826,True,2023-07,2,938,2
NK,EWR,SJU,2023,7,1345,31,21,3.0,frozenset({3123}),3123,0.6774193548387096,True,2023-07,2,910,2
NK,FLL,ATL,2023,7,1270,31,22,1.0,frozenset({1232}),1232,0.7096774193548387,True,2023-07,2,1029,2
B6,MCO,BDL,2023,7,1236,31,23,6.0,frozenset({138}),138,0.7419354838709677,True,2023-07,2,1692,4
F9,PHX,DEN,2023,7,1077,18,10,0.0,frozenset({756}),756,0.5555555555555556,True,2023-07,1,2813,1
NK,EWR,MIA,2023,7,1179,31,21,8.0,frozenset({3120}),3120,0.6774193548387096,True,2023-07,2,903,2
B6,SJU,MCO,2023,7,1222,31,24,2.0,frozenset({1134}),1134,0.7741935483870968,True,2023-07,2,1613,2
NK,EWR,MCO,2023,7,990,18,14,7.0,frozenset({1399}),1399,0.7777777777777778,True,2023-07,2,898,2
B6,MCO,BOS,2023,7,809,21,12,2.0,frozenset({2052}),2052,0.5714285714285714,True,2023-07,1,2814,1
B6,MCO,BOS,2023,7,865,10,6,1.0,frozenset({2052}),2052,0.6,True,2023-07,1,2815,1
B6,MCO,BOS,2023,7,1120,26,19,3.0,frozenset({2952}),2952,0.7307692307692307,True,2023-07,2,1667,3
NK,EWR,LAS,2023,7,1330,31,18,1.0,frozenset({698}),698,0.5806451612903226,True,2023-07,1,2816,1
B6,SJU,MCO,2023,7,1347,26,16,4.0,frozenset({2134}),2134,0.6153846153846154,True,2023-07,2,1614,2
B6,LGA,SAV,2023,7,820,31,16,0.0,frozenset({2747}),2747,0.5161290322580645,True,2023-07,1,2817,1
F9,PHL,MIA,2023,7,1061,17,9,1.0,frozenset({2327}),2327,0.5294117647058824,True,2023-07,1,2818,2
F9,PHL,MCO,2023,7,1286,13,9,3.0,"frozenset({1169, 1171, 1163, 1175})",1169,0.6923076923076923,True,2023-07,1,2819,1
F9,PHL,CLT,2023,7,1081,30,19,3.0,frozenset({2315}),2315,0.6333333333333333,True,2023-07,1,2820,1
F9,PHL,DEN,2023,7,1224,21,11,2.0,frozenset({519}),519,0.5238095238095238,True,2023-07,1,2821,1
B6,LGA,JAX,2023,7,1045,31,17,1.0,frozenset({2339}),2339,0.5483870967741935,True,2023-07,2,1677,2
F9,PHL,DFW,2023,7,1229,18,11,0.0,frozenset({2301}),2301,0.6111111111111112,True,2023-07,2,942,2
F9,PHL,FLL,2023,7,748,11,6,0.0,frozenset({2297}),2297,0.5454545454545454,True,2023-07,1,2822,1
F9,PHL,LAS,2023,7,1155,16,10,0.0,frozenset({2143}),2143,0.625,True,2023-07,1,2823,1
NK,FLL,DFW,2023,7,1155,23,13,0.0,frozenset({1966}),1966,0.5652173913043478,True,2023-07,2,1362,2
B6,LGA,MCO,2023,7,895,31,18,1.0,frozenset({399}),399,0.5806451612903226,True,2023-07,1,2824,1
NK,FLL,DEN,2023,7,1225,30,16,0.0,frozenset({1314}),1314,0.5333333333333333,True,2023-07,2,1363,2
B6,LGA,MCO,2023,7,1075,31,16,4.0,frozenset({1799}),1799,0.5161290322580645,True,2023-07,2,1679,2
B6,SJU,TPA,2023,7,1253,31,16,0.0,frozenset({2752}),2752,0.5161290322580645,True,2023-07,2,1621,3
NK,FLL,CLT,2023,7,1170,30,17,3.0,frozenset({981}),981,0.5666666666666667,True,2023-07,1,2825,2
F9,PHL,MCO,2023,7,485,18,11,4.0,"frozenset({1173, 1165})",1173,0.6111111111111112,True,2023-07,1,2826,1
B6,LGA,MCO,2023,7,1290,31,26,3.0,frozenset({499}),499,0.8387096774193549,True,2023-07,2,1680,2
NK,FLL,BWI,2023,7,1140,23,15,1.0,frozenset({1929}),1929,0.6521739130434783,True,2023-07,1,2827,1
B6,LGA,MSY,2023,7,1225,31,19,6.0,frozenset({2119}),2119,0.6129032258064516,True,2023-07,1,2828,2
F9,PHL,MCO,2023,7,911,18,14,1.0,"frozenset({1169, 1163, 1165})",1165,0.7777777777777778,True,2023-07,1,2829,1
NK,FLL,BOS,2023,7,1176,30,21,0.0,frozenset({616}),616,0.7,True,2023-07,2,1365,2
F9,PHL,MCO,2023,7,1167,25,19,4.0,"frozenset({1169, 1171, 1173, 1175})",1171,0.76,True,2023-07,2,941,2
B6,SJU,MCO,2023,7,947,31,20,0.0,frozenset({934}),934,0.6451612903225806,True,2023-07,2,1611,2
NK,EWR,IND,2023,7,959,27,16,6.0,frozenset({715}),715,0.5925925925925926,True,2023-07,1,2830,1
B6,MCO,BOS,2023,7,1180,26,23,4.0,frozenset({2006}),2006,0.8846153846153846,True,2023-07,1,2831,2
F9,RDU,ATL,2023,7,1344,14,11,2.0,"frozenset({897, 895})",895,0.7857142857142857,True,2023-07,2,972,2
B6,DCA,MVY,2023,7,839,14,8,0.0,frozenset({1414}),1414,0.5714285714285714,True,2023-07,1,2832,1
NK,CLT,BOS,2023,7,1140,12,10,6.0,frozenset({1167}),1167,0.8333333333333334,True,2023-07,1,2833,1
B6,MCO,JFK,2023,7,969,31,23,8.0,frozenset({2884}),2884,0.7419354838709677,True,2023-07,2,1522,3
B6,SJU,EWR,2023,7,865,24,16,3.0,frozenset({1990}),1990,0.6666666666666666,True,2023-07,1,2834,2
NK,BWI,SJU,2023,7,1350,24,14,0.0,frozenset({2331}),2331,0.5833333333333334,True,2023-07,2,983,2
B6,MCO,JFK,2023,7,1087,30,22,4.0,frozenset({884}),884,0.7333333333333333,True,2023-07,2,1659,2
NK,BWI,MIA,2023,7,1077,31,18,2.0,frozenset({1831}),1831,0.5806451612903226,True,2023-07,1,2835,1
NK,BWI,MCO,2023,7,1137,23,15,0.0,frozenset({2077}),2077,0.6521739130434783,True,2023-07,2,1026,2
B6,MCO,JFK,2023,7,1172,31,28,4.0,frozenset({1284}),1284,0.9032258064516129,True,2023-07,2,1660,4
B6,MCO,JFK,2023,7,1252,31,26,4.0,frozenset({384}),384,0.8387096774193549,True,2023-07,2,1661,5
F9,SFO,MCO,2023,7,19,20,15,1.0,"frozenset({1738, 1260, 1262})",1262,0.75,True,2023-07,1,2836,1
NK,BWI,FLL,2023,7,988,24,13,1.0,frozenset({1896}),1896,0.5416666666666666,True,2023-07,2,953,2
F9,SJU,ATL,2023,7,1070,31,17,0.0,"frozenset({4915, 2679})",2679,0.5483870967741935,True,2023-07,1,2837,1
B6,SJU,BOS,2023,7,1130,22,12,1.0,frozenset({362}),362,0.5454545454545454,True,2023-07,1,2838,2
B6,SFO,JFK,2023,7,702,31,18,2.0,frozenset({416}),416,0.5806451612903226,True,2023-07,1,2839,1
B6,SEA,JFK,2023,7,846,26,22,3.0,frozenset({64}),64,0.8461538461538461,True,2023-07,2,1541,2
B6,SAV,LGA,2023,7,1009,31,18,2.0,frozenset({2748}),2748,0.5806451612903226,True,2023-07,1,2840,1
NK,BOS,SJU,2023,7,705,26,15,0.0,frozenset({2324}),2324,0.5769230769230769,True,2023-07,2,946,3
F9,SJU,BDL,2023,7,922,23,12,0.0,frozenset({2654}),2654,0.5217391304347826,True,2023-07,1,2841,1
NK,CLT,MCO,2023,7,865,31,19,0.0,frozenset({3800}),3800,0.6129032258064516,True,2023-07,2,1016,3
NK,FLL,EWR,2023,7,780,31,16,6.0,frozenset({1215}),1215,0.5161290322580645,True,2023-07,1,2842,1
NK,CLT,MCO,2023,7,995,31,17,1.0,frozenset({1101}),1101,0.5483870967741935,True,2023-07,1,2843,1
B6,MCO,HPN,2023,7,1090,26,19,1.0,frozenset({1294}),1294,0.7307692307692307,True,2023-07,2,1655,2
B6,MCO,BOS,2023,7,1236,31,22,6.0,frozenset({1152}),1152,0.7096774193548387,True,2023-07,2,1666,2
NK,EWR,FLL,2023,7,1110,27,18,3.0,frozenset({2337}),2337,0.6666666666666666,True,2023-07,1,2844,1
NK,EWR,FLL,2023,7,1025,31,22,6.0,frozenset({1678}),1678,0.7096774193548387,True,2023-07,2,927,2
F9,SAN,MCO,2023,7,1335,22,12,4.0,"frozenset({1194, 1196})",1194,0.5454545454545454,True,2023-07,1,2845,1
F9,SEA,DEN,2023,7,1284,13,7,0.0,"frozenset({424, 422})",424,0.5384615384615384,True,2023-07,1,2846,1
B6,SJU,JFK,2023,7,1111,31,19,2.0,frozenset({2404}),2404,0.6129032258064516,True,2023-07,2,1609,3
NK,DTW,LAX,2023,7,1323,30,17,0.0,frozenset({947}),947,0.5666666666666667,True,2023-07,2,915,2
B6,MCO,BQN,2023,7,1325,31,16,2.0,frozenset({430}),430,0.5161290322580645,True,2023-07,2,1643,2
NK,DFW,MSY,2023,7,1140,12,7,0.0,frozenset({668}),668,0.5833333333333334,True,2023-07,1,2847,1
NK,DFW,MCO,2023,7,1202,27,14,2.0,frozenset({312}),312,0.5185185185185185,True,2023-07,2,891,2
NK,DFW,MCO,2023,7,1156,14,13,3.0,frozenset({391}),391,0.9285714285714286,True,2023-07,2,887,2
B6,MCO,BUF,2023,7,970,31,19,2.0,frozenset({1586}),1586,0.6129032258064516,True,2023-07,2,1645,2
NK,DFW,LAX,2023,7,1065,31,18,0.0,frozenset({1112}),1112,0.5806451612903226,True,2023-07,1,2848,1
NK,DFW,BWI,2023,7,1170,11,6,1.0,frozenset({202}),202,0.5454545454545454,True,2023-07,1,2849,1
NK,DFW,BOS,2023,7,1161,18,10,0.0,frozenset({1165}),1165,0.5555555555555556,True,2023-07,2,1000,2
B6,MCO,EWR,2023,7,1067,31,26,3.0,frozenset({828}),828,0.8387096774193549,True,2023-07,2,1649,4
B6,MCO,EWR,2023,7,1308,31,20,4.0,frozenset({2194}),2194,0.6451612903225806,True,2023-07,2,1650,2
B6,SJU,JFK,2023,7,880,31,22,4.0,frozenset({2030}),2030,0.7096774193548387,True,2023-07,2,1608,3
F9,SFO,DFW,2023,7,1136,31,16,2.0,frozenset({2710}),2710,0.5161290322580645,True,2023-07,1,2850,2
B6,SJU,FLL,2023,7,1032,31,20,0.0,frozenset({2054}),2054,0.6451612903225806,True,2023-07,2,1619,3
F9,ISP,MCO,2023,7,949,13,10,0.0,frozenset({1095}),1095,0.7692307692307693,True,2023-07,1,2851,2
B6,JFK,MSY,2023,7,894,31,20,6.0,frozenset({75}),75,0.6451612903225806,True,2023-07,1,2852,1
DL,ATL,PHL,2023,7,1310,15,9,0.0,frozenset({1476}),1476,0.6,True,2023-07,1,2853,1
DL,LGA,BOS,2023,7,1260,21,14,2.0,frozenset({1200}),1200,0.6666666666666666,True,2023-07,1,2854,1
DL,LGA,ATL,2023,7,1215,24,15,1.0,frozenset({838}),838,0.625,True,2023-07,1,2855,1
OO,ORD,JFK,2023,7,1140,31,20,6.0,frozenset({3681}),3681,0.6451612903225806,True,2023-07,1,2856,1
OO,ORD,JFK,2023,7,830,31,17,4.0,frozenset({4121}),4121,0.5483870967741935,True,2023-07,1,2857,1
DL,LAX,DEN,2023,7,942,31,18,0.0,frozenset({2004}),2004,0.5806451612903226,True,2023-07,1,2858,1
OO,LGA,MKE,2023,7,1198,24,13,5.0,frozenset({3886}),3886,0.5416666666666666,True,2023-07,1,2859,1
B6,FLL,HPN,2023,7,1230,31,19,1.0,frozenset({914}),914,0.6129032258064516,True,2023-07,1,2860,2
DL,LAX,ATL,2023,7,61,14,8,1.0,frozenset({548}),548,0.5714285714285714,True,2023-07,1,2861,1
F9,BQN,TPA,2023,7,1298,11,6,0.0,frozenset({2661}),2661,0.5454545454545454,True,2023-07,1,2862,1
F9,BDL,MCO,2023,7,1222,23,16,2.0,frozenset({1207}),1207,0.6956521739130435,True,2023-07,2,945,2
DL,JFK,SEA,2023,7,1169,31,19,0.0,frozenset({564}),564,0.6129032258064516,True,2023-07,1,2863,1
OO,JFK,ORD,2023,7,1175,31,19,8.0,frozenset({4050}),4050,0.6129032258064516,True,2023-07,1,2864,1
OO,JFK,ORD,2023,7,970,31,19,7.0,frozenset({4031}),4031,0.6129032258064516,True,2023-07,1,2865,1
OO,JFK,MKE,2023,7,1100,31,16,7.0,frozenset({3683}),3683,0.5161290322580645,True,2023-07,1,2866,1
OO,JFK,CLE,2023,7,1255,31,16,6.0,frozenset({4112}),4112,0.5161290322580645,True,2023-07,1,2867,1
F9,BWI,SJU,2023,7,1210,31,20,3.0,frozenset({4854}),4854,0.6451612903225806,True,2023-07,1,2868,1
DL,JFK,MCO,2023,7,1155,31,18,1.0,frozenset({1521}),1521,0.5806451612903226,True,2023-07,2,1841,2
OO,JFK,BNA,2023,7,1175,31,19,6.0,frozenset({4178}),4178,0.6129032258064516,True,2023-07,1,2869,1
F9,CLE,ATL,2023,7,1217,13,10,0.0,frozenset({2451}),2451,0.7692307692307693,True,2023-07,1,2870,1
F9,CLE,ATL,2023,7,1300,14,12,2.0,"frozenset({2451, 4837})",4837,0.8571428571428571,True,2023-07,2,954,2
B6,FLL,JAX,2023,7,1046,27,19,2.0,frozenset({2618}),2618,0.7037037037037037,True,2023-07,2,1765,2
F9,CLE,CLT,2023,7,1142,13,7,0.0,"frozenset({1051, 2459, 1053})",1051,0.5384615384615384,True,2023-07,1,2871,1
OO,ORD,LGA,2023,7,960,31,16,9.0,frozenset({5406}),5406,0.5161290322580645,True,2023-07,1,2872,1
OO,PIT,JFK,2023,7,1085,31,16,6.0,frozenset({4042}),4042,0.5161290322580645,True,2023-07,1,2873,1
UA,ATL,EWR,2023,7,945,26,15,3.0,frozenset({208}),208,0.5769230769230769,True,2023-07,1,2874,1
DL,LGA,TPA,2023,7,1185,29,18,2.0,frozenset({2230}),2230,0.6206896551724138,True,2023-07,1,2875,1
UA,ATL,DEN,2023,7,1096,15,11,0.0,frozenset({2216}),2216,0.7333333333333333,True,2023-07,1,2876,1
B6,FLL,BNA,2023,7,848,31,22,3.0,frozenset({181}),181,0.7096774193548387,True,2023-07,3,881,3
UA,ALB,ORD,2023,7,1038,31,16,1.0,frozenset({481}),481,0.5161290322580645,True,2023-07,1,2877,1
DL,LGA,TPA,2023,7,901,31,16,0.0,"frozenset({1636, 1573})",1636,0.5161290322580645,True,2023-07,1,2878,1
B6,FLL,BOS,2023,7,1275,31,21,1.0,frozenset({170}),170,0.6774193548387096,True,2023-07,4,451,6
OO,TUL,DEN,2023,7,1016,28,15,4.0,frozenset({5698}),5698,0.5357142857142857,True,2023-07,1,2879,1
F9,ATL,SJU,2023,7,1185,11,6,1.0,"frozenset({4826, 4828})",4826,0.5454545454545454,True,2023-07,2,957,3
DL,LGA,IAH,2023,7,860,23,12,0.0,frozenset({1151}),1151,0.5217391304347826,True,2023-07,1,2880,1
F9,ATL,SJU,2023,7,1254,16,11,2.0,"frozenset({4826, 4828})",4826,0.6875,True,2023-07,2,957,3
DL,LGA,ORD,2023,7,1230,24,15,3.0,frozenset({1233}),1233,0.625,True,2023-07,1,2881,1
DL,LGA,MSY,2023,7,1245,24,16,3.0,frozenset({1297}),1297,0.6666666666666666,True,2023-07,1,2882,1
B6,FLL,BQN,2023,7,1045,26,20,1.0,frozenset({246}),246,0.7692307692307693,True,2023-07,1,2883,1
F9,ATL,TTN,2023,7,1298,25,13,0.0,"frozenset({1580, 806})",806,0.52,True,2023-07,2,883,2
B6,FLL,CHS,2023,7,893,31,18,0.0,frozenset({1130}),1130,0.5806451612903226,True,2023-07,1,2884,1
B6,FLL,DCA,2023,7,1089,31,16,2.0,frozenset({1880}),1880,0.5161290322580645,True,2023-07,2,1787,4
DL,LGA,MIA,2023,7,1180,26,14,4.0,frozenset({958}),958,0.5384615384615384,True,2023-07,1,2885,1
DL,LGA,MCO,2023,7,1070,31,20,2.0,frozenset({1623}),1623,0.6451612903225806,True,2023-07,1,2886,1
DL,LGA,MCO,2023,7,880,31,17,0.0,frozenset({1306}),1306,0.5483870967741935,True,2023-07,1,2887,1
DL,LGA,PBI,2023,7,1165,29,16,2.0,frozenset({1280}),1280,0.5517241379310345,True,2023-07,1,2888,1
F9,ATL,SFO,2023,7,1192,23,12,3.0,"frozenset({1517, 1521, 1523, 1525, 1527})",1523,0.5217391304347826,True,2023-07,2,936,2
OO,HSV,DEN,2023,7,945,17,9,0.0,frozenset({5393}),5393,0.5294117647058824,True,2023-07,1,2889,1
F9,CLE,DEN,2023,7,1232,13,8,1.0,frozenset({33}),33,0.6153846153846154,True,2023-07,2,1007,2
F9,CLE,PHX,2023,7,1230,14,10,1.0,"frozenset({2442, 2413})",2442,0.7142857142857143,True,2023-07,2,1017,3
OO,BOS,JFK,2023,7,1020,31,20,8.0,frozenset({4047}),4047,0.6451612903225806,True,2023-07,1,2890,1
F9,CLE,TPA,2023,7,1320,18,11,3.0,"frozenset({2433, 2437, 2431})",2431,0.6111111111111112,True,2023-07,1,2891,1
DL,FLL,JFK,2023,7,930,31,16,1.0,frozenset({2457}),2457,0.5161290322580645,True,2023-07,2,1818,2
F9,CLT,CLE,2023,7,991,13,9,0.0,frozenset({2458}),2458,0.6923076923076923,True,2023-07,2,1020,2
B6,FLL,LGA,2023,7,1058,31,18,1.0,frozenset({472}),472,0.5806451612903226,True,2023-07,2,1815,3
B6,FLL,LGA,2023,7,1210,31,20,3.0,frozenset({572}),572,0.6451612903225806,True,2023-07,2,1817,3
F9,CLT,DEN,2023,7,1252,30,23,5.0,"frozenset({2315, 659})",2315,0.7666666666666667,True,2023-07,1,2892,1
F9,CLT,MCO,2023,7,1342,17,14,1.0,"frozenset({1051, 883, 1053})",883,0.8235294117647058,True,2023-07,1,2893,1
DL,GSO,ATL,2023,7,1210,14,9,3.0,frozenset({2539}),2539,0.6428571428571429,True,2023-07,1,2894,1
F9,CMH,MCO,2023,7,718,11,6,1.0,frozenset({1055}),1055,0.5454545454545454,True,2023-07,1,2895,1
OO,ABE,ORD,2023,7,1059,31,16,1.0,frozenset({5717}),5717,0.5161290322580645,True,2023-07,1,2896,1
F9,CVG,DFW,2023,7,981,11,8,0.0,frozenset({1711}),1711,0.7272727272727273,True,2023-07,1,2897,1
DL,FLL,ATL,2023,7,1128,31,18,1.0,frozenset({2229}),2229,0.5806451612903226,True,2023-07,1,2898,1
F9,CVG,MCO,2023,7,885,18,13,0.0,frozenset({1065}),1065,0.7222222222222222,True,2023-07,2,986,2
F9,CVG,RSW,2023,7,1019,27,14,5.0,frozenset({1743}),1743,0.5185185185185185,True,2023-07,1,2899,1
OH,PVD,DCA,2023,7,1191,23,13,7.0,frozenset({5459}),5459,0.5652173913043478,True,2023-07,1,2900,1
OH,PNS,CLT,2023,7,976,27,15,0.0,frozenset({5525}),5525,0.5555555555555556,True,2023-07,1,2901,1
OH,PHL,TYS,2023,7,1134,30,19,3.0,frozenset({5066}),5066,0.6333333333333333,True,2023-07,1,2902,1
DL,DTW,TPA,2023,7,1193,29,16,0.0,frozenset({1355}),1355,0.5517241379310345,True,2023-07,1,2903,1
B6,FLL,RDU,2023,7,1259,31,26,1.0,frozenset({2626}),2626,0.8387096774193549,True,2023-07,2,1850,4
OO,HDN,DEN,2023,7,920,31,17,4.0,frozenset({4716}),4716,0.5483870967741935,True,2023-07,1,2904,1
F9,CLE,MCO,2023,7,1320,17,10,1.0,"frozenset({1045, 1037})",1045,0.5882352941176471,True,2023-07,2,1014,2
F9,CLE,MCO,2023,7,864,13,10,0.0,"frozenset({1049, 1047})",1047,0.7692307692307693,True,2023-07,2,1009,2
DL,JFK,DFW,2023,7,1079,31,19,2.0,"frozenset({315, 1726})",315,0.6129032258064516,True,2023-07,1,2905,1
OO,DEN,SGF,2023,7,1220,27,14,3.0,frozenset({5742}),5742,0.5185185185185185,True,2023-07,1,2906,1
OO,DEN,SBP,2023,7,1157,31,16,4.0,frozenset({5308}),5308,0.5161290322580645,True,2023-07,1,2907,1
OO,DEN,OKC,2023,7,1237,27,16,2.0,frozenset({5664}),5664,0.5925925925925926,True,2023-07,1,2908,1
DL,JFK,ATL,2023,7,1194,31,18,1.0,frozenset({1192}),1192,0.5806451612903226,True,2023-07,1,2909,1
OO,DEN,HSV,2023,7,1043,31,17,4.0,frozenset({5626}),5626,0.5483870967741935,True,2023-07,1,2910,1
OO,DEN,DIK,2023,7,1221,27,15,3.0,frozenset({4744}),4744,0.5555555555555556,True,2023-07,1,2911,1
OO,DEN,CPR,2023,7,1040,31,16,4.0,frozenset({5299}),5299,0.5161290322580645,True,2023-07,1,2912,1
OO,DEN,COS,2023,7,985,27,17,4.0,frozenset({4686}),4686,0.6296296296296297,True,2023-07,1,2913,1
F9,CLE,MCO,2023,7,1097,10,6,2.0,"frozenset({1041, 1045, 1049, 1047})",1049,0.6,True,2023-07,1,2914,1
OO,DEN,ATW,2023,7,1045,31,17,2.0,frozenset({4639}),4639,0.5483870967741935,True,2023-07,1,2915,1
F9,CLE,LAS,2023,7,1028,25,13,1.0,frozenset({2017}),2017,0.52,True,2023-07,1,2916,2
B6,FLL,JFK,2023,7,750,31,18,4.0,frozenset({602}),602,0.5806451612903226,True,2023-07,1,2917,1
B6,FLL,JFK,2023,7,952,31,21,7.0,frozenset({2102}),2102,0.6774193548387096,True,2023-07,2,1825,2
B6,FLL,JFK,2023,7,1116,31,21,2.0,frozenset({2202}),2202,0.6774193548387096,True,2023-07,2,1855,2
DL,JAX,BOS,2023,7,735,24,15,0.0,frozenset({1451}),1451,0.625,True,2023-07,1,2918,1
B6,FLL,JFK,2023,7,1270,31,22,2.0,frozenset({1802}),1802,0.7096774193548387,True,2023-07,2,1800,5
F9,IND,MCO,2023,7,1113,13,8,2.0,frozenset({1091}),1091,0.6153846153846154,True,2023-07,1,2919,1
DL,IAD,ATL,2023,7,1205,21,11,0.0,frozenset({2902}),2902,0.5238095238095238,True,2023-07,1,2920,1
OO,CVG,ORD,2023,7,1091,29,15,2.0,frozenset({4724}),4724,0.5172413793103449,True,2023-07,1,2921,1
B6,FLL,JFK,2023,7,545,31,16,3.0,frozenset({1402}),1402,0.5161290322580645,True,2023-07,1,2922,1
UA,ATL,EWR,2023,7,1174,26,20,7.0,frozenset({2127}),2127,0.7692307692307693,True,2023-07,2,1334,2
UA,ATL,EWR,2023,7,1233,24,14,2.0,frozenset({1697}),1697,0.5833333333333334,True,2023-07,1,2923,1
DL,MCO,ATL,2023,7,1065,31,21,0.0,frozenset({1150}),1150,0.6774193548387096,True,2023-07,1,2924,1
DL,TPA,ATL,2023,7,1198,21,11,0.0,frozenset({1594}),1594,0.5238095238095238,True,2023-07,1,2925,1
DL,TPA,LGA,2023,7,1150,29,18,1.0,"frozenset({1636, 1573})",1636,0.6206896551724138,True,2023-07,1,2926,1
UA,DEN,EWR,2023,7,966,31,17,5.0,frozenset({1214}),1214,0.5483870967741935,True,2023-07,1,2927,1
DL,MIA,JFK,2023,7,1188,31,21,0.0,frozenset({1602}),1602,0.6774193548387096,True,2023-07,1,2928,1
F9,ATL,BWI,2023,7,1305,10,6,0.0,"frozenset({2548, 1564, 2550, 1566})",2548,0.6,True,2023-07,1,2929,1
F9,ATL,BWI,2023,7,1367,20,14,0.0,"frozenset({1568, 1570, 1558, 2552, 1564, 1566})",1570,0.7,True,2023-07,2,930,3
UA,DEN,EWR,2023,7,844,31,21,7.0,frozenset({1183}),1183,0.6774193548387096,True,2023-07,1,2930,1
B6,DTW,JFK,2023,7,759,31,18,3.0,frozenset({220}),220,0.5806451612903226,True,2023-07,1,2931,1
B6,DTW,JFK,2023,7,1068,31,23,7.0,frozenset({1120}),1120,0.7419354838709677,True,2023-07,1,2932,1
UA,DEN,EWR,2023,7,1068,31,19,8.0,frozenset({2613}),2613,0.6129032258064516,True,2023-07,2,1486,2
UA,DEN,EUG,2023,7,1155,31,16,2.0,frozenset({1303}),1303,0.5161290322580645,True,2023-07,2,1504,2
F9,ATL,FLL,2023,7,889,10,8,1.0,"frozenset({1368, 1362, 1360, 1358})",1362,0.8,True,2023-07,1,2933,2
UA,DEN,DSM,2023,7,1096,31,16,3.0,frozenset({465}),465,0.5161290322580645,True,2023-07,1,2934,1
UA,DEN,DRO,2023,7,1131,31,17,3.0,frozenset({529}),529,0.5483870967741935,True,2023-07,1,2935,1
B6,EWR,FLL,2023,7,890,31,16,3.0,frozenset({505}),505,0.5161290322580645,True,2023-07,2,1792,2
B6,EWR,MCO,2023,7,931,31,17,6.0,frozenset({1527}),1527,0.5483870967741935,True,2023-07,1,2936,1
UA,DEN,BUR,2023,7,1165,31,16,1.0,frozenset({464}),464,0.5161290322580645,True,2023-07,1,2937,1
UA,DEN,BOS,2023,7,1063,31,17,1.0,frozenset({1510}),1510,0.5483870967741935,True,2023-07,1,2938,1
UA,DEN,BNA,2023,7,1056,31,16,2.0,frozenset({773}),773,0.5161290322580645,True,2023-07,2,1314,2
F9,ATL,IAH,2023,7,1154,27,19,1.0,frozenset({807}),807,0.7037037037037037,True,2023-07,2,923,3
DL,MIA,BOS,2023,7,1198,30,20,1.0,frozenset({1538}),1538,0.6666666666666666,True,2023-07,2,1771,2
UA,DEN,BIL,2023,7,1150,31,17,1.0,frozenset({1009}),1009,0.5483870967741935,True,2023-07,1,2939,1
UA,DEN,FAT,2023,7,1173,31,20,0.0,frozenset({1291}),1291,0.6451612903225806,True,2023-07,1,2940,1
DL,RDU,MCO,2023,7,1076,28,20,1.0,frozenset({1078}),1078,0.7142857142857143,True,2023-07,2,902,2
B6,DCA,PBI,2023,7,1090,23,14,3.0,frozenset({1733}),1733,0.6086956521739131,True,2023-07,1,2941,1
UA,DEN,MIA,2023,7,1070,31,18,2.0,frozenset({1356}),1356,0.5806451612903226,True,2023-07,2,1477,2
B6,DEN,BOS,2023,7,676,31,20,0.0,frozenset({494}),494,0.6451612903225806,True,2023-07,1,2942,2
B6,DEN,BOS,2023,7,1390,26,16,1.0,frozenset({594}),594,0.6153846153846154,True,2023-07,2,1658,2
DL,ORD,BOS,2023,7,1225,20,12,4.0,frozenset({2346}),2346,0.6,True,2023-07,1,2943,1
DL,PBI,LGA,2023,7,1161,29,16,1.0,frozenset({1016}),1016,0.5517241379310345,True,2023-07,1,2944,1
UA,DEN,LGA,2023,7,850,31,19,3.0,frozenset({1790}),1790,0.6129032258064516,True,2023-07,1,2945,1
DL,PHL,MSP,2023,7,1127,21,11,2.0,frozenset({2405}),2405,0.5238095238095238,True,2023-07,1,2946,1
UA,DEN,LAX,2023,7,1265,31,17,1.0,frozenset({512}),512,0.5483870967741935,True,2023-07,2,1481,2
DL,MIA,LGA,2023,7,920,31,16,3.0,"frozenset({2001, 1675})",1675,0.5161290322580645,True,2023-07,1,2947,1
UA,DEN,LAX,2023,7,1150,31,16,1.0,frozenset({1368}),1368,0.5161290322580645,True,2023-07,1,2948,1
UA,DEN,LAS,2023,7,1243,27,14,1.0,frozenset({1437}),1437,0.5185185185185185,True,2023-07,1,2949,1
B6,DEN,JFK,2023,7,774,31,18,4.0,frozenset({1498}),1498,0.5806451612903226,True,2023-07,1,2950,1
UA,DEN,IAH,2023,7,1048,31,16,2.0,frozenset({593}),593,0.5161290322580645,True,2023-07,1,2951,1
B6,DEN,JFK,2023,7,1425,31,22,6.0,frozenset({98}),98,0.7096774193548387,True,2023-07,2,1851,2
UA,DEN,HNL,2023,7,980,31,19,5.0,frozenset({1805}),1805,0.6129032258064516,True,2023-07,1,2952,1
UA,DEN,GJT,2023,7,1136,31,16,4.0,frozenset({431}),431,0.5161290322580645,True,2023-07,1,2953,1
DL,MIA,LGA,2023,7,1130,26,17,3.0,frozenset({1409}),1409,0.6538461538461539,True,2023-07,2,1844,2
UA,DEN,GEG,2023,7,1175,31,18,2.0,frozenset({577}),577,0.5806451612903226,True,2023-07,2,1484,2
B6,DEN,LGA,2023,7,1035,31,21,7.0,frozenset({153}),153,0.6774193548387096,True,2023-07,1,2954,1
UA,DEN,LAX,2023,7,1040,31,19,2.0,frozenset({440}),440,0.6129032258064516,True,2023-07,1,2955,1
UA,DEN,BDL,2023,7,1058,31,17,2.0,frozenset({1081}),1081,0.5483870967741935,True,2023-07,3,867,3
DL,MIA,ATL,2023,7,1100,31,20,0.0,frozenset({1386}),1386,0.6451612903225806,True,2023-07,2,1803,2
UA,DEN,AUS,2023,7,1077,31,17,3.0,frozenset({366}),366,0.5483870967741935,True,2023-07,2,1315,2
UA,BOS,ORD,2023,7,1229,27,16,3.0,frozenset({1464}),1464,0.5925925925925926,True,2023-07,1,2956,1
UA,BOS,ORD,2023,7,1115,29,19,4.0,"frozenset({3010, 1150})",1150,0.6551724137931034,True,2023-07,1,2957,1
UA,BOS,IAH,2023,7,1056,28,17,2.0,frozenset({1103}),1103,0.6071428571428571,True,2023-07,1,2958,1
UA,BOS,IAD,2023,7,1160,31,18,2.0,frozenset({2136}),2136,0.5806451612903226,True,2023-07,1,2959,1
DL,MCO,JFK,2023,7,1195,31,22,0.0,frozenset({2129}),2129,0.7096774193548387,True,2023-07,1,2960,1
DL,MCO,JFK,2023,7,900,31,17,1.0,frozenset({1271}),1271,0.5483870967741935,True,2023-07,2,1764,2
UA,BOS,EWR,2023,7,1264,26,17,10.0,frozenset({679}),679,0.6538461538461539,True,2023-07,1,2961,1
UA,BOS,EWR,2023,7,1186,31,20,6.0,frozenset({2396}),2396,0.6451612903225806,True,2023-07,1,2962,1
UA,BOS,EWR,2023,7,1082,26,14,3.0,frozenset({716}),716,0.5384615384615384,True,2023-07,1,2963,1
UA,BOS,SFO,2023,7,1245,25,14,3.0,frozenset({2310}),2310,0.56,True,2023-07,1,2964,1
B6,FLL,ATL,2023,7,1220,31,23,2.0,frozenset({568}),568,0.7419354838709677,True,2023-07,2,1768,3
DL,MCO,BOS,2023,7,1046,21,15,0.0,"frozenset({1682, 1699})",1682,0.7142857142857143,True,2023-07,1,2965,1
F9,ATL,PHL,2023,7,1278,31,22,0.0,frozenset({2382}),2382,0.7096774193548387,True,2023-07,1,2966,1
UA,BNA,EWR,2023,7,1070,25,17,5.0,"frozenset({1307, 1686})",1307,0.68,True,2023-07,1,2967,1
UA,BNA,EWR,2023,7,743,26,15,5.0,frozenset({2160}),2160,0.5769230769230769,True,2023-07,1,2968,1
DL,MCO,ATL,2023,7,1283,14,10,1.0,frozenset({824}),824,0.7142857142857143,True,2023-07,2,1846,2
B6,FLL,BDL,2023,7,1240,31,18,0.0,frozenset({460}),460,0.5806451612903226,True,2023-07,2,1830,6
UA,BNA,DEN,2023,7,1057,28,15,3.0,frozenset({1839}),1839,0.5357142857142857,True,2023-07,2,1331,2
DL,MCO,ATL,2023,7,1218,24,16,0.0,"frozenset({1497, 1261})",1497,0.6666666666666666,True,2023-07,1,2969,1
DL,MCO,ATL,2023,7,1148,31,19,0.0,frozenset({1742}),1742,0.6129032258064516,True,2023-07,2,1826,2
DL,MCO,CVG,2023,7,1105,31,16,0.0,frozenset({1191}),1191,0.5161290322580645,True,2023-07,1,2970,1
UA,BQN,EWR,2023,7,60,31,16,6.0,frozenset({1162}),1162,0.5161290322580645,True,2023-07,2,1324,2
DL,MCO,LGA,2023,7,1149,29,18,3.0,frozenset({1306}),1306,0.6206896551724138,True,2023-07,1,2971,1
UA,BZN,DEN,2023,7,982,31,17,0.0,frozenset({436}),436,0.5483870967741935,True,2023-07,1,2972,1
UA,DEN,ATL,2023,7,1070,31,16,1.0,frozenset({1305}),1305,0.5161290322580645,True,2023-07,1,2973,1
UA,DEN,ABQ,2023,7,1250,27,15,0.0,frozenset({2121}),2121,0.5555555555555556,True,2023-07,1,2974,1
F9,ATL,LGA,2023,7,1181,18,13,2.0,frozenset({1510}),1510,0.7222222222222222,True,2023-07,2,918,2
DL,MCO,RDU,2023,7,1249,28,18,4.0,frozenset({1078}),1078,0.6428571428571429,True,2023-07,2,1796,2
B6,EWR,SJU,2023,7,1156,31,24,4.0,frozenset({1289}),1289,0.7741935483870968,True,2023-07,2,1829,2
UA,CLT,ORD,2023,7,1157,24,15,1.0,frozenset({203}),203,0.625,True,2023-07,1,2975,1
F9,ATL,MCO,2023,7,1364,31,19,1.0,frozenset({1010}),1010,0.6129032258064516,True,2023-07,2,888,2
UA,CLT,ORD,2023,7,1047,31,21,2.0,frozenset({1301}),1301,0.6774193548387096,True,2023-07,1,2976,1
UA,CLT,EWR,2023,7,1242,25,13,5.0,frozenset({522}),522,0.52,True,2023-07,2,1317,2
UA,CLT,EWR,2023,7,1076,31,20,4.0,frozenset({1747}),1747,0.6451612903225806,True,2023-07,2,1318,2
UA,CLE,ORD,2023,7,1105,29,16,0.0,frozenset({533}),533,0.5517241379310345,True,2023-07,1,2977,1
UA,CLE,EWR,2023,7,1165,19,13,3.0,"frozenset({2659, 222})",222,0.6842105263157895,True,2023-07,1,2978,1
DL,MCO,MSP,2023,7,1125,26,14,0.0,frozenset({1062}),1062,0.5384615384615384,True,2023-07,1,2979,1
UA,CLE,EWR,2023,7,976,31,17,6.0,frozenset({488}),488,0.5483870967741935,True,2023-07,1,2980,1
F9,ATL,MDW,2023,7,1348,27,18,4.0,"frozenset({1354, 1356})",1354,0.6666666666666666,True,2023-07,2,993,2
B6,EWR,TPA,2023,7,1230,31,20,5.0,frozenset({2273}),2273,0.6451612903225806,True,2023-07,2,1847,2
B6,FLL,ALB,2023,7,1095,31,19,0.0,frozenset({88}),88,0.6129032258064516,True,2023-07,3,854,4
DL,MCO,MIA,2023,7,1066,31,18,1.0,frozenset({2513}),2513,0.5806451612903226,True,2023-07,1,2981,1
UA,CHS,EWR,2023,7,1175,22,13,6.0,frozenset({292}),292,0.5909090909090909,True,2023-07,1,2982,1
UA,CHS,EWR,2023,7,772,29,17,5.0,frozenset({2297}),2297,0.5862068965517241,True,2023-07,1,2983,1
UA,BZN,EWR,2023,7,730,31,18,3.0,frozenset({2078}),2078,0.5806451612903226,True,2023-07,1,2984,1
OH,PHL,MEM,2023,7,1129,28,17,4.0,"frozenset({5449, 5274})",5274,0.6071428571428571,True,2023-07,1,2985,1
OH,PHL,MCI,2023,7,1121,27,14,2.0,frozenset({5103}),5103,0.5185185185185185,True,2023-07,1,2986,1
DL,IND,ATL,2023,7,1197,14,8,0.0,frozenset({2350}),2350,0.5714285714285714,True,2023-07,1,2987,1
NK,MSY,MCO,2023,7,895,15,9,0.0,frozenset({1267}),1267,0.6,True,2023-07,1,2988,1
B6,JFK,DTW,2023,7,900,31,20,7.0,frozenset({1019}),1019,0.6451612903225806,True,2023-07,1,2989,1
B6,JFK,DTW,2023,7,1314,31,20,6.0,frozenset({1419}),1419,0.6451612903225806,True,2023-07,2,1607,3
F9,FLL,TTN,2023,7,992,14,12,1.0,frozenset({810}),810,0.8571428571428571,True,2023-07,1,2990,1
DL,ATL,TPA,2023,7,1410,13,8,3.0,frozenset({1253}),1253,0.6153846153846154,True,2023-07,2,1795,2
B6,JFK,BTV,2023,7,1230,31,23,4.0,frozenset({234}),234,0.7419354838709677,True,2023-07,2,1615,2
B6,JAX,BOS,2023,7,1252,27,17,1.0,frozenset({310}),310,0.6296296296296297,True,2023-07,2,1582,2
F9,DFW,CLE,2023,7,1045,14,8,1.0,frozenset({2454}),2454,0.5714285714285714,True,2023-07,2,964,2
DL,CVG,BOS,2023,7,1058,23,12,1.0,frozenset({2482}),2482,0.5217391304347826,True,2023-07,1,2991,1
DL,DCA,ATL,2023,7,1025,31,18,2.0,frozenset({455}),455,0.5806451612903226,True,2023-07,1,2992,1
NK,RIC,MCO,2023,7,1107,23,16,0.0,frozenset({841}),841,0.6956521739130435,True,2023-07,2,1294,3
NK,MSY,FLL,2023,7,1297,10,7,2.0,frozenset({1527}),1527,0.7,True,2023-07,1,2993,1
DL,DCA,ATL,2023,7,1215,26,14,2.0,frozenset({875}),875,0.5384615384615384,True,2023-07,1,2994,1
B6,IAH,JFK,2023,7,742,26,16,4.0,frozenset({82}),82,0.6153846153846154,True,2023-07,1,2995,1
F9,DEN,SFO,2023,7,1369,17,12,1.0,frozenset({663}),663,0.7058823529411765,True,2023-07,1,2996,1
B6,JFK,BOS,2023,7,825,31,19,4.0,frozenset({1618}),1618,0.6129032258064516,True,2023-07,1,2997,1
NK,PHL,DTW,2023,7,1168,30,18,0.0,frozenset({3805}),3805,0.6,True,2023-07,1,2998,1
DL,BOS,LAS,2023,7,1145,13,7,0.0,frozenset({589}),589,0.5384615384615384,True,2023-07,1,2999,1
DL,DEN,LAX,2023,7,1238,22,14,0.0,frozenset({2004}),2004,0.6363636363636364,True,2023-07,1,3000,1
DL,ATL,TPA,2023,7,1319,14,9,1.0,"frozenset({8788, 1591})",1591,0.6428571428571429,True,2023-07,1,3001,1
F9,DEN,SAN,2023,7,1324,17,10,2.0,"frozenset({555, 551})",555,0.5882352941176471,True,2023-07,2,976,2
B6,HYA,JFK,2023,7,1011,31,16,8.0,frozenset({1963}),1963,0.5161290322580645,True,2023-07,1,3002,1
B6,HPN,PBI,2023,7,1110,26,16,3.0,frozenset({1267}),1267,0.6153846153846154,True,2023-07,1,3003,1
NK,MCO,SJU,2023,7,1354,28,20,0.0,"frozenset({880, 1049})",1049,0.7142857142857143,True,2023-07,2,1338,2
F9,DEN,RDU,2023,7,1157,31,18,1.0,frozenset({558}),558,0.5806451612903226,True,2023-07,1,3004,1
B6,HPN,PBI,2023,7,899,31,19,3.0,frozenset({1167}),1167,0.6129032258064516,True,2023-07,1,3005,1
B6,HPN,MCO,2023,7,1140,26,14,0.0,frozenset({495}),495,0.5384615384615384,True,2023-07,1,3006,1
B6,HPN,MCO,2023,7,836,31,18,5.0,frozenset({595}),595,0.5806451612903226,True,2023-07,1,3007,1
NK,SJU,MCO,2023,7,59,13,7,1.0,frozenset({2893}),2893,0.5384615384615384,True,2023-07,1,3008,1
NK,MIA,EWR,2023,7,1097,31,19,4.0,frozenset({3119}),3119,0.6129032258064516,True,2023-07,2,1305,2
B6,JFK,DEN,2023,7,1210,31,24,7.0,frozenset({97}),97,0.7741935483870968,True,2023-07,1,3009,1
B6,JAX,FLL,2023,7,1177,27,20,2.0,frozenset({1017}),1017,0.7407407407407407,True,2023-07,2,1580,2
DL,BNA,BOS,2023,7,1135,23,14,1.0,frozenset({1197}),1197,0.6086956521739131,True,2023-07,1,3010,1
NK,RDU,FLL,2023,7,1220,12,7,2.0,frozenset({1367}),1367,0.5833333333333334,True,2023-07,1,3011,1
DL,BOS,ORD,2023,7,1050,25,13,1.0,frozenset({2346}),2346,0.52,True,2023-07,1,3012,1
B6,JFK,BUF,2023,7,1020,31,16,6.0,frozenset({2}),2,0.5161290322580645,True,2023-07,1,3013,1
NK,PHL,MCO,2023,7,1172,18,16,1.0,frozenset({753}),753,0.8888888888888888,True,2023-07,2,1298,3
F9,DFW,ONT,2023,7,1412,14,9,0.0,"frozenset({2737, 2735})",2737,0.6428571428571429,True,2023-07,1,3014,1
OH,PHL,IND,2023,7,1142,20,14,3.0,frozenset({5096}),5096,0.7,True,2023-07,1,3015,1
DL,BOS,RDU,2023,7,1255,20,14,0.0,frozenset({1556}),1556,0.7,True,2023-07,1,3016,1
F9,DFW,MDW,2023,7,1120,11,8,0.0,frozenset({1370}),1370,0.7272727272727273,True,2023-07,1,3017,1
NK,PHL,MCO,2023,7,1040,30,16,1.0,frozenset({529}),529,0.5333333333333333,True,2023-07,1,3018,1
F9,DFW,MCO,2023,7,966,15,9,1.0,"frozenset({804, 798})",804,0.6,True,2023-07,1,3019,1
B6,JFK,ABQ,2023,7,1169,31,21,6.0,frozenset({65}),65,0.6774193548387096,True,2023-07,1,3020,1
B6,JFK,BUF,2023,7,1200,21,16,3.0,frozenset({2602}),2602,0.7619047619047619,True,2023-07,2,1612,2
DL,BOS,AUS,2023,7,1175,18,11,2.0,frozenset({1387}),1387,0.6111111111111112,True,2023-07,1,3021,1
NK,MIA,IAH,2023,7,1233,30,18,1.0,frozenset({3144}),3144,0.6,True,2023-07,2,1304,2
DL,BUF,ATL,2023,7,1114,24,13,1.0,frozenset({2050}),2050,0.5416666666666666,True,2023-07,1,3022,1
B6,JFK,BOS,2023,7,1019,31,19,6.0,frozenset({1118}),1118,0.6129032258064516,True,2023-07,1,3023,1
NK,MIA,LGA,2023,7,958,31,16,3.0,frozenset({3173}),3173,0.5161290322580645,True,2023-07,1,3024,1
NK,PIT,MCO,2023,7,1020,26,19,0.0,frozenset({637}),637,0.7307692307692307,True,2023-07,2,1296,2
B6,JFK,BNA,2023,7,1073,31,19,8.0,frozenset({1673}),1673,0.6129032258064516,True,2023-07,2,1629,2
B6,JFK,BUR,2023,7,1050,31,17,5.0,frozenset({359}),359,0.5483870967741935,True,2023-07,1,3025,1
NK,PNS,FLL,2023,7,983,13,7,0.0,frozenset({1051}),1051,0.5384615384615384,True,2023-07,1,3026,2
NK,MIA,DFW,2023,7,1235,31,18,1.0,frozenset({3163}),3163,0.5806451612903226,True,2023-07,2,1306,2
DL,BWI,ATL,2023,7,1224,14,8,0.0,frozenset({1828}),1828,0.5714285714285714,True,2023-07,2,1782,2
NK,PHL,IAH,2023,7,1062,24,13,1.0,frozenset({279}),279,0.5416666666666666,True,2023-07,1,3027,1
NK,PNS,MCO,2023,7,885,31,18,2.0,frozenset({1100}),1100,0.5806451612903226,True,2023-07,1,3028,1
NK,PNS,MCO,2023,7,1080,16,11,3.0,frozenset({621}),621,0.6875,True,2023-07,1,3029,2
F9,DFW,DEN,2023,7,1411,23,18,3.0,"frozenset({505, 507, 509})",505,0.782608695652174,True,2023-07,1,3030,2
DL,BOS,ATL,2023,7,1309,19,14,0.0,frozenset({973}),973,0.7368421052631579,True,2023-07,1,3031,1
B6,JAX,JFK,2023,7,1175,31,26,7.0,frozenset({1678}),1678,0.8387096774193549,True,2023-07,1,3032,1
DL,CHS,LGA,2023,7,1175,24,14,3.0,frozenset({1169}),1169,0.5833333333333334,True,2023-07,2,1806,2
NK,MIA,ORD,2023,7,1175,30,16,0.0,frozenset({3164}),3164,0.5333333333333333,True,2023-07,2,1303,2
F9,DFW,SJU,2023,7,1092,17,9,0.0,"frozenset({4898, 4836, 4834})",4898,0.5294117647058824,True,2023-07,1,3033,1
NK,MCO,SJU,2023,7,1285,23,18,0.0,frozenset({880}),880,0.782608695652174,True,2023-07,2,1339,3
NK,SJU,MCO,2023,7,884,30,20,0.0,frozenset({2009}),2009,0.6666666666666666,True,2023-07,2,1290,3
NK,SJU,MCO,2023,7,1248,18,13,2.0,frozenset({1042}),1042,0.7222222222222222,True,2023-07,2,1289,3
NK,ORD,FLL,2023,7,1159,23,13,0.0,frozenset({1986}),1986,0.5652173913043478,True,2023-07,2,1301,2
NK,MCO,PNS,2023,7,1004,16,9,2.0,frozenset({620}),620,0.5625,True,2023-07,1,3034,2
OH,CMH,PHL,2023,7,981,31,17,4.0,"frozenset({5641, 5211, 5213})",5211,0.5483870967741935,True,2023-07,1,3035,1
OH,DCA,CVG,2023,7,1190,31,19,3.0,frozenset({5673}),5673,0.6129032258064516,True,2023-07,1,3036,1
OH,DCA,DAY,2023,7,1185,30,17,2.0,frozenset({5131}),5131,0.5666666666666667,True,2023-07,1,3037,1
OH,DCA,MEM,2023,7,1220,25,14,4.0,frozenset({5312}),5312,0.56,True,2023-07,1,3038,1
NK,MCO,PIT,2023,7,1087,20,15,2.0,frozenset({722}),722,0.75,True,2023-07,2,1374,2
OH,DCA,MGM,2023,7,1001,24,13,4.0,frozenset({5190}),5190,0.5416666666666666,True,2023-07,1,3039,1
NK,MCO,PIT,2023,7,815,21,14,0.0,frozenset({636}),636,0.6666666666666666,True,2023-07,1,3040,1
DL,BOS,DEN,2023,7,1240,17,10,0.0,frozenset({541}),541,0.5882352941176471,True,2023-07,1,3041,1
B6,FLL,RIC,2023,7,1240,31,19,2.0,frozenset({1146}),1146,0.6129032258064516,True,2023-07,3,875,4
OH,DTW,DCA,2023,7,1042,24,13,3.0,frozenset({5407}),5407,0.5416666666666666,True,2023-07,1,3042,1
DL,DTW,MSP,2023,7,1280,21,12,1.0,frozenset({1534}),1534,0.5714285714285714,True,2023-07,1,3043,1
B6,JFK,BQN,2023,7,1348,31,24,2.0,frozenset({839}),839,0.7741935483870968,True,2023-07,2,1620,3
OH,CLT,CVG,2023,7,1220,31,16,0.0,frozenset({5134}),5134,0.5161290322580645,True,2023-07,1,3044,1
DL,BOS,CVG,2023,7,1155,19,12,1.0,frozenset({2209}),2209,0.631578947368421,True,2023-07,1,3045,1
NK,MYR,MCO,2023,7,939,23,15,0.0,"frozenset({2084, 221})",221,0.6521739130434783,True,2023-07,1,3046,1
OH,HPN,DCA,2023,7,925,25,15,4.0,frozenset({5254}),5254,0.6,True,2023-07,1,3047,1
OH,IND,DCA,2023,7,1041,25,14,2.0,frozenset({5302}),5302,0.56,True,2023-07,1,3048,1
B6,JFK,IAH,2023,7,524,26,14,4.0,frozenset({281}),281,0.5384615384615384,True,2023-07,1,3049,1
F9,DEN,CVG,2023,7,1215,31,21,2.0,"frozenset({634, 646})",646,0.6774193548387096,True,2023-07,1,3050,2
F9,FLL,CLE,2023,7,1012,14,8,1.0,frozenset({2442}),2442,0.5714285714285714,True,2023-07,1,3051,1
B6,JFK,JAX,2023,7,959,31,19,8.0,frozenset({1677}),1677,0.6129032258064516,True,2023-07,1,3052,1
DL,ATL,RDU,2023,7,1385,14,11,0.0,frozenset({2081}),2081,0.7857142857142857,True,2023-07,2,1788,2
NK,MCO,PHX,2023,7,1134,30,17,4.0,frozenset({689}),689,0.5666666666666667,True,2023-07,2,1375,2
B6,JFK,LAS,2023,7,810,26,18,3.0,frozenset({111}),111,0.6923076923076923,True,2023-07,1,3053,1
OH,MGM,DCA,2023,7,1095,24,13,4.0,frozenset({5518}),5518,0.5416666666666666,True,2023-07,1,3054,1
OH,MSY,PHL,2023,7,802,12,7,0.0,frozenset({5387}),5387,0.5833333333333334,True,2023-07,1,3055,1
OH,PHL,CVG,2023,7,1113,31,16,1.0,frozenset({5583}),5583,0.5161290322580645,True,2023-07,1,3056,1
F9,IAH,DEN,2023,7,1310,23,12,2.0,frozenset({759}),759,0.5217391304347826,True,2023-07,2,907,2
DL,BOS,BNA,2023,7,960,23,13,1.0,frozenset({1197}),1197,0.5652173913043478,True,2023-07,1,3057,1
DL,DTW,MIA,2023,7,1095,31,20,1.0,frozenset({2218}),2218,0.6451612903225806,True,2023-07,1,3058,1
F9,DFW,TPA,2023,7,1225,31,19,1.0,"frozenset({83, 2566, 103})",83,0.6129032258064516,True,2023-07,1,3059,1
DL,DTW,LAX,2023,7,1240,10,6,0.0,frozenset({674}),674,0.6,True,2023-07,2,1773,2
DL,ATL,ROC,2023,7,1364,31,17,3.0,frozenset({2472}),2472,0.5483870967741935,True,2023-07,1,3060,1
DL,DTW,BOS,2023,7,1063,19,11,1.0,frozenset({2889}),2889,0.5789473684210527,True,2023-07,1,3061,1
B6,JFK,FLL,2023,7,660,31,16,1.0,frozenset({2201}),2201,0.5161290322580645,True,2023-07,1,3062,1
NK,STT,MCO,2023,7,880,31,16,0.0,"frozenset({283, 277})",277,0.5161290322580645,True,2023-07,1,3063,1
F9,IAH,ATL,2023,7,1053,25,14,0.0,"frozenset({1580, 806})",806,0.56,True,2023-07,2,904,2
NK,ORD,MCO,2023,7,1195,14,9,0.0,frozenset({323}),323,0.6428571428571429,True,2023-07,1,3064,1
NK,MCO,SJU,2023,7,1017,18,15,2.0,frozenset({802}),802,0.8333333333333334,True,2023-07,2,1371,3
F9,DEN,ONT,2023,7,1306,13,8,0.0,"frozenset({977, 975})",975,0.6153846153846154,True,2023-07,1,3065,1
DL,ATL,SEA,2023,7,1275,31,18,0.0,frozenset({903}),903,0.5806451612903226,True,2023-07,1,3066,1
NK,MCO,SJU,2023,7,1093,22,17,2.0,frozenset({1400}),1400,0.7727272727272727,True,2023-07,2,1340,3
NK,ORD,MIA,2023,7,933,31,17,1.0,frozenset({3165}),3165,0.5483870967741935,True,2023-07,1,3067,1
DL,DFW,JFK,2023,7,732,31,16,2.0,"frozenset({1677, 534})",1677,0.5161290322580645,True,2023-07,1,3068,1
F9,DEN,PHL,2023,7,1414,17,10,4.0,"frozenset({520, 518})",518,0.5882352941176471,True,2023-07,1,3069,1
NK,SJU,MCO,2023,7,1329,22,15,2.0,frozenset({1908}),1908,0.6818181818181818,True,2023-07,2,1288,3
F9,FLL,CLE,2023,7,1101,13,7,1.0,frozenset({2442}),2442,0.5384615384615384,True,2023-07,1,3070,1
NK,MCO,SDF,2023,7,1139,27,21,1.0,frozenset({1778}),1778,0.7777777777777778,True,2023-07,2,1373,3
OH,CLT,AVL,2023,7,1094,26,14,1.0,frozenset({5288}),5288,0.5384615384615384,True,2023-07,1,3071,1
DL,BOS,MSP,2023,7,1259,19,11,0.0,frozenset({1813}),1813,0.5789473684210527,True,2023-07,1,3072,1
B6,JFK,BOS,2023,7,1165,31,25,6.0,frozenset({1718}),1718,0.8064516129032258,True,2023-07,2,1626,3
NK,TPA,SJU,2023,7,1255,20,14,1.0,frozenset({538}),538,0.7,True,2023-07,2,1286,2
B6,JFK,BOS,2023,7,1319,31,21,6.0,frozenset({318}),318,0.6774193548387096,True,2023-07,1,3073,2
OH,BDL,DCA,2023,7,1053,30,16,5.0,frozenset({5505}),5505,0.5333333333333333,True,2023-07,1,3074,1
B6,JFK,FLL,2023,7,899,31,18,2.0,frozenset({1401}),1401,0.5806451612903226,True,2023-07,2,1538,2
B6,JFK,FLL,2023,7,1002,31,22,7.0,frozenset({2901}),2901,0.7096774193548387,True,2023-07,2,1537,3
B6,JFK,FLL,2023,7,780,31,16,1.0,frozenset({1601}),1601,0.5161290322580645,True,2023-07,1,3075,1
OH,BNA,DCA,2023,7,987,31,18,3.0,frozenset({5086}),5086,0.5806451612903226,True,2023-07,1,3076,1
F9,DEN,MCO,2023,7,1397,22,12,3.0,"frozenset({680, 682})",680,0.5454545454545454,True,2023-07,2,958,3
DL,BOS,JAX,2023,7,510,31,16,1.0,frozenset({1451}),1451,0.5161290322580645,True,2023-07,1,3077,1
F9,DEN,DFW,2023,7,1176,18,12,1.0,"frozenset({504, 500})",504,0.6666666666666666,True,2023-07,1,3078,1
F9,TPA,PHL,2023,8,968,11,7,2.0,"frozenset({900, 2372, 2376, 2378, 972})",2376,0.6363636363636364,True,2023-08,1,3079,1
WN,LAS,SMF,2023,8,1185,10,7,0.0,frozenset({2322}),2322,0.7,True,2023-08,1,3080,1
AA,CLT,LAS,2023,8,1020,14,9,1.0,frozenset({1031}),1031,0.6428571428571429,True,2023-08,1,3081,1
WN,LAS,SFO,2023,8,1150,12,7,0.0,frozenset({444}),444,0.5833333333333334,True,2023-08,1,3082,1
B6,RNO,JFK,2023,8,1439,31,19,2.0,frozenset({80}),80,0.6129032258064516,True,2023-08,3,1546,3
WN,LAS,SFO,2023,8,460,12,8,0.0,"frozenset({563, 2151})",2151,0.6666666666666666,True,2023-08,1,3083,1
AA,DFW,BHM,2023,8,1273,14,9,0.0,frozenset({433}),433,0.6428571428571429,True,2023-08,1,3084,1
AA,CLT,SMF,2023,8,905,11,6,0.0,frozenset({2863}),2863,0.5454545454545454,True,2023-08,1,3085,1
AA,DFW,BOS,2023,8,970,31,16,0.0,frozenset({849}),849,0.5161290322580645,True,2023-08,2,2643,2
B6,RDU,BOS,2023,8,1255,17,12,2.0,frozenset({1484}),1484,0.7058823529411765,True,2023-08,2,2803,2
B6,RDU,BOS,2023,8,1080,22,14,0.0,frozenset({684}),684,0.6363636363636364,True,2023-08,2,2792,2
WN,PHX,LAX,2023,8,1265,14,8,3.0,"frozenset({2709, 3815})",2709,0.5714285714285714,True,2023-08,1,3086,1
AA,DFW,GRR,2023,8,892,26,14,1.0,frozenset({1576}),1576,0.5384615384615384,True,2023-08,1,3087,1
AA,DFW,GRR,2023,8,1235,12,8,0.0,frozenset({1555}),1555,0.6666666666666666,True,2023-08,1,3088,1
AA,CLT,DEN,2023,8,1110,14,9,0.0,frozenset({473}),473,0.6428571428571429,True,2023-08,2,2185,2
AA,DFW,ICT,2023,8,1278,11,6,1.0,frozenset({1676}),1676,0.5454545454545454,True,2023-08,1,3089,1
WN,LAS,LAX,2023,8,1155,14,10,0.0,"frozenset({1496, 3232, 3247})",3247,0.7142857142857143,True,2023-08,2,2654,2
AA,DFW,JAX,2023,8,1193,17,9,0.0,frozenset({1305}),1305,0.5294117647058824,True,2023-08,1,3090,1
AA,CLT,DSM,2023,8,1356,13,7,0.0,frozenset({1325}),1325,0.5384615384615384,True,2023-08,1,3091,1
AA,CLT,DEN,2023,8,1245,13,9,1.0,"frozenset({1440, 816})",816,0.6923076923076923,True,2023-08,1,3092,1
DL,ATL,RIC,2023,8,1276,11,6,2.0,frozenset({2290}),2290,0.5454545454545454,True,2023-08,1,3093,1
AA,DFW,LAS,2023,8,1003,31,19,0.0,"frozenset({2360, 1880})",1880,0.6129032258064516,True,2023-08,1,3094,1
AA,DFW,LAS,2023,8,1255,30,17,0.0,frozenset({1797}),1797,0.5666666666666667,True,2023-08,1,3095,1
F9,ISP,MCO,2023,8,1134,11,8,1.0,"frozenset({835, 1101, 1095})",1095,0.7272727272727273,True,2023-08,2,2851,2
WN,LAS,OAK,2023,8,1170,10,6,0.0,frozenset({2700}),2700,0.6,True,2023-08,1,3096,1
F9,ATL,LAS,2023,8,970,15,9,2.0,frozenset({2001}),2001,0.6,True,2023-08,1,3097,1
AA,DFW,ECP,2023,8,1117,12,7,0.0,frozenset({1794}),1794,0.5833333333333334,True,2023-08,1,3098,1
AA,DFW,DEN,2023,8,1130,31,16,2.0,frozenset({1217}),1217,0.5161290322580645,True,2023-08,3,1574,3
F9,ATL,IAH,2023,8,1153,13,8,1.0,frozenset({807}),807,0.6153846153846154,True,2023-08,3,923,3
F9,LAS,PHX,2023,8,1103,15,10,1.0,frozenset({2152}),2152,0.6666666666666666,True,2023-08,1,3099,2
B6,RIC,MCO,2023,8,1060,31,20,4.0,frozenset({969}),969,0.6451612903225806,True,2023-08,3,1548,3
AA,DFW,CID,2023,8,1313,29,15,1.0,frozenset({2394}),2394,0.5172413793103449,True,2023-08,1,3100,1
AA,CLT,IND,2023,8,1345,30,16,1.0,frozenset({1081}),1081,0.5333333333333333,True,2023-08,2,2190,2
DL,MIA,ATL,2023,8,1008,31,17,0.0,frozenset({1450}),1450,0.5483870967741935,True,2023-08,1,3101,1
F9,ATL,FLL,2023,8,860,13,8,0.0,frozenset({1362}),1362,0.6153846153846154,True,2023-08,2,2933,2
AA,DFW,CLT,2023,8,1045,31,21,2.0,frozenset({1437}),1437,0.6774193548387096,True,2023-08,1,3102,1
AA,DFW,CMH,2023,8,1252,31,16,3.0,frozenset({398}),398,0.5161290322580645,True,2023-08,2,2648,2
F9,ATL,BWI,2023,8,1367,10,8,1.0,"frozenset({1568, 1570, 1564, 1566})",1570,0.8,True,2023-08,3,930,3
F9,LAS,DEN,2023,8,1180,11,6,0.0,"frozenset({776, 768, 778})",768,0.5454545454545454,True,2023-08,1,3103,1
AA,CLT,CVG,2023,8,1092,27,14,1.0,"frozenset({2360, 1494})",2360,0.5185185185185185,True,2023-08,1,3104,1
WN,LAS,ONT,2023,8,1060,15,8,2.0,frozenset({3316}),3316,0.5333333333333333,True,2023-08,1,3105,1
F9,ATL,BWI,2023,8,1282,21,11,0.0,"frozenset({1568, 1570, 1572, 2548, 2550, 2552, 1564})",1570,0.5238095238095238,True,2023-08,3,930,3
WN,PHX,MCO,2023,8,975,10,7,0.0,frozenset({3604}),3604,0.7,True,2023-08,2,2202,2
AA,CLT,FLL,2023,8,1234,11,6,0.0,frozenset({2202}),2202,0.5454545454545454,True,2023-08,2,2184,2
AA,CLT,GSP,2023,8,1379,30,18,0.0,frozenset({2211}),2211,0.6,True,2023-08,1,3106,1
AA,BOS,LAX,2023,8,1254,14,8,0.0,frozenset({2110}),2110,0.5714285714285714,True,2023-08,1,3107,1
F9,LGA,ATL,2023,8,1370,29,17,6.0,frozenset({1513}),1513,0.5862068965517241,True,2023-08,3,897,3
F9,DEN,MCO,2023,8,1379,24,13,0.0,"frozenset({680, 682})",680,0.5416666666666666,True,2023-08,3,958,3
AA,CLT,TPA,2023,8,1015,31,18,3.0,"frozenset({1901, 503})",1901,0.5806451612903226,True,2023-08,1,3108,1
AA,CLT,TPA,2023,8,1082,31,19,4.0,"frozenset({468, 503})",503,0.6129032258064516,True,2023-08,2,2576,2
AA,CLT,TPA,2023,8,1215,31,17,3.0,frozenset({2022}),2022,0.5483870967741935,True,2023-08,3,1631,3
F9,DEN,MSP,2023,8,1305,19,10,1.0,"frozenset({481, 906, 460, 902})",460,0.5263157894736842,True,2023-08,1,3109,1
AA,CLT,TPA,2023,8,1340,30,16,4.0,frozenset({1773}),1773,0.5333333333333333,True,2023-08,2,2586,2
WN,MCO,MKE,2023,8,1340,12,7,0.0,frozenset({247}),247,0.5833333333333334,True,2023-08,1,3110,1
AA,CLT,VPS,2023,8,1039,14,8,1.0,frozenset({2909}),2909,0.5714285714285714,True,2023-08,1,3111,1
B6,SJU,TPA,2023,8,1255,31,16,6.0,frozenset({2752}),2752,0.5161290322580645,True,2023-08,3,1621,3
WN,MDW,SJC,2023,8,955,10,7,0.0,frozenset({2168}),2168,0.7,True,2023-08,2,2266,2
WN,MCO,MDW,2023,8,1170,17,10,0.0,"frozenset({3715, 1790})",1790,0.5882352941176471,True,2023-08,1,3112,1
F9,PHL,MCO,2023,8,1210,17,9,2.0,"frozenset({1169, 1171, 1173, 1181, 1175, 1149})",1175,0.5294117647058824,True,2023-08,1,3113,1
AA,CLT,RIC,2023,8,1210,11,8,2.0,frozenset({1946}),1946,0.7272727272727273,True,2023-08,2,2290,2
F9,PHL,MIA,2023,8,1061,10,6,1.0,frozenset({2327}),2327,0.6,True,2023-08,2,2818,2
B6,SJU,STT,2023,8,854,31,17,2.0,frozenset({936}),936,0.5483870967741935,True,2023-08,1,3114,1
WN,SFO,LAX,2023,8,600,10,6,0.0,frozenset({2393}),2393,0.6,True,2023-08,1,3115,1
WN,MCO,DEN,2023,8,1055,10,7,0.0,frozenset({3319}),3319,0.7,True,2023-08,2,2601,2
F9,BWI,PHX,2023,8,1047,15,9,1.0,frozenset({2987}),2987,0.6,True,2023-08,1,3116,1
WN,MCO,MDW,2023,8,1220,16,9,0.0,"frozenset({2408, 2380})",2408,0.5625,True,2023-08,2,2595,2
F9,BWI,MCO,2023,8,884,16,10,1.0,frozenset({1245}),1245,0.625,True,2023-08,1,3117,1
F9,MCO,PHL,2023,8,981,17,11,2.0,"frozenset({1160, 1146, 1168, 1170})",1168,0.6470588235294118,True,2023-08,2,2667,2
WN,MDW,PHX,2023,8,840,12,8,0.0,frozenset({2360}),2360,0.6666666666666666,True,2023-08,1,3118,1
F9,MIA,DEN,2023,8,1422,11,7,0.0,frozenset({617}),617,0.6363636363636364,True,2023-08,1,3119,1
WN,MDW,DEN,2023,8,960,10,6,0.0,frozenset({1507}),1507,0.6,True,2023-08,2,2423,2
F9,MIA,ATL,2023,8,1167,18,10,0.0,"frozenset({1570, 1515, 1564, 1517})",1517,0.5555555555555556,True,2023-08,1,3120,2
F9,DEN,CLE,2023,8,1151,14,8,0.0,"frozenset({522, 524, 1542})",524,0.5714285714285714,True,2023-08,1,3121,1
WN,SLC,PHX,2023,8,980,10,6,0.0,frozenset({978}),978,0.6,True,2023-08,1,3122,1
F9,MDW,MIA,2023,8,1180,23,12,0.0,"frozenset({2657, 2651, 2653})",2651,0.5217391304347826,True,2023-08,1,3123,1
B6,STT,SJU,2023,8,947,31,18,2.0,frozenset({435}),435,0.5806451612903226,True,2023-08,1,3124,1
F9,DEN,CVG,2023,8,1215,15,8,0.0,"frozenset({634, 646})",646,0.5333333333333333,True,2023-08,2,3050,2
F9,CLE,LAS,2023,8,1013,15,9,0.0,frozenset({2017}),2017,0.6,True,2023-08,2,2916,2
B6,TPA,HPN,2023,8,1228,26,17,4.0,frozenset({548}),548,0.6538461538461539,True,2023-08,2,2704,2
F9,CLT,LAS,2023,8,525,11,6,1.0,frozenset({2147}),2147,0.5454545454545454,True,2023-08,1,3125,1
AA,CLT,SFO,2023,8,1005,14,8,0.0,frozenset({2184}),2184,0.5714285714285714,True,2023-08,1,3126,1
WN,MDW,MHT,2023,8,1195,10,7,1.0,frozenset({1035}),1035,0.7,True,2023-08,2,2246,2
WN,MDW,MSP,2023,8,1370,12,9,0.0,"frozenset({4778, 2063})",4778,0.75,True,2023-08,1,3127,1
F9,CLE,PHX,2023,8,1320,12,8,2.0,"frozenset({2442, 1396})",2442,0.6666666666666666,True,2023-08,3,1017,3
DL,ATL,AUS,2023,8,1270,17,9,1.0,frozenset({1345}),1345,0.5294117647058824,True,2023-08,1,3128,1
WN,MDW,BOS,2023,8,970,10,6,0.0,frozenset({1651}),1651,0.6,True,2023-08,2,2583,2
F9,PHL,ATL,2023,8,1127,17,10,1.0,frozenset({2385}),2385,0.5882352941176471,True,2023-08,3,951,3
WN,MDW,MCI,2023,8,1310,15,9,0.0,frozenset({526}),526,0.6,True,2023-08,1,3129,1
WN,LAS,TUS,2023,8,995,10,6,0.0,"frozenset({715, 5678})",5678,0.6,True,2023-08,1,3130,1
F9,MCO,DFW,2023,8,1280,15,8,0.0,frozenset({801}),801,0.5333333333333333,True,2023-08,3,912,3
DL,ATL,FAY,2023,8,1396,27,18,3.0,frozenset({2026}),2026,0.6666666666666666,True,2023-08,2,2681,2
B6,SJU,DCA,2023,8,1045,31,19,0.0,frozenset({1348}),1348,0.6129032258064516,True,2023-08,1,3131,1
F9,DFW,ONT,2023,8,1392,14,9,3.0,"frozenset({2737, 1001, 2735})",2735,0.6428571428571429,True,2023-08,1,3132,3
AA,CLT,ONT,2023,8,1156,14,11,1.0,frozenset({1819}),1819,0.7857142857142857,True,2023-08,1,3133,1
B6,SJU,BOS,2023,8,1130,22,13,0.0,frozenset({362}),362,0.5909090909090909,True,2023-08,2,2838,2
B6,SJU,BOS,2023,8,910,31,17,2.0,frozenset({462}),462,0.5483870967741935,True,2023-08,1,3134,1
AA,CLT,OKC,2023,8,1290,28,16,1.0,frozenset({768}),768,0.5714285714285714,True,2023-08,2,2272,2
F9,MCO,BWI,2023,8,1106,16,9,1.0,"frozenset({1242, 1244})",1242,0.5625,True,2023-08,2,2745,2
WN,RDU,DEN,2023,8,1160,10,7,0.0,frozenset({1200}),1200,0.7,True,2023-08,2,2216,2
AA,CLT,ORD,2023,8,996,31,18,0.0,frozenset({536}),536,0.5806451612903226,True,2023-08,1,3135,1
WN,OAK,BUR,2023,8,1230,17,9,1.0,"frozenset({3640, 2055})",3640,0.5294117647058824,True,2023-08,1,3136,1
F9,MCO,ATL,2023,8,1110,17,11,1.0,"frozenset({1013, 1015})",1013,0.6470588235294118,True,2023-08,3,932,3
AA,CLT,MEM,2023,8,1265,31,16,1.0,frozenset({2948}),2948,0.5161290322580645,True,2023-08,1,3137,1
WN,PVD,TPA,2023,8,1025,10,6,0.0,frozenset({477}),477,0.6,True,2023-08,1,3138,1
AA,CLT,ATL,2023,8,1108,11,6,1.0,frozenset({443}),443,0.5454545454545454,True,2023-08,1,3139,1
AA,CLT,MCO,2023,8,990,31,16,0.0,frozenset({1682}),1682,0.5161290322580645,True,2023-08,1,3140,1
F9,ATL,MIA,2023,8,1326,11,7,0.0,frozenset({722}),722,0.6363636363636364,True,2023-08,1,3141,1
WN,LAX,SFO,2023,8,1270,14,11,0.0,"frozenset({4791, 3247})",3247,0.7857142857142857,True,2023-08,2,2635,2
AA,CLT,BOS,2023,8,1051,17,9,0.0,frozenset({1978}),1978,0.5294117647058824,True,2023-08,1,3142,1
F9,MCO,BQN,2023,8,994,12,7,0.0,frozenset({4882}),4882,0.5833333333333334,True,2023-08,1,3143,1
F9,BQN,MCO,2023,8,1217,10,6,0.0,"frozenset({4881, 4883})",4881,0.6,True,2023-08,1,3144,1
F9,MCO,CLE,2023,8,1325,21,13,0.0,"frozenset({1296, 1046})",1046,0.6190476190476191,True,2023-08,3,929,3
B6,SJU,EWR,2023,8,865,22,15,0.0,frozenset({1990}),1990,0.6818181818181818,True,2023-08,2,2834,2
F9,RDU,ATL,2023,8,1157,18,11,0.0,"frozenset({1593, 1589, 895})",1589,0.6111111111111112,True,2023-08,1,3145,1
F9,RDU,MCO,2023,8,833,11,6,0.0,frozenset({1189}),1189,0.5454545454545454,True,2023-08,1,3146,1
WN,MIA,HOU,2023,8,1130,15,8,0.0,frozenset({163}),163,0.5333333333333333,True,2023-08,1,3147,1
WN,MIA,HOU,2023,8,1165,12,7,0.0,frozenset({836}),836,0.5833333333333334,True,2023-08,2,2284,2
F9,MCO,CVG,2023,8,1332,13,9,0.0,"frozenset({1064, 1066})",1064,0.6923076923076923,True,2023-08,3,921,3
AA,DCA,BOS,2023,8,1080,18,10,0.0,frozenset({2148}),2148,0.5555555555555556,True,2023-08,1,3148,2
WN,SEA,LAS,2023,8,1130,19,12,0.0,"frozenset({3418, 4876, 5285})",5285,0.631578947368421,True,2023-08,1,3149,1
B6,SJU,JFK,2023,8,1111,30,25,2.0,frozenset({2404}),2404,0.8333333333333334,True,2023-08,3,1609,3
AA,BOS,CLT,2023,8,1139,30,16,0.0,frozenset({1449}),1449,0.5333333333333333,True,2023-08,2,2204,2
B6,SJU,JFK,2023,8,880,31,19,3.0,frozenset({2030}),2030,0.6129032258064516,True,2023-08,3,1608,3
WN,SEA,DEN,2023,8,945,10,6,0.0,frozenset({1096}),1096,0.6,True,2023-08,2,2388,2
F9,ATL,TTN,2023,8,1241,18,11,4.0,"frozenset({1122, 1124, 806, 812, 1526, 1530, 1116})",1116,0.6111111111111112,True,2023-08,1,3150,1
F9,DFW,DEN,2023,8,1411,13,8,2.0,frozenset({505}),505,0.6153846153846154,True,2023-08,2,3030,2
WN,MSP,DEN,2023,8,1125,10,6,0.0,frozenset({701}),701,0.6,True,2023-08,2,2282,2
F9,ATL,SJU,2023,8,1320,18,10,0.0,frozenset({4826}),4826,0.5555555555555556,True,2023-08,3,957,3
F9,SFO,DFW,2023,8,1136,15,8,2.0,frozenset({2710}),2710,0.5333333333333333,True,2023-08,2,2850,2
B6,SJU,FLL,2023,8,1032,31,19,0.0,frozenset({2054}),2054,0.6129032258064516,True,2023-08,3,1619,3
AA,CLT,PBI,2023,8,1123,13,9,1.0,frozenset({519}),519,0.6923076923076923,True,2023-08,2,2278,2
F9,SFO,ATL,2023,8,1408,10,8,2.0,"frozenset({1522, 1524})",1522,0.8,True,2023-08,1,3151,1
HA,HNL,PHX,2023,8,835,31,16,0.0,frozenset({36}),36,0.5161290322580645,True,2023-08,1,3152,1
WN,DEN,OKC,2023,8,1080,10,6,2.0,frozenset({445}),445,0.6,True,2023-08,2,2439,2
NK,MCO,BQN,2023,8,1005,21,14,0.0,frozenset({1899}),1899,0.6666666666666666,True,2023-08,3,1369,3
NK,FLL,IAH,2023,8,1320,17,10,0.0,frozenset({352}),352,0.5882352941176471,True,2023-08,3,1358,3
NK,SJU,MCO,2023,8,1335,16,9,0.0,frozenset({1908}),1908,0.5625,True,2023-08,3,1288,3
NK,SJU,MCO,2023,8,1275,17,13,0.0,frozenset({1042}),1042,0.7647058823529411,True,2023-08,3,1289,3
NK,SJU,MCO,2023,8,890,28,15,0.0,frozenset({2009}),2009,0.5357142857142857,True,2023-08,3,1290,3
NK,SJU,BDL,2023,8,905,10,6,1.0,frozenset({2326}),2326,0.6,True,2023-08,1,3153,1
B6,LGA,ATL,2023,8,1020,31,16,4.0,frozenset({2614}),2614,0.5161290322580645,True,2023-08,3,1761,3
NK,SEA,LAS,2023,8,1250,13,7,1.0,frozenset({1364}),1364,0.5384615384615384,True,2023-08,1,3154,1
NK,FLL,MCO,2023,8,1260,13,9,0.0,frozenset({676}),676,0.6923076923076923,True,2023-08,3,1355,3
NK,FLL,MCO,2023,8,1320,14,8,0.0,frozenset({676}),676,0.5714285714285714,True,2023-08,3,1355,3
B6,LAX,SFO,2023,8,1120,31,16,0.0,frozenset({536}),536,0.5161290322580645,True,2023-08,2,2709,2
NK,FLL,MSY,2023,8,1176,12,8,0.0,frozenset({1526}),1526,0.6666666666666666,True,2023-08,3,1354,3
B6,LAX,JFK,2023,8,1354,29,15,1.0,frozenset({124}),124,0.5172413793103449,True,2023-08,2,2707,3
AA,MCO,MIA,2023,8,1146,31,16,1.0,"frozenset({2123, 1411})",2123,0.5161290322580645,True,2023-08,1,3155,1
NK,RIC,MCO,2023,8,1199,10,7,1.0,frozenset({841}),841,0.7,True,2023-08,3,1294,3
NK,FLL,ORD,2023,8,955,21,11,0.0,frozenset({19}),19,0.5238095238095238,True,2023-08,3,1353,4
NK,FLL,PHL,2023,8,1140,23,13,0.0,frozenset({1810}),1810,0.5652173913043478,True,2023-08,3,1352,3
AA,MIA,ATL,2023,8,1189,31,19,1.0,frozenset({1006}),1006,0.6129032258064516,True,2023-08,2,1947,2
NK,FLL,PIT,2023,8,1275,31,16,0.0,frozenset({1505}),1505,0.5161290322580645,True,2023-08,1,3156,1
AA,MIA,CLT,2023,8,1307,31,16,2.0,frozenset({310}),310,0.5161290322580645,True,2023-08,1,3157,1
AA,MIA,CVG,2023,8,930,14,8,0.0,frozenset({2607}),2607,0.5714285714285714,True,2023-08,1,3158,1
NK,FLL,PNS,2023,8,860,17,11,1.0,frozenset({1050}),1050,0.6470588235294118,True,2023-08,3,1351,3
NK,FLL,RDU,2023,8,1090,21,12,0.0,frozenset({1366}),1366,0.5714285714285714,True,2023-08,2,2699,2
NK,PNS,MCO,2023,8,1090,17,10,0.0,frozenset({621}),621,0.5882352941176471,True,2023-08,2,3029,2
NK,PNS,FLL,2023,8,966,17,13,1.0,frozenset({1051}),1051,0.7647058823529411,True,2023-08,2,3026,2
NK,FLL,RIC,2023,8,1007,10,7,1.0,frozenset({1736}),1736,0.7,True,2023-08,1,3159,1
B6,LAS,JFK,2023,8,1435,31,22,0.0,frozenset({2348}),2348,0.7096774193548387,True,2023-08,2,2684,2
NK,FLL,SJU,2023,8,1080,10,7,0.0,frozenset({1524}),1524,0.7,True,2023-08,1,3160,1
B6,LAS,JFK,2023,8,1355,31,19,3.0,frozenset({1548}),1548,0.6129032258064516,True,2023-08,2,2670,2
NK,FLL,TPA,2023,8,1083,26,16,3.0,frozenset({1555}),1555,0.6153846153846154,True,2023-08,3,1350,3
NK,FLL,IAH,2023,8,987,21,12,1.0,frozenset({956}),956,0.5714285714285714,True,2023-08,3,1359,3
WN,DEN,ALB,2023,8,1050,17,11,0.0,"frozenset({571, 3396})",571,0.6470588235294118,True,2023-08,1,3161,1
WN,DEN,ALB,2023,8,1085,10,8,0.0,frozenset({3396}),3396,0.8,True,2023-08,2,2501,2
NK,FLL,EWR,2023,8,1210,31,16,0.0,frozenset({1777}),1777,0.5161290322580645,True,2023-08,3,1360,3
B6,BOS,LAX,2023,8,1082,31,19,0.0,frozenset({187}),187,0.6129032258064516,True,2023-08,2,2013,2
AA,GRR,DFW,2023,8,1149,26,14,1.0,frozenset({1576}),1576,0.5384615384615384,True,2023-08,1,3162,1
B6,FLL,JFK,2023,8,1275,31,20,2.0,frozenset({1802}),1802,0.6451612903225806,True,2023-08,3,1800,5
B6,MCO,BOS,2023,8,1120,27,14,1.0,"frozenset({1952, 2952})",2952,0.5185185185185185,True,2023-08,3,1667,3
WN,DEN,LGB,2023,8,1120,12,7,3.0,frozenset({3383}),3383,0.5833333333333334,True,2023-08,1,3163,1
AA,IND,CLT,2023,8,1188,13,7,1.0,frozenset({2462}),2462,0.5384615384615384,True,2023-08,1,3164,1
WN,DEN,LAX,2023,8,1370,12,7,0.0,frozenset({1747}),1747,0.5833333333333334,True,2023-08,2,2519,2
UA,EWR,SJU,2023,8,1199,31,19,0.0,frozenset({1543}),1543,0.6129032258064516,True,2023-08,3,1414,3
WN,DEN,IND,2023,8,1280,10,6,0.0,frozenset({697}),697,0.6,True,2023-08,2,2525,2
B6,MCO,BDL,2023,8,1225,31,18,1.0,frozenset({138}),138,0.5806451612903226,True,2023-08,3,1692,4
B6,FLL,LGA,2023,8,1064,31,16,4.0,frozenset({472}),472,0.5161290322580645,True,2023-08,3,1815,3
B6,FLL,LGA,2023,8,1210,31,16,1.0,frozenset({572}),572,0.5161290322580645,True,2023-08,3,1817,3
B6,LGA,TPA,2023,8,1199,31,16,3.0,frozenset({47}),47,0.5161290322580645,True,2023-08,3,1686,3
NK,FLL,ATL,2023,8,1105,31,22,1.0,frozenset({1078}),1078,0.7096774193548387,True,2023-08,2,2809,2
AA,MIA,IAH,2023,8,1317,17,9,1.0,frozenset({2230}),2230,0.5294117647058824,True,2023-08,1,3165,1
WN,DEN,DSM,2023,8,1050,10,6,0.0,frozenset({2150}),2150,0.6,True,2023-08,1,3166,1
B6,LGA,MSY,2023,8,1220,31,17,2.0,frozenset({2119}),2119,0.5483870967741935,True,2023-08,2,2828,2
NK,FLL,BOS,2023,8,1055,23,13,0.0,frozenset({298}),298,0.5652173913043478,True,2023-08,1,3167,2
B6,JFK,FLL,2023,8,1022,31,16,4.0,frozenset({2901}),2901,0.5161290322580645,True,2023-08,3,1537,3
AA,LAS,LAX,2023,8,1170,10,7,0.0,frozenset({1350}),1350,0.7,True,2023-08,1,3168,1
UA,IAD,BOS,2023,8,1032,31,17,0.0,frozenset({688}),688,0.5483870967741935,True,2023-08,3,1402,4
NK,FLL,CLE,2023,8,1260,22,12,1.0,frozenset({1608}),1608,0.5454545454545454,True,2023-08,1,3169,1
WN,DEN,BWI,2023,8,1010,25,15,1.0,"frozenset({792, 3103})",3103,0.6,True,2023-08,1,3170,1
NK,FLL,CLT,2023,8,1170,24,14,0.0,frozenset({981}),981,0.5833333333333334,True,2023-08,2,2825,2
WN,DEN,BOI,2023,8,930,15,9,0.0,frozenset({834}),834,0.6,True,2023-08,1,3171,1
B6,BOS,ATL,2023,8,970,30,19,1.0,frozenset({697}),697,0.6333333333333333,True,2023-08,2,2050,2
B6,FLL,RIC,2023,8,1240,31,22,1.0,frozenset({1146}),1146,0.7096774193548387,True,2023-08,4,875,4
NK,TPA,FLL,2023,8,1210,23,16,3.0,frozenset({1556}),1556,0.6956521739130435,True,2023-08,1,3172,1
WN,DEN,BHM,2023,8,935,10,6,0.0,frozenset({188}),188,0.6,True,2023-08,1,3173,1
WN,DEN,BDL,2023,8,1115,21,11,0.0,"frozenset({2754, 438, 3847})",2754,0.5238095238095238,True,2023-08,1,3174,1
B6,LGA,PBI,2023,8,1225,26,14,2.0,frozenset({1761}),1761,0.5384615384615384,True,2023-08,1,3175,1
WN,BWI,ORF,2023,8,1285,17,9,0.0,"frozenset({259, 2531})",259,0.5294117647058824,True,2023-08,1,3176,1
WN,BWI,MKE,2023,8,1285,17,9,0.0,"frozenset({653, 3255})",3255,0.5294117647058824,True,2023-08,1,3177,1
NK,IAH,FLL,2023,8,1147,17,10,1.0,frozenset({1525}),1525,0.5882352941176471,True,2023-08,1,3178,1
NK,MCO,DFW,2023,8,1330,15,10,1.0,frozenset({1015}),1015,0.6666666666666666,True,2023-08,3,1394,3
WN,BHM,HOU,2023,8,1180,12,8,0.0,"frozenset({188, 3503})",188,0.6666666666666666,True,2023-08,1,3179,1
B6,JFK,BQN,2023,8,1349,31,20,1.0,frozenset({839}),839,0.6451612903225806,True,2023-08,3,1620,3
AA,ORD,SEA,2023,8,1030,14,8,0.0,frozenset({2368}),2368,0.5714285714285714,True,2023-08,1,3180,1
NK,MCO,DTW,2023,8,945,28,15,0.0,frozenset({1617}),1617,0.5357142857142857,True,2023-08,2,2747,2
B6,JFK,ONT,2023,8,1179,31,17,2.0,frozenset({355}),355,0.5483870967741935,True,2023-08,3,1702,3
NK,MCO,SJU,2023,8,1280,22,12,0.0,frozenset({880}),880,0.5454545454545454,True,2023-08,3,1339,3
NK,MCO,SJU,2023,8,1096,16,11,0.0,frozenset({1400}),1400,0.6875,True,2023-08,3,1340,3
NK,MCO,SJU,2023,8,1039,21,17,0.0,"frozenset({880, 802})",802,0.8095238095238095,True,2023-08,3,1371,3
AA,VPS,CLT,2023,8,1140,13,7,1.0,frozenset({2909}),2909,0.5384615384615384,True,2023-08,1,3181,1
NK,MCO,SJU,2023,8,653,31,17,0.0,frozenset({2008}),2008,0.5483870967741935,True,2023-08,1,3182,1
B6,JFK,MIA,2023,8,1050,26,15,1.0,frozenset({2093}),2093,0.5769230769230769,True,2023-08,3,1710,3
WN,ATL,PHL,2023,8,1345,12,8,0.0,frozenset({3635}),3635,0.6666666666666666,True,2023-08,1,3183,1
AA,TPA,MIA,2023,8,940,29,19,3.0,frozenset({2503}),2503,0.6551724137931034,True,2023-08,1,3184,1
B6,JFK,PSE,2023,8,1379,31,18,0.0,frozenset({745}),745,0.5806451612903226,True,2023-08,3,1741,4
WN,ATL,MCI,2023,8,1225,12,7,0.0,frozenset({2058}),2058,0.5833333333333334,True,2023-08,1,3185,1
B6,JFK,DTW,2023,8,1310,31,21,2.0,frozenset({1419}),1419,0.6774193548387096,True,2023-08,3,1607,3
WN,ATL,LAS,2023,8,1165,25,14,1.0,"frozenset({3160, 3977})",3977,0.56,True,2023-08,1,3186,1
NK,MCO,SDF,2023,8,1139,22,13,1.0,frozenset({1778}),1778,0.5909090909090909,True,2023-08,3,1373,3
B6,JFK,MCO,2023,8,1305,31,17,0.0,frozenset({283}),283,0.5483870967741935,True,2023-08,3,1557,3
B6,JFK,MCO,2023,8,1005,31,17,1.0,frozenset({383}),383,0.5483870967741935,True,2023-08,3,1563,4
WN,ABQ,DEN,2023,8,870,10,6,2.0,frozenset({1979}),1979,0.6,True,2023-08,1,3187,1
NK,MCO,MSY,2023,8,1351,16,9,0.0,frozenset({555}),555,0.5625,True,2023-08,3,1381,3
NK,MCO,MYR,2023,8,796,18,11,0.0,"frozenset({2083, 220})",2083,0.6111111111111112,True,2023-08,1,3188,1
NK,MCO,PNS,2023,8,1010,17,10,0.0,frozenset({620}),620,0.5882352941176471,True,2023-08,2,3034,2
B6,JFK,LAS,2023,8,1200,31,20,0.0,frozenset({1211}),1211,0.6451612903225806,True,2023-08,2,2725,2
B6,JFK,LAS,2023,8,1079,31,20,3.0,frozenset({711}),711,0.6451612903225806,True,2023-08,2,2724,2
UA,SJU,EWR,2023,8,65,31,16,0.0,frozenset({2219}),2219,0.5161290322580645,True,2023-08,3,1101,3
NK,MCO,PHL,2023,8,945,17,11,0.0,frozenset({358}),358,0.6470588235294118,True,2023-08,2,2723,3
NK,MCO,PHL,2023,8,1226,23,13,0.0,frozenset({1212}),1212,0.5652173913043478,True,2023-08,3,1376,3
NK,MCO,LAX,2023,8,1103,31,16,0.0,frozenset({2803}),2803,0.5161290322580645,True,2023-08,3,1386,3
B6,MCO,BOS,2023,8,1180,31,17,0.0,frozenset({2006}),2006,0.5483870967741935,True,2023-08,2,2831,2
NK,MYR,MCO,2023,8,939,18,10,0.0,"frozenset({2084, 221})",2084,0.5555555555555556,True,2023-08,1,3189,1
WN,BOS,BWI,2023,8,1195,27,14,1.0,"frozenset({1652, 1125, 1991})",1991,0.5185185185185185,True,2023-08,1,3190,1
B6,ATL,BOS,2023,8,1199,30,20,2.0,frozenset({1096}),1096,0.6666666666666666,True,2023-08,2,2025,2
B6,LAS,BOS,2023,8,566,13,8,2.0,frozenset({178}),178,0.6153846153846154,True,2023-08,2,2662,3
NK,IAH,MCO,2023,8,1012,14,9,1.0,"frozenset({2909, 133, 830})",830,0.6428571428571429,True,2023-08,1,3191,1
WN,BWI,LAS,2023,8,1275,12,8,1.0,frozenset({3112}),3112,0.6666666666666666,True,2023-08,2,2005,2
WN,BWI,ISP,2023,8,1370,10,7,0.0,frozenset({792}),792,0.7,True,2023-08,2,1990,2
WN,BWI,HOU,2023,8,1130,10,7,1.0,frozenset({2923}),2923,0.7,True,2023-08,2,1992,2
WN,BWI,FLL,2023,8,965,10,7,1.0,frozenset({1737}),1737,0.7,True,2023-08,2,1994,2
WN,BWI,FLL,2023,8,925,19,10,0.0,"frozenset({482, 1035, 239})",482,0.5263157894736842,True,2023-08,1,3192,1
NK,PHL,OAK,2023,8,1018,16,10,0.0,frozenset({725}),725,0.625,True,2023-08,1,3193,1
UA,MCO,EWR,2023,8,1035,31,17,2.0,frozenset({711}),711,0.5483870967741935,True,2023-08,2,2021,2
B6,JFK,SJU,2023,8,1379,31,17,2.0,frozenset({403}),403,0.5483870967741935,True,2023-08,4,803,4
AA,MIA,LGA,2023,8,956,29,16,1.0,"frozenset({2384, 2047})",2047,0.5517241379310345,True,2023-08,1,3194,1
WN,BWI,DTW,2023,8,1290,21,14,0.0,"frozenset({4097, 5052, 3479})",4097,0.6666666666666666,True,2023-08,1,3195,1
B6,JFK,SJU,2023,8,1200,31,23,0.0,frozenset({703}),703,0.7419354838709677,True,2023-08,3,1652,3
NK,MCO,CMH,2023,8,1307,27,16,0.0,frozenset({1673}),1673,0.5925925925925926,True,2023-08,3,1396,3
NK,PHL,MCO,2023,8,1161,17,11,0.0,frozenset({753}),753,0.6470588235294118,True,2023-08,3,1298,3
B6,JFK,SJU,2023,8,810,30,22,1.0,frozenset({803}),803,0.7333333333333333,True,2023-08,1,3196,1
B6,JFK,SJU,2023,8,579,31,17,2.0,frozenset({2903}),2903,0.5483870967741935,True,2023-08,2,2711,2
AA,MIA,PHL,2023,8,1013,31,16,2.0,frozenset({2486}),2486,0.5161290322580645,True,2023-08,3,1644,4
NK,MCO,BOS,2023,8,885,17,11,1.0,"frozenset({2085, 103})",103,0.6470588235294118,True,2023-08,1,3197,1
NK,PHL,MCO,2023,8,900,22,12,0.0,"frozenset({321, 865})",321,0.5454545454545454,True,2023-08,1,3198,1
B6,ALB,MCO,2023,8,970,31,19,2.0,frozenset({119}),119,0.6129032258064516,True,2023-08,3,1630,3
NK,MCO,BOS,2023,8,1000,12,8,1.0,"frozenset({2060, 2085, 103})",2060,0.6666666666666666,True,2023-08,1,3199,1
B6,PBI,LGA,2023,8,1140,31,18,1.0,frozenset({1262}),1262,0.5806451612903226,True,2023-08,3,1576,3
NK,PHL,FLL,2023,8,1130,21,12,0.0,"frozenset({1010, 877})",1010,0.5714285714285714,True,2023-08,1,3200,1
NK,ORF,FLL,2023,8,1103,31,18,1.0,frozenset({1889}),1889,0.5806451612903226,True,2023-08,1,3201,1
B6,JFK,BOS,2023,8,1165,31,17,1.0,frozenset({1718}),1718,0.5483870967741935,True,2023-08,3,1626,3
B6,JFK,BOS,2023,8,1319,31,20,1.0,frozenset({318}),318,0.6451612903225806,True,2023-08,2,3073,2
B6,JFK,RNO,2023,8,1200,31,17,2.0,frozenset({2181}),2181,0.5483870967741935,True,2023-08,3,1734,3
WN,BOS,MDW,2023,8,1030,25,13,0.0,"frozenset({169, 2466})",169,0.52,True,2023-08,1,3202,1
B6,JFK,SJU,2023,8,1110,31,22,2.0,frozenset({1903}),1903,0.7096774193548387,True,2023-08,3,1654,3
B6,BOS,LAX,2023,8,1305,26,14,0.0,frozenset({1387}),1387,0.5384615384615384,True,2023-08,2,2036,3
B6,FLL,RDU,2023,8,1259,31,23,4.0,frozenset({2626}),2626,0.7419354838709677,True,2023-08,3,1850,4
OO,DEN,LAR,2023,8,985,31,16,0.0,frozenset({5031}),5031,0.5161290322580645,True,2023-08,1,3203,1
WN,DEN,SNA,2023,8,1120,12,8,0.0,"frozenset({2074, 2206})",2206,0.6666666666666666,True,2023-08,2,2465,2
B6,FLL,BOS,2023,8,1280,31,16,1.0,frozenset({170}),170,0.5161290322580645,True,2023-08,5,451,6
MQ,ATL,ORD,2023,8,1113,12,9,1.0,frozenset({3396}),3396,0.75,True,2023-08,1,3204,1
B6,MIA,JFK,2023,8,925,31,16,3.0,frozenset({2392}),2392,0.5161290322580645,True,2023-08,3,1707,3
B6,MCO,LGA,2023,8,1228,31,21,2.0,frozenset({998}),998,0.6774193548387096,True,2023-08,3,1738,4
AA,DFW,SLC,2023,8,1303,11,7,0.0,frozenset({2375}),2375,0.6363636363636364,True,2023-08,1,3205,1
WN,DEN,SLC,2023,8,1000,12,7,2.0,"frozenset({840, 3131})",3131,0.5833333333333334,True,2023-08,2,2471,2
WN,HOU,LAX,2023,8,1300,25,13,1.0,"frozenset({836, 1671})",1671,0.52,True,2023-08,1,3206,1
NK,AUS,MCO,2023,8,799,12,8,1.0,frozenset({1879}),1879,0.6666666666666666,True,2023-08,1,3207,1
B6,BOS,RDU,2023,8,1080,31,16,3.0,frozenset({2783}),2783,0.5161290322580645,True,2023-08,1,3208,1
NK,BOS,DFW,2023,8,1147,10,7,0.0,frozenset({1162}),1162,0.7,True,2023-08,1,3209,1
B6,FLL,BUF,2023,8,893,31,20,3.0,frozenset({2466}),2466,0.6451612903225806,True,2023-08,1,3210,1
AA,DFW,PIT,2023,8,1240,29,15,1.0,"frozenset({692, 566})",566,0.5172413793103449,True,2023-08,1,3211,1
B6,MIA,JFK,2023,8,1291,26,16,1.0,frozenset({2092}),2092,0.6153846153846154,True,2023-08,2,2802,2
WN,DEN,SFO,2023,8,1135,10,6,0.0,frozenset({2129}),2129,0.6,True,2023-08,2,2475,2
B6,FLL,DCA,2023,8,974,31,19,4.0,frozenset({24}),24,0.6129032258064516,True,2023-08,1,3212,1
B6,FLL,DCA,2023,8,1095,31,19,3.0,frozenset({1880}),1880,0.6129032258064516,True,2023-08,3,1787,4
B6,MCO,LAX,2023,8,1209,31,20,1.0,frozenset({131}),131,0.6451612903225806,True,2023-08,3,1733,3
AA,DFW,MSY,2023,8,935,30,16,1.0,frozenset({2156}),2156,0.5333333333333333,True,2023-08,3,1715,3
WN,ICT,DEN,2023,8,1265,12,7,0.0,frozenset({3499}),3499,0.5833333333333334,True,2023-08,2,2630,2
AA,DFW,SFO,2023,8,1022,31,16,0.0,frozenset({1175}),1175,0.5161290322580645,True,2023-08,1,3213,1
AA,DFW,SFO,2023,8,718,14,8,0.0,frozenset({2387}),2387,0.5714285714285714,True,2023-08,1,3214,1
B6,MCO,SJU,2023,8,1395,31,17,1.0,frozenset({2133}),2133,0.5483870967741935,True,2023-08,3,1757,3
WN,FLL,HOU,2023,8,1170,27,17,0.0,"frozenset({1737, 3227})",3227,0.6296296296296297,True,2023-08,1,3215,1
B6,MCO,SJU,2023,8,1285,16,11,0.0,frozenset({516}),516,0.6875,True,2023-08,2,2764,2
WN,FLL,MCI,2023,8,1085,10,6,0.0,frozenset({3838}),3838,0.6,True,2023-08,1,3216,1
B6,MCO,SJU,2023,8,1245,13,7,2.0,frozenset({516}),516,0.5384615384615384,True,2023-08,2,2764,2
WN,FLL,BWI,2023,8,1140,15,8,0.0,frozenset({483}),483,0.5333333333333333,True,2023-08,1,3217,1
B6,BUF,FLL,2023,8,1117,31,23,3.0,frozenset({2465}),2465,0.7419354838709677,True,2023-08,3,1809,3
MQ,LIT,ORD,2023,8,1050,13,7,1.0,"frozenset({3401, 4222})",4222,0.5384615384615384,True,2023-08,1,3218,1
B6,BOS,ROC,2023,8,1025,31,18,0.0,frozenset({713}),713,0.5806451612903226,True,2023-08,1,3219,1
AA,DFW,PHL,2023,8,948,31,17,0.0,frozenset({583}),583,0.5483870967741935,True,2023-08,2,2627,2
NK,ATL,LAS,2023,8,1300,30,17,1.0,frozenset({805}),805,0.5666666666666667,True,2023-08,3,978,3
AA,DFW,SBP,2023,8,1167,29,15,0.0,frozenset({1765}),1765,0.5172413793103449,True,2023-08,1,3220,1
B6,MIA,BOS,2023,8,1238,22,16,3.0,frozenset({1720}),1720,0.7272727272727273,True,2023-08,3,1705,3
AA,DFW,SEA,2023,8,1003,31,16,0.0,frozenset({2009}),2009,0.5161290322580645,True,2023-08,1,3221,1
B6,BOS,TPA,2023,8,871,17,11,0.0,frozenset({1191}),1191,0.6470588235294118,True,2023-08,1,3222,1
B6,MCO,RIC,2023,8,892,31,17,4.0,frozenset({270}),270,0.5483870967741935,True,2023-08,3,1747,3
B6,FLL,ATL,2023,8,1220,31,16,1.0,frozenset({568}),568,0.5161290322580645,True,2023-08,3,1768,3
B6,FLL,BDL,2023,8,1240,31,18,1.0,frozenset({460}),460,0.5806451612903226,True,2023-08,3,1830,6
B6,FLL,ALB,2023,8,1095,31,16,1.0,frozenset({88}),88,0.5161290322580645,True,2023-08,4,854,4
B6,FLL,HPN,2023,8,1135,26,17,0.0,frozenset({914}),914,0.6538461538461539,True,2023-08,2,2860,2
NK,BOS,DFW,2023,8,1215,10,6,2.0,frozenset({1162}),1162,0.6,True,2023-08,1,3223,1
NK,BOS,SJU,2023,8,665,10,6,0.0,frozenset({2324}),2324,0.6,True,2023-08,3,946,3
AA,DFW,VPS,2023,8,1298,11,6,0.0,frozenset({1201}),1201,0.5454545454545454,True,2023-08,1,3224,1
AA,DFW,MCI,2023,8,1260,14,9,0.0,frozenset({2267}),2267,0.6428571428571429,True,2023-08,3,1726,3
B6,PBI,BDL,2023,8,1121,26,15,0.0,frozenset({1142}),1142,0.5769230769230769,True,2023-08,3,1723,3
WN,LAS,DAL,2023,8,865,10,7,0.0,frozenset({974}),974,0.7,True,2023-08,1,3225,1
WN,DEN,OAK,2023,8,1255,12,8,0.0,frozenset({3307}),3307,0.6666666666666666,True,2023-08,2,2440,2
WN,DEN,ONT,2023,8,1360,12,10,0.0,frozenset({437}),437,0.8333333333333334,True,2023-08,2,2434,2
B6,MCO,JFK,2023,8,969,31,17,1.0,frozenset({2884}),2884,0.5483870967741935,True,2023-08,3,1522,3
NK,CLT,MCO,2023,8,877,27,15,0.0,frozenset({3800}),3800,0.5555555555555556,True,2023-08,3,1016,3
AA,DFW,MCO,2023,8,1246,14,9,0.0,frozenset({1336}),1336,0.6428571428571429,True,2023-08,3,1721,3
B6,DCA,FLL,2023,8,1080,31,19,1.0,frozenset({1979}),1979,0.6129032258064516,True,2023-08,2,1956,2
B6,BOS,MIA,2023,8,979,22,15,3.0,frozenset({1319}),1319,0.6818181818181818,True,2023-08,2,2156,2
NK,BOS,MCO,2023,8,1240,11,6,1.0,"frozenset({2061, 2086})",2061,0.5454545454545454,True,2023-08,1,3226,1
WN,LAS,BUR,2023,8,1130,19,11,1.0,"frozenset({3033, 2126})",3033,0.5789473684210527,True,2023-08,1,3227,1
B6,ONT,JFK,2023,8,1432,31,18,3.0,frozenset({354}),354,0.5806451612903226,True,2023-08,1,3228,1
NK,BOS,PHX,2023,8,1165,19,10,1.0,frozenset({3742}),3742,0.5263157894736842,True,2023-08,1,3229,1
WN,IND,DEN,2023,8,1290,14,10,0.0,"frozenset({1747, 437})",1747,0.7142857142857143,True,2023-08,2,2616,2
B6,DCA,BOS,2023,8,1170,21,12,1.0,frozenset({2354}),2354,0.5714285714285714,True,2023-08,2,1988,3
B6,MCO,JFK,2023,8,1175,31,16,1.0,frozenset({1284}),1284,0.5161290322580645,True,2023-08,3,1660,4
B6,MCO,EWR,2023,8,1069,31,17,0.0,frozenset({828}),828,0.5483870967741935,True,2023-08,3,1649,4
AA,DTW,DFW,2023,8,1139,11,8,0.0,frozenset({1355}),1355,0.7272727272727273,True,2023-08,1,3230,1
B6,DEN,BOS,2023,8,686,31,16,1.0,frozenset({494}),494,0.5161290322580645,True,2023-08,2,2942,2
B6,DCA,MCO,2023,8,1200,31,18,3.0,frozenset({2523}),2523,0.5806451612903226,True,2023-08,3,1775,3
AA,DFW,TPA,2023,8,1238,13,10,1.0,frozenset({1295}),1295,0.7692307692307693,True,2023-08,3,1736,3
WN,DEN,MSP,2023,8,1345,10,6,0.0,frozenset({2733}),2733,0.6,True,2023-08,2,2442,2
WN,LAS,DEN,2023,8,865,27,14,1.0,"frozenset({1428, 2836})",2836,0.5185185185185185,True,2023-08,1,3231,1
B6,DCA,BOS,2023,8,995,27,14,2.0,frozenset({1254}),1254,0.5185185185185185,True,2023-08,1,3232,2
B6,ORH,FLL,2023,8,945,31,17,1.0,frozenset({1119}),1119,0.5483870967741935,True,2023-08,3,1720,3
B6,MCO,JFK,2023,8,1255,31,19,2.0,frozenset({384}),384,0.6129032258064516,True,2023-08,3,1661,5
DL,MIA,ATL,2023,9,1177,14,10,0.0,frozenset({1328}),1328,0.7142857142857143,True,2023-09,1,3233,1
B6,JFK,AUS,2023,9,819,25,13,1.0,frozenset({1295}),1295,0.52,True,2023-09,1,3234,1
NK,MIA,ATL,2023,9,1245,14,8,1.0,frozenset({1826}),1826,0.5714285714285714,True,2023-09,1,3235,1
F9,DFW,PHX,2023,9,1409,10,7,0.0,"frozenset({2699, 2709, 2703})",2703,0.7,True,2023-09,1,3236,1
DL,BOS,ORD,2023,9,1262,18,13,1.0,frozenset({2685}),2685,0.7222222222222222,True,2023-09,1,3237,1
F9,DFW,ONT,2023,9,1353,24,18,0.0,"frozenset({2737, 1003, 2735})",2735,0.75,True,2023-09,2,3132,3
YX,ORF,LGA,2023,9,1004,21,11,5.0,frozenset({4620}),4620,0.5238095238095238,True,2023-09,1,3238,1
B6,EWR,MCO,2023,9,1259,25,15,2.0,frozenset({1827}),1827,0.6,True,2023-09,1,3239,1
B6,DEN,BOS,2023,9,700,30,17,0.0,"frozenset({394, 494})",394,0.5666666666666667,True,2023-09,1,3240,1
YX,PIT,BOS,2023,9,1087,22,12,3.0,"frozenset({5651, 5652})",5652,0.5454545454545454,True,2023-09,1,3241,1
B6,CHS,BOS,2023,9,1180,21,12,2.0,frozenset({2468}),2468,0.5714285714285714,True,2023-09,1,3242,1
DL,MIA,SLC,2023,9,1115,26,15,0.0,frozenset({1267}),1267,0.5769230769230769,True,2023-09,1,3243,1
B6,EWR,MCO,2023,9,995,25,13,3.0,frozenset({1527}),1527,0.52,True,2023-09,1,3244,1
B6,ACK,JFK,2023,9,975,25,15,4.0,frozenset({192}),192,0.6,True,2023-09,1,3245,1
B6,CLE,BOS,2023,9,1089,21,12,1.0,frozenset({640}),640,0.5714285714285714,True,2023-09,1,3246,1
B6,JFK,DTW,2023,9,1030,25,16,2.0,frozenset({1019}),1019,0.64,True,2023-09,1,3247,1
YX,LGA,BOS,2023,9,1140,22,12,2.0,"frozenset({5752, 5659})",5752,0.5454545454545454,True,2023-09,1,3248,1
B6,JFK,DCA,2023,9,795,15,9,1.0,frozenset({2487}),2487,0.6,True,2023-09,1,3249,1
B6,JFK,BUF,2023,9,1315,25,14,3.0,frozenset({102}),102,0.56,True,2023-09,1,3250,1
YX,LGA,BOS,2023,9,1080,23,12,3.0,"frozenset({5761, 5750})",5750,0.5217391304347826,True,2023-09,1,3251,1
B6,DTW,JFK,2023,9,1195,25,15,3.0,frozenset({1120}),1120,0.6,True,2023-09,1,3252,1
B6,JFK,BOS,2023,9,1379,25,18,4.0,frozenset({1318}),1318,0.72,True,2023-09,1,3253,1
F9,ATL,BWI,2023,9,1371,11,7,0.0,frozenset({1572}),1572,0.6363636363636364,True,2023-09,1,3254,1
B6,DCA,BOS,2023,9,870,25,13,1.0,frozenset({2554}),2554,0.52,True,2023-09,1,3255,1
B6,DCA,BOS,2023,9,930,21,14,1.0,frozenset({1254}),1254,0.6666666666666666,True,2023-09,2,3232,2
DL,BOS,AUS,2023,9,1050,22,12,1.0,frozenset({2663}),2663,0.5454545454545454,True,2023-09,1,3256,1
DL,MIA,JFK,2023,9,1140,26,14,2.0,frozenset({2832}),2832,0.5384615384615384,True,2023-09,1,3257,1
DL,MIA,BOS,2023,9,1230,26,14,1.0,"frozenset({2284, 983})",983,0.5384615384615384,True,2023-09,1,3258,1
DL,BOS,MIA,2023,9,950,24,18,0.0,frozenset({983}),983,0.75,True,2023-09,1,3259,1
YX,LGA,PIT,2023,9,1106,11,6,4.0,"frozenset({5665, 5796})",5796,0.5454545454545454,True,2023-09,1,3260,1
B6,DCA,BOS,2023,9,1170,29,17,4.0,frozenset({2354}),2354,0.5862068965517241,True,2023-09,3,1988,3
B6,JFK,BOS,2023,9,942,24,15,3.0,frozenset({1118}),1118,0.625,True,2023-09,1,3261,1
B6,DEN,LGA,2023,9,1030,13,7,1.0,frozenset({153}),153,0.5384615384615384,True,2023-09,1,3262,1
B6,JFK,BOS,2023,9,822,21,11,1.0,"frozenset({1618, 1518})",1518,0.5238095238095238,True,2023-09,1,3263,1
DL,BOS,CVG,2023,9,1184,24,13,2.0,frozenset({2209}),2209,0.5416666666666666,True,2023-09,1,3264,1
YX,JFK,BOS,2023,9,1020,11,7,3.0,frozenset({5602}),5602,0.6363636363636364,True,2023-09,1,3265,1
YX,JFK,BOS,2023,9,982,11,7,3.0,frozenset({4269}),4269,0.6363636363636364,True,2023-09,1,3266,1
WN,PSP,LAS,2023,9,1000,11,6,0.0,frozenset({3192}),3192,0.5454545454545454,True,2023-09,1,3267,1
WN,PHX,LAS,2023,9,990,15,8,0.0,"frozenset({1522, 2845, 901, 3087})",2845,0.5333333333333333,True,2023-09,1,3268,1
B6,CLT,BOS,2023,9,951,25,14,1.0,frozenset({1246}),1246,0.56,True,2023-09,1,3269,1
DL,MSP,JFK,2023,9,882,26,15,2.0,frozenset({540}),540,0.5769230769230769,True,2023-09,1,3270,1
DL,BOS,MCI,2023,9,1110,22,14,1.0,frozenset({1743}),1743,0.6363636363636364,True,2023-09,1,3271,1
B6,DCA,BOS,2023,9,1110,29,18,1.0,frozenset({2754}),2754,0.6206896551724138,True,2023-09,1,3272,1
B6,EWR,MIA,2023,9,1003,25,13,2.0,frozenset({2295}),2295,0.52,True,2023-09,1,3273,1
F9,DFW,DEN,2023,9,1327,10,6,0.0,"frozenset({507, 1503})",507,0.6,True,2023-09,1,3274,1
B6,BWI,BOS,2023,9,1125,30,16,2.0,frozenset({1026}),1026,0.5333333333333333,True,2023-09,1,3275,1
9E,LGA,SAV,2023,9,1154,10,6,2.0,"frozenset({5395, 5165})",5165,0.6,True,2023-09,1,3276,1
F9,BDL,SJU,2023,9,593,15,8,0.0,frozenset({4821}),4821,0.5333333333333333,True,2023-09,1,3277,1
OO,ORD,JFK,2023,9,1134,30,16,5.0,"frozenset({3848, 3681})",3848,0.5333333333333333,True,2023-09,1,3278,1
OO,ORD,GRB,2023,9,680,14,8,0.0,"frozenset({5715, 5797})",5797,0.5714285714285714,True,2023-09,1,3279,1
B6,BOS,BNA,2023,9,1105,25,15,0.0,frozenset({1807}),1807,0.6,True,2023-09,1,3280,1
B6,BOS,BUF,2023,9,1120,25,16,2.0,frozenset({1115}),1115,0.64,True,2023-09,1,3281,1
B6,BOS,CHS,2023,9,994,25,14,2.0,frozenset({2467}),2467,0.56,True,2023-09,1,3282,1
B6,BOS,ORD,2023,9,1055,25,16,1.0,frozenset({811}),811,0.64,True,2023-09,1,3283,2
B6,BOS,CLE,2023,9,1145,25,14,0.0,frozenset({541}),541,0.56,True,2023-09,1,3284,1
B6,BOS,CLT,2023,9,1166,21,11,3.0,frozenset({1745}),1745,0.5238095238095238,True,2023-09,1,3285,1
9E,LGA,IND,2023,9,1140,10,6,3.0,"frozenset({4998, 5183})",5183,0.6,True,2023-09,1,3286,1
UA,IAD,BOS,2023,9,1025,30,16,2.0,frozenset({688}),688,0.5333333333333333,True,2023-09,4,1402,4
B6,BOS,DTW,2023,9,1266,25,13,0.0,frozenset({1237}),1237,0.52,True,2023-09,1,3287,1
B6,FLL,JAX,2023,9,1060,25,16,1.0,frozenset({2618}),2618,0.64,True,2023-09,1,3288,1
B6,FLL,RDU,2023,9,1259,30,18,1.0,frozenset({2626}),2626,0.6,True,2023-09,4,1850,4
B6,BOS,MCO,2023,9,1194,21,12,1.0,frozenset({451}),451,0.5714285714285714,True,2023-09,1,3289,1
B6,BOS,FLL,2023,9,1041,21,16,1.0,frozenset({2469}),2469,0.7619047619047619,True,2023-09,1,3290,1
9E,JFK,CLE,2023,9,850,11,7,4.0,frozenset({5030}),5030,0.6363636363636364,True,2023-09,1,3291,1
F9,CLE,FLL,2023,9,1319,15,9,0.0,frozenset({2443}),2443,0.6,True,2023-09,1,3292,1
WN,TPA,DEN,2023,9,925,11,6,0.0,frozenset({1926}),1926,0.5454545454545454,True,2023-09,1,3293,1
B6,FLL,JFK,2023,9,981,30,16,3.0,frozenset({2102}),2102,0.5333333333333333,True,2023-09,1,3294,1
DL,JFK,LAX,2023,9,1320,20,11,0.0,frozenset({308}),308,0.55,True,2023-09,1,3295,1
B6,BOS,LGA,2023,9,960,30,16,2.0,"frozenset({731, 1031})",1031,0.5333333333333333,True,2023-09,1,3296,1
B6,BOS,PHL,2023,9,850,19,10,0.0,frozenset({2259}),2259,0.5263157894736842,True,2023-09,1,3297,1
B6,FLL,JFK,2023,9,1275,30,19,0.0,frozenset({1802}),1802,0.6333333333333333,True,2023-09,4,1800,5
B6,BOS,JFK,2023,9,1058,23,12,2.0,"frozenset({517, 317})",317,0.5217391304347826,True,2023-09,1,3298,1
B6,BOS,LGA,2023,9,1080,25,13,3.0,frozenset({1331}),1331,0.52,True,2023-09,1,3299,1
9E,ILM,LGA,2023,9,1149,12,7,5.0,"frozenset({5202, 5046})",5202,0.5833333333333334,True,2023-09,1,3300,1
WN,STL,BOS,2023,9,1005,11,9,0.0,frozenset({3011}),3011,0.8181818181818182,True,2023-09,1,3301,1
WN,STL,BOS,2023,9,875,11,7,0.0,"frozenset({402, 1742})",1742,0.6363636363636364,True,2023-09,1,3302,1
OO,JFK,BNA,2023,9,1114,26,15,6.0,"frozenset({3921, 4131})",4131,0.5769230769230769,True,2023-09,1,3303,1
B6,BOS,JFK,2023,9,1240,30,17,4.0,"frozenset({617, 2017})",2017,0.5666666666666667,True,2023-09,1,3304,1
DL,LGA,DFW,2023,9,1169,24,13,2.0,frozenset({636}),636,0.5416666666666666,True,2023-09,1,3305,1
B6,BOS,PHL,2023,9,1199,14,11,2.0,frozenset({2459}),2459,0.7857142857142857,True,2023-09,1,3306,1
B6,FLL,DCA,2023,9,1109,30,17,1.0,frozenset({1880}),1880,0.5666666666666667,True,2023-09,4,1787,4
B6,BOS,RSW,2023,9,792,30,16,1.0,"frozenset({2065, 165})",165,0.5333333333333333,True,2023-09,1,3307,1
B6,FLL,BDL,2023,9,1230,30,16,1.0,frozenset({460}),460,0.5333333333333333,True,2023-09,4,1830,6
B6,BOS,SFO,2023,9,1150,24,14,0.0,frozenset({33}),33,0.5833333333333334,True,2023-09,1,3308,1
B6,BOS,LAX,2023,9,1305,19,11,0.0,frozenset({1387}),1387,0.5789473684210527,True,2023-09,3,2036,3
UA,BOS,EWR,2023,9,1069,26,14,3.0,frozenset({716}),716,0.5384615384615384,True,2023-09,1,3309,1
DL,CHS,BOS,2023,9,985,25,13,1.0,frozenset({788}),788,0.52,True,2023-09,1,3310,1
AA,AUS,PHL,2023,9,787,30,17,0.0,frozenset({346}),346,0.5666666666666667,True,2023-09,1,3311,1
F9,ATL,MIA,2023,9,1047,14,8,0.0,"frozenset({722, 1514})",1514,0.5714285714285714,True,2023-09,1,3312,1
B6,JAX,JFK,2023,9,1129,15,9,1.0,frozenset({1678}),1678,0.6,True,2023-09,1,3313,1
B6,JFK,ABQ,2023,9,1210,26,14,0.0,frozenset({65}),65,0.5384615384615384,True,2023-09,1,3314,1
B6,JFK,ACK,2023,9,872,25,14,4.0,frozenset({2291}),2291,0.56,True,2023-09,1,3315,1
B6,JFK,ATL,2023,9,874,11,6,0.0,frozenset({1719}),1719,0.5454545454545454,True,2023-09,1,3316,1
B6,BUF,JFK,2023,9,993,25,13,3.0,frozenset({2601}),2601,0.52,True,2023-09,1,3317,1
B6,BUF,JFK,2023,9,1259,22,16,1.0,frozenset({201}),201,0.7272727272727273,True,2023-09,1,3318,1
B6,ATL,JFK,2023,9,891,25,13,0.0,frozenset({720}),720,0.52,True,2023-09,1,3319,1
UA,EWR,BOS,2023,9,1020,29,16,3.0,"frozenset({1261, 341})",341,0.5517241379310345,True,2023-09,1,3320,1
B6,JAX,FLL,2023,9,1185,25,17,2.0,frozenset({1017}),1017,0.68,True,2023-09,1,3321,1
UA,EWR,LAX,2023,9,1230,25,13,0.0,frozenset({2112}),2112,0.52,True,2023-09,1,3322,1
B6,BOS,PIT,2023,9,1070,26,16,3.0,frozenset({2185}),2185,0.6153846153846154,True,2023-09,1,3323,1
B6,BNA,BOS,2023,9,920,21,11,0.0,frozenset({206}),206,0.5238095238095238,True,2023-09,1,3324,1
B6,FLL,BOS,2023,9,1300,29,22,1.0,frozenset({170}),170,0.7586206896551724,True,2023-09,6,451,6
DL,LGA,MSY,2023,9,1129,20,11,2.0,frozenset({1297}),1297,0.55,True,2023-09,1,3325,1
WN,SFO,LAS,2023,9,1280,16,10,0.0,"frozenset({994, 3427, 2357})",2357,0.625,True,2023-09,1,3326,1
NK,SDF,MCO,2023,9,470,29,15,0.0,frozenset({693}),693,0.5172413793103449,True,2023-09,1,3327,1
WN,SEA,DEN,2023,9,840,14,8,0.0,"frozenset({1457, 2380})",2380,0.5714285714285714,True,2023-09,1,3328,1
B6,BDL,MCO,2023,9,995,25,16,2.0,frozenset({37}),37,0.64,True,2023-09,1,3329,1
WN,SEA,SJC,2023,9,840,11,6,0.0,"frozenset({468, 383})",468,0.5454545454545454,True,2023-09,1,3330,1
B6,BOS,RDU,2023,9,660,21,11,5.0,frozenset({2883}),2883,0.5238095238095238,True,2023-09,1,3331,1
WN,SEA,LAS,2023,9,805,12,9,0.0,"frozenset({164, 1540})",1540,0.75,True,2023-09,1,3332,1
B6,AUS,BOS,2023,9,1115,25,16,3.0,frozenset({1238}),1238,0.64,True,2023-09,1,3333,1
B6,BOS,RDU,2023,9,1185,24,14,2.0,"frozenset({783, 983})",783,0.5833333333333334,True,2023-09,1,3334,1
WN,SEA,DEN,2023,9,1015,11,7,0.0,frozenset({3383}),3383,0.6363636363636364,True,2023-09,1,3335,1
B6,AUS,JFK,2023,9,1050,25,16,2.0,frozenset({694}),694,0.64,True,2023-09,1,3336,1
UA,SFO,BOS,2023,9,645,25,13,1.0,frozenset({549}),549,0.52,True,2023-09,1,3337,1
WN,LAS,DEN,2023,9,1125,14,8,1.0,"frozenset({200, 5484, 2846})",5484,0.5714285714285714,True,2023-09,1,3338,1
NK,MCO,PHL,2023,9,963,21,12,1.0,"frozenset({864, 358})",358,0.5714285714285714,True,2023-09,3,2723,3
B6,MCO,EWR,2023,9,1029,25,14,1.0,frozenset({128}),128,0.56,True,2023-09,1,3339,1
B6,MCO,EWR,2023,9,1250,25,13,1.0,frozenset({828}),828,0.52,True,2023-09,4,1649,4
WN,MCI,LAX,2023,9,1060,11,7,0.0,frozenset({239}),239,0.6363636363636364,True,2023-09,1,3340,1
WN,DEN,PHX,2023,9,1100,15,10,1.0,"frozenset({2731, 1709, 3958})",2731,0.6666666666666666,True,2023-09,1,3341,1
B6,SEA,JFK,2023,9,1375,30,20,2.0,frozenset({264}),264,0.6666666666666666,True,2023-09,1,3342,1
B6,MCO,JFK,2023,9,1105,25,17,2.0,frozenset({884}),884,0.68,True,2023-09,1,3343,1
B6,MCO,JFK,2023,9,1170,30,20,2.0,frozenset({1284}),1284,0.6666666666666666,True,2023-09,4,1660,4
NK,BOS,MCO,2023,9,1231,27,14,2.0,"frozenset({2061, 2086, 2807})",2807,0.5185185185185185,True,2023-09,1,3344,1
WN,DEN,SDF,2023,9,1110,17,9,0.0,"frozenset({649, 2146, 2065})",649,0.5294117647058824,True,2023-09,1,3345,1
B6,MCO,JFK,2023,9,1269,25,19,2.0,frozenset({384}),384,0.76,True,2023-09,4,1661,5
B6,SAV,BOS,2023,9,905,21,12,1.0,frozenset({250}),250,0.5714285714285714,True,2023-09,1,3346,1
F9,SJU,PHL,2023,9,893,17,9,1.0,"frozenset({2683, 2663})",2663,0.5294117647058824,True,2023-09,1,3347,1
NK,BOS,FLL,2023,9,1198,14,9,1.0,"frozenset({106, 299})",299,0.6428571428571429,True,2023-09,1,3348,1
B6,SAT,BOS,2023,9,740,25,13,2.0,frozenset({1566}),1566,0.52,True,2023-09,1,3349,1
B6,SAN,JFK,2023,9,1249,25,14,3.0,frozenset({1190}),1190,0.56,True,2023-09,1,3350,1
WN,MCO,BHM,2023,9,1040,19,10,0.0,"frozenset({1417, 2010})",2010,0.5263157894736842,True,2023-09,1,3351,1
AA,DCA,BOS,2023,9,1080,29,17,1.0,frozenset({2148}),2148,0.5862068965517241,True,2023-09,2,3148,2
B6,MCO,BOS,2023,9,1235,19,10,0.0,"frozenset({1152, 2652})",2652,0.5263157894736842,True,2023-09,1,3352,1
NK,EWR,AUS,2023,9,982,14,9,2.0,frozenset({2118}),2118,0.6428571428571429,True,2023-09,1,3353,1
F9,PHL,CLT,2023,9,1154,11,6,0.0,"frozenset({2315, 2317})",2315,0.5454545454545454,True,2023-09,1,3354,1
WN,DEN,BOS,2023,9,725,19,10,0.0,frozenset({3650}),3650,0.5263157894736842,True,2023-09,1,3355,1
WN,MCO,MSY,2023,9,1060,22,12,0.0,"frozenset({2430, 3741, 1318})",1318,0.5454545454545454,True,2023-09,1,3356,1
WN,DEN,CMH,2023,9,1205,12,9,0.0,"frozenset({2953, 2717})",2717,0.75,True,2023-09,1,3357,1
WN,DEN,COS,2023,9,1335,17,9,0.0,"frozenset({3024, 5041, 404, 5484})",5484,0.5294117647058824,True,2023-09,1,3358,1
B6,LGA,MCO,2023,9,1170,14,8,3.0,frozenset({1799}),1799,0.5714285714285714,True,2023-09,1,3359,1
NK,FLL,BOS,2023,9,1182,11,6,1.0,frozenset({616}),616,0.5454545454545454,True,2023-09,1,3360,1
B6,SAN,BOS,2023,9,799,25,14,0.0,frozenset({620}),620,0.56,True,2023-09,1,3361,1
NK,FLL,BOS,2023,9,945,18,13,0.0,frozenset({298}),298,0.7222222222222222,True,2023-09,2,3167,2
WN,MCO,DEN,2023,9,1175,20,11,0.0,"frozenset({1723, 1467, 404, 2693})",404,0.55,True,2023-09,1,3362,1
B6,SJU,MCO,2023,9,1180,25,13,1.0,frozenset({1134}),1134,0.52,True,2023-09,1,3363,1
B6,MCO,BDL,2023,9,1215,30,16,2.0,frozenset({138}),138,0.5333333333333333,True,2023-09,4,1692,4
NK,EWR,MCO,2023,9,1079,14,8,2.0,frozenset({1399}),1399,0.5714285714285714,True,2023-09,1,3364,1
NK,EWR,FLL,2023,9,1080,14,8,2.0,frozenset({2337}),2337,0.5714285714285714,True,2023-09,1,3365,1
B6,MCO,BOS,2023,9,1020,25,16,1.0,frozenset({2052}),2052,0.64,True,2023-09,1,3366,1
B6,MCO,BOS,2023,9,1170,30,19,1.0,"frozenset({1152, 2006})",1152,0.6333333333333333,True,2023-09,1,3367,1
B6,LGA,MSY,2023,9,885,10,7,0.0,frozenset({1919}),1919,0.7,True,2023-09,1,3368,1
WN,LAX,SJC,2023,9,1050,11,6,0.0,frozenset({901}),901,0.5454545454545454,True,2023-09,1,3369,1
B6,RSW,JFK,2023,9,1077,12,9,1.0,frozenset({130}),130,0.75,True,2023-09,1,3370,1
WN,LAX,LAS,2023,9,1265,14,8,0.0,"frozenset({2544, 2251})",2251,0.5714285714285714,True,2023-09,1,3371,1
B6,MIA,JFK,2023,9,1077,13,11,0.0,frozenset({2892}),2892,0.8461538461538461,True,2023-09,1,3372,1
B6,MIA,JFK,2023,9,1139,12,10,2.0,frozenset({2892}),2892,0.8333333333333334,True,2023-09,1,3373,1
B6,MIA,LAX,2023,9,1197,30,19,1.0,frozenset({2886}),2886,0.6333333333333333,True,2023-09,1,3374,1
B6,MKE,BOS,2023,9,1000,30,17,1.0,frozenset({2230}),2230,0.5666666666666667,True,2023-09,1,3375,1
B6,MSY,LGA,2023,9,1075,10,7,1.0,frozenset({1920}),1920,0.7,True,2023-09,1,3376,1
WN,LAS,MAF,2023,9,1075,12,7,0.0,"frozenset({1437, 4975})",1437,0.5833333333333334,True,2023-09,1,3377,1
B6,PWM,JFK,2023,9,1230,10,8,4.0,frozenset({307}),307,0.8,True,2023-09,1,3378,1
WN,LAS,MSY,2023,9,1135,11,7,0.0,frozenset({3692}),3692,0.6363636363636364,True,2023-09,1,3379,1
B6,MVY,DCA,2023,9,935,10,6,2.0,frozenset({1413}),1413,0.6,True,2023-09,1,3380,1
B6,ORD,BOS,2023,9,1230,25,16,2.0,frozenset({1012}),1012,0.64,True,2023-09,1,3381,2
B6,ORD,JFK,2023,9,1062,14,8,0.0,frozenset({1106}),1106,0.5714285714285714,True,2023-09,1,3382,1
WN,LAS,AUS,2023,9,995,15,8,0.0,"frozenset({4722, 1522, 3733})",1522,0.5333333333333333,True,2023-09,1,3383,1
B6,PIT,BOS,2023,9,920,25,14,1.0,frozenset({1386}),1386,0.56,True,2023-09,1,3384,1
B6,PHL,BOS,2023,9,985,19,15,1.0,frozenset({2460}),2460,0.7894736842105263,True,2023-09,1,3385,1
B6,PBI,JFK,2023,9,1127,25,16,4.0,frozenset({54}),54,0.64,True,2023-09,1,3386,2
B6,PDX,JFK,2023,9,1438,30,16,0.0,frozenset({1006}),1006,0.5333333333333333,True,2023-09,1,3387,1
WN,LAS,LAX,2023,9,1015,25,14,0.0,"frozenset({3170, 3464, 1484, 3218, 3678})",3678,0.56,True,2023-09,1,3388,1
B6,LGA,FLL,2023,9,1225,21,12,3.0,frozenset({471}),471,0.5714285714285714,True,2023-09,1,3389,1
B6,RDU,BOS,2023,9,834,21,14,4.0,frozenset({2484}),2484,0.6666666666666666,True,2023-09,1,3390,1
AA,DFW,DSM,2023,9,1313,17,11,1.0,frozenset({1371}),1371,0.6470588235294118,True,2023-09,1,3391,1
NK,BNA,MIA,2023,9,992,14,9,2.0,frozenset({3142}),3142,0.6428571428571429,True,2023-09,1,3392,1
B6,RSW,BOS,2023,9,1064,30,21,2.0,"frozenset({2066, 166})",166,0.7,True,2023-09,1,3393,1
B6,MCO,LGA,2023,9,1225,26,14,1.0,frozenset({998}),998,0.5384615384615384,True,2023-09,4,1738,4
B6,ROC,JFK,2023,9,972,25,14,4.0,frozenset({485}),485,0.56,True,2023-09,1,3394,1
B6,ROC,BOS,2023,9,910,25,13,2.0,frozenset({712}),712,0.52,True,2023-09,1,3395,1
NK,AUS,FLL,2023,9,1217,14,9,2.0,frozenset({512}),512,0.6428571428571429,True,2023-09,1,3396,1
WN,LAS,SFO,2023,9,1140,14,9,0.0,"frozenset({2466, 1195})",2466,0.6428571428571429,True,2023-09,1,3397,1
AA,DFW,OKC,2023,9,1139,11,6,0.0,"frozenset({1316, 2791, 2734, 219, 2815})",2734,0.5454545454545454,True,2023-09,1,3398,1
NK,AUS,EWR,2023,9,735,14,8,1.0,frozenset({2308}),2308,0.5714285714285714,True,2023-09,1,3399,1
WN,LAS,SAN,2023,9,1115,11,7,0.0,frozenset({2544}),2544,0.6363636363636364,True,2023-09,1,3400,1
B6,RDU,JFK,2023,9,1174,25,13,0.0,frozenset({386}),386,0.52,True,2023-09,1,3401,1
B6,MCO,SJU,2023,9,1111,21,11,0.0,frozenset({1033}),1033,0.5238095238095238,True,2023-09,1,3402,1
B6,MCO,SLC,2023,9,1145,23,16,0.0,frozenset({801}),801,0.6956521739130435,True,2023-09,1,3403,1
WN,LAS,PDX,2023,9,1060,17,9,1.0,"frozenset({3202, 351, 2895})",351,0.5294117647058824,True,2023-09,1,3404,1
B6,RDU,BOS,2023,9,1115,26,15,1.0,"frozenset({2184, 1484, 684})",2184,0.5769230769230769,True,2023-09,1,3405,1
B6,MIA,EWR,2023,9,1255,25,16,2.0,frozenset({2594}),2594,0.64,True,2023-09,1,3406,1
NK,ATL,MIA,2023,9,1009,14,10,0.0,frozenset({1827}),1827,0.7142857142857143,True,2023-09,1,3407,1
WN,MDW,BOS,2023,9,920,17,11,0.0,"frozenset({2234, 2372})",2234,0.6470588235294118,True,2023-09,1,3408,1
B6,DCA,MCO,2023,9,960,25,14,1.0,frozenset({23}),23,0.56,True,2023-09,1,3409,1
WN,MSY,HOU,2023,9,1150,12,7,0.0,"frozenset({1318, 4230})",1318,0.5833333333333334,True,2023-09,1,3410,1
B6,JFK,PWM,2023,9,1110,10,7,3.0,frozenset({308}),308,0.7,True,2023-09,1,3411,1
NK,FLL,ORD,2023,9,955,29,15,0.0,frozenset({19}),19,0.5172413793103449,True,2023-09,4,1353,4
WN,MDW,LGA,2023,9,1190,16,9,1.0,"frozenset({2296, 2609, 2630})",2296,0.5625,True,2023-09,1,3412,1
WN,BOS,BWI,2023,9,1235,15,8,1.0,"frozenset({4097, 1676, 3783})",4097,0.5333333333333333,True,2023-09,1,3413,1
B6,LGA,BOS,2023,9,1155,21,11,3.0,frozenset({1332}),1332,0.5238095238095238,True,2023-09,1,3414,1
WN,BWI,BOS,2023,9,945,22,14,0.0,"frozenset({2384, 202, 2067, 1992})",1992,0.6363636363636364,True,2023-09,1,3415,1
B6,LAS,JFK,2023,9,1315,25,14,0.0,frozenset({948}),948,0.56,True,2023-09,1,3416,1
B6,LAS,JFK,2023,9,955,30,18,1.0,"frozenset({148, 748})",748,0.6,True,2023-09,1,3417,1
WN,BWI,TPA,2023,9,1125,11,6,0.0,frozenset({2479}),2479,0.5454545454545454,True,2023-09,1,3418,1
WN,BOS,MDW,2023,9,1075,15,12,1.0,"frozenset({3475, 3724})",3724,0.8,True,2023-09,1,3419,1
WN,BOS,MDW,2023,9,1260,14,9,0.0,"frozenset({2546, 3861})",3861,0.6428571428571429,True,2023-09,1,3420,1
B6,LAS,JFK,2023,9,806,21,12,3.0,frozenset({64}),64,0.5714285714285714,True,2023-09,1,3421,1
WN,BOS,STL,2023,9,1125,26,16,0.0,"frozenset({1200, 509, 1595, 2373})",1595,0.6153846153846154,True,2023-09,1,3422,1
AA,MIA,PHL,2023,9,1003,30,17,0.0,frozenset({2486}),2486,0.5666666666666667,True,2023-09,4,1644,4
B6,JFK,RSW,2023,9,840,12,7,1.0,frozenset({1529}),1529,0.5833333333333334,True,2023-09,1,3423,1
B6,TPA,JFK,2023,9,1000,10,7,3.0,frozenset({2826}),2826,0.7,True,2023-09,1,3424,1
WN,MIA,HOU,2023,9,1125,14,10,0.0,"frozenset({2656, 163})",2656,0.7142857142857143,True,2023-09,1,3425,1
B6,TPA,JFK,2023,9,1037,15,9,0.0,frozenset({2826}),2826,0.6,True,2023-09,1,3426,1
AA,MIA,EWR,2023,9,1140,25,13,3.0,frozenset({1113}),1113,0.52,True,2023-09,1,3427,1
B6,JFK,SAN,2023,9,990,25,14,3.0,frozenset({1189}),1189,0.56,True,2023-09,1,3428,1
WN,BWI,MSP,2023,9,1130,13,7,1.0,"frozenset({264, 280})",280,0.5384615384615384,True,2023-09,1,3429,1
WN,BWI,MIA,2023,9,930,11,7,0.0,frozenset({3379}),3379,0.6363636363636364,True,2023-09,1,3430,1
B6,LAS,BOS,2023,9,844,25,15,1.0,frozenset({178}),178,0.6,True,2023-09,3,2662,3
WN,MDW,SJC,2023,9,1230,22,12,0.0,"frozenset({1378, 3707, 3724})",3724,0.5454545454545454,True,2023-09,1,3431,1
B6,JFK,SJU,2023,9,1200,17,10,0.0,"frozenset({303, 703})",303,0.5882352941176471,True,2023-09,1,3432,1
F9,MCO,DEN,2023,9,1250,11,7,1.0,"frozenset({929, 887, 885, 679})",929,0.6363636363636364,True,2023-09,1,3433,1
AA,MIA,TPA,2023,9,1254,30,16,0.0,frozenset({1921}),1921,0.5333333333333333,True,2023-09,1,3434,1
NK,MCO,BOS,2023,9,1022,14,10,2.0,"frozenset({2060, 2085, 2806, 3703})",2806,0.7142857142857143,True,2023-09,1,3435,1
B6,JFK,PSE,2023,9,1379,16,9,0.0,frozenset({745}),745,0.5625,True,2023-09,4,1741,4
WN,MDW,LAX,2023,9,1190,15,9,0.0,"frozenset({1563, 2045})",2045,0.6,True,2023-09,1,3436,1
AA,ORD,LGA,2023,9,750,25,13,0.0,frozenset({1780}),1780,0.52,True,2023-09,1,3437,1
B6,LGA,BOS,2023,9,1035,24,15,1.0,frozenset({1132}),1132,0.625,True,2023-09,1,3438,1
WN,DAL,SLC,2023,9,1255,11,6,0.0,frozenset({2817}),2817,0.5454545454545454,True,2023-09,1,3439,1
WN,BWI,BOS,2023,9,1105,18,12,2.0,"frozenset({807, 1160, 1361, 2835, 762})",1160,0.6666666666666666,True,2023-09,1,3440,1
WN,MSY,DAL,2023,9,1095,23,13,0.0,"frozenset({2640, 2430, 4766, 3143})",3143,0.5652173913043478,True,2023-09,1,3441,1
B6,SMF,JFK,2023,9,1380,30,16,1.0,frozenset({162}),162,0.5333333333333333,True,2023-09,1,3442,1
B6,JFK,LAX,2023,9,1079,17,10,0.0,frozenset({2715}),2715,0.5882352941176471,True,2023-09,1,3443,1
B6,JFK,MCO,2023,9,864,25,13,0.0,frozenset({883}),883,0.52,True,2023-09,1,3444,1
B6,JFK,MCO,2023,9,945,26,14,2.0,frozenset({1483}),1483,0.5384615384615384,True,2023-09,1,3445,1
AA,PHL,MIA,2023,9,1051,30,19,0.0,frozenset({442}),442,0.6333333333333333,True,2023-09,1,3446,1
AA,MCO,DFW,2023,9,1170,19,10,2.0,frozenset({2076}),2076,0.5263157894736842,True,2023-09,1,3447,1
B6,LAX,MIA,2023,9,645,30,16,1.0,"frozenset({2985, 2885})",2985,0.5333333333333333,True,2023-09,1,3448,1
B6,JFK,MCO,2023,9,1030,30,26,3.0,frozenset({383}),383,0.8666666666666667,True,2023-09,4,1563,4
B6,JFK,TPA,2023,9,790,25,15,0.0,frozenset({2725}),2725,0.6,True,2023-09,1,3449,2
B6,JFK,MCO,2023,9,1115,30,18,5.0,frozenset({2583}),2583,0.6,True,2023-09,1,3450,1
WN,BWI,BOS,2023,9,1230,16,11,0.0,"frozenset({3180, 5292})",3180,0.6875,True,2023-09,1,3451,1
F9,MIA,ATL,2023,9,1167,18,10,0.0,"frozenset({1515, 1517})",1517,0.5555555555555556,True,2023-09,2,3120,2
AA,MCO,PHL,2023,9,1027,30,16,1.0,frozenset({2502}),2502,0.5333333333333333,True,2023-09,1,3452,1
B6,JFK,MIA,2023,9,840,13,8,0.0,frozenset({2993}),2993,0.6153846153846154,True,2023-09,1,3453,1
B6,JFK,MIA,2023,9,895,12,7,2.0,frozenset({2993}),2993,0.5833333333333334,True,2023-09,1,3454,1
F9,LAS,PHX,2023,9,962,11,6,1.0,frozenset({2152}),2152,0.5454545454545454,True,2023-09,2,3099,2
AA,CLT,JAX,2023,9,1126,14,8,0.0,frozenset({2886}),2886,0.5714285714285714,True,2023-09,1,3455,1
WN,MSY,LAS,2023,9,1085,14,8,0.0,"frozenset({840, 836})",836,0.5714285714285714,True,2023-09,1,3456,1
B6,TPA,BOS,2023,9,820,21,12,2.0,frozenset({2992}),2992,0.5714285714285714,True,2023-09,1,3457,1
B6,JFK,ORD,2023,9,899,14,8,0.0,frozenset({105}),105,0.5714285714285714,True,2023-09,1,3458,1
B6,JFK,PBI,2023,9,900,25,13,3.0,frozenset({1053}),1053,0.52,True,2023-09,1,3459,2
WN,BHM,DAL,2023,9,1110,11,6,0.0,frozenset({2010}),2010,0.5454545454545454,True,2023-09,1,3460,1
B6,LAX,JFK,2023,9,1349,25,13,1.0,frozenset({124}),124,0.52,True,2023-09,3,2707,3
B6,JFK,SJC,2023,9,1115,25,14,0.0,frozenset({669}),669,0.56,True,2023-09,1,3461,1
B6,FLL,BDL,2023,10,1230,28,17,0.0,frozenset({460}),460,0.6071428571428571,True,2023-10,5,1830,6
F9,TPA,TTN,2023,10,1247,11,6,0.0,frozenset({826}),826,0.5454545454545454,True,2023-10,1,3462,1
WN,SJC,AUS,2023,10,680,12,7,0.0,frozenset({1573}),1573,0.5833333333333334,True,2023-10,1,3463,1
WN,LAS,SEA,2023,10,820,13,7,0.0,"frozenset({2297, 2454})",2297,0.5384615384615384,True,2023-10,1,3464,1
WN,FLL,BNA,2023,10,1010,13,7,0.0,"frozenset({3417, 2691})",2691,0.5384615384615384,True,2023-10,1,3465,1
G4,CVG,FLL,2023,10,1062,12,9,0.0,"frozenset({513, 389, 486})",389,0.75,True,2023-10,1,3466,1
AA,MKE,DFW,2023,10,1084,21,11,0.0,frozenset({1733}),1733,0.5238095238095238,True,2023-10,1,3467,1
F9,ATL,DFW,2023,10,1168,18,13,0.0,"frozenset({1553, 1551})",1553,0.7222222222222222,True,2023-10,1,3468,1
F9,FLL,ATL,2023,10,974,21,13,0.0,frozenset({1363}),1363,0.6190476190476191,True,2023-10,1,3469,1
B6,JFK,PBI,2023,10,914,28,16,1.0,frozenset({1053}),1053,0.5714285714285714,True,2023-10,2,3459,2
WN,AUS,DEN,2023,10,1075,17,10,0.0,"frozenset({2402, 3542, 2599})",2402,0.5882352941176471,True,2023-10,1,3470,1
B6,ORD,BOS,2023,10,1230,28,19,0.0,frozenset({1012}),1012,0.6785714285714286,True,2023-10,2,3381,2
AA,DFW,LBB,2023,10,998,31,17,0.0,"frozenset({489, 2436})",489,0.5483870967741935,True,2023-10,1,3471,1
AA,DFW,LBB,2023,10,1250,29,19,2.0,frozenset({357}),357,0.6551724137931034,True,2023-10,1,3472,1
B6,PBI,JFK,2023,10,1134,28,19,1.0,frozenset({54}),54,0.6785714285714286,True,2023-10,2,3386,2
WN,FAT,LAS,2023,10,965,13,7,0.0,"frozenset({2845, 3375})",3375,0.5384615384615384,True,2023-10,1,3473,1
MQ,AVL,MIA,2023,10,1006,10,7,0.0,frozenset({3669}),3669,0.7,True,2023-10,1,3474,1
F9,DFW,ONT,2023,10,1320,18,14,0.0,frozenset({2735}),2735,0.7777777777777778,True,2023-10,3,3132,3
WN,SEA,DEN,2023,10,1030,13,7,0.0,"frozenset({3501, 3383})",3501,0.5384615384615384,True,2023-10,1,3475,1
B6,FLL,LGA,2023,10,1038,24,13,0.0,frozenset({472}),472,0.5416666666666666,True,2023-10,1,3476,1
WN,DEN,ICT,2023,10,1365,12,7,0.0,frozenset({1138}),1138,0.5833333333333334,True,2023-10,1,3477,1
B6,IAH,BOS,2023,10,1145,24,13,0.0,frozenset({2232}),2232,0.5416666666666666,True,2023-10,1,3478,1
B6,SJU,MCO,2023,10,1337,24,13,0.0,frozenset({2134}),2134,0.5416666666666666,True,2023-10,1,3479,1
B6,FLL,JFK,2023,10,1259,30,16,0.0,"frozenset({1802, 2202})",1802,0.5333333333333333,True,2023-10,5,1800,5
B6,BOS,ORD,2023,10,1055,28,16,0.0,frozenset({811}),811,0.5714285714285714,True,2023-10,2,3283,2
F9,CLE,TPA,2023,10,1045,11,6,0.0,"frozenset({2437, 2431})",2437,0.5454545454545454,True,2023-10,1,3480,1
F9,DFW,MCO,2023,10,1240,12,7,0.0,"frozenset({1240, 1248})",1248,0.5833333333333334,True,2023-10,1,3481,1
B6,MCO,JFK,2023,10,1269,27,15,0.0,frozenset({384}),384,0.5555555555555556,True,2023-10,5,1661,5
AA,AUS,TPA,2023,10,985,11,7,0.0,frozenset({986}),986,0.6363636363636364,True,2023-10,1,3482,1
WN,DEN,HOU,2023,10,1085,12,7,0.0,frozenset({505}),505,0.5833333333333334,True,2023-10,1,3483,1
AA,LBB,DFW,2023,10,1110,29,16,0.0,"frozenset({489, 2436})",489,0.5517241379310345,True,2023-10,1,3484,1
NK,FLL,DFW,2023,10,926,16,9,0.0,frozenset({281}),281,0.5625,True,2023-10,1,3485,1
WN,LAX,SFO,2023,10,1170,13,7,0.0,"frozenset({3540, 3382})",3540,0.5384615384615384,True,2023-10,1,3486,1
B6,BOS,BNA,2023,10,965,23,13,0.0,"frozenset({1807, 207})",207,0.5652173913043478,True,2023-10,1,3487,1
WN,LAX,SAT,2023,10,1180,16,10,0.0,"frozenset({104, 2774})",2774,0.625,True,2023-10,1,3488,1
F9,DFW,PHL,2023,10,1173,21,12,0.0,frozenset({2300}),2300,0.5714285714285714,True,2023-10,1,3489,1
B6,SJU,JFK,2023,10,1109,31,18,0.0,frozenset({2404}),2404,0.5806451612903226,True,2023-10,1,3490,2
WN,LAX,ABQ,2023,10,1145,13,7,0.0,"frozenset({2136, 3263})",2136,0.5384615384615384,True,2023-10,1,3491,1
AA,STL,DFW,2023,10,1076,29,15,1.0,frozenset({2901}),2901,0.5172413793103449,True,2023-10,1,3492,1
B6,JFK,TPA,2023,10,803,22,14,0.0,frozenset({2725}),2725,0.6363636363636364,True,2023-10,2,3449,2
B6,FLL,JFK,2023,11,1094,11,7,0.0,frozenset({2202}),2202,0.6363636363636364,True,2023-11,1,3493,1
NK,AUS,FLL,2023,11,1089,13,7,0.0,frozenset({512}),512,0.5384615384615384,True,2023-11,1,3494,1
B6,BOS,DFW,2023,11,915,12,8,0.0,frozenset({215}),215,0.6666666666666666,True,2023-11,1,3495,1
B6,FLL,LGA,2023,11,1240,10,7,0.0,frozenset({572}),572,0.7,True,2023-11,1,3496,1
OH,RDU,DCA,2023,11,1205,21,11,0.0,frozenset({5449}),5449,0.5238095238095238,True,2023-11,1,3497,1
B6,DFW,BOS,2023,11,1165,12,8,0.0,frozenset({1214}),1214,0.6666666666666666,True,2023-11,1,3498,1
NK,FLL,LGA,2023,11,1115,10,6,0.0,frozenset({2020}),2020,0.6,True,2023-11,1,3499,1
NK,FLL,CLE,2023,11,1265,27,17,0.0,frozenset({1608}),1608,0.6296296296296297,True,2023-11,1,3500,1
B6,SJU,TPA,2023,11,1355,12,8,0.0,frozenset({2752}),2752,0.6666666666666666,True,2023-11,1,3501,1
B6,LGA,FLL,2023,11,1229,14,8,0.0,frozenset({571}),571,0.5714285714285714,True,2023-11,1,3502,1
NK,FLL,ATL,2023,11,1199,24,14,0.0,frozenset({226}),226,0.5833333333333334,True,2023-11,1,3503,1
B6,IAH,JFK,2023,11,917,11,7,0.0,frozenset({1882}),1882,0.6363636363636364,True,2023-11,1,3504,1
MQ,DFW,BRO,2023,11,1353,12,7,6.0,frozenset({3412}),3412,0.5833333333333334,True,2023-11,1,3505,1
OO,BPT,DFW,2023,11,873,16,10,7.0,"frozenset({4999, 3231})",3231,0.625,True,2023-11,1,3506,1
B6,FLL,BDL,2023,11,1275,29,15,0.0,frozenset({460}),460,0.5172413793103449,True,2023-11,6,1830,6
F9,ATL,SAN,2023,11,1064,15,8,0.0,frozenset({4753}),4753,0.5333333333333333,True,2023-11,1,3507,1
B6,FLL,CHS,2023,11,1089,11,6,0.0,frozenset({2132}),2132,0.5454545454545454,True,2023-11,1,3508,1
B6,FLL,ATL,2023,11,1319,15,8,0.0,frozenset({568}),568,0.5333333333333333,True,2023-11,1,3509,1
B6,FLL,ATL,2023,11,1255,14,8,0.0,frozenset({568}),568,0.5714285714285714,True,2023-11,1,3510,1
NK,PHL,FLL,2023,11,1360,13,9,0.0,frozenset({1053}),1053,0.6923076923076923,True,2023-11,1,3511,1
B6,FLL,ALB,2023,11,1195,11,6,0.0,frozenset({88}),88,0.5454545454545454,True,2023-11,1,3512,1
B6,JFK,TPA,2023,11,1229,14,8,0.0,frozenset({225}),225,0.5714285714285714,True,2023-11,1,3513,1
NK,ATL,IAH,2023,11,1040,15,11,0.0,frozenset({963}),963,0.7333333333333333,True,2023-11,1,3514,1
OO,BPT,DFW,2023,11,361,16,11,7.0,"frozenset({3264, 3068})",3068,0.6875,True,2023-11,1,3515,1
B6,FLL,JAX,2023,11,972,11,8,0.0,frozenset({2718}),2718,0.7272727272727273,True,2023-11,1,3516,1
NK,BWI,TPA,2023,11,1064,15,8,0.0,frozenset({2708}),2708,0.5333333333333333,True,2023-11,1,3517,1
B6,FLL,JAX,2023,11,1375,12,10,0.0,frozenset({2618}),2618,0.8333333333333334,True,2023-11,1,3518,1
NK,ORD,FLL,2023,11,1120,15,9,0.0,frozenset({1986}),1986,0.6,True,2023-11,1,3519,1
B6,CHS,FLL,2023,11,1245,11,6,0.0,frozenset({2131}),2131,0.5454545454545454,True,2023-11,1,3520,1
OO,DFW,BPT,2023,11,1267,16,12,8.0,"frozenset({3193, 3116})",3116,0.75,True,2023-11,1,3521,1
OO,DFW,BPT,2023,11,749,16,10,7.0,"frozenset({3233, 4999})",3233,0.625,True,2023-11,1,3522,1
B6,JAX,FLL,2023,11,1105,11,8,0.0,frozenset({1217}),1217,0.7272727272727273,True,2023-11,1,3523,1
NK,BNA,FLL,2023,11,949,15,8,0.0,frozenset({301}),301,0.5333333333333333,True,2023-11,1,3524,1
B6,SJU,JFK,2023,11,1155,14,8,0.0,frozenset({2404}),2404,0.5714285714285714,True,2023-11,2,3490,2
B6,BUR,JFK,2023,11,1285,30,17,0.0,frozenset({358}),358,0.5666666666666667,True,2023-11,1,3525,1
B6,FLL,JFK,2023,11,852,13,8,0.0,frozenset({1902}),1902,0.6153846153846154,True,2023-11,1,3526,1
