Reporting_Airline,O,D,Year,Month,unit,ops,late,canc,fnums,dom,pct_late,chronic,period,streak,chain,run_len
OH,DCA,ATL,2024,1,1044,21,11,3.0,frozenset({5550.0}),5550.0,0.5238095238095238,True,2024-01,1,0,1
UA,EWR,TPA,2024,1,645,30,17,14.0,"frozenset({1546.0, 661.0})",661.0,0.5666666666666667,True,2024-01,1,1,1
UA,EWR,TPA,2024,1,925,22,16,14.0,frozenset({2348.0}),2348.0,0.7272727272727273,True,2024-01,1,2,1
UA,FLL,DEN,2024,1,946,23,17,16.0,frozenset({2239.0}),2239.0,0.7391304347826086,True,2024-01,1,3,1
UA,FLL,EWR,2024,1,825,23,14,12.0,frozenset({2317.0}),2317.0,0.6086956521739131,True,2024-01,1,4,1
UA,FLL,ORD,2024,1,970,31,17,9.0,frozenset({1535.0}),1535.0,0.5483870967741935,True,2024-01,1,5,1
UA,GRR,ORD,2024,1,454,22,13,3.0,frozenset({2218.0}),2218.0,0.5909090909090909,True,2024-01,1,6,1
UA,IAD,DEN,2024,1,615,31,17,13.0,frozenset({1398.0}),1398.0,0.5483870967741935,True,2024-01,1,7,1
AA,EGE,MIA,2024,1,762,31,22,1.0,"frozenset({426.0, 439.0})",439.0,0.7096774193548387,True,2024-01,1,8,1
UA,IAD,PHX,2024,1,1070,23,16,13.0,frozenset({1938.0}),1938.0,0.6956521739130435,True,2024-01,1,9,1
UA,IAD,SEA,2024,1,1035,31,16,15.0,frozenset({326.0}),326.0,0.5161290322580645,True,2024-01,1,10,1
UA,IAD,SFO,2024,1,851,22,16,13.0,"frozenset({1580.0, 1110.0})",1110.0,0.7272727272727273,True,2024-01,1,11,1
UA,IAH,BWI,2024,1,1099,31,16,14.0,frozenset({2322.0}),2322.0,0.5161290322580645,True,2024-01,1,12,1
F9,FLL,PHL,2024,1,1031,11,7,2.0,frozenset({4602.0}),4602.0,0.6363636363636364,True,2024-01,1,13,1
WN,STL,MCI,2024,1,1245,10,6,5.0,frozenset({937.0}),937.0,0.6,True,2024-01,1,14,1
WN,STL,MSY,2024,1,1095,10,6,0.0,frozenset({565.0}),565.0,0.6,True,2024-01,1,15,1
UA,IAH,MIA,2024,1,745,31,19,14.0,frozenset({2105.0}),2105.0,0.6129032258064516,True,2024-01,1,16,1
UA,IAH,ORD,2024,1,868,31,18,11.0,"frozenset({1436.0, 710.0})",710.0,0.5806451612903226,True,2024-01,1,17,1
UA,IAH,SFO,2024,1,1087,30,17,13.0,"frozenset({2190.0, 2359.0})",2359.0,0.5666666666666667,True,2024-01,1,18,1
UA,LAX,IAH,2024,1,710,31,16,16.0,"frozenset({2657.0, 2479.0})",2657.0,0.5161290322580645,True,2024-01,1,19,1
UA,LAX,SFO,2024,1,1245,20,13,10.0,frozenset({1603.0}),1603.0,0.65,True,2024-01,1,20,1
UA,MCO,EWR,2024,1,1150,23,13,12.0,frozenset({1997.0}),1997.0,0.5652173913043478,True,2024-01,1,21,1
UA,MCO,ORD,2024,1,650,23,12,8.0,frozenset({2421.0}),2421.0,0.5217391304347826,True,2024-01,1,22,1
UA,MIA,IAH,2024,1,1021,31,19,15.0,"frozenset({1180.0, 2215.0})",2215.0,0.6129032258064516,True,2024-01,1,23,1
WN,STL,FLL,2024,1,845,10,6,0.0,frozenset({1615.0}),1615.0,0.6,True,2024-01,1,24,1
UA,EWR,RSW,2024,1,1128,31,18,13.0,"frozenset({2011.0, 1324.0})",2011.0,0.5806451612903226,True,2024-01,1,25,1
UA,EWR,RDU,2024,1,1150,20,12,9.0,frozenset({2654.0}),2654.0,0.6,True,2024-01,1,26,1
UA,EWR,PBI,2024,1,390,23,13,13.0,frozenset({2114.0}),2114.0,0.5652173913043478,True,2024-01,1,27,1
OO,TVC,ORD,2024,1,699,23,14,4.0,frozenset({5476.0}),5476.0,0.6086956521739131,True,2024-01,1,28,1
OO,TVC,ORD,2024,1,1105,31,16,6.0,frozenset({5693.0}),5693.0,0.5161290322580645,True,2024-01,1,29,1
AA,DSM,DFW,2024,1,1064,24,14,1.0,frozenset({1710.0}),1710.0,0.5833333333333334,True,2024-01,1,30,1
AA,MSN,CLT,2024,1,1098,17,9,0.0,frozenset({1168.0}),1168.0,0.5294117647058824,True,2024-01,1,31,1
F9,SJU,MCO,2024,1,1336,14,9,0.0,frozenset({4725.0}),4725.0,0.6428571428571429,True,2024-01,1,32,1
UA,BWI,LAX,2024,1,468,22,13,13.0,frozenset({251.0}),251.0,0.5909090909090909,True,2024-01,1,33,1
UA,BWI,SFO,2024,1,380,31,16,15.0,frozenset({1387.0}),1387.0,0.5161290322580645,True,2024-01,1,34,1
UA,CID,ORD,2024,1,513,23,13,3.0,frozenset({228.0}),228.0,0.5652173913043478,True,2024-01,1,35,1
UA,CLE,SFO,2024,1,370,23,13,9.0,frozenset({1950.0}),1950.0,0.5652173913043478,True,2024-01,1,36,1
UA,DEN,EWR,2024,1,680,28,15,10.0,"frozenset({331.0, 1572.0})",1572.0,0.5357142857142857,True,2024-01,1,37,1
UA,DEN,EWR,2024,1,808,29,15,13.0,"frozenset({289.0, 2027.0})",289.0,0.5172413793103449,True,2024-01,1,38,1
B6,BOS,MCO,2024,1,1105,10,7,0.0,frozenset({1451.0}),1451.0,0.7,True,2024-01,1,39,1
UA,DEN,EWR,2024,1,1065,31,17,11.0,frozenset({2613.0}),2613.0,0.5483870967741935,True,2024-01,1,40,1
UA,DEN,MSY,2024,1,594,31,17,14.0,frozenset({2120.0}),2120.0,0.5483870967741935,True,2024-01,1,41,1
B6,JFK,BOS,2024,1,1063,28,15,0.0,frozenset({1118.0}),1118.0,0.5357142857142857,True,2024-01,1,42,1
F9,SJU,BDL,2024,1,994,24,17,0.0,"frozenset({3938.0, 4759.0})",3938.0,0.7083333333333334,True,2024-01,1,43,2
F9,SJU,BDL,2024,1,744,14,8,1.0,frozenset({3937.0}),3937.0,0.5714285714285714,True,2024-01,1,44,2
B6,FLL,RDU,2024,1,1280,15,8,0.0,frozenset({2626.0}),2626.0,0.5333333333333333,True,2024-01,1,45,1
UA,EWR,AUS,2024,1,1229,23,14,10.0,frozenset({1565.0}),1565.0,0.6086956521739131,True,2024-01,1,46,1
UA,EWR,FLL,2024,1,679,22,16,14.0,frozenset({441.0}),441.0,0.7272727272727273,True,2024-01,1,47,1
UA,EWR,FLL,2024,1,1120,20,13,9.0,frozenset({461.0}),461.0,0.65,True,2024-01,1,48,1
UA,EWR,LAS,2024,1,790,23,13,8.0,frozenset({596.0}),596.0,0.5652173913043478,True,2024-01,1,49,1
MQ,ORD,MSN,2024,1,609,16,9,2.0,"frozenset({3936.0, 4160.0})",3936.0,0.5625,True,2024-01,1,50,1
UA,EWR,MIA,2024,1,990,31,16,5.0,frozenset({1705.0}),1705.0,0.5161290322580645,True,2024-01,1,51,1
UA,DEN,IAD,2024,1,830,31,19,14.0,frozenset({1328.0}),1328.0,0.6129032258064516,True,2024-01,1,52,1
UA,MIA,SFO,2024,1,1089,30,20,13.0,frozenset({1971.0}),1971.0,0.6666666666666666,True,2024-01,1,53,1
UA,MSY,DEN,2024,1,960,11,6,5.0,frozenset({637.0}),637.0,0.5454545454545454,True,2024-01,1,54,1
UA,ORD,BOS,2024,1,1110,31,16,10.0,frozenset({1568.0}),1568.0,0.5161290322580645,True,2024-01,1,55,1
WN,ATL,JAX,2024,1,1240,10,6,0.0,frozenset({4710.0}),4710.0,0.6,True,2024-01,1,56,1
WN,ATL,MIA,2024,1,1240,10,6,0.0,frozenset({4416.0}),4416.0,0.6,True,2024-01,1,57,1
AS,SEA,SFO,2024,1,560,29,17,8.0,frozenset({1132.0}),1132.0,0.5862068965517241,True,2024-01,1,58,1
AS,SEA,PSP,2024,1,899,24,14,8.0,frozenset({1182.0}),1182.0,0.5833333333333334,True,2024-01,1,59,1
AS,SEA,PHX,2024,1,716,31,17,7.0,frozenset({700.0}),700.0,0.5483870967741935,True,2024-01,1,60,1
AS,SEA,ONT,2024,1,1199,13,9,7.0,frozenset({1086.0}),1086.0,0.6923076923076923,True,2024-01,1,61,1
AS,SEA,OGG,2024,1,1065,13,7,1.0,frozenset({805.0}),805.0,0.5384615384615384,True,2024-01,1,62,1
AS,SEA,OGG,2024,1,721,31,20,10.0,frozenset({825.0}),825.0,0.6451612903225806,True,2024-01,1,63,1
WN,AUS,LAS,2024,1,1120,15,8,1.0,"frozenset({2704.0, 4590.0})",4590.0,0.5333333333333333,True,2024-01,1,64,1
AS,SEA,OGG,2024,1,520,28,15,10.0,frozenset({861.0}),861.0,0.5357142857142857,True,2024-01,1,65,1
AS,SEA,OAK,2024,1,796,31,16,10.0,"frozenset({1152.0, 1328.0})",1328.0,0.5161290322580645,True,2024-01,1,66,1
AA,CLT,GRR,2024,1,1316,28,15,2.0,frozenset({676.0}),676.0,0.5357142857142857,True,2024-01,1,67,1
AS,SEA,MCO,2024,1,935,31,18,13.0,frozenset({346.0}),346.0,0.5806451612903226,True,2024-01,1,68,1
AS,SEA,LIH,2024,1,610,13,10,0.0,frozenset({875.0}),875.0,0.7692307692307693,True,2024-01,1,69,1
AS,SEA,LAS,2024,1,955,29,15,11.0,"frozenset({688.0, 663.0})",688.0,0.5172413793103449,True,2024-01,1,70,1
AS,SEA,KOA,2024,1,727,31,19,12.0,frozenset({843.0}),843.0,0.6129032258064516,True,2024-01,1,71,1
AS,SEA,KOA,2024,1,522,27,16,8.0,frozenset({801.0}),801.0,0.5925925925925926,True,2024-01,1,72,1
AS,SEA,IND,2024,1,651,24,13,8.0,frozenset({500.0}),500.0,0.5416666666666666,True,2024-01,1,73,1
AS,SEA,HNL,2024,1,1175,16,11,5.0,frozenset({815.0}),815.0,0.6875,True,2024-01,1,74,1
AS,SEA,HNL,2024,1,1061,31,22,6.0,frozenset({811.0}),811.0,0.7096774193548387,True,2024-01,1,75,1
WN,BNA,MCI,2024,1,1245,10,6,3.0,frozenset({4071.0}),4071.0,0.6,True,2024-01,1,76,1
AS,SEA,HNL,2024,1,955,31,19,3.0,frozenset({853.0}),853.0,0.6129032258064516,True,2024-01,1,77,1
WN,BNA,RSW,2024,1,1120,11,6,1.0,"frozenset({2109.0, 1798.0})",1798.0,0.5454545454545454,True,2024-01,1,78,1
AS,SEA,HNL,2024,1,683,31,23,7.0,frozenset({893.0}),893.0,0.7419354838709677,True,2024-01,1,79,1
AS,SEA,LIH,2024,1,1065,31,22,1.0,frozenset({839.0}),839.0,0.7096774193548387,True,2024-01,1,80,1
AA,DFW,XNA,2024,1,1300,24,14,0.0,frozenset({614.0}),614.0,0.5833333333333334,True,2024-01,1,81,1
AS,SEA,SLC,2024,1,955,23,13,5.0,"frozenset({602.0, 628.0})",628.0,0.5652173913043478,True,2024-01,1,82,1
AS,SFO,AUS,2024,1,420,24,14,12.0,frozenset({512.0}),512.0,0.5833333333333334,True,2024-01,1,83,1
UA,ORD,FLL,2024,1,650,31,16,9.0,"frozenset({1775.0, 1911.0})",1911.0,0.5161290322580645,True,2024-01,1,84,1
AS,TPA,SAN,2024,1,995,31,16,13.0,frozenset({433.0}),433.0,0.5161290322580645,True,2024-01,1,85,1
UA,ORD,LAX,2024,1,635,30,16,6.0,"frozenset({2234.0, 2085.0})",2085.0,0.5333333333333333,True,2024-01,1,86,1
AA,ORD,DCA,2024,1,971,27,16,2.0,"frozenset({1577.0, 2989.0})",1577.0,0.5925925925925926,True,2024-01,1,87,1
AS,SLC,SEA,2024,1,1190,12,8,2.0,frozenset({627.0}),627.0,0.6666666666666666,True,2024-01,1,88,1
AS,SJC,KOA,2024,1,675,11,6,4.0,frozenset({858.0}),858.0,0.5454545454545454,True,2024-01,1,89,1
UA,PBI,EWR,2024,1,640,23,14,13.0,frozenset({1197.0}),1197.0,0.6086956521739131,True,2024-01,1,90,1
UA,PBI,EWR,2024,1,715,23,13,10.0,frozenset({2386.0}),2386.0,0.5652173913043478,True,2024-01,1,91,1
UA,PBI,EWR,2024,1,959,28,15,12.0,"frozenset({2416.0, 2348.0})",2416.0,0.5357142857142857,True,2024-01,1,92,1
AS,SFO,MCO,2024,1,520,31,16,12.0,"frozenset({368.0, 462.0})",368.0,0.5161290322580645,True,2024-01,1,93,1
AA,EWR,MIA,2024,1,1114,31,16,1.0,frozenset({2933.0}),2933.0,0.5161290322580645,True,2024-01,1,94,1
AS,SEA,SLC,2024,1,1225,13,7,1.0,frozenset({625.0}),625.0,0.5384615384615384,True,2024-01,1,95,1
AS,SFO,JFK,2024,1,866,24,15,15.0,"frozenset({32.0, 38.0})",38.0,0.625,True,2024-01,1,96,1
AS,SFO,HNL,2024,1,686,24,13,9.0,frozenset({877.0}),877.0,0.5416666666666666,True,2024-01,1,97,1
AS,SFO,FLL,2024,1,1280,11,7,4.0,"frozenset({308.0, 374.0})",374.0,0.6363636363636364,True,2024-01,1,98,1
UA,SEA,IAD,2024,1,510,31,19,16.0,"frozenset({1360.0, 1521.0})",1521.0,0.6129032258064516,True,2024-01,1,99,1
UA,SFO,CLE,2024,1,635,15,12,11.0,frozenset({242.0}),242.0,0.8,True,2024-01,1,100,1
UA,SFO,IAD,2024,1,1390,31,17,14.0,"frozenset({722.0, 670.0, 519.0})",722.0,0.5483870967741935,True,2024-01,1,101,1
UA,SFO,IAH,2024,1,660,30,17,14.0,frozenset({382.0}),382.0,0.5666666666666667,True,2024-01,1,102,1
UA,SFO,MIA,2024,1,510,30,18,13.0,"frozenset({410.0, 2013.0})",410.0,0.6,True,2024-01,1,103,1
UA,SFO,SAN,2024,1,1013,31,16,14.0,frozenset({1057.0}),1057.0,0.5161290322580645,True,2024-01,1,104,1
AS,SFO,FLL,2024,1,795,13,9,6.0,frozenset({370.0}),370.0,0.6923076923076923,True,2024-01,1,105,1
AS,SFO,AUS,2024,1,1060,21,12,8.0,frozenset({534.0}),534.0,0.5714285714285714,True,2024-01,1,106,1
UA,TPA,EWR,2024,1,895,30,16,14.0,"frozenset({2458.0, 203.0})",2458.0,0.5333333333333333,True,2024-01,1,107,1
AS,SFO,JFK,2024,1,634,31,19,18.0,"frozenset({28.0, 30.0})",28.0,0.6129032258064516,True,2024-01,1,108,1
AS,SEA,HNL,2024,1,505,30,20,11.0,frozenset({887.0}),887.0,0.6666666666666666,True,2024-01,1,109,1
AA,DFW,VPS,2024,1,1090,11,7,0.0,frozenset({1201.0}),1201.0,0.6363636363636364,True,2024-01,1,110,1
HA,BOS,HNL,2024,1,480,15,8,1.0,frozenset({89.0}),89.0,0.5333333333333333,True,2024-01,1,111,1
OO,ASE,ATL,2024,1,830,24,14,6.0,frozenset({4068.0}),4068.0,0.5833333333333334,True,2024-01,1,112,1
OO,ASE,DEN,2024,1,800,31,17,2.0,frozenset({5774.0}),5774.0,0.5483870967741935,True,2024-01,1,113,1
WN,PHX,SAN,2024,1,1255,13,7,0.0,"frozenset({2179.0, 1725.0})",2179.0,0.5384615384615384,True,2024-01,1,114,1
OO,ATL,BQK,2024,1,675,31,16,0.0,"frozenset({3716.0, 3918.0})",3918.0,0.5161290322580645,True,2024-01,1,115,1
B6,PBI,JFK,2024,1,815,10,6,1.0,frozenset({54.0}),54.0,0.6,True,2024-01,1,116,1
OO,ATW,ORD,2024,1,500,31,17,6.0,frozenset({4661.0}),4661.0,0.5483870967741935,True,2024-01,1,117,1
OO,AUS,ASE,2024,1,565,23,13,1.0,frozenset({3215.0}),3215.0,0.5652173913043478,True,2024-01,1,118,1
OO,AUS,OKC,2024,1,1239,20,11,1.0,frozenset({3051.0}),3051.0,0.55,True,2024-01,1,119,1
MQ,DSM,ORD,2024,1,459,20,11,5.0,"frozenset({3413.0, 3782.0})",3782.0,0.55,True,2024-01,1,120,1
OO,BTR,DFW,2024,1,1197,13,7,2.0,frozenset({4835.0}),4835.0,0.5384615384615384,True,2024-01,1,121,1
OO,BUF,DTW,2024,1,1100,24,13,4.0,frozenset({4071.0}),4071.0,0.5416666666666666,True,2024-01,1,122,1
OO,BUF,ORD,2024,1,482,19,10,4.0,frozenset({3265.0}),3265.0,0.5263157894736842,True,2024-01,1,123,1
F9,BDL,SJU,2024,1,992,14,10,1.0,frozenset({4760.0}),4760.0,0.7142857142857143,True,2024-01,1,124,1
OO,CMX,ORD,2024,1,540,23,12,7.0,frozenset({5016.0}),5016.0,0.5217391304347826,True,2024-01,1,125,1
OO,DEN,ASE,2024,1,691,31,20,2.0,frozenset({5769.0}),5769.0,0.6451612903225806,True,2024-01,1,126,1
OO,DTW,ATW,2024,1,620,24,16,0.0,frozenset({3724.0}),3724.0,0.6666666666666666,True,2024-01,1,127,1
OO,DTW,CLE,2024,1,975,22,13,1.0,frozenset({4136.0}),4136.0,0.5909090909090909,True,2024-01,1,128,1
OO,DTW,GRB,2024,1,763,13,8,1.0,frozenset({4077.0}),4077.0,0.6153846153846154,True,2024-01,1,129,1
OO,DTW,GRB,2024,1,1298,24,13,1.0,frozenset({3923.0}),3923.0,0.5416666666666666,True,2024-01,1,130,1
OO,DTW,HPN,2024,1,1280,27,14,4.0,"frozenset({3955.0, 3679.0})",3955.0,0.5185185185185185,True,2024-01,1,131,1
OO,DTW,IND,2024,1,610,23,12,0.0,frozenset({3643.0}),3643.0,0.5217391304347826,True,2024-01,1,132,1
OO,DTW,IND,2024,1,965,11,7,1.0,frozenset({4059.0}),4059.0,0.6363636363636364,True,2024-01,1,133,1
OO,DTW,LAN,2024,1,630,24,17,1.0,frozenset({3687.0}),3687.0,0.7083333333333334,True,2024-01,1,134,1
OO,ALW,SEA,2024,1,300,31,16,10.0,frozenset({3463.0}),3463.0,0.5161290322580645,True,2024-01,1,135,1
AA,DFW,LBB,2024,1,1362,13,8,1.0,frozenset({357.0}),357.0,0.6153846153846154,True,2024-01,1,136,1
OH,TYS,DCA,2024,1,1171,21,11,4.0,frozenset({5630.0}),5630.0,0.5238095238095238,True,2024-01,1,137,1
F9,BDL,MCO,2024,1,1255,24,14,1.0,"frozenset({2769.0, 1683.0})",1683.0,0.5833333333333334,True,2024-01,1,138,1
AA,MEM,DFW,2024,1,969,21,12,1.0,frozenset({2151.0}),2151.0,0.5714285714285714,True,2024-01,1,139,1
MQ,ORD,CMI,2024,1,1100,23,12,5.0,frozenset({3694.0}),3694.0,0.5217391304347826,True,2024-01,1,140,1
DL,MIA,ATL,2024,1,1002,31,16,0.0,frozenset({1323.0}),1323.0,0.5161290322580645,True,2024-01,1,141,1
DL,BOS,ATL,2024,1,1050,10,7,0.0,frozenset({638.0}),638.0,0.7,True,2024-01,1,142,1
MQ,JAN,DFW,2024,1,1192,12,8,1.0,frozenset({3469.0}),3469.0,0.6666666666666666,True,2024-01,1,143,1
NK,DFW,MSY,2024,1,1375,15,8,0.0,frozenset({668.0}),668.0,0.5333333333333333,True,2024-01,1,144,1
WN,SAN,SFO,2024,1,1030,14,8,0.0,"frozenset({496.0, 854.0, 1527.0})",854.0,0.5714285714285714,True,2024-01,1,145,2
WN,SAN,AUS,2024,1,1115,13,7,2.0,"frozenset({2080.0, 3060.0})",3060.0,0.5384615384615384,True,2024-01,1,146,1
NK,FLL,IND,2024,1,1118,15,8,0.0,frozenset({911.0}),911.0,0.5333333333333333,True,2024-01,1,147,1
NK,FLL,LAX,2024,1,1170,22,12,0.0,frozenset({339.0}),339.0,0.5454545454545454,True,2024-01,1,148,2
NK,FLL,ORD,2024,1,960,21,12,2.0,frozenset({76.0}),76.0,0.5714285714285714,True,2024-01,1,149,1
OO,DTW,MBS,2024,1,630,24,14,1.0,frozenset({4015.0}),4015.0,0.5833333333333334,True,2024-01,1,150,1
NK,FLL,PHL,2024,1,1180,20,14,0.0,frozenset({1052.0}),1052.0,0.7,True,2024-01,1,151,2
NK,IAH,MCO,2024,1,1213,11,7,0.0,frozenset({966.0}),966.0,0.6363636363636364,True,2024-01,1,152,1
NK,IND,FLL,2024,1,1340,15,9,0.0,frozenset({912.0}),912.0,0.6,True,2024-01,1,153,1
NK,MCO,PHL,2024,1,930,12,7,0.0,frozenset({1848.0}),1848.0,0.5833333333333334,True,2024-01,1,154,1
B6,SJU,FLL,2024,1,1350,12,7,0.0,frozenset({2054.0}),2054.0,0.5833333333333334,True,2024-01,1,155,1
NK,PHL,FLL,2024,1,1318,13,7,1.0,frozenset({1053.0}),1053.0,0.5384615384615384,True,2024-01,1,156,1
MQ,FAR,ORD,2024,1,743,31,17,2.0,frozenset({3514.0}),3514.0,0.5483870967741935,True,2024-01,1,157,1
OH,CID,DCA,2024,1,360,23,15,10.0,frozenset({5449.0}),5449.0,0.6521739130434783,True,2024-01,1,158,1
OH,DCA,CID,2024,1,1205,12,7,3.0,frozenset({5349.0}),5349.0,0.5833333333333334,True,2024-01,1,159,1
OH,DCA,CID,2024,1,1254,12,8,7.0,frozenset({5349.0}),5349.0,0.6666666666666666,True,2024-01,1,160,1
OH,DCA,TYS,2024,1,1019,21,11,2.0,frozenset({5630.0}),5630.0,0.5238095238095238,True,2024-01,1,161,1
OH,MCI,DCA,2024,1,1075,21,12,5.0,frozenset({5271.0}),5271.0,0.5714285714285714,True,2024-01,1,162,1
NK,FLL,PHX,2024,1,1191,15,9,1.0,frozenset({1007.0}),1007.0,0.6,True,2024-01,1,163,1
OO,DTW,MDW,2024,1,660,20,11,2.0,frozenset({3792.0}),3792.0,0.55,True,2024-01,1,164,1
OO,FNT,ORD,2024,1,1006,23,12,3.0,frozenset({5686.0}),5686.0,0.5217391304347826,True,2024-01,1,165,1
OO,FWA,ORD,2024,1,450,31,20,6.0,frozenset({5434.0}),5434.0,0.6451612903225806,True,2024-01,1,166,1
OO,ORD,FNT,2024,1,835,23,13,3.0,frozenset({5601.0}),5601.0,0.5652173913043478,True,2024-01,1,167,1
OO,ORD,FWA,2024,1,1075,31,18,4.0,"frozenset({4773.0, 4807.0})",4773.0,0.5806451612903226,True,2024-01,1,168,1
OO,ORD,HYS,2024,1,673,31,17,3.0,"frozenset({5060.0, 5039.0})",5060.0,0.5483870967741935,True,2024-01,1,169,1
OO,ORD,IND,2024,1,635,31,16,5.0,frozenset({5535.0}),5535.0,0.5161290322580645,True,2024-01,1,170,1
OO,ORD,JFK,2024,1,1125,24,14,3.0,frozenset({4107.0}),4107.0,0.5833333333333334,True,2024-01,1,171,1
OO,ORD,MBS,2024,1,525,20,12,4.0,frozenset({5611.0}),5611.0,0.6,True,2024-01,1,172,1
OO,ORD,MBS,2024,1,935,23,12,6.0,frozenset({5360.0}),5360.0,0.5217391304347826,True,2024-01,1,173,1
B6,JFK,TPA,2024,1,1020,13,7,0.0,"frozenset({2825.0, 225.0})",225.0,0.5384615384615384,True,2024-01,1,174,1
OO,ORD,MSN,2024,1,941,22,12,4.0,frozenset({5386.0}),5386.0,0.5454545454545454,True,2024-01,1,175,1
OO,ORD,PIA,2024,1,545,28,15,5.0,frozenset({5437.0}),5437.0,0.5357142857142857,True,2024-01,1,176,1
OO,ORD,PIA,2024,1,1180,23,13,8.0,frozenset({5432.0}),5432.0,0.5652173913043478,True,2024-01,1,177,1
AA,MIA,PDX,2024,1,1230,31,16,1.0,frozenset({2888.0}),2888.0,0.5161290322580645,True,2024-01,1,178,1
AA,DFW,BNA,2024,1,1290,29,15,4.0,"frozenset({320.0, 429.0})",320.0,0.5172413793103449,True,2024-01,1,179,1
OO,ORD,TVC,2024,1,935,31,16,5.0,frozenset({5548.0}),5548.0,0.5161290322580645,True,2024-01,1,180,1
F9,CLE,RSW,2024,1,1260,11,7,0.0,"frozenset({3846.0, 3794.0, 3796.0, 3798.0, 2716.0})",3796.0,0.6363636363636364,True,2024-01,1,181,1
OO,PIA,ORD,2024,1,391,23,12,9.0,"frozenset({4675.0, 4646.0})",4675.0,0.5217391304347826,True,2024-01,1,182,1
OO,PIA,ORD,2024,1,655,28,16,4.0,frozenset({5253.0}),5253.0,0.5714285714285714,True,2024-01,1,183,1
AA,DFW,AUS,2024,1,1020,31,16,0.0,frozenset({846.0}),846.0,0.5161290322580645,True,2024-01,1,184,1
F9,CVG,MIA,2024,1,1066,11,7,0.0,"frozenset({1904.0, 2476.0})",1904.0,0.6363636363636364,True,2024-01,1,185,1
AA,DFW,STL,2024,1,966,13,7,0.0,frozenset({2100.0}),2100.0,0.5384615384615384,True,2024-01,1,186,1
AA,DFW,SYR,2024,1,1197,24,14,0.0,frozenset({421.0}),421.0,0.5833333333333334,True,2024-01,1,187,1
AA,DEN,DFW,2024,1,1125,18,10,1.0,frozenset({1322.0}),1322.0,0.5555555555555556,True,2024-01,1,188,1
OO,SBN,ATL,2024,1,360,23,12,1.0,frozenset({3877.0}),3877.0,0.5217391304347826,True,2024-01,1,189,1
OO,SBN,ATL,2024,1,1054,20,11,2.0,frozenset({3731.0}),3731.0,0.55,True,2024-01,1,190,1
OO,ORD,TVC,2024,1,525,23,17,4.0,frozenset({5475.0}),5475.0,0.7391304347826086,True,2024-01,1,191,1
G4,DSM,BNA,2024,1,1037,11,6,1.0,"frozenset({448.0, 434.0, 471.0})",434.0,0.5454545454545454,True,2024-01,1,192,1
F9,CLE,MCO,2024,1,1127,10,8,1.0,"frozenset({4872.0, 4282.0, 4174.0})",4174.0,0.8,True,2024-01,1,193,1
OO,ORD,CHA,2024,1,525,30,16,3.0,frozenset({5362.0}),5362.0,0.5333333333333333,True,2024-01,1,194,1
OO,GRB,DTW,2024,1,824,13,8,1.0,frozenset({4077.0}),4077.0,0.6153846153846154,True,2024-01,1,195,1
AA,DFW,EUG,2024,1,1140,11,6,1.0,frozenset({1774.0}),1774.0,0.5454545454545454,True,2024-01,1,196,1
OO,IND,DTW,2024,1,1081,11,6,1.0,frozenset({4059.0}),4059.0,0.5454545454545454,True,2024-01,1,197,1
OO,JFK,BUF,2024,1,1379,24,15,6.0,frozenset({4165.0}),4165.0,0.625,True,2024-01,1,198,1
OO,JFK,ORD,2024,1,960,24,14,2.0,frozenset({3814.0}),3814.0,0.5833333333333334,True,2024-01,1,199,1
AA,DFW,DTW,2024,1,865,13,7,1.0,frozenset({1339.0}),1339.0,0.5384615384615384,True,2024-01,1,200,1
F9,CLE,LAS,2024,1,1171,15,9,1.0,frozenset({3231.0}),3231.0,0.6,True,2024-01,1,201,1
MQ,DFW,JAN,2024,1,1075,12,7,1.0,frozenset({3469.0}),3469.0,0.5833333333333334,True,2024-01,1,202,1
AA,MIA,MKE,2024,1,1288,31,16,3.0,frozenset({2737.0}),2737.0,0.5161290322580645,True,2024-01,1,203,1
AA,MIA,OMA,2024,1,1260,24,13,1.0,frozenset({2827.0}),2827.0,0.5416666666666666,True,2024-01,1,204,1
OO,LIT,ORD,2024,1,689,23,13,2.0,frozenset({5399.0}),5399.0,0.5652173913043478,True,2024-01,1,205,1
AA,DFW,CID,2024,1,1317,17,11,4.0,frozenset({788.0}),788.0,0.6470588235294118,True,2024-01,1,206,1
OO,MBS,DTW,2024,1,800,24,13,2.0,frozenset({4015.0}),4015.0,0.5416666666666666,True,2024-01,1,207,1
OO,MBS,ORD,2024,1,701,20,12,2.0,frozenset({5277.0}),5277.0,0.6,True,2024-01,1,208,1
OO,MBS,ORD,2024,1,1107,23,12,7.0,frozenset({5477.0}),5477.0,0.5217391304347826,True,2024-01,1,209,1
OO,MCI,AUS,2024,1,1093,20,13,1.0,frozenset({3241.0}),3241.0,0.65,True,2024-01,1,210,1
OO,MKE,IAH,2024,1,940,23,12,3.0,frozenset({5485.0}),5485.0,0.5217391304347826,True,2024-01,1,211,1
OO,MKE,LGA,2024,1,360,18,11,4.0,frozenset({4051.0}),4051.0,0.6111111111111112,True,2024-01,1,212,1
OO,MOT,MSP,2024,1,360,24,14,5.0,frozenset({3817.0}),3817.0,0.5833333333333334,True,2024-01,1,213,1
OO,MSN,ORD,2024,1,505,22,12,6.0,frozenset({5375.0}),5375.0,0.5454545454545454,True,2024-01,1,214,1
MQ,DFW,HSV,2024,1,1134,21,11,3.0,frozenset({3677.0}),3677.0,0.5238095238095238,True,2024-01,1,215,1
OO,ORD,BUF,2024,1,812,27,14,6.0,"frozenset({4841.0, 4676.0})",4841.0,0.5185185185185185,True,2024-01,1,216,1
OO,ORD,CAE,2024,1,680,23,13,4.0,frozenset({5455.0}),5455.0,0.5652173913043478,True,2024-01,1,217,1
OO,ORD,CAK,2024,1,645,26,14,4.0,frozenset({5523.0}),5523.0,0.5384615384615384,True,2024-01,1,218,1
OO,MBS,ORD,2024,1,450,31,18,6.0,frozenset({5473.0}),5473.0,0.5806451612903226,True,2024-01,1,219,1
WN,BWI,BUF,2024,1,1015,22,12,2.0,"frozenset({1450.0, 2539.0, 3484.0, 2139.0})",2539.0,0.5454545454545454,True,2024-01,1,220,1
UA,EWR,MCO,2024,1,1202,31,17,12.0,"frozenset({657.0, 1695.0})",657.0,0.5483870967741935,True,2024-01,1,221,1
AS,SEA,CMH,2024,1,634,17,9,5.0,frozenset({450.0}),450.0,0.5294117647058824,True,2024-01,1,222,1
AS,KOA,SJC,2024,1,660,10,6,6.0,frozenset({869.0}),869.0,0.6,True,2024-01,1,223,1
AS,KOA,SEA,2024,1,755,21,11,5.0,frozenset({808.0}),808.0,0.5238095238095238,True,2024-01,1,224,1
AS,KOA,SAN,2024,1,660,11,7,7.0,"frozenset({894.0, 854.0})",894.0,0.6363636363636364,True,2024-01,1,225,1
AS,KOA,PDX,2024,1,850,24,18,9.0,frozenset({868.0}),868.0,0.75,True,2024-01,1,226,1
WN,DEN,STL,2024,1,870,10,6,0.0,frozenset({4691.0}),4691.0,0.6,True,2024-01,1,227,1
WN,DEN,STL,2024,1,1100,15,11,1.0,"frozenset({2494.0, 2877.0, 2590.0, 2519.0})",2590.0,0.7333333333333333,True,2024-01,1,228,1
AS,JFK,SFO,2024,1,1139,24,14,10.0,frozenset({27.0}),27.0,0.5833333333333334,True,2024-01,1,229,1
AS,JFK,SEA,2024,1,990,31,16,10.0,frozenset({17.0}),17.0,0.5161290322580645,True,2024-01,1,230,1
AS,LAS,PAE,2024,1,1158,12,7,5.0,frozenset({733.0}),733.0,0.5833333333333334,True,2024-01,1,231,1
WN,DSM,STL,2024,1,990,10,7,2.0,frozenset({3024.0}),3024.0,0.7,True,2024-01,1,232,1
AA,BHM,DFW,2024,1,801,24,13,1.0,frozenset({1349.0}),1349.0,0.5416666666666666,True,2024-01,1,233,1
AS,JFK,PSP,2024,1,540,22,13,13.0,frozenset({1077.0}),1077.0,0.5909090909090909,True,2024-01,1,234,1
AS,JFK,PDX,2024,1,1215,24,15,12.0,frozenset({41.0}),41.0,0.625,True,2024-01,1,235,1
AS,IND,SEA,2024,1,1139,24,13,8.0,frozenset({391.0}),391.0,0.5416666666666666,True,2024-01,1,236,1
AS,IAD,SAN,2024,1,1020,31,16,13.0,frozenset({507.0}),507.0,0.5161290322580645,True,2024-01,1,237,1
AS,HNL,SJC,2024,1,885,24,17,6.0,frozenset({830.0}),830.0,0.7083333333333334,True,2024-01,1,238,1
AA,GRR,DFW,2024,1,916,30,16,2.0,frozenset({1851.0}),1851.0,0.5333333333333333,True,2024-01,1,239,1
AS,HNL,SEA,2024,1,1280,31,18,3.0,frozenset({802.0}),802.0,0.5806451612903226,True,2024-01,1,240,1
AS,JFK,SAN,2024,1,1019,24,14,12.0,frozenset({25.0}),25.0,0.5833333333333334,True,2024-01,1,241,1
F9,PHX,SFO,2024,1,668,12,7,0.0,"frozenset({3365.0, 749.0})",3365.0,0.5833333333333334,True,2024-01,1,242,2
AS,LAS,SFO,2024,1,1160,12,8,5.0,"frozenset({773.0, 613.0})",613.0,0.6666666666666666,True,2024-01,1,243,1
F9,RSW,CLE,2024,1,1240,16,9,1.0,"frozenset({3795.0, 3797.0})",3795.0,0.5625,True,2024-01,1,244,1
AS,PAE,HNL,2024,1,570,31,20,6.0,"frozenset({850.0, 819.0})",819.0,0.6451612903225806,True,2024-01,1,245,1
AS,ORD,PDX,2024,1,840,21,11,10.0,frozenset({325.0}),325.0,0.5238095238095238,True,2024-01,1,246,1
AS,ONT,PDX,2024,1,1250,12,8,7.0,frozenset({1283.0}),1283.0,0.6666666666666666,True,2024-01,1,247,1
AS,OMA,SEA,2024,1,816,17,9,3.0,"frozenset({361.0, 373.0})",361.0,0.5294117647058824,True,2024-01,1,248,1
AS,OGG,SEA,2024,1,1385,28,19,10.0,frozenset({814.0}),814.0,0.6785714285714286,True,2024-01,1,249,1
AS,OGG,SEA,2024,1,750,25,21,14.0,frozenset({862.0}),862.0,0.84,True,2024-01,1,250,1
AS,OGG,SAN,2024,1,845,15,8,4.0,"frozenset({824.0, 820.0, 806.0})",806.0,0.5333333333333333,True,2024-01,1,251,1
AS,OGG,SAN,2024,1,660,13,10,9.0,"frozenset({818.0, 806.0})",806.0,0.7692307692307693,True,2024-01,1,252,1
AS,OGG,PDX,2024,1,845,13,12,6.0,frozenset({898.0}),898.0,0.9230769230769231,True,2024-01,1,253,1
AS,MIA,PDX,2024,1,1140,24,13,10.0,frozenset({440.0}),440.0,0.5416666666666666,True,2024-01,1,254,1
AS,MCO,SEA,2024,1,1075,24,15,9.0,frozenset({419.0}),419.0,0.625,True,2024-01,1,255,1
AS,MCO,SAN,2024,1,980,24,14,9.0,frozenset({397.0}),397.0,0.5833333333333334,True,2024-01,1,256,1
AS,LIH,SEA,2024,1,1385,24,16,1.0,frozenset({810.0}),810.0,0.6666666666666666,True,2024-01,1,257,1
WN,DEN,BWI,2024,1,870,15,8,1.0,"frozenset({162.0, 2506.0, 2413.0, 4677.0})",4677.0,0.5333333333333333,True,2024-01,1,258,1
AS,LIH,PDX,2024,1,935,13,8,0.0,frozenset({870.0}),870.0,0.6153846153846154,True,2024-01,1,259,1
AS,LAX,FLL,2024,1,655,31,18,11.0,frozenset({380.0}),380.0,0.5806451612903226,True,2024-01,1,260,1
AA,PHL,CHS,2024,1,934,20,11,0.0,frozenset({1059.0}),1059.0,0.55,True,2024-01,1,261,1
AA,PHL,CLE,2024,1,953,13,7,0.0,frozenset({1557.0}),1557.0,0.5384615384615384,True,2024-01,1,262,1
AS,LAX,EWR,2024,1,420,21,11,10.0,frozenset({284.0}),284.0,0.5238095238095238,True,2024-01,1,263,1
AS,HNL,SAN,2024,1,835,30,22,13.0,"frozenset({857.0, 892.0})",892.0,0.7333333333333333,True,2024-01,1,264,1
WN,DAL,MDW,2024,1,625,10,6,2.0,frozenset({1280.0}),1280.0,0.6,True,2024-01,1,265,1
AS,SEA,DTW,2024,1,475,11,6,3.0,frozenset({304.0}),304.0,0.5454545454545454,True,2024-01,1,266,1
AS,HNL,ANC,2024,1,1385,24,19,5.0,frozenset({828.0}),828.0,0.7916666666666666,True,2024-01,1,267,1
F9,ORD,PHX,2024,1,1320,15,8,2.0,frozenset({1827.0}),1827.0,0.5333333333333333,True,2024-01,1,268,1
WN,MCI,DAL,2024,1,1040,11,6,3.0,"frozenset({1408.0, 2970.0})",2970.0,0.5454545454545454,True,2024-01,1,269,1
9E,LFT,ATL,2024,1,700,12,8,1.0,frozenset({5482.0}),5482.0,0.6666666666666666,True,2024-01,1,270,1
F9,ORD,MCO,2024,1,1228,17,9,2.0,frozenset({3044.0}),3044.0,0.5294117647058824,True,2024-01,1,271,1
WN,MCO,AUS,2024,1,1140,11,6,0.0,"frozenset({4046.0, 3447.0})",4046.0,0.5454545454545454,True,2024-01,1,272,1
AA,PHX,EWR,2024,1,1380,31,18,0.0,frozenset({2156.0}),2156.0,0.5806451612903226,True,2024-01,1,273,2
WN,MCO,DAL,2024,1,1165,15,10,0.0,"frozenset({2476.0, 700.0, 4068.0, 2220.0})",4068.0,0.6666666666666666,True,2024-01,1,274,1
WN,MCO,HOU,2024,1,1080,11,6,0.0,"frozenset({3190.0, 439.0})",3190.0,0.5454545454545454,True,2024-01,1,275,1
WN,LGA,MDW,2024,1,1210,10,6,3.0,frozenset({3618.0}),3618.0,0.6,True,2024-01,1,276,1
WN,MCO,HOU,2024,1,1200,11,6,0.0,"frozenset({62.0, 3190.0})",3190.0,0.5454545454545454,True,2024-01,1,277,1
WN,MCO,MSY,2024,1,1160,13,7,0.0,"frozenset({1051.0, 2557.0})",1051.0,0.5384615384615384,True,2024-01,1,278,1
WN,MDW,BOS,2024,1,815,10,6,2.0,frozenset({4417.0}),4417.0,0.6,True,2024-01,1,279,1
AA,IND,MIA,2024,1,1072,13,7,0.0,frozenset({1436.0}),1436.0,0.5384615384615384,True,2024-01,1,280,1
F9,MDW,DFW,2024,1,1291,13,7,1.0,"frozenset({3533.0, 2999.0})",3533.0,0.5384615384615384,True,2024-01,1,281,1
F9,MCO,PHL,2024,1,1350,26,14,2.0,"frozenset({2506.0, 4404.0})",4404.0,0.5384615384615384,True,2024-01,1,282,1
F9,MCO,IAH,2024,1,1361,12,7,0.0,frozenset({4425.0}),4425.0,0.5833333333333334,True,2024-01,1,283,1
AA,RSW,DFW,2024,1,914,13,7,0.0,frozenset({873.0}),873.0,0.5384615384615384,True,2024-01,1,284,1
F9,MCO,ATL,2024,1,1384,13,8,0.0,"frozenset({4025.0, 4027.0, 3973.0})",4025.0,0.6153846153846154,True,2024-01,1,285,1
WN,MCO,HOU,2024,1,1245,15,9,0.0,"frozenset({2312.0, 3427.0, 2932.0, 133.0})",2312.0,0.6,True,2024-01,1,286,1
9E,LGA,CLT,2024,1,1180,21,11,4.0,frozenset({5037.0}),5037.0,0.5238095238095238,True,2024-01,1,287,1
9E,LGA,GRR,2024,1,1200,22,13,3.0,"frozenset({5139.0, 5078.0})",5078.0,0.5909090909090909,True,2024-01,1,288,1
WN,LAX,SFO,2024,1,1190,11,7,0.0,"frozenset({2019.0, 2271.0})",2271.0,0.6363636363636364,True,2024-01,1,289,2
AS,FLL,SFO,2024,1,1199,24,13,10.0,frozenset({371.0}),371.0,0.5416666666666666,True,2024-01,1,290,1
AS,FLL,SEA,2024,1,1090,31,17,12.0,frozenset({517.0}),517.0,0.5483870967741935,True,2024-01,1,291,1
WN,HOU,PHX,2024,1,1040,11,6,0.0,"frozenset({2328.0, 1737.0})",2328.0,0.5454545454545454,True,2024-01,1,292,1
AS,FLL,SAN,2024,1,1010,31,16,12.0,frozenset({355.0}),355.0,0.5161290322580645,True,2024-01,1,293,1
AS,FLL,PDX,2024,1,585,31,18,11.0,frozenset({337.0}),337.0,0.5806451612903226,True,2024-01,1,294,1
AS,DEN,PDX,2024,1,1168,13,8,5.0,frozenset({795.0}),795.0,0.6153846153846154,True,2024-01,1,295,1
AS,BWI,SEA,2024,1,1139,24,13,9.0,frozenset({379.0}),379.0,0.5416666666666666,True,2024-01,1,296,1
AS,BRW,ANC,2024,1,1044,30,16,8.0,frozenset({50.0}),50.0,0.5333333333333333,True,2024-01,1,297,1
AS,AUS,SFO,2024,1,970,24,17,15.0,frozenset({535.0}),535.0,0.7083333333333334,True,2024-01,1,298,1
WN,LAS,MDW,2024,1,1140,19,10,3.0,"frozenset({3215.0, 2924.0, 799.0})",2924.0,0.5263157894736842,True,2024-01,1,299,1
WN,MIA,MDW,2024,1,1040,16,9,2.0,frozenset({2572.0}),2572.0,0.5625,True,2024-01,1,300,1
AS,ABQ,SEA,2024,1,1168,17,9,2.0,frozenset({655.0}),655.0,0.5294117647058824,True,2024-01,1,301,1
WN,LAS,SAT,2024,1,1150,10,6,0.0,frozenset({2695.0}),2695.0,0.6,True,2024-01,1,302,1
F9,PHL,TPA,2024,1,1050,10,6,2.0,frozenset({2835.0}),2835.0,0.6,True,2024-01,1,303,1
YX,PHL,BUF,2024,1,1250,13,8,2.0,frozenset({4794.0}),4794.0,0.6153846153846154,True,2024-01,1,304,1
F9,PHL,RSW,2024,1,996,16,9,1.0,frozenset({2025.0}),2025.0,0.5625,True,2024-01,1,305,1
9E,MLU,ATL,2024,1,1055,20,11,2.0,frozenset({5185.0}),5185.0,0.55,True,2024-01,1,306,1
AA,TPA,DFW,2024,1,1174,18,11,1.0,frozenset({2512.0}),2512.0,0.6111111111111112,True,2024-01,1,307,1
AA,STL,DFW,2024,1,1138,13,7,1.0,frozenset({2100.0}),2100.0,0.5384615384615384,True,2024-01,1,308,1
AS,HNL,PAE,2024,1,795,24,13,8.0,frozenset({804.0}),804.0,0.5416666666666666,True,2024-01,1,309,1
AS,PAE,PHX,2024,1,435,13,9,9.0,frozenset({732.0}),732.0,0.6923076923076923,True,2024-01,1,310,1
DL,DTW,MKE,2024,1,625,24,13,1.0,frozenset({2128.0}),2128.0,0.5416666666666666,True,2024-01,1,311,1
AS,PDX,FLL,2024,1,517,31,17,12.0,frozenset({336.0}),336.0,0.5483870967741935,True,2024-01,1,312,1
AS,PDX,KOA,2024,1,440,21,11,5.0,"frozenset({865.0, 867.0})",867.0,0.5238095238095238,True,2024-01,1,313,1
AS,SAN,OGG,2024,1,625,21,16,15.0,frozenset({829.0}),829.0,0.7619047619047619,True,2024-01,1,314,1
WN,BWI,STL,2024,1,1105,10,6,1.0,frozenset({4653.0}),4653.0,0.6,True,2024-01,1,315,1
AS,SAN,KOA,2024,1,627,14,12,10.0,"frozenset({891.0, 899.0})",899.0,0.8571428571428571,True,2024-01,1,316,1
AS,SAN,JFK,2024,1,570,31,16,10.0,frozenset({24.0}),24.0,0.5161290322580645,True,2024-01,1,317,1
AS,SAN,AUS,2024,1,615,24,16,14.0,frozenset({530.0}),530.0,0.6666666666666666,True,2024-01,1,318,1
AS,PDX,ONT,2024,1,1060,20,12,9.0,frozenset({1042.0}),1042.0,0.6,True,2024-01,1,319,1
AS,PDX,LAS,2024,1,1132,31,18,7.0,frozenset({712.0}),712.0,0.5806451612903226,True,2024-01,1,320,1
WN,DAL,LAX,2024,1,1275,15,10,1.0,"frozenset({704.0, 2417.0, 4450.0, 2246.0})",2417.0,0.6666666666666666,True,2024-01,1,321,1
AS,PSP,PDX,2024,1,1114,24,16,9.0,frozenset({1277.0}),1277.0,0.6666666666666666,True,2024-01,1,322,1
AS,PSP,JFK,2024,1,858,23,12,6.0,frozenset({1078.0}),1078.0,0.5217391304347826,True,2024-01,1,323,1
AS,PHX,SFO,2024,1,720,16,12,12.0,frozenset({735.0}),735.0,0.75,True,2024-01,1,324,1
AS,PHX,SEA,2024,1,1006,31,17,7.0,"frozenset({739.0, 693.0})",693.0,0.5483870967741935,True,2024-01,1,325,1
AS,PHX,PDX,2024,1,420,24,13,10.0,frozenset({751.0}),751.0,0.5416666666666666,True,2024-01,1,326,1
AS,PDX,OGG,2024,1,435,16,12,10.0,frozenset({809.0}),809.0,0.75,True,2024-01,1,327,1
F9,RSW,PHL,2024,1,696,16,9,1.0,"frozenset({1578.0, 2026.0})",1578.0,0.5625,True,2024-01,1,328,1
AS,PDX,SEA,2024,1,810,31,16,9.0,frozenset({1008.0}),1008.0,0.5161290322580645,True,2024-01,1,329,1
AS,PDX,PSP,2024,1,866,24,14,10.0,frozenset({1278.0}),1278.0,0.5833333333333334,True,2024-01,1,330,1
AS,PDX,DEN,2024,1,897,13,8,5.0,frozenset({794.0}),794.0,0.6153846153846154,True,2024-01,1,331,1
WN,MSP,MCO,2024,1,870,10,7,0.0,frozenset({3267.0}),3267.0,0.7,True,2024-01,1,332,1
AS,PSP,SEA,2024,1,789,22,13,13.0,"frozenset({1094.0, 1095.0})",1094.0,0.5909090909090909,True,2024-01,1,333,1
AS,SEA,BUR,2024,1,1173,30,16,8.0,"frozenset({1168.0, 1148.0})",1168.0,0.5333333333333333,True,2024-01,1,334,1
AS,PDX,JFK,2024,1,436,24,13,11.0,"frozenset({20.0, 30.0})",30.0,0.5416666666666666,True,2024-01,1,335,1
AS,SEA,BWI,2024,1,595,24,13,9.0,frozenset({378.0}),378.0,0.5416666666666666,True,2024-01,1,336,1
WN,BWI,HOU,2024,1,825,10,7,0.0,frozenset({1532.0}),1532.0,0.7,True,2024-01,1,337,1
WN,BWI,DAL,2024,1,1205,13,7,2.0,"frozenset({2836.0, 949.0})",949.0,0.5384615384615384,True,2024-01,1,338,1
AS,SEA,ABQ,2024,1,882,17,9,2.0,frozenset({654.0}),654.0,0.5294117647058824,True,2024-01,1,339,1
OO,RNO,SFO,2024,2,982,14,8,1.0,frozenset({4779.0}),4779.0,0.5714285714285714,True,2024-02,1,340,1
WN,SAN,SFO,2024,2,1030,17,11,1.0,"frozenset({496.0, 854.0})",854.0,0.6470588235294118,True,2024-02,2,145,2
OO,RDM,SFO,2024,2,420,15,10,0.0,frozenset({5464.0}),5464.0,0.6666666666666666,True,2024-02,1,341,1
OO,PSP,SFO,2024,2,1190,11,8,0.0,frozenset({3477.0}),3477.0,0.7272727272727273,True,2024-02,1,342,1
OO,PSP,SFO,2024,2,990,15,11,0.0,frozenset({3347.0}),3347.0,0.7333333333333333,True,2024-02,1,343,3
OO,PSP,SFO,2024,2,900,15,8,1.0,frozenset({5241.0}),5241.0,0.5333333333333333,True,2024-02,1,344,1
OO,SAN,SFO,2024,2,840,14,9,0.0,"frozenset({3478.0, 3319.0})",3478.0,0.6428571428571429,True,2024-02,1,345,1
B6,JFK,SJU,2024,2,1379,12,7,0.0,frozenset({403.0}),403.0,0.5833333333333334,True,2024-02,1,346,1
OO,PDX,SFO,2024,2,910,25,16,1.0,frozenset({3397.0}),3397.0,0.64,True,2024-02,1,347,2
WN,SAN,SFO,2024,2,580,17,9,1.0,"frozenset({1092.0, 966.0})",966.0,0.5294117647058824,True,2024-02,1,348,1
WN,SFO,LAS,2024,2,1095,21,14,1.0,frozenset({3520.0}),3520.0,0.6666666666666666,True,2024-02,1,349,1
F9,LAS,SFO,2024,2,480,14,8,0.0,"frozenset({3019.0, 4157.0})",3019.0,0.5714285714285714,True,2024-02,1,350,1
B6,LGA,PBI,2024,2,835,15,8,0.0,frozenset({761.0}),761.0,0.5333333333333333,True,2024-02,1,351,2
WN,SFO,LAS,2024,2,840,13,8,0.0,frozenset({4709.0}),4709.0,0.6153846153846154,True,2024-02,1,352,1
OO,PSP,SFO,2024,2,945,14,8,1.0,frozenset({4785.0}),4785.0,0.5714285714285714,True,2024-02,1,353,1
WN,LAS,PIT,2024,2,895,13,8,0.0,frozenset({3266.0}),3266.0,0.6153846153846154,True,2024-02,1,354,1
OO,SAN,SFO,2024,2,985,23,14,1.0,"frozenset({3357.0, 3351.0})",3357.0,0.6086956521739131,True,2024-02,1,355,1
UA,SLC,SFO,2024,2,991,14,10,0.0,frozenset({1351.0}),1351.0,0.7142857142857143,True,2024-02,1,356,1
UA,AUS,SFO,2024,2,1193,26,15,0.0,frozenset({1401.0}),1401.0,0.5769230769230769,True,2024-02,1,357,2
WN,SAN,SFO,2024,2,1205,13,7,0.0,frozenset({1092.0}),1092.0,0.5384615384615384,True,2024-02,1,358,1
OO,TUS,SFO,2024,2,1140,28,15,1.0,frozenset({5856.0}),5856.0,0.5357142857142857,True,2024-02,1,359,1
NK,CLE,LAS,2024,2,850,15,8,0.0,frozenset({2817.0}),2817.0,0.5333333333333333,True,2024-02,1,360,1
OO,SNA,SFO,2024,2,1168,36,24,0.0,"frozenset({5873.0, 3494.0})",5873.0,0.6666666666666666,True,2024-02,1,361,3
OO,SNA,SFO,2024,2,1005,29,18,3.0,"frozenset({3465.0, 3396.0})",3396.0,0.6206896551724138,True,2024-02,1,362,2
OO,SNA,SFO,2024,2,940,29,16,2.0,"frozenset({5325.0, 5926.0})",5325.0,0.5517241379310345,True,2024-02,1,363,1
OO,SNA,SFO,2024,2,870,29,16,1.0,"frozenset({3314.0, 3404.0})",3314.0,0.5517241379310345,True,2024-02,1,364,2
OO,SNA,SFO,2024,2,780,19,10,0.0,"frozenset({3314.0, 3404.0, 3348.0})",3404.0,0.5263157894736842,True,2024-02,1,365,1
OO,SFO,SNA,2024,2,1130,21,11,1.0,"frozenset({3492.0, 3462.0})",3462.0,0.5238095238095238,True,2024-02,1,366,1
AS,PDX,SFO,2024,2,420,29,15,1.0,frozenset({1155.0}),1155.0,0.5172413793103449,True,2024-02,1,367,1
OO,SFO,SAN,2024,2,1271,21,13,1.0,frozenset({3425.0}),3425.0,0.6190476190476191,True,2024-02,1,368,1
AS,PDX,SFO,2024,2,1175,26,18,1.0,frozenset({1295.0}),1295.0,0.6923076923076923,True,2024-02,1,369,4
OO,SFO,PDX,2024,2,865,21,11,2.0,"frozenset({3476.0, 3332.0})",3332.0,0.5238095238095238,True,2024-02,1,370,1
OO,SFO,LAX,2024,2,1255,18,10,1.0,"frozenset({3353.0, 3325.0})",3353.0,0.5555555555555556,True,2024-02,1,371,1
B6,JFK,PBI,2024,2,1289,14,8,0.0,frozenset({1053.0}),1053.0,0.5714285714285714,True,2024-02,1,372,1
OO,SEA,SFO,2024,2,1210,13,7,0.0,frozenset({3695.0}),3695.0,0.5384615384615384,True,2024-02,1,373,1
OO,SBP,SFO,2024,2,1160,13,10,1.0,frozenset({5271.0}),5271.0,0.7692307692307693,True,2024-02,1,374,1
OO,SBP,SFO,2024,2,860,29,15,1.0,frozenset({5756.0}),5756.0,0.5172413793103449,True,2024-02,1,375,1
AA,MIA,SFO,2024,2,1210,17,10,0.0,frozenset({2426.0}),2426.0,0.5882352941176471,True,2024-02,1,376,1
B6,LGA,RSW,2024,2,1180,15,8,0.0,frozenset({2061.0}),2061.0,0.5333333333333333,True,2024-02,1,377,1
NK,MCO,ATL,2024,2,1070,11,6,0.0,"frozenset({770.0, 2062.0})",2062.0,0.5454545454545454,True,2024-02,1,378,1
WN,LAS,SFO,2024,2,510,13,7,0.0,frozenset({1653.0}),1653.0,0.5384615384615384,True,2024-02,1,379,1
WN,PHX,SFO,2024,2,720,13,7,0.0,frozenset({1410.0}),1410.0,0.5384615384615384,True,2024-02,1,380,1
WN,PHX,SFO,2024,2,990,17,12,0.0,"frozenset({2160.0, 2140.0})",2160.0,0.7058823529411765,True,2024-02,1,381,1
WN,PHX,SFO,2024,2,1190,25,14,0.0,"frozenset({3572.0, 1661.0, 1710.0})",3572.0,0.56,True,2024-02,1,382,1
OO,ASE,IAH,2024,2,820,29,17,4.0,frozenset({4732.0}),4732.0,0.5862068965517241,True,2024-02,1,383,1
OO,ASE,DEN,2024,2,990,29,15,3.0,"frozenset({5497.0, 5778.0})",5497.0,0.5172413793103449,True,2024-02,1,384,1
F9,ONT,SFO,2024,2,975,10,6,1.0,"frozenset({2677.0, 4197.0})",2677.0,0.6,True,2024-02,1,385,1
OO,ACV,SFO,2024,2,845,29,16,2.0,frozenset({4655.0}),4655.0,0.5517241379310345,True,2024-02,1,386,1
AA,PHX,EWR,2024,2,1382,29,15,1.0,frozenset({2156.0}),2156.0,0.5172413793103449,True,2024-02,2,273,2
OO,ASE,SFO,2024,2,1150,29,18,5.0,"frozenset({4658.0, 5559.0})",5559.0,0.6206896551724138,True,2024-02,1,387,1
B6,ROC,JFK,2024,2,843,15,8,0.0,frozenset({485.0}),485.0,0.5333333333333333,True,2024-02,1,388,1
B6,SJU,BDL,2024,2,1315,15,8,0.0,frozenset({276.0}),276.0,0.5333333333333333,True,2024-02,1,389,1
WN,SFO,PHX,2024,2,1090,13,9,0.0,frozenset({3858.0}),3858.0,0.6923076923076923,True,2024-02,1,390,1
B6,SJU,BOS,2024,2,115,10,6,0.0,frozenset({562.0}),562.0,0.6,True,2024-02,1,391,1
NK,FLL,LAX,2024,2,1170,29,17,0.0,frozenset({339.0}),339.0,0.5862068965517241,True,2024-02,2,148,2
NK,FLL,PHL,2024,2,1180,19,10,0.0,frozenset({1052.0}),1052.0,0.5263157894736842,True,2024-02,2,151,2
NK,ORD,FLL,2024,2,1163,19,11,0.0,frozenset({1986.0}),1986.0,0.5789473684210527,True,2024-02,1,392,1
B6,SJU,MCO,2024,2,1000,15,9,0.0,frozenset({1134.0}),1134.0,0.6,True,2024-02,1,393,1
NK,MCO,SLC,2024,2,1215,11,6,0.0,frozenset({1790.0}),1790.0,0.5454545454545454,True,2024-02,1,394,1
B6,RSW,EWR,2024,2,780,15,8,0.0,frozenset({1712.0}),1712.0,0.5333333333333333,True,2024-02,1,395,1
NK,LGA,MCO,2024,2,1199,13,7,0.0,frozenset({475.0}),475.0,0.5384615384615384,True,2024-02,1,396,1
B6,SMF,JFK,2024,2,1400,17,9,1.0,frozenset({162.0}),162.0,0.5294117647058824,True,2024-02,1,397,1
NK,FLL,DFW,2024,2,1123,16,10,0.0,"frozenset({2955.0, 1966.0})",1966.0,0.625,True,2024-02,1,398,4
WN,LAS,SFO,2024,2,950,21,13,0.0,"frozenset({1369.0, 3843.0})",3843.0,0.6190476190476191,True,2024-02,1,399,1
WN,LAS,SFO,2024,2,1240,21,12,0.0,"frozenset({2406.0, 439.0})",2406.0,0.5714285714285714,True,2024-02,1,400,1
OO,MFR,SFO,2024,2,1140,13,10,1.0,frozenset({5370.0}),5370.0,0.7692307692307693,True,2024-02,1,401,1
F9,LAS,SFO,2024,2,1206,13,11,1.0,"frozenset({3801.0, 4157.0, 4401.0})",3801.0,0.8461538461538461,True,2024-02,1,402,1
B6,MCO,JFK,2024,2,1192,13,7,0.0,"frozenset({284.0, 2884.0})",284.0,0.5384615384615384,True,2024-02,1,403,2
B6,MCO,LGA,2024,2,962,13,7,0.0,frozenset({1098.0}),1098.0,0.5384615384615384,True,2024-02,1,404,1
OO,LAX,SFO,2024,2,1259,38,21,1.0,"frozenset({3105.0, 6260.0, 3412.0, 3258.0, 3391.0})",3258.0,0.5526315789473685,True,2024-02,1,405,2
OO,LAX,SFO,2024,2,455,14,8,2.0,frozenset({3473.0}),3473.0,0.5714285714285714,True,2024-02,1,406,1
WN,SFO,SAN,2024,2,650,25,14,0.0,"frozenset({737.0, 1879.0})",737.0,0.56,True,2024-02,1,407,1
WN,SFO,LAX,2024,2,1195,13,8,0.0,frozenset({3670.0}),3670.0,0.6153846153846154,True,2024-02,1,408,1
OO,IAH,ASE,2024,2,635,29,15,0.0,frozenset({5767.0}),5767.0,0.5172413793103449,True,2024-02,1,409,1
WN,LAX,PHX,2024,2,1035,21,11,0.0,"frozenset({752.0, 3350.0})",3350.0,0.5238095238095238,True,2024-02,1,410,1
WN,LAX,SFO,2024,2,965,13,9,0.0,frozenset({3567.0}),3567.0,0.6923076923076923,True,2024-02,1,411,1
WN,LAX,SFO,2024,2,1190,13,11,0.0,frozenset({2271.0}),2271.0,0.8461538461538461,True,2024-02,2,289,2
NK,FLL,ATL,2024,2,1105,27,14,0.0,frozenset({1078.0}),1078.0,0.5185185185185185,True,2024-02,1,412,1
NK,FLL,ATL,2024,2,1165,18,10,0.0,"frozenset({226.0, 1078.0})",226.0,0.5555555555555556,True,2024-02,1,413,2
OO,BIH,SFO,2024,2,895,21,13,4.0,frozenset({5397.0}),5397.0,0.6190476190476191,True,2024-02,1,414,1
WN,SFO,SAN,2024,2,1085,13,10,0.0,frozenset({3248.0}),3248.0,0.7692307692307693,True,2024-02,1,415,1
B6,MCO,LGA,2024,2,1245,15,9,0.0,frozenset({998.0}),998.0,0.6,True,2024-02,1,416,1
F9,SJU,BDL,2024,2,1055,11,10,0.0,frozenset({3937.0}),3937.0,0.9090909090909091,True,2024-02,2,44,2
AS,SEA,SFO,2024,2,975,19,10,0.0,frozenset({1140.0}),1140.0,0.5263157894736842,True,2024-02,1,417,2
OO,RDM,SFO,2024,2,1135,22,14,4.0,frozenset({5534.0}),5534.0,0.6363636363636364,True,2024-02,1,418,2
B6,JFK,FLL,2024,2,685,15,12,2.0,frozenset({601.0}),601.0,0.8,True,2024-02,1,419,2
UA,SBA,SFO,2024,2,420,15,8,2.0,frozenset({1095.0}),1095.0,0.5333333333333333,True,2024-02,1,420,1
UA,DEN,SFO,2024,2,955,29,15,0.0,frozenset({1300.0}),1300.0,0.5172413793103449,True,2024-02,1,421,1
B6,JFK,BQN,2024,2,600,15,8,0.0,frozenset({2539.0}),2539.0,0.5333333333333333,True,2024-02,1,422,1
B6,FLL,SFO,2024,2,610,13,8,0.0,frozenset({577.0}),577.0,0.6153846153846154,True,2024-02,1,423,1
UA,SAN,SFO,2024,2,1178,15,10,0.0,frozenset({2247.0}),2247.0,0.6666666666666666,True,2024-02,1,424,3
B6,BOS,MCO,2024,2,935,15,8,0.0,frozenset({2251.0}),2251.0,0.5333333333333333,True,2024-02,1,425,1
B6,FLL,JFK,2024,2,974,14,8,0.0,frozenset({1902.0}),1902.0,0.5714285714285714,True,2024-02,1,426,1
F9,PHX,SFO,2024,2,1014,12,10,0.0,"frozenset({3865.0, 3365.0})",3365.0,0.8333333333333334,True,2024-02,2,242,2
B6,FLL,JFK,2024,2,930,15,12,2.0,frozenset({1902.0}),1902.0,0.8,True,2024-02,1,427,2
UA,MFR,SFO,2024,2,836,29,17,0.0,"frozenset({2123.0, 1533.0})",2123.0,0.5862068965517241,True,2024-02,1,428,1
UA,PHX,SFO,2024,2,1245,23,13,0.0,frozenset({436.0}),436.0,0.5652173913043478,True,2024-02,1,429,3
AA,CLT,ATL,2024,2,1113,14,8,0.0,"frozenset({763.0, 431.0})",763.0,0.5714285714285714,True,2024-02,1,430,1
WN,DEN,SFO,2024,2,505,13,8,0.0,frozenset({491.0}),491.0,0.6153846153846154,True,2024-02,1,431,1
UA,JAC,SFO,2024,2,905,27,14,1.0,"frozenset({2064.0, 325.0})",325.0,0.5185185185185185,True,2024-02,1,432,2
B6,BOS,SJU,2024,2,1184,10,7,0.0,frozenset({561.0}),561.0,0.7,True,2024-02,1,433,1
B6,BQN,JFK,2024,2,948,15,8,1.0,frozenset({538.0}),538.0,0.5333333333333333,True,2024-02,1,434,1
WN,DEN,MKE,2024,2,1165,13,7,0.0,frozenset({3361.0}),3361.0,0.5384615384615384,True,2024-02,1,435,1
B6,CHS,FLL,2024,2,1077,15,9,0.0,frozenset({1131.0}),1131.0,0.6,True,2024-02,1,436,1
UA,PSP,SFO,2024,2,1090,15,8,0.0,frozenset({1871.0}),1871.0,0.5333333333333333,True,2024-02,1,437,1
UA,RDM,SFO,2024,2,833,29,17,0.0,frozenset({2262.0}),2262.0,0.5862068965517241,True,2024-02,1,438,2
UA,RNO,SFO,2024,2,1165,15,10,0.0,frozenset({649.0}),649.0,0.6666666666666666,True,2024-02,1,439,1
UA,RNO,SFO,2024,2,480,12,9,0.0,frozenset({2683.0}),2683.0,0.75,True,2024-02,1,440,1
B6,FLL,EWR,2024,2,1025,15,8,0.0,frozenset({606.0}),606.0,0.5333333333333333,True,2024-02,1,441,2
WN,DEN,SFO,2024,2,695,13,7,1.0,frozenset({1485.0}),1485.0,0.5384615384615384,True,2024-02,1,442,1
AS,SFO,LAS,2024,2,1045,10,6,0.0,frozenset({706.0}),706.0,0.6,True,2024-02,1,443,1
F9,PHX,SFO,2024,2,668,11,7,0.0,"frozenset({3365.0, 749.0})",3365.0,0.6363636363636364,True,2024-02,2,242,2
B6,JFK,FLL,2024,2,955,15,9,0.0,frozenset({2901.0}),2901.0,0.6,True,2024-02,1,444,2
B6,JFK,FLL,2024,2,1310,14,8,0.0,frozenset({1701.0}),1701.0,0.5714285714285714,True,2024-02,1,445,1
UA,SBA,SFO,2024,2,853,29,16,3.0,"frozenset({1187.0, 1509.0})",1509.0,0.5517241379310345,True,2024-02,1,446,1
UA,BZN,SFO,2024,2,940,29,15,2.0,"frozenset({321.0, 236.0})",321.0,0.5172413793103449,True,2024-02,1,447,1
UA,SBA,SFO,2024,2,1147,28,15,2.0,frozenset({2097.0}),2097.0,0.5357142857142857,True,2024-02,1,448,2
F9,SJU,BDL,2024,2,994,18,10,0.0,"frozenset({3937.0, 3938.0})",3938.0,0.5555555555555556,True,2024-02,2,43,2
F9,SFO,LAS,2024,2,1360,11,7,1.0,"frozenset({2488.0, 4402.0, 4156.0, 4158.0})",4402.0,0.6363636363636364,True,2024-02,1,449,1
WN,SAN,SFO,2024,3,845,16,11,0.0,"frozenset({854.0, 559.0})",559.0,0.6875,True,2024-03,1,450,1
WN,TPA,BWI,2024,3,1360,11,7,2.0,frozenset({2826.0}),2826.0,0.6363636363636364,True,2024-03,1,451,1
WN,BWI,RSW,2024,3,1160,13,7,0.0,"frozenset({528.0, 875.0})",528.0,0.5384615384615384,True,2024-03,1,452,1
AA,MIA,LAS,2024,3,1031,31,20,0.0,frozenset({462.0}),462.0,0.6451612903225806,True,2024-03,1,453,1
B6,PHX,JFK,2024,3,1296,21,12,1.0,frozenset({136.0}),136.0,0.5714285714285714,True,2024-03,1,454,1
NK,ATL,FLL,2024,3,1335,31,19,2.0,frozenset({228.0}),228.0,0.6129032258064516,True,2024-03,1,455,1
F9,BDL,MCO,2024,3,726,25,13,1.0,"frozenset({2171.0, 1683.0})",2171.0,0.52,True,2024-03,1,456,1
WN,PHX,SFO,2024,3,1230,17,9,0.0,"frozenset({849.0, 1710.0})",849.0,0.5294117647058824,True,2024-03,1,457,1
UA,IAH,SLC,2024,3,1215,31,16,1.0,frozenset({1696.0}),1696.0,0.5161290322580645,True,2024-03,1,458,1
WN,SAN,SFO,2024,3,1010,18,10,1.0,"frozenset({496.0, 563.0, 3589.0, 854.0})",563.0,0.5555555555555556,True,2024-03,1,459,1
UA,IAH,SFO,2024,3,1210,30,17,0.0,"frozenset({1522.0, 1555.0, 1267.0})",1267.0,0.5666666666666667,True,2024-03,1,460,1
WN,PHX,SAT,2024,3,1215,14,11,0.0,frozenset({753.0}),753.0,0.7857142857142857,True,2024-03,1,461,1
UA,IAH,TPA,2024,3,784,25,15,1.0,frozenset({2376.0}),2376.0,0.6,True,2024-03,1,462,1
F9,MSP,RSW,2024,3,626,24,14,3.0,frozenset({3432.0}),3432.0,0.5833333333333334,True,2024-03,1,463,1
WN,SAN,SFO,2024,3,695,11,6,0.0,frozenset({2548.0}),2548.0,0.5454545454545454,True,2024-03,1,464,1
F9,MSP,MCO,2024,3,1175,26,15,3.0,"frozenset({4538.0, 3314.0, 1806.0})",1806.0,0.5769230769230769,True,2024-03,1,465,1
B6,RDU,JFK,2024,3,1217,22,12,0.0,frozenset({386.0}),386.0,0.5454545454545454,True,2024-03,1,466,1
UA,JAC,SFO,2024,3,915,27,16,1.0,frozenset({325.0}),325.0,0.5925925925925926,True,2024-03,2,432,2
WN,AUS,ORD,2024,3,1130,11,6,0.0,frozenset({3037.0}),3037.0,0.5454545454545454,True,2024-03,1,467,1
F9,SFO,LAS,2024,3,811,20,15,1.0,"frozenset({2932.0, 3020.0, 2486.0})",2486.0,0.75,True,2024-03,1,468,1
B6,RSW,BDL,2024,3,1206,30,18,0.0,"frozenset({2004.0, 1204.0})",2004.0,0.6,True,2024-03,1,469,1
WN,MCO,DAL,2024,3,1030,18,11,0.0,"frozenset({6001.0, 1316.0, 1101.0})",6001.0,0.6111111111111112,True,2024-03,1,470,1
WN,SFO,LAS,2024,3,715,12,10,1.0,"frozenset({2778.0, 2810.0})",2778.0,0.8333333333333334,True,2024-03,1,471,1
WN,MCO,DEN,2024,3,1275,11,7,0.0,"frozenset({1893.0, 6275.0, 3493.0})",1893.0,0.6363636363636364,True,2024-03,1,472,1
F9,LAS,SLC,2024,3,1264,20,11,0.0,"frozenset({3016.0, 3998.0})",3016.0,0.55,True,2024-03,1,473,1
NK,STL,FLL,2024,3,1071,10,6,1.0,frozenset({1725.0}),1725.0,0.6,True,2024-03,1,474,1
NK,PNS,MCO,2024,3,1060,12,7,1.0,"frozenset({323.0, 621.0})",323.0,0.5833333333333334,True,2024-03,1,475,1
NK,PIT,FLL,2024,3,1334,11,7,0.0,frozenset({447.0}),447.0,0.6363636363636364,True,2024-03,1,476,1
NK,PHX,ORD,2024,3,105,10,6,0.0,frozenset({766.0}),766.0,0.6,True,2024-03,1,477,1
OH,MLB,DCA,2024,3,699,10,6,0.0,frozenset({5355.0}),5355.0,0.6,True,2024-03,1,478,1
WN,DEN,AUS,2024,3,1325,11,7,1.0,frozenset({5212.0}),5212.0,0.6363636363636364,True,2024-03,1,479,1
B6,PBI,JFK,2024,3,1082,31,20,0.0,frozenset({54.0}),54.0,0.6451612903225806,True,2024-03,1,480,1
AS,SAN,SFO,2024,3,1230,18,11,0.0,frozenset({717.0}),717.0,0.6111111111111112,True,2024-03,1,481,2
AA,DFW,RSW,2024,3,1160,31,21,2.0,frozenset({1267.0}),1267.0,0.6774193548387096,True,2024-03,1,482,1
AA,DFW,FLL,2024,3,1064,31,16,0.0,frozenset({2946.0}),2946.0,0.5161290322580645,True,2024-03,1,483,1
WN,DEN,CMH,2024,3,1195,16,9,0.0,"frozenset({5836.0, 492.0})",5836.0,0.5625,True,2024-03,1,484,1
WN,DEN,CMH,2024,3,1005,11,6,0.0,frozenset({3257.0}),3257.0,0.5454545454545454,True,2024-03,1,485,1
WN,LAX,SFO,2024,3,855,11,8,0.0,frozenset({1408.0}),1408.0,0.7272727272727273,True,2024-03,1,486,1
WN,LAX,SFO,2024,3,945,16,10,0.0,"frozenset({785.0, 586.0, 2375.0, 3567.0})",785.0,0.625,True,2024-03,1,487,1
WN,LAX,SFO,2024,3,1110,11,7,0.0,frozenset({845.0}),845.0,0.6363636363636364,True,2024-03,1,488,1
WN,LAX,SFO,2024,3,1225,17,13,0.0,frozenset({474.0}),474.0,0.7647058823529411,True,2024-03,1,489,1
WN,SAT,ELP,2024,3,1075,11,6,0.0,frozenset({506.0}),506.0,0.5454545454545454,True,2024-03,1,490,1
WN,PHX,LAS,2024,3,1070,11,6,0.0,"frozenset({169.0, 996.0, 3975.0})",3975.0,0.5454545454545454,True,2024-03,1,491,1
B6,MIA,JFK,2024,3,1225,26,17,4.0,frozenset({2092.0}),2092.0,0.6538461538461539,True,2024-03,1,492,1
AA,SJU,PHL,2024,3,960,22,16,0.0,frozenset({2433.0}),2433.0,0.7272727272727273,True,2024-03,1,493,1
AA,DFW,IAH,2024,3,1097,31,16,0.0,frozenset({1865.0}),1865.0,0.5161290322580645,True,2024-03,1,494,1
WN,STL,MKE,2024,3,1270,11,7,0.0,frozenset({727.0}),727.0,0.6363636363636364,True,2024-03,1,495,1
F9,BDL,SJU,2024,3,1220,25,14,2.0,"frozenset({3938.0, 1148.0})",1148.0,0.56,True,2024-03,1,496,1
WN,SFO,LAS,2024,3,1265,11,7,0.0,frozenset({2051.0}),2051.0,0.6363636363636364,True,2024-03,1,497,1
AA,MIA,ATL,2024,3,1139,31,16,1.0,frozenset({1045.0}),1045.0,0.5161290322580645,True,2024-03,1,498,1
AA,EYW,DFW,2024,3,795,31,20,1.0,frozenset({1827.0}),1827.0,0.6451612903225806,True,2024-03,1,499,1
WN,SFO,LAS,2024,3,980,15,11,0.0,frozenset({2582.0}),2582.0,0.7333333333333333,True,2024-03,1,500,1
DL,LAX,SFO,2024,3,1109,18,10,0.0,"frozenset({1426.0, 2054.0})",2054.0,0.5555555555555556,True,2024-03,1,501,1
B6,DEN,JFK,2024,3,1439,31,18,1.0,frozenset({98.0}),98.0,0.5806451612903226,True,2024-03,1,502,1
B6,EWR,FLL,2024,3,1125,31,16,0.0,"frozenset({305.0, 505.0})",305.0,0.5161290322580645,True,2024-03,1,503,1
WN,BWI,STL,2024,3,1315,15,8,0.0,"frozenset({1184.0, 571.0})",1184.0,0.5333333333333333,True,2024-03,1,504,1
AA,DFW,LAS,2024,3,1211,31,16,0.0,frozenset({1771.0}),1771.0,0.5161290322580645,True,2024-03,1,505,1
F9,ORD,PHX,2024,3,1385,11,8,2.0,frozenset({2625.0}),2625.0,0.7272727272727273,True,2024-03,1,506,1
AA,SJU,MIA,2024,3,962,22,12,0.0,frozenset({1329.0}),1329.0,0.5454545454545454,True,2024-03,1,507,1
OO,BUR,SFO,2024,3,639,31,23,0.0,frozenset({5887.0}),5887.0,0.7419354838709677,True,2024-03,1,508,1
OO,BUR,SFO,2024,3,920,30,17,1.0,frozenset({4786.0}),4786.0,0.5666666666666667,True,2024-03,1,509,1
WN,SFO,SAN,2024,3,750,15,9,0.0,"frozenset({656.0, 3842.0})",656.0,0.6,True,2024-03,1,510,1
WN,SFO,SAN,2024,3,1040,13,8,0.0,"frozenset({3440.0, 657.0})",657.0,0.6153846153846154,True,2024-03,1,511,1
AA,SJU,MIA,2024,3,1043,31,16,0.0,"frozenset({1329.0, 967.0})",967.0,0.5161290322580645,True,2024-03,1,512,1
NK,ACY,MCO,2024,3,910,25,14,1.0,frozenset({3942.0}),3942.0,0.56,True,2024-03,1,513,1
B6,RSW,JFK,2024,3,1166,31,17,2.0,frozenset({130.0}),130.0,0.5483870967741935,True,2024-03,1,514,1
AA,DFW,MCO,2024,3,1253,31,17,0.0,frozenset({1336.0}),1336.0,0.5483870967741935,True,2024-03,1,515,1
AA,DFW,MCO,2024,3,1055,31,18,2.0,frozenset({2974.0}),2974.0,0.5806451612903226,True,2024-03,1,516,1
WN,BWI,MCO,2024,3,1075,21,11,1.0,"frozenset({2466.0, 2394.0})",2394.0,0.5238095238095238,True,2024-03,1,517,1
WN,SFO,LAX,2024,3,1220,13,9,0.0,"frozenset({1541.0, 3670.0})",1541.0,0.6923076923076923,True,2024-03,1,518,1
AA,MIA,DFW,2024,3,1101,31,18,3.0,frozenset({2828.0}),2828.0,0.5806451612903226,True,2024-03,1,519,1
NK,FLL,LGA,2024,3,970,30,19,0.0,frozenset({3929.0}),3929.0,0.6333333333333333,True,2024-03,1,520,1
UA,MIA,SFO,2024,3,1095,31,21,1.0,frozenset({1971.0}),1971.0,0.6774193548387096,True,2024-03,1,521,2
AA,IND,MIA,2024,3,1070,14,11,0.0,frozenset({2252.0}),2252.0,0.7857142857142857,True,2024-03,1,522,1
WN,MDW,GRR,2024,3,1365,11,6,0.0,frozenset({2587.0}),2587.0,0.5454545454545454,True,2024-03,1,523,1
AA,MIA,DFW,2024,3,1025,31,19,0.0,frozenset({2823.0}),2823.0,0.6129032258064516,True,2024-03,1,524,1
NK,FLL,DTW,2024,3,935,18,10,0.0,"frozenset({1841.0, 2090.0})",1841.0,0.5555555555555556,True,2024-03,1,525,1
WN,SFO,DEN,2024,3,845,11,8,0.0,frozenset({1549.0}),1549.0,0.7272727272727273,True,2024-03,1,526,1
NK,FLL,DFW,2024,3,1110,13,10,0.0,"frozenset({2955.0, 1966.0})",1966.0,0.7692307692307693,True,2024-03,2,398,4
NK,FLL,DFW,2024,3,796,15,8,0.0,frozenset({1860.0}),1860.0,0.5333333333333333,True,2024-03,1,527,1
UA,PHX,SFO,2024,3,1245,11,8,0.0,frozenset({436.0}),436.0,0.7272727272727273,True,2024-03,2,429,3
WN,SFO,LAX,2024,3,975,21,12,0.0,"frozenset({320.0, 1665.0, 2922.0, 670.0})",1665.0,0.5714285714285714,True,2024-03,1,528,1
NK,FLL,ATL,2024,3,1165,31,19,2.0,frozenset({226.0}),226.0,0.6129032258064516,True,2024-03,2,413,2
UA,MSY,SFO,2024,3,1085,30,19,0.0,frozenset({1870.0}),1870.0,0.6333333333333333,True,2024-03,1,529,2
AA,DFW,PBI,2024,3,890,31,18,2.0,frozenset({2640.0}),2640.0,0.5806451612903226,True,2024-03,1,530,1
NK,DFW,DTW,2024,3,995,15,10,0.0,frozenset({1858.0}),1858.0,0.6666666666666666,True,2024-03,1,531,1
AS,TPA,SAN,2024,3,1005,31,16,0.0,frozenset({433.0}),433.0,0.5161290322580645,True,2024-03,1,532,1
F9,MCO,DEN,2024,3,811,26,14,1.0,"frozenset({3083.0, 2801.0, 2795.0})",2801.0,0.5384615384615384,True,2024-03,1,533,1
NK,DFW,MCO,2024,3,784,14,8,0.0,"frozenset({1353.0, 391.0})",1353.0,0.5714285714285714,True,2024-03,1,534,1
NK,DFW,MCO,2024,3,1101,13,10,1.0,"frozenset({1123.0, 1701.0})",1123.0,0.7692307692307693,True,2024-03,1,535,1
B6,ALB,MCO,2024,3,905,25,14,1.0,frozenset({119.0}),119.0,0.56,True,2024-03,1,536,1
NK,FLL,PHX,2024,3,1215,15,8,0.0,frozenset({1007.0}),1007.0,0.5333333333333333,True,2024-03,1,537,1
NK,CLT,MIA,2024,3,703,31,16,0.0,frozenset({3156.0}),3156.0,0.5161290322580645,True,2024-03,1,538,1
AA,DFW,PHL,2024,3,1035,31,17,2.0,frozenset({2973.0}),2973.0,0.5483870967741935,True,2024-03,1,539,1
B6,TPA,EWR,2024,3,1100,30,16,0.0,frozenset({1174.0}),1174.0,0.5333333333333333,True,2024-03,1,540,1
DL,MIA,ATL,2024,3,1173,18,10,0.0,frozenset({1328.0}),1328.0,0.5555555555555556,True,2024-03,1,541,1
UA,PHX,SFO,2024,3,1186,19,11,0.0,"frozenset({436.0, 310.0})",436.0,0.5789473684210527,True,2024-03,2,429,3
WN,SFO,LAX,2024,3,840,17,12,0.0,"frozenset({4584.0, 320.0})",320.0,0.7058823529411765,True,2024-03,1,542,1
AA,DFW,PBI,2024,3,1169,31,16,2.0,frozenset({2467.0}),2467.0,0.5161290322580645,True,2024-03,1,543,1
WN,SFO,DEN,2024,3,1070,19,11,0.0,"frozenset({1549.0, 670.0})",670.0,0.5789473684210527,True,2024-03,1,544,1
WN,AUS,SAN,2024,3,1135,11,6,0.0,frozenset({3246.0}),3246.0,0.5454545454545454,True,2024-03,1,545,1
UA,PDX,SFO,2024,3,1176,31,18,0.0,frozenset({2482.0}),2482.0,0.5806451612903226,True,2024-03,1,546,3
NK,IAH,MCO,2024,3,735,10,6,0.0,"frozenset({966.0, 1375.0})",1375.0,0.6,True,2024-03,1,547,1
WN,SFO,PHX,2024,3,1045,11,9,1.0,frozenset({2413.0}),2413.0,0.8181818181818182,True,2024-03,1,548,1
WN,SFO,PHX,2024,3,1005,10,8,0.0,"frozenset({2673.0, 2413.0})",2413.0,0.8,True,2024-03,1,549,1
WN,DCA,MCO,2024,3,1170,15,8,0.0,frozenset({1542.0}),1542.0,0.5333333333333333,True,2024-03,1,550,1
NK,ORD,PHX,2024,3,1366,11,7,0.0,frozenset({765.0}),765.0,0.6363636363636364,True,2024-03,1,551,1
UA,LAX,SFO,2024,3,1232,31,16,0.0,"frozenset({1603.0, 387.0, 1909.0})",387.0,0.5161290322580645,True,2024-03,1,552,1
AA,MIA,JAX,2024,3,1350,31,16,2.0,frozenset({416.0}),416.0,0.5161290322580645,True,2024-03,1,553,1
AA,MIA,IND,2024,3,853,14,8,0.0,frozenset({2252.0}),2252.0,0.5714285714285714,True,2024-03,1,554,1
NK,BWI,LAX,2024,3,1110,12,7,0.0,frozenset({141.0}),141.0,0.5833333333333334,True,2024-03,1,555,1
NK,CHS,FLL,2024,3,767,23,12,1.0,frozenset({1447.0}),1447.0,0.5217391304347826,True,2024-03,1,556,1
AA,MIA,IAH,2024,3,1119,31,17,2.0,frozenset({2541.0}),2541.0,0.5483870967741935,True,2024-03,1,557,1
UA,MFR,SFO,2024,3,836,30,16,1.0,"frozenset({2123.0, 687.0})",687.0,0.5333333333333333,True,2024-03,1,558,1
NK,MIA,IAH,2024,3,1182,13,7,1.0,"frozenset({3144.0, 939.0})",939.0,0.5384615384615384,True,2024-03,1,559,1
F9,PDX,LAS,2024,3,1188,10,6,1.0,"frozenset({1400.0, 1106.0})",1106.0,0.6,True,2024-03,1,560,1
AA,DFW,PNS,2024,3,1261,29,16,0.0,frozenset({2102.0}),2102.0,0.5517241379310345,True,2024-03,1,561,1
AS,SFO,SEA,2024,3,1170,22,14,0.0,"frozenset({1099.0, 1327.0})",1327.0,0.6363636363636364,True,2024-03,1,562,2
NK,MCO,SAT,2024,3,1105,14,8,0.0,frozenset({1717.0}),1717.0,0.5714285714285714,True,2024-03,1,563,1
NK,MCO,PIT,2024,3,1022,14,8,0.0,"frozenset({722.0, 1618.0, 636.0})",722.0,0.5714285714285714,True,2024-03,1,564,1
B6,SJU,MCO,2024,3,1074,21,13,0.0,frozenset({2134.0}),2134.0,0.6190476190476191,True,2024-03,1,565,1
WN,MCO,IND,2024,3,940,11,6,1.0,"frozenset({1741.0, 419.0, 1397.0})",1397.0,0.5454545454545454,True,2024-03,1,566,1
WN,TPA,DAL,2024,3,1245,28,15,1.0,"frozenset({3336.0, 1788.0, 3933.0})",3336.0,0.5357142857142857,True,2024-03,1,567,1
UA,PIT,SFO,2024,3,1146,31,18,0.0,frozenset({2478.0}),2478.0,0.5806451612903226,True,2024-03,1,568,3
NK,LGA,ORD,2024,3,1199,30,16,1.0,frozenset({3386.0}),3386.0,0.5333333333333333,True,2024-03,1,569,1
NK,MCO,ACY,2024,3,720,25,13,0.0,frozenset({3941.0}),3941.0,0.52,True,2024-03,1,570,1
F9,JAX,PHL,2024,3,1068,11,6,1.0,"frozenset({3305.0, 3478.0, 1286.0})",1286.0,0.5454545454545454,True,2024-03,1,571,1
F9,SFO,LAS,2024,3,1252,20,11,0.0,"frozenset({3802.0, 3020.0, 4220.0, 4158.0})",3020.0,0.55,True,2024-03,1,572,2
NK,MCO,DFW,2024,3,613,15,8,0.0,"frozenset({1352.0, 390.0})",1352.0,0.5333333333333333,True,2024-03,1,573,1
NK,MCO,DFW,2024,3,923,12,9,1.0,"frozenset({1122.0, 390.0, 1702.0})",1122.0,0.75,True,2024-03,1,574,1
NK,MCO,DTW,2024,3,1110,31,19,1.0,frozenset({3963.0}),3963.0,0.6129032258064516,True,2024-03,1,575,1
B6,SJU,JFK,2024,3,27,22,17,0.0,"frozenset({1024.0, 1604.0})",1604.0,0.7727272727272727,True,2024-03,1,576,1
WN,BWI,MDW,2024,3,1305,14,8,1.0,"frozenset({921.0, 5786.0, 215.0})",5786.0,0.5714285714285714,True,2024-03,1,577,1
NK,MCO,PHL,2024,3,1105,10,6,0.0,"frozenset({1848.0, 3794.0, 1212.0})",1212.0,0.6,True,2024-03,1,578,1
WN,DAL,SRQ,2024,3,1015,11,7,1.0,frozenset({715.0}),715.0,0.6363636363636364,True,2024-03,1,579,1
WN,DEN,TUS,2024,3,1375,11,6,1.0,frozenset({1404.0}),1404.0,0.5454545454545454,True,2024-03,1,580,1
UA,SBA,SFO,2024,3,1150,30,16,0.0,frozenset({2097.0}),2097.0,0.5333333333333333,True,2024-03,2,448,2
WN,ABQ,PHX,2024,3,1055,13,7,0.0,"frozenset({163.0, 2214.0})",163.0,0.5384615384615384,True,2024-03,1,581,1
F9,DEN,LAS,2024,3,1228,19,10,1.0,frozenset({3543.0}),3543.0,0.5263157894736842,True,2024-03,1,582,1
OO,RDM,SFO,2024,3,1135,30,17,2.0,frozenset({5534.0}),5534.0,0.5666666666666667,True,2024-03,2,418,2
UA,EUG,SFO,2024,3,844,30,16,0.0,frozenset({2077.0}),2077.0,0.5333333333333333,True,2024-03,1,583,3
OO,RNO,SFO,2024,3,635,31,17,1.0,frozenset({5899.0}),5899.0,0.5483870967741935,True,2024-03,1,584,1
AA,DFW,ABQ,2024,3,1160,31,16,0.0,frozenset({2698.0}),2698.0,0.5161290322580645,True,2024-03,1,585,1
B6,JFK,RSW,2024,3,1290,31,19,1.0,frozenset({1529.0}),1529.0,0.6129032258064516,True,2024-03,1,586,1
F9,DEN,DFW,2024,3,989,11,7,3.0,frozenset({2632.0}),2632.0,0.6363636363636364,True,2024-03,1,587,1
UA,SAN,SFO,2024,3,817,22,12,1.0,"frozenset({2358.0, 2191.0})",2358.0,0.5454545454545454,True,2024-03,1,588,1
OO,SAN,SFO,2024,3,1065,21,13,0.0,frozenset({3437.0}),3437.0,0.6190476190476191,True,2024-03,1,589,2
F9,RSW,MSP,2024,3,948,23,15,4.0,frozenset({3431.0}),3431.0,0.6521739130434783,True,2024-03,1,590,1
F9,DEN,SEA,2024,3,1094,10,7,2.0,"frozenset({2145.0, 2151.0, 2153.0, 2795.0, 1175.0})",2153.0,0.7,True,2024-03,1,591,1
B6,JFK,PHX,2024,3,1060,30,16,1.0,frozenset({135.0}),135.0,0.5333333333333333,True,2024-03,1,592,1
UA,SAN,SFO,2024,3,1178,31,17,0.0,frozenset({2247.0}),2247.0,0.5483870967741935,True,2024-03,2,424,3
F9,DFW,DEN,2024,3,1226,11,7,3.0,frozenset({3413.0}),3413.0,0.6363636363636364,True,2024-03,1,593,1
OO,SAN,SFO,2024,3,660,21,13,0.0,frozenset({3434.0}),3434.0,0.6190476190476191,True,2024-03,1,594,3
UA,TPA,IAH,2024,3,1037,31,18,2.0,"frozenset({1696.0, 1970.0, 2012.0})",2012.0,0.5806451612903226,True,2024-03,1,595,1
OO,PSP,SFO,2024,3,1120,14,10,0.0,frozenset({3422.0}),3422.0,0.7142857142857143,True,2024-03,1,596,3
WN,OAK,PHX,2024,3,1300,15,8,1.0,"frozenset({882.0, 314.0})",314.0,0.5333333333333333,True,2024-03,1,597,1
WN,DEN,SFO,2024,3,1125,11,6,0.0,frozenset({1420.0}),1420.0,0.5454545454545454,True,2024-03,1,598,1
AA,MIA,RDU,2024,3,1176,31,17,0.0,frozenset({638.0}),638.0,0.5483870967741935,True,2024-03,1,599,1
AA,DFW,BNA,2024,3,1210,31,16,0.0,frozenset({1500.0}),1500.0,0.5161290322580645,True,2024-03,1,600,1
F9,PHX,ORD,2024,3,989,10,7,0.0,frozenset({1828.0}),1828.0,0.7,True,2024-03,1,601,1
B6,JFK,SJU,2024,3,1110,30,18,0.0,"frozenset({1603.0, 2903.0})",1603.0,0.6,True,2024-03,1,602,1
WN,MKE,STL,2024,3,1120,13,7,0.0,"frozenset({2154.0, 854.0})",854.0,0.5384615384615384,True,2024-03,1,603,1
AA,CLT,GSO,2024,3,1237,31,16,0.0,frozenset({1067.0}),1067.0,0.5161290322580645,True,2024-03,1,604,1
F9,PHX,SFO,2024,3,810,24,16,0.0,"frozenset({3365.0, 2637.0, 1771.0})",1771.0,0.6666666666666666,True,2024-03,1,605,1
OO,PDX,SFO,2024,3,910,13,7,0.0,"frozenset({3410.0, 3397.0})",3397.0,0.5384615384615384,True,2024-03,2,347,2
AS,SEA,SLC,2024,3,950,13,7,0.0,frozenset({628.0}),628.0,0.5384615384615384,True,2024-03,1,606,1
AA,EYW,DFW,2024,3,1036,31,17,0.0,frozenset({1814.0}),1814.0,0.5483870967741935,True,2024-03,1,607,1
B6,FLL,JFK,2024,3,904,30,20,6.0,frozenset({1902.0}),1902.0,0.6666666666666666,True,2024-03,2,427,2
B6,FLL,JFK,2024,3,1164,21,13,0.0,frozenset({1802.0}),1802.0,0.6190476190476191,True,2024-03,1,608,1
OO,PSP,SFO,2024,3,560,20,13,1.0,"frozenset({3304.0, 5997.0})",3304.0,0.65,True,2024-03,1,609,2
OO,PSP,SFO,2024,3,990,13,11,1.0,"frozenset({3347.0, 3308.0})",3347.0,0.8461538461538461,True,2024-03,2,343,3
UA,DFW,SFO,2024,3,1177,31,16,0.0,frozenset({2005.0}),2005.0,0.5161290322580645,True,2024-03,1,610,3
AS,PDX,SFO,2024,3,1170,26,18,0.0,frozenset({1295.0}),1295.0,0.6923076923076923,True,2024-03,2,369,4
WN,SLC,LAS,2024,3,1010,23,12,1.0,"frozenset({4130.0, 451.0, 2395.0})",4130.0,0.5217391304347826,True,2024-03,1,611,1
B6,HDN,BOS,2024,3,805,15,9,1.0,frozenset({2628.0}),2628.0,0.6,True,2024-03,1,612,1
OO,SNA,SFO,2024,3,1180,45,31,0.0,"frozenset({5873.0, 3493.0})",5873.0,0.6888888888888889,True,2024-03,2,361,3
F9,TPA,ATL,2024,3,953,11,6,0.0,frozenset({2786.0}),2786.0,0.5454545454545454,True,2024-03,1,613,1
B6,JFK,MIA,2024,3,840,31,16,2.0,frozenset({2293.0}),2293.0,0.5161290322580645,True,2024-03,1,614,1
B6,JFK,FLL,2024,3,660,31,18,7.0,frozenset({601.0}),601.0,0.5806451612903226,True,2024-03,2,419,2
UA,SBA,SFO,2024,3,848,31,16,1.0,"frozenset({1509.0, 645.0})",645.0,0.5161290322580645,True,2024-03,1,615,1
F9,SFO,DEN,2024,3,47,24,15,1.0,frozenset({1094.0}),1094.0,0.625,True,2024-03,1,616,2
WN,FLL,MDW,2024,3,1015,16,10,0.0,"frozenset({2066.0, 1763.0})",2066.0,0.625,True,2024-03,1,617,1
AA,DFW,XNA,2024,3,997,31,16,2.0,frozenset({2169.0}),2169.0,0.5161290322580645,True,2024-03,1,618,1
UA,AUS,SFO,2024,3,1186,31,17,0.0,"frozenset({1401.0, 694.0})",1401.0,0.5483870967741935,True,2024-03,2,357,2
B6,JFK,MCO,2024,3,1220,22,15,0.0,frozenset({283.0}),283.0,0.6818181818181818,True,2024-03,1,619,1
UA,BNA,SFO,2024,3,1116,31,19,0.0,frozenset({483.0}),483.0,0.6129032258064516,True,2024-03,1,620,2
WN,FLL,IND,2024,3,1235,11,7,0.0,"frozenset({3688.0, 4121.0, 2668.0})",2668.0,0.6363636363636364,True,2024-03,1,621,1
B6,JFK,FLL,2024,3,1240,28,15,2.0,frozenset({501.0}),501.0,0.5357142857142857,True,2024-03,1,622,1
B6,JFK,FLL,2024,3,951,31,16,0.0,frozenset({2901.0}),2901.0,0.5161290322580645,True,2024-03,2,444,2
WN,ELP,PHX,2024,3,1145,21,12,0.0,"frozenset({506.0, 3707.0})",506.0,0.5714285714285714,True,2024-03,1,623,1
OO,SNA,SFO,2024,3,1140,11,7,0.0,"frozenset({3498.0, 3494.0})",3494.0,0.6363636363636364,True,2024-03,1,624,1
F9,SEA,DEN,2024,3,1269,10,7,2.0,"frozenset({1176.0, 3406.0})",1176.0,0.7,True,2024-03,1,625,1
OO,SNA,SFO,2024,3,1009,28,15,0.0,"frozenset({3377.0, 3396.0})",3396.0,0.5357142857142857,True,2024-03,2,362,2
OO,SNA,SFO,2024,3,862,31,18,0.0,"frozenset({3314.0, 3378.0, 5926.0})",3314.0,0.5806451612903226,True,2024-03,2,364,2
B6,JFK,PBI,2024,3,838,31,19,0.0,frozenset({1853.0}),1853.0,0.6129032258064516,True,2024-03,1,626,1
UA,DEN,SFO,2024,3,1140,31,16,0.0,frozenset({2681.0}),2681.0,0.5161290322580645,True,2024-03,1,627,1
OO,SFO,BUR,2024,3,1150,31,16,0.0,frozenset({3354.0}),3354.0,0.5161290322580645,True,2024-03,1,628,2
F9,DFW,LGA,2024,3,1060,24,13,1.0,"frozenset({3426.0, 83.0})",83.0,0.5416666666666666,True,2024-03,1,629,1
OO,SFO,LAX,2024,3,1305,11,7,0.0,frozenset({3412.0}),3412.0,0.6363636363636364,True,2024-03,1,630,1
B6,JFK,DEN,2024,3,1225,31,16,1.0,frozenset({97.0}),97.0,0.5161290322580645,True,2024-03,1,631,1
WN,DEN,SLC,2024,3,1345,16,9,1.0,"frozenset({3251.0, 3300.0})",3251.0,0.5625,True,2024-03,1,632,1
AA,DFW,TYS,2024,3,1255,31,19,1.0,frozenset({1081.0}),1081.0,0.6129032258064516,True,2024-03,1,633,1
B6,JFK,MIA,2024,3,975,26,16,5.0,frozenset({2093.0}),2093.0,0.6153846153846154,True,2024-03,1,634,1
F9,PHX,ORD,2024,3,1195,22,14,0.0,"frozenset({2624.0, 2626.0})",2626.0,0.6363636363636364,True,2024-03,1,635,1
OO,SFO,SNA,2024,3,995,18,11,0.0,frozenset({3494.0}),3494.0,0.6111111111111112,True,2024-03,1,636,1
OO,SLC,SFO,2024,3,1038,32,18,0.0,"frozenset({3947.0, 3380.0, 3486.0})",3486.0,0.5625,True,2024-03,1,637,2
F9,TPA,CLE,2024,3,1397,25,13,0.0,"frozenset({3680.0, 3010.0})",3680.0,0.52,True,2024-03,1,638,1
WN,DEN,SMF,2024,3,1100,15,8,1.0,frozenset({2459.0}),2459.0,0.5333333333333333,True,2024-03,1,639,1
OO,SNA,SFO,2024,3,814,39,21,0.0,"frozenset({3452.0, 5926.0})",5926.0,0.5384615384615384,True,2024-03,1,640,1
OO,SNA,SFO,2024,3,919,23,14,2.0,"frozenset({5325.0, 5863.0})",5863.0,0.6086956521739131,True,2024-03,1,641,1
AS,SEA,SFO,2024,3,975,15,10,0.0,"frozenset({1140.0, 1206.0})",1140.0,0.6666666666666666,True,2024-03,2,417,2
AA,CHS,DFW,2024,3,1173,29,15,1.0,frozenset({1510.0}),1510.0,0.5172413793103449,True,2024-03,1,642,1
AS,SEA,SFO,2024,3,420,14,8,0.0,frozenset({1166.0}),1166.0,0.5714285714285714,True,2024-03,1,643,1
AA,LAS,MIA,2024,3,751,31,16,0.0,frozenset({1936.0}),1936.0,0.5161290322580645,True,2024-03,1,644,1
WN,DEN,LAS,2024,3,1100,23,12,0.0,"frozenset({1900.0, 2993.0, 2222.0, 2838.0})",1900.0,0.5217391304347826,True,2024-03,1,645,1
B6,MCO,JFK,2024,3,1192,30,17,2.0,"frozenset({284.0, 2884.0})",284.0,0.5666666666666667,True,2024-03,2,403,2
F9,LAS,SFO,2024,3,1204,10,10,1.0,"frozenset({3801.0, 4157.0, 4401.0})",4157.0,1.0,True,2024-03,1,646,1
AA,MIA,OKC,2024,3,1270,31,19,1.0,frozenset({2855.0}),2855.0,0.6129032258064516,True,2024-03,1,647,1
B6,MCO,JFK,2024,3,1137,30,17,0.0,frozenset({2884.0}),2884.0,0.5666666666666667,True,2024-03,1,648,1
WN,LAS,TPA,2024,3,890,10,7,0.0,"frozenset({5147.0, 270.0})",5147.0,0.7,True,2024-03,1,649,1
AA,TPA,ORD,2024,3,1052,27,16,2.0,frozenset({2929.0}),2929.0,0.5925925925925926,True,2024-03,1,650,1
F9,SFO,PHX,2024,3,1008,25,16,0.0,"frozenset({2624.0, 2626.0})",2626.0,0.64,True,2024-03,1,651,1
F9,LAS,SFO,2024,3,641,20,16,0.0,"frozenset({3185.0, 2931.0, 3019.0})",2931.0,0.8,True,2024-03,1,652,1
WN,AUS,DAL,2024,3,1325,11,6,2.0,frozenset({1431.0}),1431.0,0.5454545454545454,True,2024-03,1,653,1
F9,PHX,LAS,2024,3,1245,23,12,0.0,"frozenset({3483.0, 2517.0})",2517.0,0.5217391304347826,True,2024-03,1,654,1
WN,LAS,SFO,2024,3,1245,19,12,0.0,"frozenset({1668.0, 2406.0})",1668.0,0.631578947368421,True,2024-03,1,655,1
WN,LAS,SFO,2024,3,1080,13,9,0.0,"frozenset({3937.0, 834.0, 2276.0})",834.0,0.6923076923076923,True,2024-03,1,656,1
F9,RSW,CLE,2024,3,1142,21,13,1.0,"frozenset({3795.0, 2715.0})",2715.0,0.6190476190476191,True,2024-03,1,657,1
AA,TPA,DFW,2024,3,1074,31,17,1.0,frozenset({2510.0}),2510.0,0.5483870967741935,True,2024-03,1,658,1
WN,ATL,PHL,2024,3,1230,11,8,0.0,frozenset({146.0}),146.0,0.7272727272727273,True,2024-03,1,659,1
OO,LAX,SFO,2024,3,1355,11,6,0.0,frozenset({3372.0}),3372.0,0.5454545454545454,True,2024-03,1,660,2
OO,LAX,SFO,2024,3,1175,18,12,0.0,frozenset({3412.0}),3412.0,0.6666666666666666,True,2024-03,1,661,3
B6,FLL,EWR,2024,3,975,18,10,0.0,frozenset({606.0}),606.0,0.5555555555555556,True,2024-03,2,441,2
B6,MIA,JFK,2024,3,1084,31,17,3.0,frozenset({2592.0}),2592.0,0.5483870967741935,True,2024-03,1,662,1
WN,LAX,LAS,2024,3,1315,19,12,0.0,"frozenset({1918.0, 487.0})",1918.0,0.631578947368421,True,2024-03,1,663,1
B6,MCO,LGA,2024,3,1122,30,16,0.0,frozenset({798.0}),798.0,0.5333333333333333,True,2024-03,1,664,1
WN,LAX,LAS,2024,3,1095,21,13,0.0,"frozenset({1665.0, 2922.0, 4622.0, 1039.0})",1665.0,0.6190476190476191,True,2024-03,1,665,1
WN,LAX,LAS,2024,3,955,20,11,0.0,"frozenset({843.0, 2004.0, 1592.0, 1917.0, 2975.0})",1917.0,0.55,True,2024-03,1,666,1
WN,CMH,MDW,2024,3,1280,15,9,0.0,"frozenset({2553.0, 4140.0})",2553.0,0.6,True,2024-03,1,667,1
OO,LAS,SFO,2024,3,580,25,15,0.0,"frozenset({3349.0, 3358.0})",3358.0,0.6,True,2024-03,1,668,2
F9,BDL,TPA,2024,3,641,17,10,0.0,frozenset({1213.0}),1213.0,0.5882352941176471,True,2024-03,1,669,1
OO,LAX,ASE,2024,3,578,23,13,2.0,"frozenset({6352.0, 6196.0})",6196.0,0.5652173913043478,True,2024-03,1,670,1
WN,DEN,COS,2024,3,1290,15,8,0.0,"frozenset({3482.0, 1486.0})",3482.0,0.5333333333333333,True,2024-03,1,671,1
UA,RDM,SFO,2024,3,832,30,20,0.0,frozenset({2262.0}),2262.0,0.6666666666666666,True,2024-03,2,438,2
AA,MCO,DFW,2024,3,1052,31,19,0.0,frozenset({2148.0}),2148.0,0.6129032258064516,True,2024-03,1,672,1
OO,LAX,SFO,2024,3,905,15,8,0.0,"frozenset({3468.0, 3391.0})",3391.0,0.5333333333333333,True,2024-03,1,673,1
OO,LAX,SFO,2024,3,1045,15,9,1.0,"frozenset({3474.0, 3435.0})",3435.0,0.6,True,2024-03,1,674,1
OO,LAX,SFO,2024,3,1278,45,24,0.0,"frozenset({3353.0, 3258.0, 3412.0})",3258.0,0.5333333333333333,True,2024-03,2,405,2
UA,RNO,SFO,2024,3,1155,30,17,0.0,"frozenset({649.0, 1637.0})",1637.0,0.5666666666666667,True,2024-03,1,675,1
UA,FLL,SFO,2024,3,1090,31,22,0.0,frozenset({2158.0}),2158.0,0.7096774193548387,True,2024-03,1,676,2
F9,SFO,DFW,2024,3,12,23,12,2.0,frozenset({1836.0}),1836.0,0.5217391304347826,True,2024-03,1,677,1
WN,DEN,SFO,2024,3,905,11,8,1.0,frozenset({826.0}),826.0,0.7272727272727273,True,2024-03,1,678,1
WN,DEN,SFO,2024,3,690,13,9,0.0,"frozenset({1485.0, 830.0})",830.0,0.6923076923076923,True,2024-03,1,679,1
AS,PDX,LAS,2024,3,1115,10,6,1.0,frozenset({712.0}),712.0,0.6,True,2024-03,1,680,1
AA,XNA,DFW,2024,3,1109,31,18,2.0,frozenset({2169.0}),2169.0,0.5806451612903226,True,2024-03,1,681,1
F9,CLE,MCO,2024,3,1305,25,14,0.0,frozenset({3346.0}),3346.0,0.56,True,2024-03,1,682,1
AA,DFW,BWI,2024,3,1185,31,16,1.0,frozenset({2251.0}),2251.0,0.5161290322580645,True,2024-03,1,683,1
WN,ATL,IND,2024,3,1230,11,6,0.0,frozenset({1718.0}),1718.0,0.5454545454545454,True,2024-03,1,684,1
OO,ONT,SFO,2024,3,640,31,18,0.0,"frozenset({5385.0, 4639.0})",4639.0,0.5806451612903226,True,2024-03,1,685,1
WN,ATL,MCI,2024,3,1230,15,10,0.0,frozenset({2291.0}),2291.0,0.6666666666666666,True,2024-03,1,686,1
WN,LAS,LAX,2024,3,1205,27,15,0.0,"frozenset({2128.0, 176.0})",2128.0,0.5555555555555556,True,2024-03,1,687,1
WN,LAS,HOU,2024,3,915,15,8,1.0,frozenset({2602.0}),2602.0,0.5333333333333333,True,2024-03,1,688,1
WN,LAS,PDX,2024,3,1260,21,11,0.0,"frozenset({113.0, 658.0})",113.0,0.5238095238095238,True,2024-03,1,689,1
B6,LGA,PBI,2024,3,839,24,13,0.0,frozenset({761.0}),761.0,0.5416666666666666,True,2024-03,2,351,2
AA,DFW,CHS,2024,3,931,29,17,1.0,frozenset({1510.0}),1510.0,0.5862068965517241,True,2024-03,1,690,1
F9,PHX,DFW,2024,3,1057,16,9,1.0,"frozenset({4400.0, 3972.0})",3972.0,0.5625,True,2024-03,1,691,1
B6,JFK,TPA,2024,3,1170,31,16,1.0,frozenset({2825.0}),2825.0,0.5161290322580645,True,2024-03,1,692,1
WN,LAS,ABQ,2024,3,825,12,7,0.0,"frozenset({4113.0, 5023.0})",5023.0,0.5833333333333334,True,2024-03,1,693,1
AA,DFW,CID,2024,3,1292,28,16,2.0,frozenset({788.0}),788.0,0.5714285714285714,True,2024-03,1,694,1
OO,MSP,SFO,2024,3,1125,21,12,1.0,"frozenset({4691.0, 4797.0})",4691.0,0.5714285714285714,True,2024-03,1,695,1
F9,MDW,SFO,2024,4,749,21,16,0.0,frozenset({4041.0}),4041.0,0.7619047619047619,True,2024-04,1,696,3
WN,SAN,SFO,2024,4,1075,13,10,0.0,"frozenset({3392.0, 3345.0, 4100.0})",3345.0,0.7692307692307693,True,2024-04,1,697,2
F9,ATL,SFO,2024,4,1070,12,10,0.0,frozenset({1447.0}),1447.0,0.8333333333333334,True,2024-04,1,698,2
AA,LAX,STL,2024,4,1038,27,14,0.0,frozenset({2489.0}),2489.0,0.5185185185185185,True,2024-04,1,699,1
F9,LAX,DFW,2024,4,1350,21,11,2.0,frozenset({3156.0}),3156.0,0.5238095238095238,True,2024-04,1,700,1
F9,LAX,SFO,2024,4,570,21,15,1.0,frozenset({4593.0}),4593.0,0.7142857142857143,True,2024-04,1,701,1
F9,SLC,SFO,2024,4,615,21,11,0.0,frozenset({1440.0}),1440.0,0.5238095238095238,True,2024-04,1,702,2
AA,DFW,SFO,2024,4,1244,30,17,0.0,"frozenset({1005.0, 2430.0})",1005.0,0.5666666666666667,True,2024-04,1,703,1
AA,DFW,SFO,2024,4,545,30,16,1.0,"frozenset({2798.0, 1623.0})",1623.0,0.5333333333333333,True,2024-04,1,704,1
F9,LAS,SFO,2024,4,480,21,12,0.0,frozenset({3019.0}),3019.0,0.5714285714285714,True,2024-04,1,705,2
F9,BWI,TPA,2024,4,1317,13,7,0.0,frozenset({4091.0}),4091.0,0.5384615384615384,True,2024-04,1,706,1
F9,SFO,SAN,2024,4,1139,18,11,2.0,frozenset({4306.0}),4306.0,0.6111111111111112,True,2024-04,1,707,2
F9,PHX,DEN,2024,4,1154,18,13,0.0,frozenset({3468.0}),3468.0,0.7222222222222222,True,2024-04,1,708,1
WN,SFO,DEN,2024,4,1205,12,10,1.0,frozenset({1828.0}),1828.0,0.8333333333333334,True,2024-04,1,709,2
F9,SAN,PHX,2024,4,1103,13,7,0.0,frozenset({2084.0}),2084.0,0.5384615384615384,True,2024-04,1,710,1
F9,DEN,PHX,2024,4,1379,18,11,0.0,frozenset({3467.0}),3467.0,0.6111111111111112,True,2024-04,1,711,1
F9,SEA,DEN,2024,4,1350,11,8,1.0,"frozenset({1176.0, 2146.0})",2146.0,0.7272727272727273,True,2024-04,1,712,1
F9,SFO,MDW,2024,4,958,21,15,0.0,frozenset({4042.0}),4042.0,0.7142857142857143,True,2024-04,1,713,2
F9,DEN,SLC,2024,4,1198,15,8,0.0,"frozenset({4251.0, 3861.0})",3861.0,0.5333333333333333,True,2024-04,1,714,1
AA,LAX,SFO,2024,4,772,27,15,0.0,frozenset({130.0}),130.0,0.5555555555555556,True,2024-04,1,715,1
F9,MDW,LAS,2024,4,1379,21,12,0.0,frozenset({2329.0}),2329.0,0.5714285714285714,True,2024-04,1,716,2
F9,SFO,LAX,2024,4,880,21,12,0.0,frozenset({4594.0}),4594.0,0.5714285714285714,True,2024-04,1,717,1
F9,ORD,DEN,2024,4,1107,21,13,0.0,frozenset({1483.0}),1483.0,0.6190476190476191,True,2024-04,1,718,2
F9,ONT,SLC,2024,4,1135,13,7,1.0,frozenset({4484.0}),4484.0,0.5384615384615384,True,2024-04,1,719,1
F9,RDU,LGA,2024,4,1296,21,12,0.0,frozenset({2438.0}),2438.0,0.5714285714285714,True,2024-04,1,720,1
F9,SFO,DEN,2024,4,58,29,17,0.0,frozenset({1094.0}),1094.0,0.5862068965517241,True,2024-04,2,616,2
F9,DEN,ATL,2024,4,53,21,13,0.0,frozenset({3294.0}),3294.0,0.6190476190476191,True,2024-04,1,721,1
F9,DFW,DEN,2024,4,1379,19,10,0.0,"frozenset({4067.0, 4069.0, 2631.0, 4073.0, 4075.0})",4069.0,0.5263157894736842,True,2024-04,1,722,1
AA,LAX,SFO,2024,4,1205,27,15,0.0,frozenset({249.0}),249.0,0.5555555555555556,True,2024-04,1,723,1
F9,FLL,ATL,2024,4,1034,15,8,0.0,"frozenset({4348.0, 2173.0})",2173.0,0.5333333333333333,True,2024-04,1,724,1
F9,SFO,LAS,2024,4,1285,12,8,0.0,frozenset({3020.0}),3020.0,0.6666666666666666,True,2024-04,2,572,2
F9,DEN,ORD,2024,4,1287,21,11,0.0,frozenset({3172.0}),3172.0,0.5238095238095238,True,2024-04,1,725,3
DL,SFO,BOS,2024,4,1325,27,18,0.0,frozenset({475.0}),475.0,0.6666666666666666,True,2024-04,1,726,1
F9,SFO,LAS,2024,4,979,12,7,0.0,"frozenset({1850.0, 3930.0})",1850.0,0.5833333333333334,True,2024-04,1,727,1
F9,DFW,SFO,2024,4,1252,28,15,2.0,"frozenset({1835.0, 3109.0, 3999.0})",3999.0,0.5357142857142857,True,2024-04,1,728,2
F9,LAS,AUS,2024,4,1022,12,8,0.0,frozenset({4684.0}),4684.0,0.6666666666666666,True,2024-04,1,729,1
F9,SAN,DFW,2024,4,586,11,7,1.0,"frozenset({3986.0, 3990.0, 1426.0})",3986.0,0.6363636363636364,True,2024-04,1,730,1
F9,SFO,DFW,2024,4,1439,20,11,2.0,frozenset({4000.0}),4000.0,0.55,True,2024-04,1,731,3
WN,SAN,SFO,2024,4,1210,19,14,0.0,frozenset({4303.0}),4303.0,0.7368421052631579,True,2024-04,1,732,1
F9,ATL,DEN,2024,4,1345,22,13,0.0,"frozenset({124.0, 3293.0, 4103.0})",3293.0,0.5909090909090909,True,2024-04,1,733,1
F9,ORD,MCO,2024,4,1071,18,10,1.0,frozenset({3044.0}),3044.0,0.5555555555555556,True,2024-04,1,734,1
F9,PDX,SFO,2024,4,811,12,7,0.0,frozenset({3930.0}),3930.0,0.5833333333333334,True,2024-04,1,735,1
OO,SEA,SFO,2024,4,1190,25,18,0.0,"frozenset({5375.0, 3695.0, 3367.0})",3367.0,0.72,True,2024-04,1,736,2
UA,DFW,SFO,2024,4,1170,30,17,0.0,frozenset({2005.0}),2005.0,0.5666666666666667,True,2024-04,2,610,3
UA,RNO,SFO,2024,4,1130,26,18,1.0,frozenset({2181.0}),2181.0,0.6923076923076923,True,2024-04,1,737,1
UA,PSP,SFO,2024,4,830,30,16,0.0,"frozenset({1723.0, 1684.0})",1723.0,0.5333333333333333,True,2024-04,1,738,1
UA,PIT,SFO,2024,4,1167,30,20,0.0,frozenset({2478.0}),2478.0,0.6666666666666666,True,2024-04,2,568,3
UA,PHX,SFO,2024,4,1189,30,22,0.0,frozenset({436.0}),436.0,0.7333333333333333,True,2024-04,3,429,3
UA,PDX,SFO,2024,4,1170,30,22,0.0,frozenset({2482.0}),2482.0,0.7333333333333333,True,2024-04,2,546,3
AS,SFO,SEA,2024,4,1175,21,11,0.0,frozenset({1327.0}),1327.0,0.5238095238095238,True,2024-04,2,562,2
UA,ORD,SFO,2024,4,1100,30,17,0.0,frozenset({519.0}),519.0,0.5666666666666667,True,2024-04,1,739,2
UA,MSY,SFO,2024,4,1135,30,19,0.0,frozenset({1870.0}),1870.0,0.6333333333333333,True,2024-04,2,529,2
UA,MIA,SFO,2024,4,1113,30,19,0.0,frozenset({1971.0}),1971.0,0.6333333333333333,True,2024-04,2,521,2
UA,LAX,SFO,2024,4,1157,26,14,0.0,frozenset({1909.0}),1909.0,0.5384615384615384,True,2024-04,1,740,1
UA,FLL,SFO,2024,4,1097,30,19,0.0,frozenset({2158.0}),2158.0,0.6333333333333333,True,2024-04,2,676,2
UA,EWR,SFO,2024,4,1080,30,16,1.0,frozenset({1148.0}),1148.0,0.5333333333333333,True,2024-04,1,741,3
UA,EUG,SFO,2024,4,839,28,16,0.0,frozenset({2077.0}),2077.0,0.5714285714285714,True,2024-04,2,583,3
UA,SAN,SFO,2024,4,1165,27,22,0.0,frozenset({2247.0}),2247.0,0.8148148148148148,True,2024-04,3,424,3
B6,FLL,SFO,2024,4,595,30,18,0.0,frozenset({577.0}),577.0,0.6,True,2024-04,1,742,1
AA,CLT,SFO,2024,4,1112,26,15,0.0,frozenset({2410.0}),2410.0,0.5769230769230769,True,2024-04,1,743,1
UA,BUR,SFO,2024,4,1133,30,23,1.0,frozenset({249.0}),249.0,0.7666666666666667,True,2024-04,1,744,1
UA,BUR,SFO,2024,4,829,30,17,0.0,frozenset({208.0}),208.0,0.5666666666666667,True,2024-04,1,745,1
UA,BNA,SFO,2024,4,1114,30,18,0.0,frozenset({483.0}),483.0,0.6,True,2024-04,2,620,2
UA,AUS,SFO,2024,4,1191,26,17,0.0,frozenset({694.0}),694.0,0.6538461538461539,True,2024-04,1,746,2
UA,ATL,SFO,2024,4,1175,30,18,0.0,frozenset({1259.0}),1259.0,0.6,True,2024-04,1,747,1
OO,TUS,SFO,2024,4,1080,29,18,2.0,frozenset({5856.0}),5856.0,0.6206896551724138,True,2024-04,1,748,1
OO,SNA,SFO,2024,4,1218,43,25,1.0,"frozenset({5873.0, 3489.0, 3493.0})",5873.0,0.5813953488372093,True,2024-04,3,361,3
OO,SNA,SFO,2024,4,840,27,16,1.0,"frozenset({3314.0, 3404.0})",3404.0,0.5925925925925926,True,2024-04,1,749,1
OO,SLC,SFO,2024,4,1035,30,22,0.0,frozenset({3486.0}),3486.0,0.7333333333333333,True,2024-04,2,637,2
OO,SFO,SAN,2024,4,1175,30,16,3.0,frozenset({3431.0}),3431.0,0.5333333333333333,True,2024-04,1,750,1
OO,SFO,SAN,2024,4,805,21,11,0.0,frozenset({3357.0}),3357.0,0.5238095238095238,True,2024-04,1,751,1
OO,SFO,PSP,2024,4,903,17,9,0.0,"frozenset({3498.0, 3319.0, 3451.0, 3484.0, 3423.0})",3498.0,0.5294117647058824,True,2024-04,1,752,1
WN,SFO,LAS,2024,4,1280,16,12,0.0,"frozenset({2552.0, 3274.0})",2552.0,0.75,True,2024-04,1,753,2
OO,SFO,LAX,2024,4,1305,22,12,0.0,"frozenset({3412.0, 3381.0})",3381.0,0.5454545454545454,True,2024-04,1,754,1
UA,SEA,SFO,2024,4,1183,26,17,0.0,frozenset({1637.0}),1637.0,0.6538461538461539,True,2024-04,1,755,1
AS,SEA,SFO,2024,4,1290,17,10,0.0,frozenset({1309.0}),1309.0,0.5882352941176471,True,2024-04,1,756,1
AA,RIC,CLT,2024,4,1214,26,14,0.0,"frozenset({1909.0, 2054.0})",2054.0,0.5384615384615384,True,2024-04,1,757,1
AA,SAT,DFW,2024,4,988,27,16,0.0,frozenset({1961.0}),1961.0,0.5925925925925926,True,2024-04,1,758,2
WN,MCO,CMH,2024,4,1195,10,6,0.0,"frozenset({4970.0, 2130.0})",4970.0,0.6,True,2024-04,1,759,2
AA,SFO,DFW,2024,4,710,30,16,1.0,"frozenset({1588.0, 1623.0})",1623.0,0.5333333333333333,True,2024-04,1,760,1
AA,SFO,LAX,2024,4,635,27,14,0.0,frozenset({148.0}),148.0,0.5185185185185185,True,2024-04,1,761,1
AA,SFO,LAX,2024,4,902,27,16,0.0,frozenset({131.0}),131.0,0.5925925925925926,True,2024-04,1,762,1
WN,LAX,SFO,2024,4,835,13,7,0.0,"frozenset({1408.0, 5121.0})",5121.0,0.5384615384615384,True,2024-04,1,763,1
WN,LAX,LAS,2024,4,1015,15,8,0.0,"frozenset({4946.0, 2483.0, 2428.0})",2428.0,0.5333333333333333,True,2024-04,1,764,1
WN,LAX,BNA,2024,4,1100,10,6,0.0,"frozenset({787.0, 5388.0})",787.0,0.6,True,2024-04,1,765,1
9E,RDU,DCA,2024,4,1183,26,15,1.0,frozenset({5306.0}),5306.0,0.5769230769230769,True,2024-04,1,766,1
WN,LAS,SFO,2024,4,1250,18,13,0.0,"frozenset({2008.0, 5082.0, 1668.0})",5082.0,0.7222222222222222,True,2024-04,1,767,2
WN,LAS,SFO,2024,4,1065,13,11,0.0,"frozenset({4289.0, 834.0})",4289.0,0.8461538461538461,True,2024-04,1,768,1
WN,LAS,OMA,2024,4,1190,11,6,0.0,"frozenset({4035.0, 2204.0})",2204.0,0.5454545454545454,True,2024-04,1,769,1
UA,SNA,SFO,2024,4,833,30,17,1.0,frozenset({2076.0}),2076.0,0.5666666666666667,True,2024-04,1,770,2
AS,BOS,SFO,2024,4,1139,14,8,1.0,frozenset({357.0}),357.0,0.5714285714285714,True,2024-04,1,771,1
AS,JFK,SFO,2024,4,1120,30,18,0.0,frozenset({27.0}),27.0,0.6,True,2024-04,1,772,1
WN,DEN,SFO,2024,4,1305,16,11,0.0,"frozenset({1160.0, 833.0, 5230.0})",1160.0,0.6875,True,2024-04,1,773,1
WN,DEN,SFO,2024,4,1135,16,12,0.0,"frozenset({1386.0, 1420.0, 4285.0})",4285.0,0.75,True,2024-04,1,774,2
WN,DEN,SFO,2024,4,885,14,9,0.0,"frozenset({826.0, 330.0})",330.0,0.6428571428571429,True,2024-04,1,775,2
WN,DEN,SFO,2024,4,715,20,11,0.0,"frozenset({4865.0, 830.0})",4865.0,0.55,True,2024-04,1,776,2
AS,LAS,SFO,2024,4,1345,15,9,0.0,frozenset({613.0}),613.0,0.6,True,2024-04,1,777,1
AA,BWI,CLT,2024,4,1078,19,11,0.0,frozenset({1464.0}),1464.0,0.5789473684210527,True,2024-04,1,778,1
WN,DEN,MSP,2024,4,1070,12,8,0.0,"frozenset({897.0, 692.0, 2085.0})",897.0,0.6666666666666666,True,2024-04,1,779,1
AS,PDX,SFO,2024,4,1170,26,15,0.0,frozenset({1295.0}),1295.0,0.5769230769230769,True,2024-04,3,369,4
AA,ORD,SFO,2024,4,820,30,16,0.0,"frozenset({1253.0, 2639.0})",2639.0,0.5333333333333333,True,2024-04,1,780,2
WN,MSP,DEN,2024,4,1285,10,6,0.0,"frozenset({1723.0, 6299.0})",1723.0,0.6,True,2024-04,1,781,1
WN,BWI,SAT,2024,4,1190,10,6,0.0,"frozenset({4185.0, 3146.0})",4185.0,0.6,True,2024-04,1,782,2
AS,SAN,SFO,2024,4,1247,30,24,0.0,frozenset({717.0}),717.0,0.8,True,2024-04,2,481,2
AA,AVL,DFW,2024,4,1036,11,6,1.0,frozenset({839.0}),839.0,0.5454545454545454,True,2024-04,1,783,1
OO,SFO,BUR,2024,4,1150,30,17,2.0,frozenset({3354.0}),3354.0,0.5666666666666667,True,2024-04,2,628,2
F9,LAX,PHX,2024,4,1015,21,13,0.0,"frozenset({4594.0, 1062.0})",4594.0,0.6190476190476191,True,2024-04,1,784,1
WN,SFO,PHX,2024,4,935,16,9,0.0,frozenset({1808.0}),1808.0,0.5625,True,2024-04,1,785,2
WN,PHX,AUS,2024,4,775,15,11,0.0,"frozenset({3873.0, 2606.0})",3873.0,0.7333333333333333,True,2024-04,1,786,2
OO,LAX,SFO,2024,4,1195,28,22,0.0,frozenset({3412.0}),3412.0,0.7857142857142857,True,2024-04,2,661,3
OO,LAX,SFO,2024,4,1355,22,12,1.0,frozenset({3372.0}),3372.0,0.5454545454545454,True,2024-04,2,660,2
DL,BOS,SFO,2024,4,1025,27,16,0.0,frozenset({475.0}),475.0,0.5925925925925926,True,2024-04,1,787,1
WN,SFO,SAN,2024,4,1185,14,8,0.0,"frozenset({4145.0, 655.0})",4145.0,0.5714285714285714,True,2024-04,1,788,2
AA,DFW,BWI,2024,4,865,29,16,0.0,frozenset({1213.0}),1213.0,0.5517241379310345,True,2024-04,1,789,1
OO,BOI,SFO,2024,4,505,13,7,0.0,frozenset({3480.0}),3480.0,0.5384615384615384,True,2024-04,1,790,1
WN,PHX,SFO,2024,4,1240,18,15,0.0,"frozenset({849.0, 1053.0, 5945.0})",5945.0,0.8333333333333334,True,2024-04,1,791,2
OH,RDU,DCA,2024,4,1208,23,14,1.0,frozenset({5225.0}),5225.0,0.6086956521739131,True,2024-04,1,792,1
AA,DFW,AVL,2024,4,799,11,6,1.0,frozenset({839.0}),839.0,0.5454545454545454,True,2024-04,1,793,1
OO,PSP,SFO,2024,4,560,12,8,0.0,"frozenset({3304.0, 5600.0})",3304.0,0.6666666666666666,True,2024-04,2,609,2
OO,PSP,SFO,2024,4,860,32,18,2.0,"frozenset({5570.0, 3347.0})",3347.0,0.5625,True,2024-04,3,343,3
OO,PSP,SFO,2024,4,1139,23,16,0.0,frozenset({3422.0}),3422.0,0.6956521739130435,True,2024-04,2,596,3
OO,LAS,SFO,2024,4,735,13,8,0.0,frozenset({3378.0}),3378.0,0.6153846153846154,True,2024-04,1,794,1
B6,JFK,SJC,2024,4,1043,30,16,0.0,frozenset({669.0}),669.0,0.5333333333333333,True,2024-04,1,795,1
OO,LAS,SFO,2024,4,580,13,7,0.0,frozenset({3358.0}),3358.0,0.5384615384615384,True,2024-04,2,668,2
AA,DFW,MKE,2024,4,1266,29,17,1.0,"frozenset({497.0, 1234.0})",1234.0,0.5862068965517241,True,2024-04,1,796,2
OO,SBA,SFO,2024,4,1150,26,18,2.0,frozenset({5243.0}),5243.0,0.6923076923076923,True,2024-04,1,797,1
OO,SAN,SFO,2024,4,1311,30,16,5.0,frozenset({3431.0}),3431.0,0.5333333333333333,True,2024-04,1,798,1
OO,SAN,SFO,2024,4,1065,28,15,1.0,frozenset({3437.0}),3437.0,0.5357142857142857,True,2024-04,2,589,2
NK,FLL,DFW,2024,4,1110,11,7,0.0,"frozenset({2955.0, 1966.0, 1910.0})",1966.0,0.6363636363636364,True,2024-04,3,398,4
OO,SAN,SFO,2024,4,1135,13,11,0.0,frozenset({3366.0}),3366.0,0.8461538461538461,True,2024-04,1,799,2
WN,SFO,LAX,2024,4,970,15,9,0.0,"frozenset({320.0, 1665.0, 787.0})",787.0,0.6,True,2024-04,1,800,1
B6,JFK,SFO,2024,4,600,26,14,0.0,frozenset({615.0}),615.0,0.5384615384615384,True,2024-04,1,801,1
OO,SAN,SFO,2024,4,660,23,12,0.0,frozenset({3434.0}),3434.0,0.5217391304347826,True,2024-04,2,594,3
DL,AUS,JFK,2024,5,1139,31,16,0.0,"frozenset({2576.0, 1107.0})",2576.0,0.5161290322580645,True,2024-05,1,802,1
AS,AUS,SEA,2024,5,1092,14,8,0.0,frozenset({315.0}),315.0,0.5714285714285714,True,2024-05,1,803,1
WN,SFO,DEN,2024,5,1205,18,10,0.0,frozenset({1828.0}),1828.0,0.5555555555555556,True,2024-05,2,709,2
AA,TUS,DFW,2024,5,942,31,18,3.0,frozenset({584.0}),584.0,0.5806451612903226,True,2024-05,1,804,2
AA,SFO,ORD,2024,5,799,30,18,0.0,"frozenset({2312.0, 2122.0})",2122.0,0.6,True,2024-05,1,805,1
AA,SJU,DFW,2024,5,935,26,15,0.0,frozenset({1591.0}),1591.0,0.5769230769230769,True,2024-05,1,806,1
DL,AUS,LAX,2024,5,1190,13,9,0.0,frozenset({622.0}),622.0,0.6923076923076923,True,2024-05,1,807,1
DL,MSP,ORD,2024,5,1055,26,14,0.0,"frozenset({1712.0, 1406.0})",1406.0,0.5384615384615384,True,2024-05,1,808,1
DL,AUS,LAS,2024,5,935,21,11,0.0,frozenset({686.0}),686.0,0.5238095238095238,True,2024-05,1,809,1
AA,SJU,PHL,2024,5,915,31,16,0.0,frozenset({1475.0}),1475.0,0.5161290322580645,True,2024-05,1,810,1
AA,SLC,DFW,2024,5,969,31,16,6.0,"frozenset({1456.0, 2169.0})",2169.0,0.5161290322580645,True,2024-05,1,811,1
WN,SFO,LAS,2024,5,1280,17,12,0.0,frozenset({2552.0}),2552.0,0.7058823529411765,True,2024-05,2,753,2
AA,TPA,ORD,2024,5,1056,31,17,3.0,"frozenset({512.0, 1101.0})",512.0,0.5483870967741935,True,2024-05,1,812,1
AA,TPA,DFW,2024,5,1072,31,19,2.0,frozenset({2324.0}),2324.0,0.6129032258064516,True,2024-05,1,813,1
F9,LAS,SFO,2024,5,655,16,11,1.0,"frozenset({3362.0, 3019.0})",3019.0,0.6875,True,2024-05,2,705,2
DL,DFW,DTW,2024,5,1138,21,16,0.0,frozenset({1284.0}),1284.0,0.7619047619047619,True,2024-05,1,814,1
AA,RDU,CLT,2024,5,1077,31,20,1.0,frozenset({1894.0}),1894.0,0.6451612903225806,True,2024-05,1,815,1
AA,RDU,DFW,2024,5,1157,30,18,3.0,frozenset({1888.0}),1888.0,0.6,True,2024-05,1,816,1
DL,DTW,DFW,2024,5,970,31,18,0.0,"frozenset({1284.0, 1543.0})",1284.0,0.5806451612903226,True,2024-05,1,817,1
AA,RSW,DFW,2024,5,1194,30,19,5.0,frozenset({2736.0}),2736.0,0.6333333333333333,True,2024-05,1,818,1
AA,RSW,ORD,2024,5,1048,26,14,0.0,frozenset({2391.0}),2391.0,0.5384615384615384,True,2024-05,1,819,1
WN,SFO,LAS,2024,5,810,27,16,0.0,frozenset({1908.0}),1908.0,0.5925925925925926,True,2024-05,1,820,1
AA,SAT,DFW,2024,5,996,31,21,4.0,frozenset({1961.0}),1961.0,0.6774193548387096,True,2024-05,2,758,2
AA,SAT,DFW,2024,5,1120,27,17,5.0,"frozenset({2076.0, 2062.0})",2076.0,0.6296296296296297,True,2024-05,1,821,1
AA,SAV,CLT,2024,5,977,23,13,0.0,frozenset({616.0}),616.0,0.5652173913043478,True,2024-05,1,822,1
DL,DFW,BOS,2024,5,1135,26,14,0.0,"frozenset({768.0, 2613.0})",768.0,0.5384615384615384,True,2024-05,1,823,1
AA,SAV,CLT,2024,5,1213,31,16,0.0,frozenset({1557.0}),1557.0,0.5161290322580645,True,2024-05,1,824,1
AA,SBA,DFW,2024,5,751,31,16,2.0,frozenset({2083.0}),2083.0,0.5161290322580645,True,2024-05,1,825,1
F9,LAS,SFO,2024,5,1224,16,10,0.0,frozenset({4401.0}),4401.0,0.625,True,2024-05,1,826,1
AA,SDF,DFW,2024,5,1102,31,18,1.0,"frozenset({506.0, 2356.0})",2356.0,0.5806451612903226,True,2024-05,1,827,1
DL,DTW,AUS,2024,5,960,27,15,0.0,"frozenset({306.0, 1629.0})",1629.0,0.5555555555555556,True,2024-05,1,828,1
DL,DFW,SLC,2024,5,1190,21,11,0.0,frozenset({1429.0}),1429.0,0.5238095238095238,True,2024-05,1,829,1
AA,SFO,DFW,2024,5,694,31,16,2.0,"frozenset({672.0, 1623.0})",672.0,0.5161290322580645,True,2024-05,1,830,1
AA,SFO,DFW,2024,5,1038,30,23,3.0,frozenset({2121.0}),2121.0,0.7666666666666667,True,2024-05,1,831,1
DL,ORD,BOS,2024,5,1210,26,14,0.0,"frozenset({873.0, 2854.0})",873.0,0.5384615384615384,True,2024-05,1,832,1
F9,LAS,SFO,2024,5,480,15,11,0.0,frozenset({3019.0}),3019.0,0.7333333333333333,True,2024-05,2,705,2
AA,SAV,DFW,2024,5,1182,30,19,4.0,frozenset({2611.0}),2611.0,0.6333333333333333,True,2024-05,1,833,1
AS,DFW,SEA,2024,5,1180,24,15,1.0,frozenset({575.0}),575.0,0.625,True,2024-05,1,834,1
F9,DFW,LAS,2024,5,1353,16,11,0.0,frozenset({3885.0}),3885.0,0.6875,True,2024-05,1,835,1
DL,ORD,MSP,2024,5,1236,26,16,0.0,"frozenset({2760.0, 2801.0})",2760.0,0.6153846153846154,True,2024-05,1,836,1
F9,IAH,ATL,2024,5,1158,13,7,2.0,"frozenset({2400.0, 1404.0, 3372.0})",1404.0,0.5384615384615384,True,2024-05,1,837,1
B6,FLL,BOS,2024,5,1245,31,18,0.0,frozenset({170.0}),170.0,0.5806451612903226,True,2024-05,1,838,1
WN,STL,HOU,2024,5,1305,23,13,0.0,frozenset({2211.0}),2211.0,0.5652173913043478,True,2024-05,1,839,1
F9,CLE,MCO,2024,5,1113,11,6,0.0,"frozenset({2280.0, 3916.0})",2280.0,0.5454545454545454,True,2024-05,1,840,1
F9,DEN,DFW,2024,5,436,13,7,1.0,"frozenset({4464.0, 2148.0})",4464.0,0.5384615384615384,True,2024-05,1,841,1
F9,DEN,DFW,2024,5,1143,27,16,1.0,"frozenset({4070.0, 2632.0, 4074.0, 4076.0, 3279.0})",2632.0,0.5925925925925926,True,2024-05,1,842,2
F9,DTW,ATL,2024,5,1156,14,8,0.0,"frozenset({2897.0, 2785.0})",2897.0,0.5714285714285714,True,2024-05,1,843,1
WN,STL,PIT,2024,5,1000,15,8,0.0,frozenset({3940.0}),3940.0,0.5333333333333333,True,2024-05,1,844,1
B6,JFK,SFO,2024,5,620,31,17,0.0,frozenset({115.0}),115.0,0.5483870967741935,True,2024-05,1,845,1
F9,DFW,SJU,2024,5,1439,14,8,2.0,frozenset({4250.0}),4250.0,0.5714285714285714,True,2024-05,1,846,1
F9,DEN,PHL,2024,5,1436,17,10,0.0,frozenset({3340.0}),3340.0,0.5882352941176471,True,2024-05,1,847,2
F9,DFW,SFO,2024,5,1252,31,20,5.0,"frozenset({3109.0, 3999.0})",3999.0,0.6451612903225806,True,2024-05,2,728,2
F9,LAX,DFW,2024,5,1350,30,22,5.0,"frozenset({3212.0, 3154.0, 3156.0})",3212.0,0.7333333333333333,True,2024-05,1,848,2
F9,DFW,DEN,2024,5,1379,26,19,2.0,"frozenset({4463.0, 4067.0, 4069.0, 2631.0})",4463.0,0.7307692307692307,True,2024-05,1,849,2
F9,DFW,PHX,2024,5,1376,13,9,1.0,"frozenset({3281.0, 2531.0})",2531.0,0.6923076923076923,True,2024-05,1,850,1
F9,DFW,ORD,2024,5,1349,20,12,1.0,"frozenset({3244.0, 1342.0})",1342.0,0.6,True,2024-05,1,851,1
F9,DEN,ORD,2024,5,1287,22,13,0.0,frozenset({3172.0}),3172.0,0.5909090909090909,True,2024-05,2,725,3
WN,SJC,SEA,2024,5,1195,17,10,0.0,frozenset({4277.0}),4277.0,0.5882352941176471,True,2024-05,1,852,1
F9,IAH,DFW,2024,5,1085,16,13,1.0,frozenset({3193.0}),3193.0,0.8125,True,2024-05,1,853,1
B6,MCO,EWR,2024,5,1040,31,16,1.0,frozenset({828.0}),828.0,0.5161290322580645,True,2024-05,1,854,1
WN,SFO,DEN,2024,5,1025,15,8,0.0,"frozenset({1826.0, 5772.0})",5772.0,0.5333333333333333,True,2024-05,1,855,1
DL,AUS,DTW,2024,5,895,21,11,0.0,frozenset({350.0}),350.0,0.5238095238095238,True,2024-05,1,856,1
DL,ATL,ONT,2024,5,1275,17,9,0.0,frozenset({989.0}),989.0,0.5294117647058824,True,2024-05,1,857,1
B6,TPA,JFK,2024,5,1206,14,13,0.0,frozenset({2826.0}),2826.0,0.9285714285714286,True,2024-05,1,858,1
F9,LAS,DFW,2024,5,52,14,9,1.0,frozenset({1650.0}),1650.0,0.6428571428571429,True,2024-05,1,859,1
B6,TPA,JFK,2024,5,1169,17,10,0.0,frozenset({2826.0}),2826.0,0.5882352941176471,True,2024-05,1,860,1
F9,DFW,LAX,2024,5,1213,30,20,5.0,"frozenset({3155.0, 3211.0})",3155.0,0.6666666666666666,True,2024-05,1,861,1
AS,PDX,SFO,2024,5,1190,27,16,0.0,frozenset({1295.0}),1295.0,0.5925925925925926,True,2024-05,4,369,4
WN,SFO,PHX,2024,5,935,23,13,0.0,frozenset({1808.0}),1808.0,0.5652173913043478,True,2024-05,2,785,2
F9,ATL,SFO,2024,5,515,16,10,0.0,frozenset({1447.0}),1447.0,0.625,True,2024-05,2,698,2
WN,VPS,HOU,2024,5,1100,27,14,1.0,frozenset({1396.0}),1396.0,0.5185185185185185,True,2024-05,1,862,1
AS,SEA,JNU,2024,5,1360,31,17,2.0,frozenset({95.0}),95.0,0.5483870967741935,True,2024-05,1,863,1
WN,SFO,SAN,2024,5,755,19,13,0.0,"frozenset({4144.0, 3510.0, 4143.0})",4143.0,0.6842105263157895,True,2024-05,1,864,1
WN,SFO,SAN,2024,5,950,17,9,0.0,"frozenset({4144.0, 1744.0})",4144.0,0.5294117647058824,True,2024-05,1,865,1
WN,SFO,SAN,2024,5,1185,14,8,0.0,frozenset({4145.0}),4145.0,0.5714285714285714,True,2024-05,2,788,2
WN,TUS,SAN,2024,5,1045,14,9,0.0,frozenset({1924.0}),1924.0,0.6428571428571429,True,2024-05,1,866,1
WN,TUS,LAX,2024,5,1005,14,8,0.0,frozenset({5844.0}),5844.0,0.5714285714285714,True,2024-05,1,867,1
DL,ORD,LGA,2024,5,1222,22,13,0.0,frozenset({2475.0}),2475.0,0.5909090909090909,True,2024-05,1,868,1
DL,DTW,GRR,2024,5,1400,14,8,0.0,frozenset({2473.0}),2473.0,0.5714285714285714,True,2024-05,1,869,1
F9,DEN,PHX,2024,5,1379,29,18,1.0,"frozenset({4753.0, 3467.0})",4753.0,0.6206896551724138,True,2024-05,1,870,2
F9,LAX,PHX,2024,5,1020,31,23,1.0,"frozenset({3304.0, 4594.0, 1062.0})",3304.0,0.7419354838709677,True,2024-05,1,871,2
WN,BWI,CLE,2024,5,1300,27,15,0.0,frozenset({5037.0}),5037.0,0.5555555555555556,True,2024-05,1,872,1
WN,BWI,BUF,2024,5,1310,27,14,0.0,frozenset({756.0}),756.0,0.5185185185185185,True,2024-05,1,873,1
WN,BWI,AUS,2024,5,1225,18,10,1.0,frozenset({1758.0}),1758.0,0.5555555555555556,True,2024-05,1,874,1
WN,BNA,RSW,2024,5,1110,12,7,0.0,frozenset({4841.0}),4841.0,0.5833333333333334,True,2024-05,1,875,1
WN,BNA,MKE,2024,5,1240,23,12,0.0,frozenset({682.0}),682.0,0.5217391304347826,True,2024-05,1,876,1
WN,BNA,BWI,2024,5,1180,17,9,1.0,"frozenset({1842.0, 894.0})",894.0,0.5294117647058824,True,2024-05,1,877,1
WN,BNA,BWI,2024,5,995,14,9,0.0,frozenset({893.0}),893.0,0.6428571428571429,True,2024-05,1,878,1
WN,BHM,MCO,2024,5,990,18,10,0.0,"frozenset({2176.0, 26.0})",26.0,0.5555555555555556,True,2024-05,1,879,1
WN,BHM,DAL,2024,5,1045,26,15,1.0,"frozenset({937.0, 2794.0})",937.0,0.5769230769230769,True,2024-05,1,880,1
WN,AUS,SNA,2024,5,980,18,10,0.0,"frozenset({2433.0, 4543.0})",4543.0,0.5555555555555556,True,2024-05,1,881,1
WN,AUS,SJC,2024,5,1045,27,14,0.0,frozenset({866.0}),866.0,0.5185185185185185,True,2024-05,1,882,1
WN,AUS,MSY,2024,5,1115,27,15,0.0,frozenset({296.0}),296.0,0.5555555555555556,True,2024-05,1,883,1
WN,AUS,MDW,2024,5,1040,26,14,1.0,frozenset({4962.0}),4962.0,0.5384615384615384,True,2024-05,1,884,1
WN,AUS,MCO,2024,5,1065,18,10,0.0,frozenset({2899.0}),2899.0,0.5555555555555556,True,2024-05,1,885,1
WN,AUS,MCO,2024,5,890,19,11,1.0,"frozenset({1081.0, 5100.0})",5100.0,0.5789473684210527,True,2024-05,1,886,1
WN,AUS,LAX,2024,5,945,14,10,0.0,frozenset({2606.0}),2606.0,0.7142857142857143,True,2024-05,1,887,1
WN,AUS,LAS,2024,5,950,17,10,0.0,"frozenset({6709.0, 2007.0})",2007.0,0.5882352941176471,True,2024-05,1,888,1
WN,AUS,HOU,2024,5,1180,23,12,0.0,frozenset({5059.0}),5059.0,0.5217391304347826,True,2024-05,1,889,1
WN,AUS,HOU,2024,5,1050,23,13,3.0,frozenset({5157.0}),5157.0,0.5652173913043478,True,2024-05,1,890,1
WN,BWI,CVG,2024,5,1200,27,14,0.0,frozenset({1265.0}),1265.0,0.5185185185185185,True,2024-05,1,891,1
WN,BWI,DEN,2024,5,1250,26,15,0.0,frozenset({2235.0}),2235.0,0.5769230769230769,True,2024-05,1,892,1
WN,BWI,DTW,2024,5,1315,27,16,0.0,frozenset({5627.0}),5627.0,0.5925925925925926,True,2024-05,1,893,1
WN,BWI,MCI,2024,5,1250,23,12,0.0,frozenset({2521.0}),2521.0,0.5217391304347826,True,2024-05,1,894,1
WN,DAL,ELP,2024,5,1315,17,10,0.0,"frozenset({6362.0, 5223.0})",5223.0,0.5882352941176471,True,2024-05,1,895,1
WN,DAL,ELP,2024,5,1195,10,6,1.0,frozenset({6362.0}),6362.0,0.6,True,2024-05,1,896,1
WN,DAL,ECP,2024,5,1130,14,9,0.0,frozenset({311.0}),311.0,0.6428571428571429,True,2024-05,1,897,1
WN,DAL,DEN,2024,5,1315,17,12,3.0,"frozenset({2169.0, 3255.0})",2169.0,0.7058823529411765,True,2024-05,1,898,1
WN,DAL,DEN,2024,5,1110,23,13,0.0,frozenset({961.0}),961.0,0.5652173913043478,True,2024-05,1,899,1
WN,DAL,DEN,2024,5,1015,17,10,1.0,frozenset({1162.0}),1162.0,0.5882352941176471,True,2024-05,1,900,1
WN,DAL,DCA,2024,5,1015,26,16,2.0,frozenset({4838.0}),4838.0,0.6153846153846154,True,2024-05,1,901,1
WN,DAL,COS,2024,5,1240,15,11,0.0,frozenset({2096.0}),2096.0,0.7333333333333333,True,2024-05,1,902,1
WN,DAL,CMH,2024,5,1000,14,11,0.0,frozenset({1930.0}),1930.0,0.7857142857142857,True,2024-05,1,903,1
WN,AUS,ELP,2024,5,1290,17,11,0.0,frozenset({1916.0}),1916.0,0.6470588235294118,True,2024-05,1,904,1
WN,DAL,BWI,2024,5,1200,15,9,0.0,"frozenset({939.0, 670.0})",670.0,0.6,True,2024-05,1,905,1
WN,DAL,AUS,2024,5,935,17,11,1.0,"frozenset({376.0, 377.0})",377.0,0.6470588235294118,True,2024-05,1,906,1
WN,DAL,AMA,2024,5,1255,14,8,1.0,frozenset({52.0}),52.0,0.5714285714285714,True,2024-05,1,907,1
WN,CMH,STL,2024,5,1230,23,13,0.0,frozenset({5381.0}),5381.0,0.5652173913043478,True,2024-05,1,908,1
WN,CLT,MDW,2024,5,1200,23,13,0.0,frozenset({5710.0}),5710.0,0.5652173913043478,True,2024-05,1,909,1
WN,CLT,BWI,2024,5,1095,14,8,0.0,frozenset({460.0}),460.0,0.5714285714285714,True,2024-05,1,910,1
WN,CLT,BNA,2024,5,1235,14,8,1.0,frozenset({5212.0}),5212.0,0.5714285714285714,True,2024-05,1,911,1
WN,BWI,SAT,2024,5,1190,14,9,0.0,frozenset({4185.0}),4185.0,0.6428571428571429,True,2024-05,2,782,2
WN,BWI,SAN,2024,5,1185,26,16,0.0,"frozenset({156.0, 4747.0, 4076.0})",4076.0,0.6153846153846154,True,2024-05,1,912,1
WN,BWI,ORD,2024,5,1270,27,17,0.0,frozenset({5289.0}),5289.0,0.6296296296296297,True,2024-05,1,913,1
WN,DAL,BHM,2024,5,1175,23,13,1.0,frozenset({498.0}),498.0,0.5652173913043478,True,2024-05,1,914,1
WN,AUS,DEN,2024,5,1080,14,8,0.0,frozenset({4989.0}),4989.0,0.5714285714285714,True,2024-05,1,915,1
WN,AUS,DEN,2024,5,970,13,7,0.0,frozenset({5583.0}),5583.0,0.5384615384615384,True,2024-05,1,916,1
WN,AUS,DAL,2024,5,1220,26,16,2.0,frozenset({1291.0}),1291.0,0.6153846153846154,True,2024-05,1,917,1
UA,ORD,BOS,2024,5,851,31,16,0.0,frozenset({378.0}),378.0,0.5161290322580645,True,2024-05,1,918,1
UA,OMA,ORD,2024,5,927,13,7,0.0,"frozenset({739.0, 2374.0})",739.0,0.5384615384615384,True,2024-05,1,919,1
UA,MIA,IAH,2024,5,1130,19,10,2.0,frozenset({1475.0}),1475.0,0.5263157894736842,True,2024-05,1,920,1
UA,MIA,IAH,2024,5,1005,31,19,5.0,frozenset({2215.0}),2215.0,0.6129032258064516,True,2024-05,1,921,3
WN,MSY,MCO,2024,5,930,14,9,0.0,"frozenset({5944.0, 5928.0, 3394.0})",5928.0,0.6428571428571429,True,2024-05,1,922,1
WN,MSY,MDW,2024,5,1245,14,8,0.0,frozenset({4143.0}),4143.0,0.5714285714285714,True,2024-05,1,923,1
UA,IAH,TPA,2024,5,766,22,12,3.0,frozenset({2376.0}),2376.0,0.5454545454545454,True,2024-05,1,924,1
UA,IAH,STL,2024,5,1211,10,7,0.0,"frozenset({2648.0, 2113.0})",2648.0,0.7,True,2024-05,1,925,1
UA,IAH,SLC,2024,5,1205,31,18,3.0,frozenset({1696.0}),1696.0,0.5806451612903226,True,2024-05,1,926,1
UA,ORD,DCA,2024,5,1185,31,16,0.0,"frozenset({1069.0, 2734.0, 2727.0})",2727.0,0.5161290322580645,True,2024-05,1,927,1
UA,IAH,PDX,2024,5,1205,31,16,0.0,frozenset({1282.0}),1282.0,0.5161290322580645,True,2024-05,1,928,1
UA,IAH,MIA,2024,5,860,19,11,1.0,frozenset({2499.0}),2499.0,0.5789473684210527,True,2024-05,1,929,1
UA,IAH,EWR,2024,5,1102,31,16,0.0,frozenset({704.0}),704.0,0.5161290322580645,True,2024-05,1,930,1
UA,IAH,DSM,2024,5,1200,30,17,1.0,frozenset({2186.0}),2186.0,0.5666666666666667,True,2024-05,1,931,1
UA,IAH,DFW,2024,5,875,19,12,1.0,frozenset({1181.0}),1181.0,0.631578947368421,True,2024-05,1,932,1
UA,IAH,DEN,2024,5,1090,31,16,1.0,"frozenset({2731.0, 1268.0, 1718.0})",1718.0,0.5161290322580645,True,2024-05,1,933,1
UA,IAH,CMH,2024,5,1210,15,10,0.0,"frozenset({2366.0, 1671.0})",2366.0,0.6666666666666666,True,2024-05,1,934,1
UA,IAH,ATL,2024,5,1117,31,16,1.0,"frozenset({2417.0, 2291.0})",2291.0,0.5161290322580645,True,2024-05,1,935,1
UA,IAD,DFW,2024,5,1065,31,16,0.0,frozenset({2116.0}),2116.0,0.5161290322580645,True,2024-05,1,936,1
UA,EWR,SFO,2024,5,1080,31,18,1.0,frozenset({1148.0}),1148.0,0.5806451612903226,True,2024-05,2,741,3
UA,IAH,OMA,2024,5,1200,31,17,2.0,frozenset({2092.0}),2092.0,0.5483870967741935,True,2024-05,1,937,1
WN,DAL,FLL,2024,5,1130,27,14,0.0,"frozenset({1971.0, 6142.0})",1971.0,0.5185185185185185,True,2024-05,1,938,1
UA,ORD,DSM,2024,5,1225,31,16,1.0,frozenset({1576.0}),1576.0,0.5161290322580645,True,2024-05,1,939,1
UA,ORD,LGA,2024,5,900,31,16,2.0,frozenset({2329.0}),2329.0,0.5161290322580645,True,2024-05,1,940,1
WN,ATL,LAS,2024,5,1215,14,8,0.0,frozenset({2619.0}),2619.0,0.5714285714285714,True,2024-05,1,941,1
WN,ATL,DEN,2024,5,975,10,6,0.0,"frozenset({1058.0, 1533.0})",1533.0,0.6,True,2024-05,1,942,1
WN,ATL,DCA,2024,5,925,23,12,0.0,frozenset({1479.0}),1479.0,0.5217391304347826,True,2024-05,1,943,1
WN,ATL,DAL,2024,5,1300,14,9,0.0,frozenset({1284.0}),1284.0,0.6428571428571429,True,2024-05,1,944,1
WN,ATL,DAL,2024,5,1090,19,10,0.0,"frozenset({5539.0, 551.0})",5539.0,0.5263157894736842,True,2024-05,1,945,1
WN,ATL,BWI,2024,5,1155,14,9,0.0,frozenset({2425.0}),2425.0,0.6428571428571429,True,2024-05,1,946,1
WN,ABQ,SAN,2024,5,1020,15,8,0.0,frozenset({2535.0}),2535.0,0.5333333333333333,True,2024-05,1,947,1
UA,TPA,SFO,2024,5,1112,22,12,0.0,"frozenset({2376.0, 2012.0})",2376.0,0.5454545454545454,True,2024-05,1,948,1
UA,STL,IAH,2024,5,1017,30,16,0.0,frozenset({2121.0}),2121.0,0.5333333333333333,True,2024-05,1,949,1
UA,ORD,IND,2024,5,1282,24,13,0.0,"frozenset({2000.0, 1855.0})",1855.0,0.5416666666666666,True,2024-05,1,950,1
UA,SNA,SFO,2024,5,828,22,15,0.0,frozenset({2076.0}),2076.0,0.6818181818181818,True,2024-05,2,770,2
WN,MSY,DAL,2024,5,1270,17,9,0.0,frozenset({5508.0}),5508.0,0.5294117647058824,True,2024-05,1,951,1
UA,RDU,IAH,2024,5,1025,28,15,2.0,"frozenset({1819.0, 2238.0, 2407.0})",2238.0,0.5357142857142857,True,2024-05,1,952,1
UA,PIT,SFO,2024,5,1167,22,12,0.0,frozenset({2478.0}),2478.0,0.5454545454545454,True,2024-05,3,568,3
UA,PDX,SFO,2024,5,1170,30,16,0.0,"frozenset({2482.0, 1126.0})",2482.0,0.5333333333333333,True,2024-05,3,546,3
WN,MSY,DEN,2024,5,1145,23,13,0.0,frozenset({2609.0}),2609.0,0.5652173913043478,True,2024-05,1,953,1
WN,MSY,HOU,2024,5,1320,14,8,1.0,frozenset({5892.0}),5892.0,0.5714285714285714,True,2024-05,1,954,1
UA,ORD,TVC,2024,5,1202,24,13,0.0,frozenset({2325.0}),2325.0,0.5416666666666666,True,2024-05,1,955,1
UA,ORD,SFO,2024,5,1100,32,18,1.0,"frozenset({1124.0, 519.0})",519.0,0.5625,True,2024-05,2,739,2
UA,ORD,MCI,2024,5,1210,31,18,0.0,"frozenset({572.0, 1655.0})",572.0,0.5806451612903226,True,2024-05,1,956,1
WN,MSY,AUS,2024,5,820,15,8,0.0,"frozenset({445.0, 446.0})",445.0,0.5333333333333333,True,2024-05,1,957,1
UA,EWR,IAH,2024,5,1057,30,16,1.0,frozenset({1991.0}),1991.0,0.5333333333333333,True,2024-05,1,958,1
WN,DAL,HOU,2024,5,870,27,17,3.0,"frozenset({33.0, 27.0, 31.0})",33.0,0.6296296296296297,True,2024-05,1,959,1
WN,DAL,HOU,2024,5,1290,18,11,0.0,frozenset({61.0}),61.0,0.6111111111111112,True,2024-05,1,960,1
WN,LAX,SFO,2024,5,1070,14,9,0.0,frozenset({6108.0}),6108.0,0.6428571428571429,True,2024-05,1,961,1
WN,LAX,SFO,2024,5,680,23,12,0.0,frozenset({4292.0}),4292.0,0.5217391304347826,True,2024-05,1,962,1
WN,LAX,PHX,2024,5,985,18,13,0.0,"frozenset({858.0, 1775.0})",858.0,0.7222222222222222,True,2024-05,1,963,1
WN,LAX,MDW,2024,5,1015,27,15,1.0,"frozenset({5907.0, 3134.0})",3134.0,0.5555555555555556,True,2024-05,1,964,1
WN,LAX,LAS,2024,5,1275,26,16,0.0,frozenset({2430.0}),2430.0,0.6153846153846154,True,2024-05,1,965,1
WN,LAX,DEN,2024,5,1240,14,8,1.0,frozenset({120.0}),120.0,0.5714285714285714,True,2024-05,1,966,1
WN,LAX,DEN,2024,5,1065,14,8,1.0,frozenset({2013.0}),2013.0,0.5714285714285714,True,2024-05,1,967,1
WN,LAX,DAL,2024,5,1075,26,15,0.0,frozenset({2567.0}),2567.0,0.5769230769230769,True,2024-05,1,968,1
WN,LAS,SFO,2024,5,1250,17,9,0.0,"frozenset({2008.0, 5082.0})",5082.0,0.5294117647058824,True,2024-05,2,767,2
WN,LAS,SDF,2024,5,960,14,10,0.0,frozenset({5241.0}),5241.0,0.7142857142857143,True,2024-05,1,969,1
WN,MIA,DAL,2024,5,985,23,12,1.0,frozenset({4939.0}),4939.0,0.5217391304347826,True,2024-05,1,970,1
WN,LAS,PDX,2024,5,1255,17,10,0.0,"frozenset({3680.0, 4563.0})",3680.0,0.5882352941176471,True,2024-05,1,971,1
WN,LAS,PDX,2024,5,1020,17,10,0.0,frozenset({1413.0}),1413.0,0.5882352941176471,True,2024-05,1,972,1
WN,LAS,DAL,2024,5,890,17,11,0.0,frozenset({133.0}),133.0,0.6470588235294118,True,2024-05,1,973,1
WN,IND,RSW,2024,5,1215,14,9,1.0,frozenset({2564.0}),2564.0,0.6428571428571429,True,2024-05,1,974,1
WN,IND,HOU,2024,5,1000,14,8,0.0,frozenset({5908.0}),5908.0,0.5714285714285714,True,2024-05,1,975,1
WN,IAH,DAL,2024,5,885,23,13,1.0,"frozenset({2242.0, 3879.0})",2242.0,0.5652173913043478,True,2024-05,1,976,1
WN,IAH,BNA,2024,5,1020,23,12,0.0,frozenset({590.0}),590.0,0.5217391304347826,True,2024-05,1,977,1
WN,HOU,VPS,2024,5,960,27,15,1.0,frozenset({1753.0}),1753.0,0.5555555555555556,True,2024-05,1,978,1
WN,LAX,SJC,2024,5,800,10,6,0.0,"frozenset({2002.0, 887.0})",887.0,0.6,True,2024-05,1,979,1
WN,LGA,BNA,2024,5,1315,27,14,0.0,frozenset({1436.0}),1436.0,0.5185185185185185,True,2024-05,1,980,1
WN,LGA,MDW,2024,5,1045,14,8,0.0,frozenset({5323.0}),5323.0,0.5714285714285714,True,2024-05,1,981,1
WN,MCI,DAL,2024,5,1280,17,11,0.0,"frozenset({187.0, 1388.0})",1388.0,0.6470588235294118,True,2024-05,1,982,1
WN,MDW,PHX,2024,5,1320,23,12,1.0,frozenset({3822.0}),3822.0,0.5217391304347826,True,2024-05,1,983,1
WN,MDW,PHX,2024,5,1235,23,12,1.0,frozenset({3821.0}),3821.0,0.5217391304347826,True,2024-05,1,984,1
WN,MDW,PDX,2024,5,920,14,8,0.0,frozenset({5616.0}),5616.0,0.5714285714285714,True,2024-05,1,985,1
WN,MDW,OMA,2024,5,1330,15,9,0.0,frozenset({5697.0}),5697.0,0.6,True,2024-05,1,986,1
WN,MDW,OAK,2024,5,1215,14,8,1.0,frozenset({1810.0}),1810.0,0.5714285714285714,True,2024-05,1,987,1
WN,MDW,MCI,2024,5,1140,19,13,1.0,frozenset({2867.0}),2867.0,0.6842105263157895,True,2024-05,1,988,1
WN,MDW,LAX,2024,5,1050,14,8,0.0,frozenset({5964.0}),5964.0,0.5714285714285714,True,2024-05,1,989,1
WN,MDW,HOU,2024,5,1305,27,16,1.0,"frozenset({2160.0, 1891.0, 1756.0})",1891.0,0.5925925925925926,True,2024-05,1,990,1
WN,MDW,DAL,2024,5,1130,27,18,1.0,frozenset({1404.0}),1404.0,0.6666666666666666,True,2024-05,1,991,1
WN,HOU,STL,2024,5,1290,17,10,0.0,frozenset({4653.0}),4653.0,0.5882352941176471,True,2024-05,1,992,1
WN,MDW,BUF,2024,5,1175,23,13,0.0,frozenset({5634.0}),5634.0,0.5652173913043478,True,2024-05,1,993,1
WN,MCO,DEN,2024,5,1260,14,10,0.0,frozenset({1696.0}),1696.0,0.7142857142857143,True,2024-05,1,994,1
WN,MCO,DAL,2024,5,1040,28,15,1.0,"frozenset({981.0, 3279.0})",981.0,0.5357142857142857,True,2024-05,1,995,1
WN,MCO,CMH,2024,5,1195,14,8,0.0,frozenset({4970.0}),4970.0,0.5714285714285714,True,2024-05,2,759,2
WN,MCO,BNA,2024,5,1050,14,9,0.0,frozenset({4924.0}),4924.0,0.6428571428571429,True,2024-05,1,996,1
WN,MCO,BDL,2024,5,1195,17,11,0.0,frozenset({490.0}),490.0,0.6470588235294118,True,2024-05,1,997,1
WN,MCO,AUS,2024,5,1065,14,10,0.0,frozenset({434.0}),434.0,0.7142857142857143,True,2024-05,1,998,1
WN,MCO,ATL,2024,5,1320,14,9,0.0,frozenset({2899.0}),2899.0,0.6428571428571429,True,2024-05,1,999,1
WN,MCO,ATL,2024,5,1195,10,6,0.0,frozenset({4301.0}),4301.0,0.6,True,2024-05,1,1000,1
WN,MCO,ALB,2024,5,1130,23,12,0.0,frozenset({2373.0}),2373.0,0.5217391304347826,True,2024-05,1,1001,1
WN,MCO,MSY,2024,5,1230,10,6,0.0,frozenset({6188.0}),6188.0,0.6,True,2024-05,1,1002,1
WN,HOU,SAT,2024,5,940,18,11,1.0,frozenset({4204.0}),4204.0,0.6111111111111112,True,2024-05,1,1003,1
WN,HOU,PHX,2024,5,1140,14,9,1.0,frozenset({5151.0}),5151.0,0.6428571428571429,True,2024-05,1,1004,1
WN,HOU,ONT,2024,5,780,17,9,0.0,frozenset({5131.0}),5131.0,0.5294117647058824,True,2024-05,1,1005,1
WN,DEN,FLL,2024,5,1035,15,8,0.0,frozenset({2391.0}),2391.0,0.5333333333333333,True,2024-05,1,1006,1
WN,DEN,DAL,2024,5,1075,26,16,2.0,"frozenset({1329.0, 5612.0})",5612.0,0.6153846153846154,True,2024-05,1,1007,1
WN,DEN,BUF,2024,5,1090,23,13,0.0,frozenset({5576.0}),5576.0,0.5652173913043478,True,2024-05,1,1008,1
WN,DEN,AUS,2024,5,1020,26,18,1.0,frozenset({389.0}),389.0,0.6923076923076923,True,2024-05,1,1009,1
WN,DCA,DAL,2024,5,1065,23,17,1.0,frozenset({1882.0}),1882.0,0.7391304347826086,True,2024-05,1,1010,1
WN,DAL,TPA,2024,5,1180,26,15,1.0,frozenset({1423.0}),1423.0,0.5769230769230769,True,2024-05,1,1011,1
WN,DAL,SAT,2024,5,1315,17,9,1.0,frozenset({2266.0}),2266.0,0.5294117647058824,True,2024-05,1,1012,1
WN,DAL,SAT,2024,5,1220,23,15,0.0,frozenset({844.0}),844.0,0.6521739130434783,True,2024-05,1,1013,1
WN,DAL,SAT,2024,5,1085,14,8,1.0,frozenset({4192.0}),4192.0,0.5714285714285714,True,2024-05,1,1014,1
WN,DEN,GEG,2024,5,1305,17,10,1.0,frozenset({1651.0}),1651.0,0.5882352941176471,True,2024-05,1,1015,1
WN,DAL,SAN,2024,5,1215,24,14,1.0,frozenset({4081.0}),4081.0,0.5833333333333334,True,2024-05,1,1016,1
WN,DAL,PHX,2024,5,1330,17,9,0.0,frozenset({2474.0}),2474.0,0.5294117647058824,True,2024-05,1,1017,1
WN,DAL,PHX,2024,5,1195,22,13,0.0,"frozenset({2528.0, 937.0})",937.0,0.5909090909090909,True,2024-05,1,1018,1
WN,DAL,ORD,2024,5,945,14,8,1.0,frozenset({3632.0}),3632.0,0.5714285714285714,True,2024-05,1,1019,1
WN,DAL,MDW,2024,5,1030,15,9,1.0,"frozenset({3613.0, 973.0})",973.0,0.6,True,2024-05,1,1020,1
WN,DAL,MCO,2024,5,1190,26,14,2.0,frozenset({5095.0}),5095.0,0.5384615384615384,True,2024-05,1,1021,1
WN,DAL,MCI,2024,5,1325,17,9,0.0,frozenset({2829.0}),2829.0,0.5294117647058824,True,2024-05,1,1022,1
WN,DAL,LBB,2024,5,1255,23,12,2.0,frozenset({2693.0}),2693.0,0.5217391304347826,True,2024-05,1,1023,1
WN,DAL,LAX,2024,5,1155,14,10,0.0,frozenset({2616.0}),2616.0,0.7142857142857143,True,2024-05,1,1024,1
WN,DAL,LAS,2024,5,1235,14,12,1.0,frozenset({1882.0}),1882.0,0.8571428571428571,True,2024-05,1,1025,1
WN,DAL,SAN,2024,5,1000,14,11,0.0,frozenset({4080.0}),4080.0,0.7857142857142857,True,2024-05,1,1026,1
WN,DAL,HOU,2024,5,1200,27,15,2.0,frozenset({55.0}),55.0,0.5555555555555556,True,2024-05,1,1027,1
WN,DEN,HOU,2024,5,1060,23,15,2.0,frozenset({6134.0}),6134.0,0.6521739130434783,True,2024-05,1,1028,1
WN,DEN,OAK,2024,5,1310,17,13,0.0,frozenset({3432.0}),3432.0,0.7647058823529411,True,2024-05,1,1029,1
WN,HOU,OMA,2024,5,830,14,8,0.0,frozenset({3571.0}),3571.0,0.5714285714285714,True,2024-05,1,1030,1
WN,HOU,OAK,2024,5,1155,14,8,1.0,frozenset({1041.0}),1041.0,0.5714285714285714,True,2024-05,1,1031,1
WN,HOU,MDW,2024,5,995,23,12,1.0,frozenset({3114.0}),3114.0,0.5217391304347826,True,2024-05,1,1032,1
WN,HOU,LAX,2024,5,930,17,9,1.0,frozenset({1688.0}),1688.0,0.5294117647058824,True,2024-05,1,1033,1
WN,HOU,IND,2024,5,980,14,9,1.0,frozenset({2268.0}),2268.0,0.6428571428571429,True,2024-05,1,1034,1
WN,HOU,DAL,2024,5,990,27,15,3.0,"frozenset({40.0, 42.0})",42.0,0.5555555555555556,True,2024-05,1,1035,1
WN,HOU,CRP,2024,5,1305,17,10,1.0,"frozenset({2642.0, 55.0})",55.0,0.5882352941176471,True,2024-05,1,1036,1
WN,HOU,BWI,2024,5,980,17,12,1.0,frozenset({2079.0}),2079.0,0.7058823529411765,True,2024-05,1,1037,1
WN,HOU,AUS,2024,5,890,18,10,0.0,frozenset({6054.0}),6054.0,0.5555555555555556,True,2024-05,1,1038,1
WN,DEN,MSP,2024,5,1190,12,7,0.0,frozenset({597.0}),597.0,0.5833333333333334,True,2024-05,1,1039,1
WN,HOU,ATL,2024,5,710,14,8,0.0,frozenset({717.0}),717.0,0.5714285714285714,True,2024-05,1,1040,1
WN,DEN,STL,2024,5,1210,23,13,0.0,frozenset({182.0}),182.0,0.5652173913043478,True,2024-05,1,1041,1
WN,DEN,STL,2024,5,1150,12,8,0.0,"frozenset({5682.0, 603.0})",5682.0,0.6666666666666666,True,2024-05,1,1042,1
WN,DEN,SLC,2024,5,1320,17,11,2.0,frozenset({4420.0}),4420.0,0.6470588235294118,True,2024-05,1,1043,1
WN,DEN,SFO,2024,5,1135,17,12,0.0,"frozenset({1386.0, 4285.0})",4285.0,0.7058823529411765,True,2024-05,2,774,2
WN,DEN,SFO,2024,5,980,13,7,0.0,frozenset({1386.0}),1386.0,0.5384615384615384,True,2024-05,1,1044,1
WN,DEN,SFO,2024,5,885,14,8,0.0,frozenset({330.0}),330.0,0.5714285714285714,True,2024-05,2,775,2
WN,DEN,SFO,2024,5,715,24,15,0.0,frozenset({4865.0}),4865.0,0.625,True,2024-05,2,776,2
WN,DEN,SFO,2024,5,485,23,12,0.0,"frozenset({1779.0, 3359.0})",1779.0,0.5217391304347826,True,2024-05,1,1045,1
WN,DEN,RNO,2024,5,1305,14,9,1.0,frozenset({1266.0}),1266.0,0.6428571428571429,True,2024-05,1,1046,1
WN,HOU,ABQ,2024,5,910,17,9,0.0,"frozenset({2386.0, 2535.0})",2535.0,0.5294117647058824,True,2024-05,1,1047,1
WN,OAK,ONT,2024,5,1235,17,10,0.0,frozenset({5714.0}),5714.0,0.5882352941176471,True,2024-05,1,1048,1
UA,EWR,DFW,2024,5,1199,27,14,0.0,"frozenset({2384.0, 1105.0, 716.0})",1105.0,0.5185185185185185,True,2024-05,1,1049,1
UA,EWR,DFW,2024,5,931,29,16,1.0,frozenset({1814.0}),1814.0,0.5517241379310345,True,2024-05,1,1050,1
MQ,LIT,DFW,2024,5,1110,28,15,2.0,frozenset({3643.0}),3643.0,0.5357142857142857,True,2024-05,1,1051,1
MQ,LIT,DFW,2024,5,901,25,15,1.0,frozenset({3944.0}),3944.0,0.6,True,2024-05,1,1052,1
MQ,LCH,DFW,2024,5,1109,26,14,4.0,frozenset({3804.0}),3804.0,0.5384615384615384,True,2024-05,1,1053,1
MQ,LBB,DFW,2024,5,1233,25,13,3.0,frozenset({3528.0}),3528.0,0.52,True,2024-05,1,1054,1
MQ,IND,BOS,2024,5,864,19,10,0.0,"frozenset({3681.0, 3819.0})",3681.0,0.5263157894736842,True,2024-05,1,1055,1
MQ,HOU,DFW,2024,5,982,31,17,7.0,frozenset({3494.0}),3494.0,0.5483870967741935,True,2024-05,1,1056,1
MQ,GSP,CLT,2024,5,1115,26,16,2.0,frozenset({3860.0}),3860.0,0.6153846153846154,True,2024-05,1,1057,1
MQ,GSO,CLT,2024,5,1111,23,12,0.0,frozenset({3734.0}),3734.0,0.5217391304347826,True,2024-05,1,1058,1
MQ,EYW,CLT,2024,5,851,31,21,0.0,"frozenset({3338.0, 3549.0})",3549.0,0.6774193548387096,True,2024-05,1,1059,1
WN,SAN,SFO,2024,5,830,21,11,0.0,"frozenset({4300.0, 4069.0})",4069.0,0.5238095238095238,True,2024-05,1,1060,1
MQ,ECP,DFW,2024,5,1058,26,14,1.0,frozenset({3827.0}),3827.0,0.5384615384615384,True,2024-05,1,1061,1
MQ,ECP,DCA,2024,5,961,23,14,1.0,frozenset({3826.0}),3826.0,0.6086956521739131,True,2024-05,1,1062,1
MQ,DFW,XNA,2024,5,1357,30,16,1.0,frozenset({3693.0}),3693.0,0.5333333333333333,True,2024-05,1,1063,1
MQ,DFW,SGF,2024,5,1134,31,16,2.0,frozenset({3553.0}),3553.0,0.5161290322580645,True,2024-05,1,1064,1
MQ,DFW,MSO,2024,5,1153,26,16,1.0,frozenset({3585.0}),3585.0,0.6153846153846154,True,2024-05,1,1065,1
MQ,DFW,MAF,2024,5,1310,26,14,2.0,frozenset({3655.0}),3655.0,0.5384615384615384,True,2024-05,1,1066,1
MQ,DFW,LIT,2024,5,1254,27,14,0.0,frozenset({4079.0}),4079.0,0.5185185185185185,True,2024-05,1,1067,1
MQ,DFW,LIT,2024,5,789,25,13,2.0,frozenset({3944.0}),3944.0,0.52,True,2024-05,1,1068,1
MQ,DFW,HOU,2024,5,1001,31,16,6.0,frozenset({3470.0}),3470.0,0.5161290322580645,True,2024-05,1,1069,1
MQ,MAF,DFW,2024,5,1048,31,16,3.0,"frozenset({3913.0, 3551.0})",3913.0,0.5161290322580645,True,2024-05,1,1070,1
MQ,MAF,DFW,2024,5,1121,27,15,5.0,frozenset({3573.0}),3573.0,0.5555555555555556,True,2024-05,1,1071,1
MQ,MFE,DFW,2024,5,992,26,14,2.0,frozenset({3829.0}),3829.0,0.5384615384615384,True,2024-05,1,1072,1
MQ,MIA,SDF,2024,5,1320,26,14,0.0,frozenset({3992.0}),3992.0,0.5384615384615384,True,2024-05,1,1073,1
NK,CLT,LAX,2024,5,1374,31,22,1.0,frozenset({204.0}),204.0,0.7096774193548387,True,2024-05,1,1074,4
NK,BWI,LAS,2024,5,1280,17,10,0.0,frozenset({1931.0}),1931.0,0.5882352941176471,True,2024-05,1,1075,1
NK,BOS,ORF,2024,5,1035,14,10,1.0,frozenset({3056.0}),3056.0,0.7142857142857143,True,2024-05,1,1076,2
NK,BOS,FLL,2024,5,1081,13,7,1.0,"frozenset({1898.0, 2887.0})",2887.0,0.5384615384615384,True,2024-05,1,1077,1
NK,ATL,LAS,2024,5,1285,30,17,0.0,frozenset({1361.0}),1361.0,0.5666666666666667,True,2024-05,1,1078,1
NK,ATL,DFW,2024,5,1170,11,6,0.0,"frozenset({3012.0, 77.0})",3012.0,0.5454545454545454,True,2024-05,1,1079,1
NK,ATL,DFW,2024,5,867,11,7,1.0,frozenset({77.0}),77.0,0.6363636363636364,True,2024-05,1,1080,1
MQ,TPA,BNA,2024,5,1264,26,15,0.0,frozenset({3821.0}),3821.0,0.5769230769230769,True,2024-05,1,1081,1
MQ,TLH,DFW,2024,5,1111,26,15,1.0,frozenset({3381.0}),3381.0,0.5769230769230769,True,2024-05,1,1082,1
MQ,DFW,HOU,2024,5,880,31,16,7.0,frozenset({3494.0}),3494.0,0.5161290322580645,True,2024-05,1,1083,1
MQ,SGF,DFW,2024,5,1166,28,15,3.0,"frozenset({3669.0, 3702.0, 3455.0})",3702.0,0.5357142857142857,True,2024-05,1,1084,1
MQ,ORD,MSN,2024,5,1242,30,16,1.0,"frozenset({3712.0, 3886.0})",3886.0,0.5333333333333333,True,2024-05,1,1085,1
MQ,ORD,MCI,2024,5,1243,25,13,0.0,frozenset({3667.0}),3667.0,0.52,True,2024-05,1,1086,1
MQ,ORD,LSE,2024,5,1235,25,13,1.0,frozenset({3713.0}),3713.0,0.52,True,2024-05,1,1087,1
MQ,ORD,ICT,2024,5,1229,27,16,0.0,"frozenset({3921.0, 3633.0})",3633.0,0.5925925925925926,True,2024-05,1,1088,1
MQ,ORD,GSP,2024,5,1165,30,16,0.0,frozenset({3731.0}),3731.0,0.5333333333333333,True,2024-05,1,1089,1
MQ,ORD,CLE,2024,5,925,21,12,2.0,"frozenset({4170.0, 3331.0})",3331.0,0.5714285714285714,True,2024-05,1,1090,1
MQ,ORD,BNA,2024,5,945,28,15,3.0,frozenset({3737.0}),3737.0,0.5357142857142857,True,2024-05,1,1091,1
MQ,ORD,AVP,2024,5,1138,26,14,1.0,frozenset({3338.0}),3338.0,0.5384615384615384,True,2024-05,1,1092,1
MQ,MSN,ORD,2024,5,1110,25,14,1.0,frozenset({3953.0}),3953.0,0.56,True,2024-05,1,1093,1
MQ,SDF,DFW,2024,5,1228,23,14,2.0,"frozenset({3672.0, 3685.0})",3685.0,0.6086956521739131,True,2024-05,1,1094,1
MQ,DFW,GRK,2024,5,1184,26,14,0.0,frozenset({3765.0}),3765.0,0.5384615384615384,True,2024-05,1,1095,1
MQ,CVG,ORD,2024,5,1135,29,15,1.0,"frozenset({3360.0, 3520.0})",3360.0,0.5172413793103449,True,2024-05,1,1096,1
MQ,CRP,DFW,2024,5,1221,30,16,3.0,"frozenset({3856.0, 4173.0})",3856.0,0.5333333333333333,True,2024-05,1,1097,1
F9,SFO,PDX,2024,5,811,16,12,2.0,frozenset({3362.0}),3362.0,0.75,True,2024-05,1,1098,3
F9,SFO,MDW,2024,5,958,15,9,0.0,frozenset({4042.0}),4042.0,0.6,True,2024-05,2,713,2
F9,SFO,LAX,2024,5,880,31,27,0.0,"frozenset({4594.0, 3308.0})",3308.0,0.8709677419354839,True,2024-05,1,1099,2
F9,SFO,LAS,2024,5,1099,26,15,1.0,"frozenset({2488.0, 3034.0, 3020.0, 2486.0})",2486.0,0.5769230769230769,True,2024-05,1,1100,1
F9,SFO,LAS,2024,5,727,16,9,0.0,frozenset({2486.0}),2486.0,0.5625,True,2024-05,1,1101,1
F9,SFO,DFW,2024,5,1435,30,19,5.0,frozenset({4000.0}),4000.0,0.6333333333333333,True,2024-05,2,731,3
F9,SAN,SFO,2024,5,983,13,8,0.0,frozenset({4305.0}),4305.0,0.6153846153846154,True,2024-05,1,1102,1
F9,SAN,DEN,2024,5,990,13,7,0.0,frozenset({4928.0}),4928.0,0.5384615384615384,True,2024-05,1,1103,1
F9,PHX,SFO,2024,5,698,31,18,0.0,frozenset({2637.0}),2637.0,0.5806451612903226,True,2024-05,1,1104,1
F9,SFO,SAN,2024,5,1139,13,8,1.0,frozenset({4306.0}),4306.0,0.6153846153846154,True,2024-05,2,707,2
F9,PHX,DEN,2024,5,1168,29,17,1.0,"frozenset({3468.0, 2142.0})",2142.0,0.5862068965517241,True,2024-05,1,1105,2
WN,SAT,DAL,2024,5,1125,27,14,3.0,"frozenset({2611.0, 6124.0, 709.0})",709.0,0.5185185185185185,True,2024-05,1,1106,1
F9,PHL,DEN,2024,5,795,11,6,0.0,frozenset({3265.0}),3265.0,0.5454545454545454,True,2024-05,1,1107,1
F9,PHL,ATL,2024,5,857,11,7,0.0,"frozenset({1329.0, 1003.0})",1329.0,0.6363636363636364,True,2024-05,1,1108,1
F9,PDX,SFO,2024,5,969,16,11,2.0,"frozenset({3361.0, 3034.0})",3361.0,0.6875,True,2024-05,1,1109,1
F9,ORD,DFW,2024,5,1127,22,16,1.0,"frozenset({3241.0, 1339.0, 1341.0})",1341.0,0.7272727272727273,True,2024-05,1,1110,1
F9,ORD,DEN,2024,5,1107,22,14,1.0,"frozenset({1483.0, 3173.0})",1483.0,0.6363636363636364,True,2024-05,2,718,2
F9,MDW,SFO,2024,5,749,15,9,0.0,frozenset({4041.0}),4041.0,0.6,True,2024-05,2,696,3
F9,MDW,LAS,2024,5,1379,15,10,0.0,frozenset({2329.0}),2329.0,0.6666666666666666,True,2024-05,2,716,2
F9,LGA,ATL,2024,5,1071,16,11,1.0,"frozenset({4347.0, 4349.0})",4347.0,0.6875,True,2024-05,1,1111,1
F9,PHL,SJU,2024,5,922,10,10,2.0,frozenset({1166.0}),1166.0,1.0,True,2024-05,1,1112,3
NK,CLT,LGA,2024,5,1177,28,16,0.0,frozenset({1402.0}),1402.0,0.5714285714285714,True,2024-05,1,1113,4
F9,SJU,PHL,2024,5,59,31,19,2.0,"frozenset({4461.0, 1015.0})",4461.0,0.6129032258064516,True,2024-05,1,1114,1
F9,TPA,CLE,2024,5,1344,13,7,1.0,frozenset({2920.0}),2920.0,0.5384615384615384,True,2024-05,1,1115,1
MQ,CMH,ORD,2024,5,1075,29,16,2.0,frozenset({3542.0}),3542.0,0.5517241379310345,True,2024-05,1,1116,1
MQ,CLT,XNA,2024,5,1275,26,17,0.0,frozenset({3857.0}),3857.0,0.6538461538461539,True,2024-05,1,1117,1
MQ,CLT,XNA,2024,5,1025,23,16,0.0,frozenset({4087.0}),4087.0,0.6956521739130435,True,2024-05,1,1118,1
MQ,CLT,SGF,2024,5,1221,31,20,0.0,frozenset({4017.0}),4017.0,0.6451612903225806,True,2024-05,1,1119,1
MQ,CLT,LIT,2024,5,1215,31,16,0.0,frozenset({3692.0}),3692.0,0.5161290322580645,True,2024-05,1,1120,1
MQ,CLT,GSP,2024,5,1036,26,16,2.0,frozenset({3860.0}),3860.0,0.6153846153846154,True,2024-05,1,1121,1
MQ,CLT,GPT,2024,5,1231,23,19,2.0,frozenset({3487.0}),3487.0,0.8260869565217391,True,2024-05,1,1122,1
MQ,CLT,ATW,2024,5,1253,31,21,0.0,"frozenset({3938.0, 3372.0})",3938.0,0.6774193548387096,True,2024-05,1,1123,1
MQ,CLT,ATL,2024,5,979,26,16,2.0,frozenset({3517.0}),3517.0,0.6153846153846154,True,2024-05,1,1124,1
F9,SLC,SFO,2024,5,615,15,8,0.0,frozenset({1440.0}),1440.0,0.5333333333333333,True,2024-05,2,702,2
MQ,CLE,ORD,2024,5,1128,21,12,2.0,"frozenset({4170.0, 3331.0})",3331.0,0.5714285714285714,True,2024-05,1,1125,1
MQ,BTR,DFW,2024,5,893,23,12,1.0,frozenset({3697.0}),3697.0,0.5217391304347826,True,2024-05,1,1126,1
MQ,BRO,DFW,2024,5,1193,21,12,2.0,frozenset({3398.0}),3398.0,0.5714285714285714,True,2024-05,1,1127,1
MQ,BNA,TPA,2024,5,1064,26,15,0.0,frozenset({3791.0}),3791.0,0.5769230769230769,True,2024-05,1,1128,1
MQ,BNA,ORD,2024,5,1076,28,16,3.0,frozenset({3737.0}),3737.0,0.5714285714285714,True,2024-05,1,1129,1
MQ,ATL,CLT,2024,5,1090,26,17,2.0,frozenset({3517.0}),3517.0,0.6538461538461539,True,2024-05,1,1130,1
MQ,AMA,DFW,2024,5,1230,25,13,6.0,frozenset({3493.0}),3493.0,0.52,True,2024-05,1,1131,1
MQ,ABI,DFW,2024,5,1104,31,16,0.0,frozenset({3380.0}),3380.0,0.5161290322580645,True,2024-05,1,1132,1
WN,SAN,SFO,2024,5,1075,18,10,0.0,"frozenset({3392.0, 3345.0})",3345.0,0.5555555555555556,True,2024-05,2,697,2
HA,HNL,SFO,2024,5,780,13,8,0.0,frozenset({12.0}),12.0,0.6153846153846154,True,2024-05,1,1133,1
MQ,BTR,DFW,2024,5,1029,31,16,3.0,"frozenset({3880.0, 3795.0, 3623.0})",3623.0,0.5161290322580645,True,2024-05,1,1134,1
NK,CLT,MCO,2024,5,1163,11,6,0.0,frozenset({3800.0}),3800.0,0.5454545454545454,True,2024-05,1,1135,1
NK,DFW,BWI,2024,5,1115,14,9,1.0,frozenset({202.0}),202.0,0.6428571428571429,True,2024-05,1,1136,1
NK,DFW,FLL,2024,5,1001,17,11,0.0,frozenset({280.0}),280.0,0.6470588235294118,True,2024-05,1,1137,1
OO,RDU,AUS,2024,5,733,31,17,0.0,"frozenset({3699.0, 3895.0})",3699.0,0.5483870967741935,True,2024-05,1,1138,1
OO,PSP,SFO,2024,5,1139,13,10,0.0,frozenset({3422.0}),3422.0,0.7692307692307693,True,2024-05,3,596,3
WN,ORD,BNA,2024,5,1135,27,14,0.0,frozenset({5596.0}),5596.0,0.5185185185185185,True,2024-05,1,1139,1
OO,ORD,SBN,2024,5,1075,31,16,2.0,frozenset({4636.0}),4636.0,0.5161290322580645,True,2024-05,1,1140,1
OO,ORD,SBN,2024,5,945,21,12,2.0,frozenset({5392.0}),5392.0,0.5714285714285714,True,2024-05,1,1141,1
OO,ORD,MLI,2024,5,1209,30,16,0.0,"frozenset({5715.0, 5598.0})",5715.0,0.5333333333333333,True,2024-05,1,1142,1
OO,ORD,LIT,2024,5,525,23,12,1.0,"frozenset({5659.0, 5663.0})",5659.0,0.5217391304347826,True,2024-05,1,1143,1
WN,ORD,DAL,2024,5,995,14,8,0.0,frozenset({1423.0}),1423.0,0.5714285714285714,True,2024-05,1,1144,1
WN,ORD,LAS,2024,5,885,27,14,0.0,frozenset({2491.0}),2491.0,0.5185185185185185,True,2024-05,1,1145,1
OO,RDU,AUS,2024,5,1165,26,15,0.0,"frozenset({3691.0, 3974.0})",3691.0,0.5769230769230769,True,2024-05,1,1146,1
OO,ORD,DAY,2024,5,1274,21,11,1.0,frozenset({5530.0}),5530.0,0.5238095238095238,True,2024-05,1,1147,1
WN,PBI,ISP,2024,5,1170,14,8,0.0,frozenset({2292.0}),2292.0,0.5714285714285714,True,2024-05,1,1148,1
OO,ONT,SFO,2024,5,642,22,12,0.0,frozenset({4639.0}),4639.0,0.5454545454545454,True,2024-05,1,1149,1
OO,LIT,ORD,2024,5,681,23,12,0.0,"frozenset({5399.0, 5757.0, 5687.0})",5757.0,0.5217391304347826,True,2024-05,1,1150,1
OO,LIT,IAH,2024,5,920,21,11,4.0,frozenset({5294.0}),5294.0,0.5238095238095238,True,2024-05,1,1151,1
OO,LGA,OKC,2024,5,1045,27,14,1.0,"frozenset({3914.0, 3734.0})",3914.0,0.5185185185185185,True,2024-05,1,1152,1
OO,LGA,BNA,2024,5,885,22,12,1.0,frozenset({3677.0}),3677.0,0.5454545454545454,True,2024-05,1,1153,1
OO,LAX,SFO,2024,5,1195,14,8,0.0,frozenset({3412.0}),3412.0,0.5714285714285714,True,2024-05,3,661,3
OO,LAX,SFO,2024,5,685,27,18,0.0,frozenset({3411.0}),3411.0,0.6666666666666666,True,2024-05,1,1154,1
OO,LAX,SFO,2024,5,523,23,12,0.0,frozenset({3317.0}),3317.0,0.5217391304347826,True,2024-05,1,1155,1
OO,ORD,COS,2024,5,1190,10,6,1.0,"frozenset({5747.0, 4638.0})",4638.0,0.6,True,2024-05,1,1156,1
WN,PHX,AUS,2024,5,775,14,10,0.0,frozenset({3873.0}),3873.0,0.7142857142857143,True,2024-05,2,786,2
WN,ORD,AUS,2024,5,910,27,15,0.0,frozenset({452.0}),452.0,0.5555555555555556,True,2024-05,1,1157,1
OO,SAN,SFO,2024,5,1135,13,10,0.0,frozenset({3366.0}),3366.0,0.7692307692307693,True,2024-05,2,799,2
UA,EUG,SFO,2024,5,839,31,17,1.0,frozenset({2077.0}),2077.0,0.5483870967741935,True,2024-05,3,583,3
UA,DTW,ORD,2024,5,1084,25,14,1.0,frozenset({426.0}),426.0,0.56,True,2024-05,1,1158,1
UA,DFW,SFO,2024,5,1181,30,17,1.0,frozenset({2005.0}),2005.0,0.5666666666666667,True,2024-05,3,610,3
UA,DFW,IAH,2024,5,1050,19,10,2.0,"frozenset({1609.0, 308.0})",308.0,0.5263157894736842,True,2024-05,1,1159,1
WN,OAK,SAN,2024,5,990,12,7,0.0,frozenset({373.0}),373.0,0.5833333333333334,True,2024-05,1,1160,1
UA,DFW,DEN,2024,5,1008,31,19,1.0,"frozenset({1132.0, 2655.0})",2655.0,0.6129032258064516,True,2024-05,1,1161,2
UA,DEN,ORD,2024,5,1060,31,17,1.0,frozenset({1898.0}),1898.0,0.5483870967741935,True,2024-05,1,1162,1
UA,DEN,IAD,2024,5,955,31,16,2.0,frozenset({798.0}),798.0,0.5161290322580645,True,2024-05,1,1163,1
UA,DCA,ORD,2024,5,1020,31,17,0.0,frozenset({2016.0}),2016.0,0.5483870967741935,True,2024-05,1,1164,1
OO,SAN,SFO,2024,5,660,10,7,0.0,frozenset({3434.0}),3434.0,0.7,True,2024-05,3,594,3
UA,DCA,IAH,2024,5,1175,26,14,1.0,"frozenset({2659.0, 2157.0})",2157.0,0.5384615384615384,True,2024-05,1,1165,1
UA,BOS,ORD,2024,5,1111,24,13,0.0,"frozenset({352.0, 2609.0})",2609.0,0.5416666666666666,True,2024-05,1,1166,1
UA,BOS,ORD,2024,5,1022,31,16,1.0,"frozenset({370.0, 1298.0})",1298.0,0.5161290322580645,True,2024-05,1,1167,1
WN,OKC,AUS,2024,5,935,14,8,0.0,frozenset({5467.0}),5467.0,0.5714285714285714,True,2024-05,1,1168,1
UA,AUS,SFO,2024,5,1200,26,14,2.0,"frozenset({1388.0, 694.0})",694.0,0.5384615384615384,True,2024-05,2,746,2
OO,SNA,SFO,2024,5,560,17,10,0.0,"frozenset({3440.0, 3386.0})",3440.0,0.5882352941176471,True,2024-05,1,1169,1
WN,OMA,DEN,2024,5,1000,26,14,0.0,"frozenset({3571.0, 148.0})",3571.0,0.5384615384615384,True,2024-05,1,1170,1
WN,ONT,LAS,2024,5,910,18,10,0.0,"frozenset({5313.0, 955.0})",5313.0,0.5555555555555556,True,2024-05,1,1171,1
OO,SEA,SFO,2024,5,1190,14,12,0.0,frozenset({3367.0}),3367.0,0.8571428571428571,True,2024-05,2,736,2
OO,SBN,ORD,2024,5,1095,21,11,2.0,frozenset({5420.0}),5420.0,0.5238095238095238,True,2024-05,1,1172,1
WN,OAK,SEA,2024,5,1170,30,16,0.0,"frozenset({155.0, 3500.0})",155.0,0.5333333333333333,True,2024-05,1,1173,1
F9,LAX,LAS,2024,5,1290,31,17,3.0,"frozenset({2264.0, 3292.0})",3292.0,0.5483870967741935,True,2024-05,1,1174,4
WN,PHX,DAL,2024,5,1150,14,9,0.0,frozenset({1434.0}),1434.0,0.6428571428571429,True,2024-05,1,1175,1
OO,IAH,LIT,2024,5,1118,21,11,5.0,"frozenset({5219.0, 4799.0})",4799.0,0.5238095238095238,True,2024-05,1,1176,1
NK,ORD,IAH,2024,5,896,24,14,0.0,frozenset({1625.0}),1625.0,0.5833333333333334,True,2024-05,1,1177,1
NK,ORD,FLL,2024,5,1120,29,18,2.0,frozenset({1986.0}),1986.0,0.6206896551724138,True,2024-05,1,1178,1
NK,ORD,ATL,2024,5,1285,16,9,0.0,frozenset({635.0}),635.0,0.5625,True,2024-05,1,1179,4
NK,MSY,ORD,2024,5,949,14,9,1.0,frozenset({3164.0}),3164.0,0.6428571428571429,True,2024-05,1,1180,1
WN,RDU,HOU,2024,5,990,14,10,0.0,frozenset({2191.0}),2191.0,0.7142857142857143,True,2024-05,1,1181,1
NK,LGA,IAH,2024,5,1019,31,19,2.0,frozenset({1344.0}),1344.0,0.6129032258064516,True,2024-05,1,1182,1
NK,IAH,ORD,2024,5,981,17,10,0.0,frozenset({821.0}),821.0,0.5882352941176471,True,2024-05,1,1183,1
NK,FLL,ORF,2024,5,1090,15,9,1.0,frozenset({2688.0}),2688.0,0.6,True,2024-05,1,1184,1
NK,FLL,ORD,2024,5,1276,25,16,1.0,frozenset({5.0}),5.0,0.64,True,2024-05,1,1185,1
NK,ORD,LAX,2024,5,1235,16,12,0.0,frozenset({1786.0}),1786.0,0.75,True,2024-05,1,1186,1
NK,FLL,ORD,2024,5,921,29,16,2.0,"frozenset({9.0, 76.0})",9.0,0.5517241379310345,True,2024-05,1,1187,1
NK,FLL,DFW,2024,5,965,11,8,1.0,"frozenset({3126.0, 1966.0})",1966.0,0.7272727272727273,True,2024-05,4,398,4
NK,FLL,BOS,2024,5,1138,12,7,0.0,frozenset({616.0}),616.0,0.5833333333333334,True,2024-05,1,1188,1
NK,EWR,OAK,2024,5,1089,15,9,2.0,frozenset({727.0}),727.0,0.6,True,2024-05,1,1189,1
WN,SAN,MSY,2024,5,880,14,8,0.0,frozenset({4143.0}),4143.0,0.5714285714285714,True,2024-05,1,1190,1
NK,DTW,DFW,2024,5,1226,31,16,1.0,frozenset({1855.0}),1855.0,0.5161290322580645,True,2024-05,1,1191,1
NK,DFW,SJC,2024,5,1070,12,8,0.0,frozenset({2520.0}),2520.0,0.6666666666666666,True,2024-05,1,1192,1
NK,DFW,MSY,2024,5,1311,21,11,2.0,frozenset({668.0}),668.0,0.5238095238095238,True,2024-05,1,1193,1
NK,DFW,LAX,2024,5,1140,15,9,0.0,frozenset({1112.0}),1112.0,0.6,True,2024-05,1,1194,1
NK,DFW,FLL,2024,5,1200,10,6,2.0,frozenset({3125.0}),3125.0,0.6,True,2024-05,1,1195,1
WN,RDU,MCO,2024,5,1125,27,14,0.0,frozenset({5239.0}),5239.0,0.5185185185185185,True,2024-05,1,1196,1
OO,IAH,MEM,2024,5,980,15,8,5.0,frozenset({5534.0}),5534.0,0.5333333333333333,True,2024-05,1,1197,1
NK,ORD,MSY,2024,5,1153,14,9,1.0,frozenset({3151.0}),3151.0,0.6428571428571429,True,2024-05,1,1198,1
NK,ORF,BOS,2024,5,878,16,9,1.0,"frozenset({1369.0, 3055.0})",3055.0,0.5625,True,2024-05,1,1199,2
OO,IAH,LBB,2024,5,1204,17,10,2.0,frozenset({5303.0}),5303.0,0.5882352941176471,True,2024-05,1,1200,1
OO,DFW,IDA,2024,5,1166,31,16,3.0,frozenset({3190.0}),3190.0,0.5161290322580645,True,2024-05,1,1201,1
WN,PHX,LAX,2024,5,880,23,12,0.0,"frozenset({5907.0, 2660.0})",2660.0,0.5217391304347826,True,2024-05,1,1202,1
OO,CAK,ORD,2024,5,1069,31,16,4.0,frozenset({4698.0}),4698.0,0.5161290322580645,True,2024-05,1,1203,1
OO,BUR,SFO,2024,5,633,22,14,0.0,frozenset({5887.0}),5887.0,0.6363636363636364,True,2024-05,1,1204,1
OO,BUR,SFO,2024,5,510,31,16,0.0,frozenset({3355.0}),3355.0,0.5161290322580645,True,2024-05,1,1205,1
OO,AUS,RDU,2024,5,875,31,16,0.0,"frozenset({3691.0, 3997.0})",3691.0,0.5161290322580645,True,2024-05,1,1206,1
OO,AUS,BNA,2024,5,1165,21,12,0.0,frozenset({3818.0}),3818.0,0.5714285714285714,True,2024-05,1,1207,1
WN,PHX,ONT,2024,5,1280,17,10,0.0,"frozenset({937.0, 2411.0})",937.0,0.5882352941176471,True,2024-05,1,1208,1
NK,ORD,TPA,2024,5,1147,19,13,1.0,frozenset({2800.0}),2800.0,0.6842105263157895,True,2024-05,1,1209,3
WN,PHX,ORD,2024,5,695,23,12,0.0,frozenset({5265.0}),5265.0,0.5217391304347826,True,2024-05,1,1210,1
WN,PHX,STL,2024,5,1255,14,8,0.0,frozenset({4704.0}),4704.0,0.5714285714285714,True,2024-05,1,1211,1
OH,LFT,DFW,2024,5,1212,30,16,3.0,"frozenset({5314.0, 5083.0})",5083.0,0.5333333333333333,True,2024-05,1,1212,1
OH,DFW,BHM,2024,5,1166,26,14,1.0,frozenset({5276.0}),5276.0,0.5384615384615384,True,2024-05,1,1213,1
OH,DCA,MSN,2024,5,1198,23,12,0.0,frozenset({5223.0}),5223.0,0.5217391304347826,True,2024-05,1,1214,1
AA,RDM,DFW,2024,5,780,26,14,1.0,frozenset({530.0}),530.0,0.5384615384615384,True,2024-05,1,1215,1
OH,CLT,PNS,2024,5,1212,31,17,0.0,frozenset({5595.0}),5595.0,0.5483870967741935,True,2024-05,1,1216,1
WN,PVD,MCO,2024,5,1110,27,15,0.0,"frozenset({2996.0, 174.0})",174.0,0.5555555555555556,True,2024-05,1,1217,1
NK,PHL,IAH,2024,5,1180,15,10,1.0,frozenset({279.0}),279.0,0.6666666666666666,True,2024-05,1,1218,1
NK,ORF,MCO,2024,5,1191,14,9,0.0,frozenset({3050.0}),3050.0,0.6428571428571429,True,2024-05,1,1219,2
WN,PHX,SFO,2024,5,1240,17,10,0.0,"frozenset({5945.0, 1053.0})",5945.0,0.5882352941176471,True,2024-05,2,791,2
AA,PSP,DFW,2024,5,907,30,17,2.0,"frozenset({2008.0, 2003.0})",2003.0,0.5666666666666667,True,2024-05,1,1220,1
WN,MDW,STL,2024,5,1315,23,13,0.0,frozenset({4686.0}),4686.0,0.5652173913043478,True,2024-05,1,1221,1
AA,DFW,MCI,2024,5,1206,31,16,3.0,frozenset({2267.0}),2267.0,0.5161290322580645,True,2024-05,1,1222,3
AA,DFW,TUL,2024,5,1368,31,16,3.0,"frozenset({532.0, 1446.0})",1446.0,0.5161290322580645,True,2024-05,1,1223,1
AA,DFW,TUL,2024,5,1262,29,15,2.0,"frozenset({532.0, 1446.0})",532.0,0.5172413793103449,True,2024-05,1,1224,1
AA,CLT,SYR,2024,5,1341,26,15,0.0,"frozenset({1236.0, 214.0})",1236.0,0.5769230769230769,True,2024-05,1,1225,1
AA,CLT,TPA,2024,5,919,23,12,0.0,frozenset({2905.0}),2905.0,0.5217391304347826,True,2024-05,1,1226,1
AA,CLT,TPA,2024,5,1155,31,16,2.0,frozenset({1550.0}),1550.0,0.5161290322580645,True,2024-05,1,1227,1
AA,CLT,TPA,2024,5,1218,31,17,2.0,frozenset({2022.0}),2022.0,0.5483870967741935,True,2024-05,1,1228,3
AA,DFW,TPA,2024,5,1246,31,17,6.0,frozenset({1295.0}),1295.0,0.5483870967741935,True,2024-05,1,1229,2
AA,AVP,CLT,2024,5,1051,31,16,0.0,"frozenset({841.0, 2463.0})",2463.0,0.5161290322580645,True,2024-05,1,1230,1
AA,DFW,SYR,2024,5,1110,26,18,2.0,frozenset({396.0}),396.0,0.6923076923076923,True,2024-05,1,1231,1
AA,DFW,STL,2024,5,1275,31,16,7.0,frozenset({1010.0}),1010.0,0.5161290322580645,True,2024-05,1,1232,1
AA,MSY,DFW,2024,5,740,28,15,3.0,"frozenset({1848.0, 2603.0})",2603.0,0.5357142857142857,True,2024-05,1,1233,1
AA,CLT,TPA,2024,5,1340,31,20,2.0,frozenset({1773.0}),1773.0,0.6451612903225806,True,2024-05,1,1234,3
AA,CLT,STL,2024,5,1350,26,14,1.0,frozenset({459.0}),459.0,0.5384615384615384,True,2024-05,1,1235,1
AA,AVL,DFW,2024,5,990,26,14,2.0,frozenset({2311.0}),2311.0,0.5384615384615384,True,2024-05,1,1236,1
AA,DFW,SMF,2024,5,1358,30,16,6.0,frozenset({2198.0}),2198.0,0.5333333333333333,True,2024-05,1,1237,1
AA,AUS,ORD,2024,5,1017,29,17,0.0,"frozenset({1398.0, 1694.0})",1398.0,0.5862068965517241,True,2024-05,1,1238,1
AA,OKC,DFW,2024,5,1126,23,13,2.0,frozenset({1892.0}),1892.0,0.5652173913043478,True,2024-05,1,1239,1
AA,DFW,SLC,2024,5,1354,30,17,3.0,frozenset({344.0}),344.0,0.5666666666666667,True,2024-05,1,1240,1
AA,DFW,SLC,2024,5,1265,31,16,3.0,frozenset({621.0}),621.0,0.5161290322580645,True,2024-05,1,1241,1
AA,DFW,SLC,2024,5,1045,26,18,2.0,frozenset({2375.0}),2375.0,0.6923076923076923,True,2024-05,1,1242,1
AA,CLT,TUL,2024,5,1185,26,16,2.0,frozenset({2662.0}),2662.0,0.6153846153846154,True,2024-05,1,1243,1
AA,ORD,ATL,2024,5,1159,30,19,2.0,frozenset({2779.0}),2779.0,0.6333333333333333,True,2024-05,1,1244,2
AA,DFW,SFO,2024,5,1353,31,19,2.0,"frozenset({1939.0, 446.0})",446.0,0.6129032258064516,True,2024-05,1,1245,1
AA,DFW,SFO,2024,5,1254,31,19,3.0,"frozenset({2936.0, 1005.0})",2936.0,0.6129032258064516,True,2024-05,1,1246,1
AA,DFW,SFO,2024,5,1149,31,22,4.0,frozenset({1430.0}),1430.0,0.7096774193548387,True,2024-05,1,1247,2
AA,DFW,SFO,2024,5,896,31,21,3.0,"frozenset({2354.0, 2997.0})",2354.0,0.6774193548387096,True,2024-05,1,1248,1
AA,DFW,SNA,2024,5,1136,31,17,3.0,frozenset({348.0}),348.0,0.5483870967741935,True,2024-05,1,1249,1
AA,ORD,AUS,2024,5,1244,30,16,2.0,frozenset({935.0}),935.0,0.5333333333333333,True,2024-05,1,1250,1
AA,CLT,STL,2024,5,1116,26,14,1.0,frozenset({2937.0}),2937.0,0.5384615384615384,True,2024-05,1,1251,1
AA,MSY,CLT,2024,5,1113,31,16,2.0,frozenset({607.0}),607.0,0.5161290322580645,True,2024-05,1,1252,1
AA,BOS,LGA,2024,5,1090,24,14,0.0,"frozenset({1664.0, 1686.0})",1686.0,0.5833333333333334,True,2024-05,1,1253,1
AA,DSM,DFW,2024,5,1068,31,18,3.0,frozenset({2229.0}),2229.0,0.5806451612903226,True,2024-05,1,1254,1
AA,BOS,CLT,2024,5,1014,31,18,1.0,frozenset({922.0}),922.0,0.5806451612903226,True,2024-05,1,1255,1
AA,MKE,DFW,2024,5,1047,31,19,5.0,frozenset({1733.0}),1733.0,0.6129032258064516,True,2024-05,1,1256,1
AA,BNA,MIA,2024,5,1111,31,16,0.0,frozenset({323.0}),323.0,0.5161290322580645,True,2024-05,1,1257,1
AA,DFW,TYS,2024,5,1273,31,18,3.0,frozenset({1052.0}),1052.0,0.5806451612903226,True,2024-05,1,1258,2
AA,MRY,DFW,2024,5,745,26,15,0.0,frozenset({2820.0}),2820.0,0.5769230769230769,True,2024-05,1,1259,1
AA,MSN,DFW,2024,5,1045,26,18,3.0,frozenset({1736.0}),1736.0,0.6923076923076923,True,2024-05,1,1260,1
AA,DFW,TYS,2024,5,1055,26,17,3.0,frozenset({2542.0}),2542.0,0.6538461538461539,True,2024-05,1,1261,1
AA,MSP,CLT,2024,5,1064,31,20,1.0,frozenset({2140.0}),2140.0,0.6451612903225806,True,2024-05,1,1262,1
AA,CLT,SFO,2024,5,945,26,15,1.0,frozenset({2184.0}),2184.0,0.5769230769230769,True,2024-05,1,1263,1
AA,MSP,DFW,2024,5,978,31,16,4.0,"frozenset({2265.0, 2924.0})",2924.0,0.5161290322580645,True,2024-05,1,1264,1
AA,DFW,TUS,2024,5,1136,31,16,3.0,frozenset({1207.0}),1207.0,0.5161290322580645,True,2024-05,1,1265,3
AA,CLT,SFO,2024,5,1035,30,20,0.0,"frozenset({2184.0, 2115.0})",2115.0,0.6666666666666666,True,2024-05,1,1266,1
AA,CLT,SFO,2024,5,1117,27,19,2.0,"frozenset({673.0, 2410.0})",673.0,0.7037037037037037,True,2024-05,1,1267,1
AA,CLT,SFO,2024,5,1232,31,16,0.0,frozenset({2112.0}),2112.0,0.5161290322580645,True,2024-05,1,1268,3
AA,BNA,DFW,2024,5,1072,29,19,2.0,frozenset({2244.0}),2244.0,0.6551724137931034,True,2024-05,1,1269,3
AA,BNA,DFW,2024,5,1013,23,19,5.0,frozenset({945.0}),945.0,0.8260869565217391,True,2024-05,1,1270,1
AA,BNA,DFW,2024,5,948,31,18,4.0,frozenset({1100.0}),1100.0,0.5806451612903226,True,2024-05,1,1271,1
AA,BNA,DFW,2024,5,811,31,19,1.0,frozenset({1396.0}),1396.0,0.6129032258064516,True,2024-05,1,1272,1
AA,CLT,SLC,2024,5,1175,26,19,0.0,frozenset({2176.0}),2176.0,0.7307692307692307,True,2024-05,1,1273,1
AA,CLT,SRQ,2024,5,1162,25,14,2.0,frozenset({667.0}),667.0,0.56,True,2024-05,1,1274,1
AA,BNA,CLT,2024,5,1161,31,18,1.0,frozenset({851.0}),851.0,0.5806451612903226,True,2024-05,1,1275,1
AA,BNA,CLT,2024,5,1058,26,16,1.0,frozenset({2572.0}),2572.0,0.6153846153846154,True,2024-05,1,1276,1
AA,BHM,DFW,2024,5,1068,26,15,1.0,frozenset({1384.0}),1384.0,0.5769230769230769,True,2024-05,1,1277,1
AA,DFW,TUS,2024,5,1378,30,21,2.0,frozenset({785.0}),785.0,0.7,True,2024-05,1,1278,4
AA,BNA,DFW,2024,5,1167,27,15,3.0,frozenset({2238.0}),2238.0,0.5555555555555556,True,2024-05,1,1279,1
AA,BOS,ORD,2024,5,1057,30,17,1.0,"frozenset({1434.0, 1485.0})",1485.0,0.5666666666666667,True,2024-05,1,1280,1
AA,DFW,SEA,2024,5,1310,30,17,5.0,frozenset({2927.0}),2927.0,0.5666666666666667,True,2024-05,1,1281,1
AA,AUS,LAX,2024,5,1250,26,19,2.0,frozenset({799.0}),799.0,0.7307692307692307,True,2024-05,1,1282,1
AA,DFW,ABQ,2024,5,1263,26,17,6.0,frozenset({2859.0}),2859.0,0.6538461538461539,True,2024-05,1,1283,1
AA,DFW,ABQ,2024,5,1377,30,16,7.0,frozenset({2564.0}),2564.0,0.5333333333333333,True,2024-05,1,1284,1
AA,DFW,RIC,2024,5,1160,31,17,3.0,frozenset({1133.0}),1133.0,0.5483870967741935,True,2024-05,1,1285,1
AA,DFW,ALB,2024,5,1139,31,18,2.0,"frozenset({530.0, 540.0})",540.0,0.5806451612903226,True,2024-05,1,1286,1
AA,DFW,ATL,2024,5,1161,31,18,2.0,frozenset({2237.0}),2237.0,0.5806451612903226,True,2024-05,1,1287,1
AA,DFW,ATL,2024,5,1253,30,19,6.0,frozenset({2749.0}),2749.0,0.6333333333333333,True,2024-05,1,1288,1
AA,DFW,RDU,2024,5,1014,31,17,3.0,frozenset({979.0}),979.0,0.5483870967741935,True,2024-05,1,1289,1
AA,ATL,DFW,2024,5,1228,27,16,4.0,frozenset({2403.0}),2403.0,0.5925925925925926,True,2024-05,1,1290,1
AA,DFW,AUS,2024,5,950,31,16,5.0,"frozenset({843.0, 773.0})",843.0,0.5161290322580645,True,2024-05,1,1291,3
AA,DFW,AUS,2024,5,1000,28,15,1.0,"frozenset({843.0, 773.0})",773.0,0.5357142857142857,True,2024-05,1,1292,2
AA,DFW,AUS,2024,5,1140,31,17,7.0,"frozenset({807.0, 2199.0})",807.0,0.5483870967741935,True,2024-05,1,1293,1
AA,DFW,PSP,2024,5,1248,26,17,4.0,frozenset({2709.0}),2709.0,0.6538461538461539,True,2024-05,1,1294,1
AA,DFW,RNO,2024,5,1188,30,17,4.0,frozenset({564.0}),564.0,0.5666666666666667,True,2024-05,1,1295,1
AA,DFW,AUS,2024,5,1200,31,18,6.0,"frozenset({2707.0, 1828.0})",2707.0,0.5806451612903226,True,2024-05,1,1296,1
AA,DFW,AUS,2024,5,1365,30,16,3.0,frozenset({1205.0}),1205.0,0.5333333333333333,True,2024-05,1,1297,1
AA,ATL,DFW,2024,5,1111,30,16,3.0,frozenset({1051.0}),1051.0,0.5333333333333333,True,2024-05,1,1298,1
AA,DFW,BFL,2024,5,1160,29,15,4.0,frozenset({1024.0}),1024.0,0.5172413793103449,True,2024-05,1,1299,1
AA,DFW,BHM,2024,5,1297,26,17,0.0,frozenset({433.0}),433.0,0.6538461538461539,True,2024-05,1,1300,1
AA,DFW,BNA,2024,5,913,29,15,1.0,frozenset({2244.0}),2244.0,0.5172413793103449,True,2024-05,1,1301,1
AA,DFW,BNA,2024,5,1005,28,15,4.0,frozenset({2238.0}),2238.0,0.5357142857142857,True,2024-05,1,1302,1
AA,DFW,BNA,2024,5,1119,31,16,2.0,frozenset({1044.0}),1044.0,0.5161290322580645,True,2024-05,1,1303,3
AA,DFW,BNA,2024,5,1249,31,16,3.0,frozenset({1500.0}),1500.0,0.5161290322580645,True,2024-05,1,1304,2
AA,DFW,BNA,2024,5,1310,31,19,5.0,"frozenset({496.0, 2813.0})",2813.0,0.6129032258064516,True,2024-05,1,1305,1
AA,ORD,CLE,2024,5,1143,30,19,4.0,frozenset({804.0}),804.0,0.6333333333333333,True,2024-05,1,1306,1
AA,ABQ,DFW,2024,5,1029,31,16,4.0,frozenset({9.0}),9.0,0.5161290322580645,True,2024-05,1,1307,1
AA,DFW,BOI,2024,5,1175,31,23,3.0,frozenset({329.0}),329.0,0.7419354838709677,True,2024-05,1,1308,1
AA,DFW,AUS,2024,5,1290,30,18,1.0,"frozenset({2707.0, 1828.0})",1828.0,0.6,True,2024-05,1,1309,1
AA,DFW,SEA,2024,5,1130,29,17,5.0,frozenset({1241.0}),1241.0,0.5862068965517241,True,2024-05,1,1310,1
AA,DFW,RNO,2024,5,1352,28,17,6.0,frozenset({1273.0}),1273.0,0.6071428571428571,True,2024-05,1,1311,1
AA,DFW,RSW,2024,5,930,31,24,4.0,frozenset({2736.0}),2736.0,0.7741935483870968,True,2024-05,1,1312,1
AA,DFW,SEA,2024,5,1027,28,19,4.0,frozenset({2009.0}),2009.0,0.6785714285714286,True,2024-05,1,1313,1
AA,AUS,DFW,2024,5,1215,29,15,5.0,"frozenset({940.0, 789.0})",940.0,0.5172413793103449,True,2024-05,1,1314,1
AA,AUS,DFW,2024,5,1050,28,15,1.0,frozenset({509.0}),509.0,0.5357142857142857,True,2024-05,1,1315,1
AA,CLT,VPS,2024,5,1120,22,14,1.0,frozenset({2197.0}),2197.0,0.6363636363636364,True,2024-05,1,1316,1
AA,ORD,BDL,2024,5,1120,26,14,1.0,frozenset({2689.0}),2689.0,0.5384615384615384,True,2024-05,1,1317,1
AA,COS,DFW,2024,5,1012,31,18,2.0,frozenset({1170.0}),1170.0,0.5806451612903226,True,2024-05,1,1318,1
AA,DFW,SDF,2024,5,1253,31,17,5.0,frozenset({966.0}),966.0,0.5483870967741935,True,2024-05,1,1319,1
AA,DFW,SBA,2024,5,1156,25,18,2.0,frozenset({1483.0}),1483.0,0.72,True,2024-05,1,1320,1
AA,DFW,SAV,2024,5,1160,31,17,6.0,frozenset({330.0}),330.0,0.5483870967741935,True,2024-05,1,1321,1
AA,AUS,BOS,2024,5,1064,31,16,1.0,"frozenset({876.0, 782.0})",782.0,0.5161290322580645,True,2024-05,1,1322,1
AA,DFW,SAV,2024,5,936,30,17,3.0,frozenset({2611.0}),2611.0,0.5666666666666667,True,2024-05,1,1323,1
AA,ORD,BOS,2024,5,1135,30,17,1.0,frozenset({1033.0}),1033.0,0.5666666666666667,True,2024-05,1,1324,2
AA,DFW,ABQ,2024,5,1154,31,19,4.0,"frozenset({1056.0, 2698.0})",1056.0,0.6129032258064516,True,2024-05,1,1325,1
AA,DCA,BOS,2024,5,1100,31,17,0.0,frozenset({2148.0}),2148.0,0.5483870967741935,True,2024-05,1,1326,3
AA,DCA,LGA,2024,5,1038,31,17,1.0,frozenset({1191.0}),1191.0,0.5483870967741935,True,2024-05,1,1327,1
AA,DFW,SAT,2024,5,1366,30,17,4.0,"frozenset({2281.0, 1411.0})",1411.0,0.5666666666666667,True,2024-05,1,1328,1
AA,DFW,SAT,2024,5,1245,31,18,4.0,frozenset({1406.0}),1406.0,0.5806451612903226,True,2024-05,1,1329,3
AA,DFW,SAT,2024,5,1185,31,23,3.0,"frozenset({876.0, 1270.0})",876.0,0.7419354838709677,True,2024-05,1,1330,1
AA,DFW,SAT,2024,5,1113,31,17,3.0,frozenset({2438.0}),2438.0,0.5483870967741935,True,2024-05,1,1331,1
AA,DFW,SAT,2024,5,996,31,16,4.0,frozenset({2076.0}),2076.0,0.5161290322580645,True,2024-05,1,1332,1
AA,DEN,DFW,2024,5,887,29,15,1.0,frozenset({420.0}),420.0,0.5172413793103449,True,2024-05,1,1333,1
AA,DEN,DFW,2024,5,1018,31,18,6.0,frozenset({1832.0}),1832.0,0.5806451612903226,True,2024-05,1,1334,1
AA,DEN,DFW,2024,5,1123,28,18,3.0,frozenset({1322.0}),1322.0,0.6428571428571429,True,2024-05,1,1335,3
AA,DFW,SAN,2024,5,1360,30,16,2.0,frozenset({2568.0}),2568.0,0.5333333333333333,True,2024-05,1,1336,1
AA,DFW,SAN,2024,5,1259,27,15,4.0,"frozenset({1634.0, 1399.0})",1399.0,0.5555555555555556,True,2024-05,1,1337,1
AA,DFW,RSW,2024,5,1154,30,16,4.0,frozenset({2474.0}),2474.0,0.5333333333333333,True,2024-05,1,1338,1
AA,DCA,DFW,2024,5,792,31,17,1.0,frozenset({1177.0}),1177.0,0.5483870967741935,True,2024-05,1,1339,1
AA,ORD,CLT,2024,5,1107,31,16,1.0,frozenset({450.0}),450.0,0.5161290322580645,True,2024-05,1,1340,1
AA,CLT,SEA,2024,5,1210,26,16,1.0,frozenset({2174.0}),2174.0,0.6153846153846154,True,2024-05,1,1341,1
AA,CLT,SEA,2024,5,1018,26,14,1.0,frozenset({2793.0}),2793.0,0.5384615384615384,True,2024-05,1,1342,1
AA,CLT,CMH,2024,5,1127,27,14,2.0,frozenset({2710.0}),2710.0,0.5185185185185185,True,2024-05,1,1343,1
AA,CLT,LGA,2024,5,823,31,17,1.0,frozenset({836.0}),836.0,0.5483870967741935,True,2024-05,1,1344,1
AA,MCO,PHL,2024,5,1137,31,16,0.0,frozenset({2815.0}),2815.0,0.5161290322580645,True,2024-05,1,1345,1
AA,CLT,MCO,2024,5,1037,31,17,2.0,frozenset({1749.0}),1749.0,0.5483870967741935,True,2024-05,1,1346,1
AA,CLT,MCO,2024,5,1220,31,16,2.0,frozenset({1879.0}),1879.0,0.5161290322580645,True,2024-05,1,1347,1
AA,CLT,MCO,2024,5,1340,31,17,1.0,frozenset({2092.0}),2092.0,0.5483870967741935,True,2024-05,1,1348,3
AA,MCO,DFW,2024,5,1168,30,16,2.0,frozenset({2865.0}),2865.0,0.5333333333333333,True,2024-05,1,1349,1
AA,CLT,CLE,2024,5,1370,30,18,1.0,frozenset({585.0}),585.0,0.6,True,2024-05,1,1350,1
AA,MCO,DFW,2024,5,1052,31,19,3.0,frozenset({1772.0}),1772.0,0.6129032258064516,True,2024-05,1,1351,1
AA,CLT,MEM,2024,5,1110,25,16,1.0,frozenset({1372.0}),1372.0,0.64,True,2024-05,1,1352,1
AA,CLT,MSN,2024,5,1280,26,14,2.0,frozenset({2913.0}),2913.0,0.5384615384615384,True,2024-05,1,1353,3
AA,CLT,CLE,2024,5,1215,26,16,3.0,frozenset({1043.0}),1043.0,0.6153846153846154,True,2024-05,1,1354,1
AA,CLT,LAX,2024,5,1110,31,18,1.0,"frozenset({1184.0, 1618.0})",1618.0,0.5806451612903226,True,2024-05,1,1355,1
AA,CLT,CLE,2024,5,1059,26,16,0.0,frozenset({1267.0}),1267.0,0.6153846153846154,True,2024-05,1,1356,3
AA,CLT,MSP,2024,5,1360,30,17,3.0,frozenset({676.0}),676.0,0.5666666666666667,True,2024-05,1,1357,1
AA,MCO,CLT,2024,5,1185,31,16,2.0,frozenset({1749.0}),1749.0,0.5161290322580645,True,2024-05,1,1358,1
AA,MCI,DFW,2024,5,1141,25,15,3.0,frozenset({1710.0}),1710.0,0.6,True,2024-05,1,1359,1
AA,MCI,DFW,2024,5,1045,15,9,2.0,frozenset({2461.0}),2461.0,0.6,True,2024-05,1,1360,1
AA,CLT,MSY,2024,5,1255,26,15,2.0,frozenset({1943.0}),1943.0,0.5769230769230769,True,2024-05,1,1361,1
AA,MCI,CLT,2024,5,1109,30,16,1.0,frozenset({1615.0}),1615.0,0.5333333333333333,True,2024-05,1,1362,1
AA,MIA,DEN,2024,5,1210,31,16,0.0,frozenset({1629.0}),1629.0,0.5161290322580645,True,2024-05,1,1363,1
AA,CLT,MSY,2024,5,1372,31,16,1.0,frozenset({947.0}),947.0,0.5161290322580645,True,2024-05,1,1364,1
AA,LIT,CLT,2024,5,982,23,14,0.0,frozenset({2846.0}),2846.0,0.6086956521739131,True,2024-05,1,1365,1
AA,MIA,EWR,2024,5,1140,31,16,0.0,frozenset({1113.0}),1113.0,0.5161290322580645,True,2024-05,1,1366,1
AA,CLT,CHS,2024,5,1099,31,16,1.0,"frozenset({528.0, 1586.0})",528.0,0.5161290322580645,True,2024-05,1,1367,1
AA,LGA,ORD,2024,5,1153,31,16,0.0,frozenset({2043.0}),2043.0,0.5161290322580645,True,2024-05,1,1368,1
AA,CLT,MSP,2024,5,916,31,18,1.0,frozenset({2140.0}),2140.0,0.5806451612903226,True,2024-05,1,1369,1
AA,LGA,MIA,2024,5,1110,28,15,1.0,frozenset({1698.0}),1698.0,0.5357142857142857,True,2024-05,1,1370,1
AA,CLT,LAX,2024,5,1020,31,17,0.0,"frozenset({2947.0, 1181.0})",2947.0,0.5483870967741935,True,2024-05,1,1371,1
AA,CLT,LAS,2024,5,1155,31,17,0.0,"frozenset({1474.0, 468.0})",468.0,0.5483870967741935,True,2024-05,1,1372,1
AA,CLT,DEN,2024,5,1175,30,21,0.0,frozenset({2814.0}),2814.0,0.7,True,2024-05,1,1373,1
AA,CLT,DFW,2024,5,1014,31,18,1.0,"frozenset({2349.0, 1790.0})",2349.0,0.5806451612903226,True,2024-05,1,1374,1
AA,CLT,DFW,2024,5,1080,31,21,0.0,frozenset({1079.0}),1079.0,0.6774193548387096,True,2024-05,1,1375,1
AA,CLT,DFW,2024,5,1190,31,17,1.0,frozenset({1089.0}),1089.0,0.5483870967741935,True,2024-05,1,1376,1
AA,CLT,DEN,2024,5,1036,31,21,1.0,frozenset({473.0}),473.0,0.6774193548387096,True,2024-05,1,1377,1
AA,CLT,DSM,2024,5,1219,26,14,1.0,frozenset({1325.0}),1325.0,0.5384615384615384,True,2024-05,1,1378,1
AA,CLT,DTW,2024,5,1295,26,18,1.0,frozenset({419.0}),419.0,0.6923076923076923,True,2024-05,1,1379,1
AA,CLT,EWR,2024,5,1000,31,16,0.0,frozenset({1330.0}),1330.0,0.5161290322580645,True,2024-05,1,1380,4
AA,CLT,EWR,2024,5,1121,28,17,1.0,frozenset({484.0}),484.0,0.6071428571428571,True,2024-05,1,1381,3
AA,CLT,EWR,2024,5,1210,31,16,1.0,frozenset({2794.0}),2794.0,0.5161290322580645,True,2024-05,1,1382,4
AA,CLT,DCA,2024,5,1348,25,13,1.0,"frozenset({2531.0, 2180.0})",2180.0,0.52,True,2024-05,1,1383,1
AA,MIA,ATL,2024,5,1080,26,14,1.0,frozenset({1006.0}),1006.0,0.5384615384615384,True,2024-05,1,1384,1
AA,CLT,LAX,2024,5,945,26,18,0.0,frozenset({352.0}),352.0,0.6923076923076923,True,2024-05,1,1385,1
AA,MFE,DFW,2024,5,1208,25,16,3.0,frozenset({1803.0}),1803.0,0.64,True,2024-05,1,1386,1
AA,CLT,DCA,2024,5,1028,26,15,1.0,frozenset({2932.0}),2932.0,0.5769230769230769,True,2024-05,1,1387,1
AA,CLT,FLL,2024,5,1155,25,18,1.0,frozenset({2202.0}),2202.0,0.72,True,2024-05,1,1388,1
AA,CLT,FLL,2024,5,1240,31,17,0.0,"frozenset({2979.0, 1999.0})",1999.0,0.5483870967741935,True,2024-05,1,1389,1
AA,MEM,DFW,2024,5,1079,26,18,3.0,frozenset({1791.0}),1791.0,0.6923076923076923,True,2024-05,1,1390,1
AA,CLT,GSO,2024,5,1245,26,14,2.0,frozenset({2802.0}),2802.0,0.5384615384615384,True,2024-05,1,1391,1
AA,CLT,CVG,2024,5,1353,31,18,0.0,frozenset({626.0}),626.0,0.5806451612903226,True,2024-05,1,1392,1
AA,MEM,DFW,2024,5,963,31,17,2.0,frozenset({1789.0}),1789.0,0.5483870967741935,True,2024-05,1,1393,1
AA,CLT,IAH,2024,5,1104,25,18,2.0,frozenset({745.0}),745.0,0.72,True,2024-05,1,1394,1
AA,CLT,IAH,2024,5,1340,31,20,1.0,frozenset({1840.0}),1840.0,0.6451612903225806,True,2024-05,1,1395,3
AA,CLT,ILM,2024,5,1087,28,15,1.0,"frozenset({2105.0, 853.0})",853.0,0.5357142857142857,True,2024-05,1,1396,1
AA,CLT,IND,2024,5,1344,31,21,1.0,frozenset({1081.0}),1081.0,0.6774193548387096,True,2024-05,1,1397,1
AA,CLT,JFK,2024,5,1228,31,18,0.0,frozenset({1727.0}),1727.0,0.5806451612903226,True,2024-05,1,1398,3
AA,MEM,DFW,2024,5,1182,30,17,8.0,"frozenset({1728.0, 2873.0})",2873.0,0.5666666666666667,True,2024-05,1,1399,1
AA,CLT,SEA,2024,5,1164,31,18,0.0,"frozenset({1859.0, 2029.0})",2029.0,0.5806451612903226,True,2024-05,1,1400,1
AA,MIA,JAX,2024,5,1357,26,15,0.0,frozenset({1755.0}),1755.0,0.5769230769230769,True,2024-05,1,1401,1
AA,MIA,JFK,2024,5,1105,26,14,0.0,frozenset({2225.0}),2225.0,0.5384615384615384,True,2024-05,1,1402,2
AA,CLT,RDU,2024,5,1141,31,16,1.0,frozenset({2951.0}),2951.0,0.5161290322580645,True,2024-05,1,1403,1
AA,MIA,OKC,2024,5,1310,31,16,0.0,"frozenset({2758.0, 2855.0})",2758.0,0.5161290322580645,True,2024-05,1,1404,1
AA,IAH,MIA,2024,5,1045,26,16,0.0,frozenset({2055.0}),2055.0,0.6153846153846154,True,2024-05,1,1405,1
AA,MIA,ORD,2024,5,916,31,16,0.0,"frozenset({2512.0, 1395.0})",1395.0,0.5161290322580645,True,2024-05,1,1406,1
AA,IAH,DFW,2024,5,1225,30,17,8.0,frozenset({1392.0}),1392.0,0.5666666666666667,True,2024-05,1,1407,1
AA,IAH,DFW,2024,5,1114,31,18,4.0,frozenset({1416.0}),1416.0,0.5806451612903226,True,2024-05,1,1408,2
AA,CHS,DFW,2024,5,1190,25,13,4.0,frozenset({1638.0}),1638.0,0.52,True,2024-05,1,1409,1
AA,CHS,DCA,2024,5,1200,23,12,0.0,frozenset({2371.0}),2371.0,0.5217391304347826,True,2024-05,1,1410,1
AA,MIA,ORD,2024,5,1037,31,17,0.0,"frozenset({1788.0, 1701.0})",1788.0,0.5483870967741935,True,2024-05,1,1411,1
AA,IAH,CLT,2024,5,1064,31,18,2.0,frozenset({1661.0}),1661.0,0.5806451612903226,True,2024-05,1,1412,1
AA,CAE,DFW,2024,5,983,26,18,3.0,frozenset({2028.0}),2028.0,0.6923076923076923,True,2024-05,1,1413,1
AA,GSO,DFW,2024,5,1037,31,23,6.0,frozenset({1598.0}),1598.0,0.7419354838709677,True,2024-05,1,1414,1
AA,CLT,RDU,2024,5,975,31,17,1.0,frozenset({1894.0}),1894.0,0.5483870967741935,True,2024-05,1,1415,1
AA,BWI,DFW,2024,5,1161,29,15,3.0,frozenset({1213.0}),1213.0,0.5172413793103449,True,2024-05,1,1416,1
AA,FLL,DFW,2024,5,1160,30,17,4.0,frozenset({1375.0}),1375.0,0.5666666666666667,True,2024-05,1,1417,1
AA,FLL,DFW,2024,5,1064,30,17,2.0,frozenset({1373.0}),1373.0,0.5666666666666667,True,2024-05,1,1418,2
AA,FAT,DFW,2024,5,640,31,16,3.0,frozenset({1729.0}),1729.0,0.5161290322580645,True,2024-05,1,1419,1
AA,EYW,DFW,2024,5,1018,31,18,1.0,"frozenset({2482.0, 2613.0})",2613.0,0.5806451612903226,True,2024-05,1,1420,1
AA,CLT,RSW,2024,5,1245,30,16,0.0,"frozenset({2921.0, 2892.0})",2921.0,0.5333333333333333,True,2024-05,1,1421,1
AA,CLT,RSW,2024,5,1341,31,17,0.0,"frozenset({2457.0, 2486.0})",2486.0,0.5483870967741935,True,2024-05,1,1422,1
AA,EWR,CLT,2024,5,1161,31,16,0.0,frozenset({1330.0}),1330.0,0.5161290322580645,True,2024-05,1,1423,5
AA,CLT,SAN,2024,5,1019,31,18,0.0,frozenset({1740.0}),1740.0,0.5806451612903226,True,2024-05,1,1424,1
AA,ELP,DFW,2024,5,1029,31,20,4.0,frozenset({1681.0}),1681.0,0.6451612903225806,True,2024-05,1,1425,1
AA,CLT,SAT,2024,5,1110,30,18,1.0,frozenset({1657.0}),1657.0,0.6,True,2024-05,1,1426,1
AA,DTW,ORD,2024,5,1087,30,16,3.0,frozenset({1146.0}),1146.0,0.5333333333333333,True,2024-05,1,1427,1
AA,CLT,SDF,2024,5,1253,29,16,0.0,"frozenset({2515.0, 671.0})",671.0,0.5517241379310345,True,2024-05,1,1428,1
AA,GEG,DFW,2024,5,760,31,17,1.0,"frozenset({307.0, 1381.0})",1381.0,0.5483870967741935,True,2024-05,1,1429,1
AA,LGA,DFW,2024,5,1020,27,16,1.0,frozenset({541.0}),541.0,0.5925925925925926,True,2024-05,1,1430,1
AA,ICT,DFW,2024,5,1113,31,18,2.0,frozenset({1813.0}),1813.0,0.5806451612903226,True,2024-05,1,1431,1
AA,CLT,AVP,2024,5,1272,31,20,1.0,frozenset({1073.0}),1073.0,0.6451612903225806,True,2024-05,1,1432,1
AA,CLT,ONT,2024,5,1022,26,16,2.0,frozenset({1920.0}),1920.0,0.6153846153846154,True,2024-05,1,1433,1
AA,CLT,ORD,2024,5,1111,31,25,0.0,"frozenset({2960.0, 1199.0})",2960.0,0.8064516129032258,True,2024-05,1,1434,1
AA,LAX,SFO,2024,5,1255,18,10,0.0,frozenset({1432.0}),1432.0,0.5555555555555556,True,2024-05,1,1435,1
AA,CLT,BWI,2024,5,1353,31,16,1.0,frozenset({2799.0}),2799.0,0.5161290322580645,True,2024-05,1,1436,1
AA,CLT,PDX,2024,5,1104,31,18,0.0,frozenset({1849.0}),1849.0,0.5806451612903226,True,2024-05,1,1437,1
AA,CLT,BUF,2024,5,1365,31,19,1.0,frozenset({703.0}),703.0,0.6129032258064516,True,2024-05,1,1438,3
AA,LAX,ORD,2024,5,1439,26,14,0.0,frozenset({469.0}),469.0,0.5384615384615384,True,2024-05,1,1439,1
AA,LAX,DFW,2024,5,1050,31,17,2.0,"frozenset({1504.0, 2356.0})",1504.0,0.5483870967741935,True,2024-05,1,1440,1
AA,LAX,DFW,2024,5,880,31,16,0.0,frozenset({1582.0}),1582.0,0.5161290322580645,True,2024-05,1,1441,1
AA,CLT,BOS,2024,5,1365,31,17,0.0,frozenset({1937.0}),1937.0,0.5483870967741935,True,2024-05,1,1442,1
AA,LAX,DFW,2024,5,750,31,16,0.0,"frozenset({1658.0, 1653.0})",1653.0,0.5161290322580645,True,2024-05,1,1443,1
AA,CLT,BOS,2024,5,1060,31,19,1.0,frozenset({1978.0}),1978.0,0.6129032258064516,True,2024-05,1,1444,1
AA,ILM,CLT,2024,5,1191,28,17,1.0,"frozenset({2105.0, 853.0})",853.0,0.6071428571428571,True,2024-05,1,1445,1
AA,MIA,LAX,2024,5,1210,31,16,0.0,"frozenset({2144.0, 2837.0})",2837.0,0.5161290322580645,True,2024-05,1,1446,1
AA,MIA,LGA,2024,5,1021,31,16,1.0,frozenset({1680.0}),1680.0,0.5161290322580645,True,2024-05,1,1447,1
AA,JAX,MIA,2024,5,1215,22,12,0.0,frozenset({2565.0}),2565.0,0.5454545454545454,True,2024-05,1,1448,1
AA,JAX,DCA,2024,5,1153,30,16,1.0,frozenset({2633.0}),2633.0,0.5333333333333333,True,2024-05,1,1449,1
AA,CLT,PHL,2024,5,1214,31,17,1.0,frozenset({1648.0}),1648.0,0.5483870967741935,True,2024-05,1,1450,1
AA,CLT,PHX,2024,5,1005,31,16,0.0,"frozenset({1819.0, 2956.0})",2956.0,0.5161290322580645,True,2024-05,1,1451,1
AA,CLT,BNA,2024,5,1295,26,16,0.0,frozenset({2797.0}),2797.0,0.6153846153846154,True,2024-05,1,1452,1
AA,CLT,BNA,2024,5,1095,31,16,1.0,frozenset({851.0}),851.0,0.5161290322580645,True,2024-05,1,1453,1
AA,CLT,PHX,2024,5,1091,31,16,0.0,frozenset({809.0}),809.0,0.5161290322580645,True,2024-05,1,1454,1
AA,IND,DFW,2024,5,1224,30,16,4.0,frozenset({1505.0}),1505.0,0.5333333333333333,True,2024-05,1,1455,1
AA,CLT,PHX,2024,5,1340,25,15,0.0,frozenset({1335.0}),1335.0,0.6,True,2024-05,1,1456,1
AA,CLT,BNA,2024,5,992,26,15,1.0,frozenset({2572.0}),2572.0,0.5769230769230769,True,2024-05,1,1457,1
AA,CLT,BDL,2024,5,1233,30,17,1.0,"frozenset({1688.0, 343.0})",343.0,0.5666666666666667,True,2024-05,1,1458,1
AA,MIA,LGA,2024,5,870,31,16,0.0,frozenset({1698.0}),1698.0,0.5161290322580645,True,2024-05,1,1459,1
AA,ORD,DCA,2024,5,1222,28,18,1.0,frozenset({903.0}),903.0,0.6428571428571429,True,2024-05,1,1460,1
AA,MSY,DFW,2024,5,1182,30,16,3.0,frozenset({1408.0}),1408.0,0.5333333333333333,True,2024-05,1,1461,1
AA,DFW,DCA,2024,5,1142,31,17,3.0,frozenset({2752.0}),2752.0,0.5483870967741935,True,2024-05,1,1462,1
AA,DFW,MSN,2024,5,865,26,14,3.0,frozenset({1736.0}),1736.0,0.5384615384615384,True,2024-05,1,1463,1
AA,PBI,DFW,2024,5,941,31,16,3.0,frozenset({2218.0}),2218.0,0.5161290322580645,True,2024-05,1,1464,2
AA,DFW,DEN,2024,5,1005,30,19,2.0,frozenset({1322.0}),1322.0,0.6333333333333333,True,2024-05,1,1465,3
AA,PBI,DFW,2024,5,1167,30,16,2.0,frozenset({1844.0}),1844.0,0.5333333333333333,True,2024-05,1,1466,1
AA,DFW,DEN,2024,5,1151,31,17,3.0,frozenset({1217.0}),1217.0,0.5483870967741935,True,2024-05,1,1467,1
AA,DFW,DEN,2024,5,1319,26,15,5.0,frozenset({577.0}),577.0,0.5769230769230769,True,2024-05,1,1468,2
AA,DFW,DEN,2024,5,1371,30,18,5.0,frozenset({662.0}),662.0,0.6,True,2024-05,1,1469,3
AA,PBI,ORD,2024,5,1019,31,16,1.0,"frozenset({553.0, 2437.0})",2437.0,0.5161290322580645,True,2024-05,1,1470,1
AA,DFW,MEM,2024,5,1279,31,23,3.0,frozenset({1758.0}),1758.0,0.7419354838709677,True,2024-05,1,1471,3
AA,DFW,PBI,2024,5,1177,31,17,2.0,frozenset({2271.0}),2271.0,0.5483870967741935,True,2024-05,1,1472,1
AA,DFW,ORD,2024,5,1240,31,17,4.0,frozenset({2346.0}),2346.0,0.5483870967741935,True,2024-05,1,1473,1
AA,DFW,FAT,2024,5,1352,25,13,4.0,frozenset({2288.0}),2288.0,0.52,True,2024-05,1,1474,1
AA,DFW,FAT,2024,5,1245,26,16,4.0,frozenset({2914.0}),2914.0,0.6153846153846154,True,2024-05,1,1475,1
AA,DFW,LBB,2024,5,1240,26,18,2.0,frozenset({1221.0}),1221.0,0.6923076923076923,True,2024-05,1,1476,1
AA,DFW,LAX,2024,5,1315,19,11,2.0,"frozenset({2668.0, 1644.0})",1644.0,0.5789473684210527,True,2024-05,1,1477,1
AA,PBI,CLT,2024,5,1160,31,16,1.0,"frozenset({2977.0, 2830.0})",2977.0,0.5161290322580645,True,2024-05,1,1478,1
AA,DFW,ORD,2024,5,1015,31,17,3.0,"frozenset({1290.0, 2172.0})",2172.0,0.5483870967741935,True,2024-05,1,1479,1
AA,ORD,TUS,2024,5,1240,30,18,1.0,"frozenset({960.0, 2522.0})",2522.0,0.6,True,2024-05,1,1480,1
AA,DFW,MEM,2024,5,1186,30,18,4.0,frozenset({2079.0}),2079.0,0.6,True,2024-05,1,1481,1
AA,DFW,PDX,2024,5,1256,28,21,3.0,frozenset({2224.0}),2224.0,0.75,True,2024-05,1,1482,2
AA,DFW,CVG,2024,5,1028,26,16,3.0,frozenset({2939.0}),2939.0,0.6153846153846154,True,2024-05,1,1483,1
AA,DFW,CVG,2024,5,1241,31,19,2.0,frozenset({2309.0}),2309.0,0.6129032258064516,True,2024-05,1,1484,1
AA,ORD,RDU,2024,5,923,25,13,1.0,frozenset({1850.0}),1850.0,0.52,True,2024-05,1,1485,1
AA,DFW,PDX,2024,5,1130,31,16,2.0,"frozenset({2896.0, 2232.0})",2232.0,0.5161290322580645,True,2024-05,1,1486,1
AA,DFW,JAX,2024,5,1075,31,17,6.0,frozenset({2449.0}),2449.0,0.5483870967741935,True,2024-05,1,1487,1
AA,DFW,LGA,2024,5,904,31,18,5.0,frozenset({610.0}),610.0,0.5806451612903226,True,2024-05,1,1488,2
AA,DFW,DCA,2024,5,1019,31,22,2.0,frozenset({472.0}),472.0,0.7096774193548387,True,2024-05,1,1489,2
AA,ORD,SFO,2024,5,822,31,23,1.0,frozenset({2639.0}),2639.0,0.7419354838709677,True,2024-05,2,780,2
AA,ORD,SFO,2024,5,1255,25,13,1.0,frozenset({606.0}),606.0,0.52,True,2024-05,1,1490,1
AA,DFW,MEM,2024,5,939,26,14,3.0,frozenset({1728.0}),1728.0,0.5384615384615384,True,2024-05,1,1491,1
AA,DFW,FLL,2024,5,885,31,16,4.0,frozenset({1375.0}),1375.0,0.5161290322580645,True,2024-05,1,1492,1
AA,DFW,MSY,2024,5,1166,31,17,5.0,frozenset({1007.0}),1007.0,0.5483870967741935,True,2024-05,1,1493,2
AA,DFW,MSN,2024,5,1268,31,20,1.0,frozenset({595.0}),595.0,0.6451612903225806,True,2024-05,1,1494,4
AA,DFW,DEN,2024,5,896,31,16,5.0,frozenset({1832.0}),1832.0,0.5161290322580645,True,2024-05,1,1495,1
AA,DFW,LEX,2024,5,1246,31,16,6.0,"frozenset({2523.0, 942.0})",942.0,0.5161290322580645,True,2024-05,1,1496,1
AA,DFW,DSM,2024,5,907,31,20,2.0,frozenset({2229.0}),2229.0,0.6451612903225806,True,2024-05,1,1497,1
AA,DFW,DSM,2024,5,1269,31,18,3.0,frozenset({1371.0}),1371.0,0.5806451612903226,True,2024-05,1,1498,2
AA,DFW,JAX,2024,5,1201,31,21,3.0,frozenset({1305.0}),1305.0,0.6774193548387096,True,2024-05,1,1499,1
AA,DFW,OKC,2024,5,1021,23,15,2.0,frozenset({1892.0}),1892.0,0.6521739130434783,True,2024-05,1,1500,1
AA,DFW,LAX,2024,5,900,31,18,2.0,"frozenset({1504.0, 2781.0})",2781.0,0.5806451612903226,True,2024-05,1,1501,1
AA,DFW,ELP,2024,5,936,31,16,3.0,frozenset({1681.0}),1681.0,0.5161290322580645,True,2024-05,1,1502,1
AA,DFW,LAX,2024,5,840,31,18,2.0,"frozenset({2152.0, 1997.0})",1997.0,0.5806451612903226,True,2024-05,1,1503,1
AA,DFW,MFE,2024,5,1259,31,21,6.0,"frozenset({680.0, 2855.0})",2855.0,0.6774193548387096,True,2024-05,1,1504,1
AA,DFW,ELP,2024,5,1270,31,20,3.0,frozenset({1525.0}),1525.0,0.6451612903225806,True,2024-05,1,1505,1
AA,DFW,LAS,2024,5,1315,29,16,3.0,"frozenset({1282.0, 2390.0})",1282.0,0.5517241379310345,True,2024-05,1,1506,1
AA,PHX,DFW,2024,5,1090,31,16,4.0,"frozenset({2514.0, 1173.0})",1173.0,0.5161290322580645,True,2024-05,1,1507,1
AA,PHX,LAX,2024,5,1225,31,17,1.0,frozenset({2001.0}),2001.0,0.5483870967741935,True,2024-05,1,1508,1
AA,DFW,ELP,2024,5,1375,30,17,3.0,frozenset({1679.0}),1679.0,0.5666666666666667,True,2024-05,1,1509,1
AA,DFW,MIA,2024,5,1075,26,15,1.0,frozenset({2206.0}),2206.0,0.5769230769230769,True,2024-05,1,1510,1
AA,DFW,MSY,2024,5,1044,31,18,2.0,"frozenset({1408.0, 1584.0})",1584.0,0.5806451612903226,True,2024-05,1,1511,3
AA,PHL,LAS,2024,5,1179,26,15,0.0,frozenset({2743.0}),2743.0,0.5769230769230769,True,2024-05,1,1512,1
AA,DFW,LAS,2024,5,1375,30,18,4.0,"frozenset({624.0, 2390.0})",2390.0,0.6,True,2024-05,1,1513,1
AA,DFW,MSY,2024,5,1271,31,20,4.0,frozenset({1455.0}),1455.0,0.6451612903225806,True,2024-05,1,1514,1
AA,DFW,OKC,2024,5,1267,31,22,4.0,frozenset({1458.0}),1458.0,0.7096774193548387,True,2024-05,1,1515,3
AA,DFW,EUG,2024,5,1160,31,19,3.0,frozenset({1687.0}),1687.0,0.6129032258064516,True,2024-05,1,1516,1
AA,DFW,LAX,2024,5,1050,26,17,3.0,frozenset({1156.0}),1156.0,0.6538461538461539,True,2024-05,1,1517,1
AA,DFW,MIA,2024,5,1145,31,18,2.0,"frozenset({2206.0, 695.0})",695.0,0.5806451612903226,True,2024-05,1,1518,1
AA,DFW,LAX,2024,5,1260,31,18,2.0,"frozenset({2773.0, 1734.0, 1759.0})",2773.0,0.5806451612903226,True,2024-05,1,1519,1
AA,DFW,MFE,2024,5,1070,26,18,2.0,frozenset({1803.0}),1803.0,0.6923076923076923,True,2024-05,1,1520,1
AA,DFW,MRY,2024,5,1200,30,17,4.0,frozenset({1563.0}),1563.0,0.5666666666666667,True,2024-05,1,1521,1
AA,DFW,DTW,2024,5,1012,31,17,4.0,frozenset({788.0}),788.0,0.5483870967741935,True,2024-05,1,1522,1
AA,DFW,FAT,2024,5,1130,27,18,2.0,"frozenset({2288.0, 508.0})",508.0,0.6666666666666666,True,2024-05,1,1523,1
AA,DFW,DTW,2024,5,1167,23,14,4.0,frozenset({2508.0}),2508.0,0.6086956521739131,True,2024-05,1,1524,1
AA,DFW,ECP,2024,5,1249,26,15,1.0,frozenset({1794.0}),1794.0,0.5769230769230769,True,2024-05,1,1525,1
AA,DFW,FLL,2024,5,1120,30,16,2.0,frozenset({1429.0}),1429.0,0.5333333333333333,True,2024-05,1,1526,1
AA,DFW,ORD,2024,5,936,31,20,0.0,frozenset({1559.0}),1559.0,0.6451612903225806,True,2024-05,1,1527,1
AA,DFW,EWR,2024,5,921,31,17,3.0,frozenset({1802.0}),1802.0,0.5483870967741935,True,2024-05,1,1528,1
AA,DFW,ONT,2024,5,1370,30,19,1.0,frozenset({2191.0}),2191.0,0.6333333333333333,True,2024-05,1,1529,1
AA,DFW,LAS,2024,5,1195,29,15,4.0,frozenset({1459.0}),1459.0,0.5172413793103449,True,2024-05,1,1530,1
AA,DFW,ONT,2024,5,1141,29,17,3.0,frozenset({1162.0}),1162.0,0.5862068965517241,True,2024-05,1,1531,2
AA,DFW,OMA,2024,5,1279,31,21,2.0,frozenset({2628.0}),2628.0,0.6774193548387096,True,2024-05,1,1532,1
AA,DFW,LAS,2024,5,1255,32,19,2.0,"frozenset({282.0, 1797.0})",1797.0,0.59375,True,2024-05,1,1533,1
AA,PHL,DFW,2024,5,1120,31,17,2.0,frozenset({2533.0}),2533.0,0.5483870967741935,True,2024-05,1,1534,1
AA,DFW,MKE,2024,5,1269,31,18,3.0,frozenset({1234.0}),1234.0,0.5806451612903226,True,2024-05,2,796,2
AA,DFW,CMH,2024,5,1219,31,18,6.0,frozenset({398.0}),398.0,0.5806451612903226,True,2024-05,1,1535,1
AA,DFW,MFE,2024,5,1350,30,17,5.0,"frozenset({1596.0, 1501.0})",1596.0,0.5666666666666667,True,2024-05,1,1536,1
AA,ORD,DFW,2024,5,929,30,16,2.0,frozenset({2429.0}),2429.0,0.5333333333333333,True,2024-05,1,1537,1
AA,DFW,IND,2024,5,1112,31,17,3.0,frozenset({2620.0}),2620.0,0.5483870967741935,True,2024-05,1,1538,1
AA,DFW,CLE,2024,5,1040,31,17,4.0,frozenset({1228.0}),1228.0,0.5483870967741935,True,2024-05,1,1539,1
AA,ORD,DFW,2024,5,1055,25,15,0.0,frozenset({2499.0}),2499.0,0.6,True,2024-05,1,1540,1
AA,ORD,LGA,2024,5,1105,28,16,0.0,frozenset({314.0}),314.0,0.5714285714285714,True,2024-05,1,1541,1
AA,DFW,IAH,2024,5,1275,31,20,6.0,"frozenset({2460.0, 2790.0})",2460.0,0.6451612903225806,True,2024-05,1,1542,1
AA,ORD,DFW,2024,5,1220,30,20,3.0,frozenset({1463.0}),1463.0,0.6666666666666666,True,2024-05,1,1543,3
AA,ORD,LAX,2024,5,1219,31,20,0.0,"frozenset({2364.0, 1597.0})",2364.0,0.6451612903225806,True,2024-05,1,1544,1
AA,DFW,CID,2024,5,1256,31,18,3.0,frozenset({2394.0}),2394.0,0.5806451612903226,True,2024-05,1,1545,3
AA,PNS,DFW,2024,5,1163,25,18,5.0,frozenset({2157.0}),2157.0,0.72,True,2024-05,1,1546,1
AA,DFW,CLT,2024,5,891,31,17,1.0,"frozenset({2778.0, 2045.0})",2778.0,0.5483870967741935,True,2024-05,1,1547,1
AA,DFW,LIT,2024,5,1356,25,15,1.0,frozenset({2089.0}),2089.0,0.6,True,2024-05,1,1548,1
AA,ORD,DSM,2024,5,1239,28,16,1.0,frozenset({774.0}),774.0,0.5714285714285714,True,2024-05,1,1549,1
AA,DFW,ICT,2024,5,1357,30,18,5.0,"frozenset({2131.0, 2863.0})",2131.0,0.6,True,2024-05,1,1550,1
AA,ORD,DFW,2024,5,827,31,18,3.0,"frozenset({2994.0, 1290.0})",1290.0,0.5806451612903226,True,2024-05,1,1551,1
AA,DFW,PHL,2024,5,1154,31,16,3.0,frozenset({1310.0}),1310.0,0.5161290322580645,True,2024-05,1,1552,3
AA,DFW,GSO,2024,5,1149,31,16,4.0,frozenset({2075.0}),2075.0,0.5161290322580645,True,2024-05,1,1553,1
AA,DFW,CLT,2024,5,810,31,19,0.0,frozenset({1695.0}),1695.0,0.6129032258064516,True,2024-05,1,1554,1
AA,DFW,IAH,2024,5,1210,31,19,3.0,"frozenset({2957.0, 2790.0})",2790.0,0.6129032258064516,True,2024-05,1,1555,1
AA,ORD,GRR,2024,5,1245,23,15,2.0,frozenset({652.0}),652.0,0.6521739130434783,True,2024-05,1,1556,1
AA,DFW,GSP,2024,5,1161,31,16,1.0,frozenset({2402.0}),2402.0,0.5161290322580645,True,2024-05,1,1557,1
AA,PNS,DFW,2024,5,1016,26,19,5.0,frozenset({379.0}),379.0,0.7307692307692307,True,2024-05,1,1558,1
AA,ORD,DTW,2024,5,1306,25,14,2.0,"frozenset({2097.0, 411.0})",2097.0,0.56,True,2024-05,1,1559,1
AA,DFW,PNS,2024,5,1282,31,20,8.0,frozenset({474.0}),474.0,0.6451612903225806,True,2024-05,1,1560,1
AA,DFW,PIT,2024,5,1190,31,16,1.0,frozenset({1761.0}),1761.0,0.5161290322580645,True,2024-05,1,1561,1
AA,ORD,EWR,2024,5,1165,29,16,0.0,"frozenset({1720.0, 126.0})",1720.0,0.5517241379310345,True,2024-05,1,1562,1
AA,DFW,PNS,2024,5,865,26,15,4.0,frozenset({379.0}),379.0,0.5769230769230769,True,2024-05,1,1563,1
AA,DFW,IAH,2024,5,1110,31,16,5.0,frozenset({1392.0}),1392.0,0.5161290322580645,True,2024-05,1,1564,3
AA,DFW,PNS,2024,5,1014,25,16,4.0,frozenset({2157.0}),2157.0,0.64,True,2024-05,1,1565,1
AA,ORD,IAH,2024,5,1223,28,15,0.0,"frozenset({2500.0, 2949.0})",2949.0,0.5357142857142857,True,2024-05,1,1566,1
9E,RDU,EWR,2024,5,1041,17,9,1.0,"frozenset({5160.0, 5222.0})",5160.0,0.5294117647058824,True,2024-05,1,1567,1
AA,DFW,CLE,2024,5,1195,26,16,4.0,frozenset({1607.0}),1607.0,0.6153846153846154,True,2024-05,1,1568,1
AA,ORD,MCI,2024,5,1141,26,14,1.0,frozenset({309.0}),309.0,0.5384615384615384,True,2024-05,1,1569,1
AA,ORD,OMA,2024,5,1247,29,20,1.0,frozenset({1838.0}),1838.0,0.6896551724137931,True,2024-05,1,1570,1
AA,DFW,CLT,2024,5,1035,31,17,0.0,"frozenset({364.0, 1662.0})",1662.0,0.5483870967741935,True,2024-05,1,1571,1
AA,DFW,PHX,2024,5,1350,30,20,4.0,"frozenset({1744.0, 1602.0})",1744.0,0.6666666666666666,True,2024-05,1,1572,1
AA,ORD,DEN,2024,5,1244,29,19,0.0,frozenset({1387.0}),1387.0,0.6551724137931034,True,2024-05,1,1573,3
AA,DFW,GEG,2024,5,1185,26,17,5.0,frozenset({303.0}),303.0,0.6538461538461539,True,2024-05,1,1574,1
AA,PNS,CLT,2024,5,833,23,12,0.0,frozenset({1453.0}),1453.0,0.5217391304347826,True,2024-05,1,1575,1
AA,DFW,BOS,2024,5,1152,31,16,3.0,"frozenset({1366.0, 2567.0})",1366.0,0.5161290322580645,True,2024-05,1,1576,1
YX,LGA,OKC,2024,5,1287,19,10,1.0,frozenset({4526.0}),4526.0,0.5263157894736842,True,2024-05,1,1577,1
AA,DFW,PHX,2024,5,1135,31,19,3.0,frozenset({339.0}),339.0,0.6129032258064516,True,2024-05,1,1578,1
AA,DFW,PHX,2024,5,1079,31,16,2.0,"frozenset({2047.0, 2887.0})",2887.0,0.5161290322580645,True,2024-05,1,1579,3
AA,DFW,FSD,2024,5,1150,30,19,2.0,frozenset({855.0}),855.0,0.6333333333333333,True,2024-05,1,1580,1
AA,DFW,PHX,2024,5,995,31,17,2.0,frozenset({1796.0}),1796.0,0.5483870967741935,True,2024-05,1,1581,1
AA,DFW,GSO,2024,5,781,31,17,5.0,frozenset({1598.0}),1598.0,0.5483870967741935,True,2024-05,1,1582,1
AA,DFW,MCI,2024,5,1005,30,16,0.0,frozenset({1710.0}),1710.0,0.5333333333333333,True,2024-05,1,1583,1
AA,DFW,MDT,2024,5,1120,31,20,2.0,frozenset({546.0}),546.0,0.6451612903225806,True,2024-05,1,1584,1
AA,DFW,CLT,2024,5,1117,31,17,2.0,frozenset({522.0}),522.0,0.5483870967741935,True,2024-05,1,1585,1
AA,DFW,PHX,2024,5,929,31,16,2.0,"frozenset({1972.0, 2860.0})",1972.0,0.5161290322580645,True,2024-05,1,1586,1
AA,DFW,CLT,2024,5,960,31,21,2.0,frozenset({1308.0}),1308.0,0.6774193548387096,True,2024-05,1,1587,1
AA,DFW,MCI,2024,5,795,26,14,2.0,frozenset({2640.0}),2640.0,0.5384615384615384,True,2024-05,1,1588,1
AA,DFW,MCO,2024,5,1185,30,17,2.0,"frozenset({2856.0, 2252.0})",2252.0,0.5666666666666667,True,2024-05,1,1589,1
AA,ORD,MIA,2024,5,970,31,16,0.0,"frozenset({1826.0, 2963.0})",2963.0,0.5161290322580645,True,2024-05,1,1590,1
AA,DFW,BOS,2024,5,984,20,11,1.0,"frozenset({849.0, 2306.0})",849.0,0.55,True,2024-05,1,1591,1
AA,DFW,IND,2024,5,1245,31,17,4.0,frozenset({2711.0}),2711.0,0.5483870967741935,True,2024-05,1,1592,1
AA,DFW,LGA,2024,5,1157,31,16,3.0,frozenset({2708.0}),2708.0,0.5161290322580645,True,2024-05,1,1593,1
AA,DFW,MCI,2024,5,1274,31,16,5.0,"frozenset({2199.0, 2895.0})",2199.0,0.5161290322580645,True,2024-05,1,1594,1
AA,DFW,PHX,2024,5,1225,28,18,3.0,"frozenset({2323.0, 1659.0})",1659.0,0.6428571428571429,True,2024-05,1,1595,1
AA,DFW,MIA,2024,6,1241,29,16,2.0,frozenset({1314.0}),1314.0,0.5517241379310345,True,2024-06,1,1596,1
F9,DEN,ORD,2024,6,1270,12,7,0.0,frozenset({3172.0}),3172.0,0.5833333333333334,True,2024-06,3,725,3
NK,MCO,LAS,2024,6,1189,15,8,0.0,frozenset({3166.0}),3166.0,0.5333333333333333,True,2024-06,1,1597,1
F9,DEN,DFW,2024,6,1118,27,18,2.0,frozenset({2632.0}),2632.0,0.6666666666666666,True,2024-06,2,842,2
NK,MCO,DTW,2024,6,1301,11,6,0.0,"frozenset({336.0, 1222.0})",1222.0,0.5454545454545454,True,2024-06,1,1598,1
WN,MSY,MCO,2024,6,995,11,6,0.0,frozenset({4826.0}),4826.0,0.5454545454545454,True,2024-06,1,1599,2
AA,MCI,PHL,2024,6,948,22,13,1.0,frozenset({3003.0}),3003.0,0.5909090909090909,True,2024-06,1,1600,1
F9,LAX,DFW,2024,6,1350,30,17,0.0,frozenset({3212.0}),3212.0,0.5666666666666667,True,2024-06,2,848,2
F9,DEN,MIA,2024,6,1139,23,13,2.0,frozenset({1280.0}),1280.0,0.5652173913043478,True,2024-06,1,1601,3
AA,JAX,MIA,2024,6,1225,23,13,2.0,"frozenset({2565.0, 263.0})",263.0,0.5652173913043478,True,2024-06,1,1602,2
F9,LAX,LAS,2024,6,1290,30,17,1.0,frozenset({3292.0}),3292.0,0.5666666666666667,True,2024-06,2,1174,4
F9,DEN,LAS,2024,6,953,27,14,0.0,"frozenset({1465.0, 4969.0, 2429.0})",2429.0,0.5185185185185185,True,2024-06,1,1603,2
F9,LAS,SFO,2024,6,649,19,12,0.0,"frozenset({3362.0, 3019.0})",3362.0,0.631578947368421,True,2024-06,1,1604,1
F9,IAH,PHX,2024,6,1368,13,7,0.0,frozenset({4181.0}),4181.0,0.5384615384615384,True,2024-06,1,1605,3
F9,DFW,DEN,2024,6,1379,29,18,2.0,frozenset({4463.0}),4463.0,0.6206896551724138,True,2024-06,2,849,2
F9,DEN,PHX,2024,6,1410,22,14,0.0,frozenset({4753.0}),4753.0,0.6363636363636364,True,2024-06,2,870,2
UA,IAH,MIA,2024,6,730,30,17,3.0,frozenset({2105.0}),2105.0,0.5666666666666667,True,2024-06,1,1606,1
OO,ATW,MSP,2024,6,977,24,14,2.0,frozenset({3861.0}),3861.0,0.5833333333333334,True,2024-06,1,1607,1
F9,IAH,ORD,2024,6,1281,13,8,1.0,"frozenset({3136.0, 1882.0})",3136.0,0.6153846153846154,True,2024-06,1,1608,2
NK,LGA,CLT,2024,6,1197,30,19,4.0,frozenset({207.0}),207.0,0.6333333333333333,True,2024-06,1,1609,2
WN,PHX,MSP,2024,6,1200,15,8,0.0,"frozenset({5545.0, 4345.0})",5545.0,0.5333333333333333,True,2024-06,1,1610,1
F9,LAS,DEN,2024,6,1265,10,7,0.0,frozenset({3950.0}),3950.0,0.7,True,2024-06,1,1611,1
F9,FLL,PHL,2024,6,1295,10,6,1.0,frozenset({4602.0}),4602.0,0.6,True,2024-06,1,1612,1
AA,LGA,CLT,2024,6,1150,22,13,3.0,frozenset({1059.0}),1059.0,0.5909090909090909,True,2024-06,1,1613,3
AA,CLT,ORD,2024,6,1099,30,16,0.0,"frozenset({2960.0, 2756.0})",2756.0,0.5333333333333333,True,2024-06,1,1614,2
F9,LAS,DTW,2024,6,1286,10,6,1.0,frozenset({4572.0}),4572.0,0.6,True,2024-06,1,1615,1
F9,DFW,PHX,2024,6,1379,12,7,1.0,"frozenset({2531.0, 3971.0})",3971.0,0.5833333333333334,True,2024-06,1,1616,1
OO,BIS,MSP,2024,6,740,11,6,0.0,frozenset({4066.0}),4066.0,0.5454545454545454,True,2024-06,1,1617,1
OO,BIS,MSP,2024,6,970,13,7,0.0,frozenset({4071.0}),4071.0,0.5384615384615384,True,2024-06,1,1618,1
NK,LGA,MIA,2024,6,1019,26,14,2.0,frozenset({3154.0}),3154.0,0.5384615384615384,True,2024-06,1,1619,1
AA,LAS,PHL,2024,6,510,25,13,2.0,frozenset({437.0}),437.0,0.52,True,2024-06,1,1620,1
OO,BIS,MSP,2024,6,1164,13,8,0.0,frozenset({3820.0}),3820.0,0.6153846153846154,True,2024-06,1,1621,1
F9,DFW,MIA,2024,6,1211,12,7,3.0,frozenset({2676.0}),2676.0,0.5833333333333334,True,2024-06,1,1622,1
F9,DEN,SAN,2024,6,937,11,6,1.0,frozenset({2421.0}),2421.0,0.5454545454545454,True,2024-06,1,1623,1
F9,DEN,SAN,2024,6,1194,21,13,4.0,frozenset({4989.0}),4989.0,0.6190476190476191,True,2024-06,1,1624,1
AA,LAS,DFW,2024,6,881,26,15,1.0,frozenset({777.0}),777.0,0.5769230769230769,True,2024-06,1,1625,1
AA,LGA,ORD,2024,6,1080,26,14,1.0,frozenset({1713.0}),1713.0,0.5384615384615384,True,2024-06,1,1626,1
F9,DEN,TPA,2024,6,1053,17,12,0.0,frozenset({2746.0}),2746.0,0.7058823529411765,True,2024-06,1,1627,1
F9,DFW,BNA,2024,6,1149,11,6,3.0,frozenset({3052.0}),3052.0,0.5454545454545454,True,2024-06,1,1628,1
F9,DEN,PHL,2024,6,1439,30,16,1.0,frozenset({3340.0}),3340.0,0.5333333333333333,True,2024-06,2,847,2
WN,PHX,ONT,2024,6,1225,11,6,0.0,frozenset({4315.0}),4315.0,0.5454545454545454,True,2024-06,1,1629,1
NK,LGA,PIT,2024,6,916,30,16,6.0,frozenset({1667.0}),1667.0,0.5333333333333333,True,2024-06,1,1630,1
AA,CLT,OKC,2024,6,1270,30,18,1.0,frozenset({768.0}),768.0,0.6,True,2024-06,1,1631,2
F9,DFW,MCO,2024,6,1305,13,12,1.0,frozenset({1952.0}),1952.0,0.9230769230769231,True,2024-06,1,1632,1
OO,BNA,AUS,2024,6,1078,24,15,0.0,"frozenset({3820.0, 4085.0})",4085.0,0.625,True,2024-06,1,1633,1
NK,LGA,ORD,2024,6,1210,30,16,4.0,frozenset({3386.0}),3386.0,0.5333333333333333,True,2024-06,1,1634,1
AA,LAS,MIA,2024,6,807,26,14,1.0,frozenset({1851.0}),1851.0,0.5384615384615384,True,2024-06,1,1635,1
F9,DFW,IAH,2024,6,1158,16,10,1.0,"frozenset({3241.0, 3198.0})",3198.0,0.625,True,2024-06,1,1636,4
OO,ORD,HSV,2024,6,670,30,17,1.0,"frozenset({4739.0, 5335.0})",4739.0,0.5666666666666667,True,2024-06,1,1637,1
AA,CLT,MCO,2024,6,1021,29,15,0.0,"frozenset({1682.0, 1749.0})",1682.0,0.5172413793103449,True,2024-06,1,1638,2
F9,CMH,PHL,2024,6,1294,11,6,0.0,frozenset({2002.0}),2002.0,0.5454545454545454,True,2024-06,1,1639,1
DL,EWR,MSP,2024,6,1125,26,16,0.0,"frozenset({2866.0, 307.0})",2866.0,0.6153846153846154,True,2024-06,1,1640,3
NK,ORF,BOS,2024,6,877,14,8,3.0,frozenset({3055.0}),3055.0,0.5714285714285714,True,2024-06,2,1199,2
AA,DFW,MCO,2024,6,1142,30,17,0.0,frozenset({2186.0}),2186.0,0.5666666666666667,True,2024-06,1,1641,1
WN,ATL,DEN,2024,6,1160,11,6,0.0,frozenset({3096.0}),3096.0,0.5454545454545454,True,2024-06,1,1642,2
DL,LAX,DEN,2024,6,1199,20,12,0.0,frozenset({1049.0}),1049.0,0.6,True,2024-06,1,1643,1
NK,ORD,TPA,2024,6,1204,13,7,1.0,frozenset({2800.0}),2800.0,0.5384615384615384,True,2024-06,2,1209,3
WN,PSP,LAS,2024,6,970,11,7,0.0,frozenset({5146.0}),5146.0,0.6363636363636364,True,2024-06,1,1644,1
DL,LGA,TPA,2024,6,1195,19,10,0.0,frozenset({2433.0}),2433.0,0.5263157894736842,True,2024-06,1,1645,1
DL,MCI,MSP,2024,6,1065,10,6,0.0,"frozenset({1424.0, 1691.0, 2085.0})",1424.0,0.6,True,2024-06,1,1646,1
WN,ABQ,LAX,2024,6,1200,11,7,0.0,frozenset({2615.0}),2615.0,0.6363636363636364,True,2024-06,1,1647,1
UA,TPA,EWR,2024,6,1095,26,16,1.0,"frozenset({2268.0, 279.0})",279.0,0.6153846153846154,True,2024-06,1,1648,1
AA,CLT,IAH,2024,6,1117,30,18,1.0,"frozenset({745.0, 2935.0})",2935.0,0.6,True,2024-06,1,1649,2
AA,CLT,IAH,2024,6,1340,30,17,0.0,frozenset({1840.0}),1840.0,0.5666666666666667,True,2024-06,2,1395,3
AA,MDT,CLT,2024,6,1136,22,12,1.0,frozenset({153.0}),153.0,0.5454545454545454,True,2024-06,1,1650,2
DL,MSP,AUS,2024,6,770,24,14,0.0,"frozenset({396.0, 2687.0})",2687.0,0.5833333333333334,True,2024-06,1,1651,1
DL,MSP,BIS,2024,6,1310,11,8,0.0,"frozenset({2112.0, 1645.0, 1142.0})",1142.0,0.7272727272727273,True,2024-06,1,1652,1
DL,MSP,SMF,2024,6,1297,11,8,0.0,frozenset({2132.0}),2132.0,0.7272727272727273,True,2024-06,1,1653,1
WN,ATL,MSY,2024,6,1190,12,7,0.0,"frozenset({3354.0, 1274.0})",1274.0,0.5833333333333334,True,2024-06,1,1654,2
OH,MSP,DCA,2024,6,1079,25,13,3.0,frozenset({5588.0}),5588.0,0.52,True,2024-06,1,1655,2
NK,ORF,MCO,2024,6,1177,14,9,2.0,frozenset({3050.0}),3050.0,0.6428571428571429,True,2024-06,2,1219,2
AA,DFW,LGA,2024,6,901,30,17,2.0,frozenset({610.0}),610.0,0.5666666666666667,True,2024-06,2,1488,2
AA,DFW,MCI,2024,6,815,30,16,0.0,"frozenset({2640.0, 1376.0})",1376.0,0.5333333333333333,True,2024-06,1,1656,1
WN,BDL,DEN,2024,6,1015,11,6,0.0,frozenset({106.0}),106.0,0.5454545454545454,True,2024-06,1,1657,2
AA,MIA,BOS,2024,6,1279,30,16,2.0,frozenset({1054.0}),1054.0,0.5333333333333333,True,2024-06,1,1658,1
AA,MIA,BNA,2024,6,1312,26,16,2.0,frozenset({2766.0}),2766.0,0.6153846153846154,True,2024-06,1,1659,1
DL,AUS,LAX,2024,6,1000,30,16,0.0,"frozenset({986.0, 2750.0})",986.0,0.5333333333333333,True,2024-06,1,1660,2
DL,AVL,MSP,2024,6,1161,29,15,0.0,"frozenset({2980.0, 1165.0})",2980.0,0.5172413793103449,True,2024-06,1,1661,1
NK,SJU,FLL,2024,6,1118,12,8,1.0,frozenset({262.0}),262.0,0.6666666666666666,True,2024-06,1,1662,1
DL,BOS,MSP,2024,6,1254,11,7,0.0,frozenset({1327.0}),1327.0,0.6363636363636364,True,2024-06,1,1663,1
DL,BOS,PHX,2024,6,1139,16,9,0.0,frozenset({514.0}),514.0,0.5625,True,2024-06,1,1664,1
AA,DFW,MCI,2024,6,1185,30,17,1.0,frozenset({2267.0}),2267.0,0.5666666666666667,True,2024-06,2,1222,3
NK,PNS,FLL,2024,6,1069,11,6,1.0,"frozenset({1274.0, 1051.0})",1051.0,0.5454545454545454,True,2024-06,1,1665,1
AA,CLT,EWR,2024,6,1009,30,16,4.0,frozenset({1330.0}),1330.0,0.5333333333333333,True,2024-06,2,1380,4
AA,MIA,ATL,2024,6,1289,11,7,1.0,frozenset({1898.0}),1898.0,0.6363636363636364,True,2024-06,1,1666,1
AA,MIA,ATL,2024,6,1150,25,15,1.0,frozenset({2290.0}),2290.0,0.6,True,2024-06,1,1667,2
AA,CLT,EWR,2024,6,1114,25,16,2.0,frozenset({484.0}),484.0,0.64,True,2024-06,2,1381,3
AA,DFW,MCI,2024,6,1290,30,16,1.0,"frozenset({1569.0, 2199.0})",1569.0,0.5333333333333333,True,2024-06,1,1668,2
AA,CLT,EWR,2024,6,1248,26,15,1.0,frozenset({2794.0}),2794.0,0.5769230769230769,True,2024-06,2,1382,4
AA,MFE,DFW,2024,6,688,26,14,1.0,frozenset({1793.0}),1793.0,0.5384615384615384,True,2024-06,1,1669,1
AA,CLT,JFK,2024,6,1200,29,16,1.0,frozenset({1727.0}),1727.0,0.5517241379310345,True,2024-06,2,1398,3
AA,MCO,PHL,2024,6,1164,26,14,0.0,"frozenset({2815.0, 1783.0})",1783.0,0.5384615384615384,True,2024-06,1,1670,1
AA,DFW,MEM,2024,6,1185,26,18,0.0,"frozenset({1758.0, 2079.0})",1758.0,0.6923076923076923,True,2024-06,2,1471,3
AA,MCO,LAX,2024,6,1144,23,12,0.0,frozenset({1677.0}),1677.0,0.5217391304347826,True,2024-06,1,1671,3
F9,BDL,MCO,2024,6,1248,14,8,0.0,frozenset({2769.0}),2769.0,0.5714285714285714,True,2024-06,1,1672,1
F9,BDL,SJU,2024,6,1267,15,11,1.0,frozenset({3938.0}),3938.0,0.7333333333333333,True,2024-06,1,1673,1
F9,BDL,SJU,2024,6,1332,12,9,1.0,frozenset({3938.0}),3938.0,0.75,True,2024-06,1,1674,2
F9,BNA,DEN,2024,6,1093,11,6,0.0,frozenset({1401.0}),1401.0,0.5454545454545454,True,2024-06,1,1675,1
F9,BNA,DFW,2024,6,1313,11,8,3.0,frozenset({3051.0}),3051.0,0.7272727272727273,True,2024-06,1,1676,1
WN,SEA,MDW,2024,6,1125,11,6,0.0,frozenset({3262.0}),3262.0,0.5454545454545454,True,2024-06,1,1677,1
F9,BWI,DFW,2024,6,1297,11,6,1.0,frozenset({4397.0}),4397.0,0.5454545454545454,True,2024-06,1,1678,2
UA,MSP,ORD,2024,6,1115,19,10,1.0,"frozenset({362.0, 1774.0})",1774.0,0.5263157894736842,True,2024-06,1,1679,1
F9,CLT,DEN,2024,6,1254,28,16,2.0,frozenset({1361.0}),1361.0,0.5714285714285714,True,2024-06,1,1680,1
UA,MSP,DEN,2024,6,1018,30,18,0.0,"frozenset({2272.0, 720.0})",720.0,0.6,True,2024-06,1,1681,1
NK,MCO,SJU,2024,6,1386,10,6,0.0,"frozenset({880.0, 795.0})",795.0,0.6,True,2024-06,1,1682,1
NK,MCO,SDF,2024,6,1260,13,7,0.0,frozenset({1778.0}),1778.0,0.5384615384615384,True,2024-06,1,1683,2
F9,CLT,PHL,2024,6,1367,11,6,2.0,frozenset({2388.0}),2388.0,0.5454545454545454,True,2024-06,1,1684,2
UA,MIA,IAH,2024,6,1020,30,19,3.0,frozenset({2215.0}),2215.0,0.6333333333333333,True,2024-06,2,921,3
AA,CLT,MSN,2024,6,1286,26,16,1.0,frozenset({2913.0}),2913.0,0.6153846153846154,True,2024-06,2,1353,3
F9,CMH,MSY,2024,6,689,11,6,1.0,frozenset({3093.0}),3093.0,0.5454545454545454,True,2024-06,1,1685,1
F9,ATL,TPA,2024,6,1321,13,8,1.0,"frozenset({2912.0, 3780.0, 3782.0})",3782.0,0.6153846153846154,True,2024-06,1,1686,2
F9,ATL,TPA,2024,6,1019,11,7,1.0,frozenset({3054.0}),3054.0,0.6363636363636364,True,2024-06,1,1687,1
F9,ATL,ORD,2024,6,925,24,13,2.0,"frozenset({1827.0, 1595.0})",1595.0,0.5416666666666666,True,2024-06,1,1688,3
F9,ATL,MSP,2024,6,1027,15,10,0.0,frozenset({3045.0}),3045.0,0.6666666666666666,True,2024-06,1,1689,2
NK,ORD,ATL,2024,6,1297,27,14,1.0,frozenset({635.0}),635.0,0.5185185185185185,True,2024-06,2,1179,4
NK,MYR,EWR,2024,6,850,20,11,2.0,frozenset({55.0}),55.0,0.55,True,2024-06,1,1690,2
UA,PHL,ORD,2024,6,1125,24,14,0.0,"frozenset({2434.0, 1428.0})",1428.0,0.5833333333333334,True,2024-06,1,1691,1
AA,CLT,LGA,2024,6,984,26,14,1.0,frozenset({1059.0}),1059.0,0.5384615384615384,True,2024-06,1,1692,2
AA,CLT,LGA,2024,6,1090,30,18,2.0,frozenset({1060.0}),1060.0,0.6,True,2024-06,1,1693,2
WN,PHX,TPA,2024,6,1045,11,6,0.0,frozenset({2261.0}),2261.0,0.5454545454545454,True,2024-06,1,1694,1
AA,MCO,ORD,2024,6,1106,26,16,0.0,frozenset({1782.0}),1782.0,0.6153846153846154,True,2024-06,1,1695,2
AA,MCO,MIA,2024,6,1139,27,14,2.0,frozenset({2886.0}),2886.0,0.5185185185185185,True,2024-06,1,1696,1
AA,MCO,CLT,2024,6,1111,30,16,1.0,"frozenset({1721.0, 1699.0})",1721.0,0.5333333333333333,True,2024-06,1,1697,2
WN,SEA,STL,2024,6,665,15,8,0.0,frozenset({2026.0}),2026.0,0.5333333333333333,True,2024-06,1,1698,1
AA,DFW,IAH,2024,6,1138,30,16,1.0,frozenset({1392.0}),1392.0,0.5333333333333333,True,2024-06,2,1564,3
AA,MCO,MIA,2024,6,1053,26,19,2.0,frozenset({1706.0}),1706.0,0.7307692307692307,True,2024-06,1,1699,2
AA,CLT,MCO,2024,6,1365,30,17,1.0,frozenset({2092.0}),2092.0,0.5666666666666667,True,2024-06,2,1348,3
WN,SEA,SMF,2024,6,1240,13,7,0.0,"frozenset({5251.0, 3525.0, 4533.0})",5251.0,0.5384615384615384,True,2024-06,1,1700,1
WN,SEA,SMF,2024,6,1090,11,6,0.0,frozenset({291.0}),291.0,0.5454545454545454,True,2024-06,1,1701,1
F9,ATL,MCO,2024,6,1232,17,9,3.0,"frozenset({3976.0, 4026.0, 4556.0, 4024.0})",4024.0,0.5294117647058824,True,2024-06,1,1702,1
WN,SEA,OAK,2024,6,1290,21,13,0.0,"frozenset({3525.0, 3325.0, 4262.0, 2439.0})",2439.0,0.6190476190476191,True,2024-06,1,1703,2
WN,SEA,OAK,2024,6,1040,12,7,0.0,"frozenset({5597.0, 3902.0})",3902.0,0.5833333333333334,True,2024-06,1,1704,1
WN,PHX,SMF,2024,6,1315,15,12,0.0,"frozenset({2648.0, 1088.0})",2648.0,0.8,True,2024-06,1,1705,1
F9,LAX,PHX,2024,6,1020,30,17,3.0,"frozenset({3304.0, 3159.0})",3304.0,0.5666666666666667,True,2024-06,2,871,2
OO,FAR,MSP,2024,6,781,20,11,0.0,frozenset({3771.0}),3771.0,0.55,True,2024-06,1,1706,1
AA,DFW,IAH,2024,6,1062,22,12,0.0,frozenset({1635.0}),1635.0,0.5454545454545454,True,2024-06,1,1707,2
AA,DFW,TUS,2024,6,1146,30,16,0.0,frozenset({1207.0}),1207.0,0.5333333333333333,True,2024-06,2,1265,3
WN,RDU,MDW,2024,6,1160,12,7,0.0,"frozenset({1409.0, 1671.0})",1409.0,0.5833333333333334,True,2024-06,1,1708,1
AA,DFW,DEN,2024,6,1372,29,16,1.0,frozenset({662.0}),662.0,0.5517241379310345,True,2024-06,2,1469,3
AA,DFW,DEN,2024,6,1252,26,15,0.0,frozenset({577.0}),577.0,0.5769230769230769,True,2024-06,2,1468,2
NK,FLL,ATL,2024,6,1105,30,22,1.0,frozenset({1078.0}),1078.0,0.7333333333333333,True,2024-06,1,1709,3
NK,FLL,ATL,2024,6,1007,12,7,1.0,"frozenset({1232.0, 226.0})",226.0,0.5833333333333334,True,2024-06,1,1710,2
UA,ATL,EWR,2024,6,1223,25,13,2.0,"frozenset({1697.0, 277.0})",1697.0,0.52,True,2024-06,1,1711,3
AA,DFW,ORD,2024,6,1134,26,15,0.0,frozenset({1586.0}),1586.0,0.5769230769230769,True,2024-06,1,1712,1
AA,DFW,TUS,2024,6,1406,30,19,1.0,frozenset({785.0}),785.0,0.6333333333333333,True,2024-06,2,1278,4
AA,DFW,DEN,2024,6,1000,29,18,0.0,frozenset({1322.0}),1322.0,0.6206896551724138,True,2024-06,2,1465,3
WN,BOS,DEN,2024,6,1135,15,9,0.0,"frozenset({5321.0, 2443.0})",5321.0,0.6,True,2024-06,1,1713,1
OO,LGA,SYR,2024,6,1329,20,12,3.0,frozenset({3995.0}),3995.0,0.6,True,2024-06,1,1714,1
NK,EWR,IND,2024,6,1030,17,11,3.0,frozenset({715.0}),715.0,0.6470588235294118,True,2024-06,1,1715,1
AA,CLT,TPA,2024,6,1017,29,19,0.0,"frozenset({288.0, 503.0})",288.0,0.6551724137931034,True,2024-06,1,1716,2
AA,CLT,TPA,2024,6,1218,30,16,0.0,frozenset({2022.0}),2022.0,0.5333333333333333,True,2024-06,2,1228,3
AA,DFW,SLC,2024,6,1270,30,17,1.0,"frozenset({2587.0, 621.0})",2587.0,0.5666666666666667,True,2024-06,1,1717,1
AA,CLT,TPA,2024,6,1341,30,16,1.0,frozenset({1773.0}),1773.0,0.5333333333333333,True,2024-06,2,1234,3
AA,DFW,DCA,2024,6,1017,30,16,1.0,frozenset({472.0}),472.0,0.5333333333333333,True,2024-06,2,1489,2
AA,DFW,TPA,2024,6,1246,29,16,0.0,frozenset({1295.0}),1295.0,0.5517241379310345,True,2024-06,2,1229,2
OO,MAF,AUS,2024,6,1056,24,13,0.0,"frozenset({4033.0, 4028.0})",4028.0,0.5416666666666666,True,2024-06,1,1718,1
NK,FLL,BWI,2024,6,914,30,16,3.0,frozenset({120.0}),120.0,0.5333333333333333,True,2024-06,1,1719,2
UA,BOS,EWR,2024,6,912,25,13,2.0,"frozenset({1977.0, 2623.0})",2623.0,0.52,True,2024-06,1,1720,1
NK,FLL,EWR,2024,6,1190,14,8,0.0,"frozenset({1777.0, 990.0})",1777.0,0.5714285714285714,True,2024-06,1,1721,2
NK,FLL,EWR,2024,6,808,14,9,3.0,frozenset({1215.0}),1215.0,0.6428571428571429,True,2024-06,1,1722,1
F9,TPA,CVG,2024,6,918,13,7,1.0,frozenset({1667.0}),1667.0,0.5384615384615384,True,2024-06,1,1723,1
F9,TPA,CVG,2024,6,1172,11,6,0.0,frozenset({1891.0}),1891.0,0.5454545454545454,True,2024-06,1,1724,1
F9,TPA,MDW,2024,6,1358,11,6,2.0,"frozenset({1185.0, 3805.0})",3805.0,0.5454545454545454,True,2024-06,1,1725,1
AA,DFW,ONT,2024,6,1266,26,17,0.0,frozenset({1162.0}),1162.0,0.6538461538461539,True,2024-06,2,1531,2
WN,SAN,TUS,2024,6,1200,11,6,0.0,frozenset({2940.0}),2940.0,0.5454545454545454,True,2024-06,1,1726,1
AA,DFW,ECP,2024,6,796,26,14,0.0,frozenset({1671.0}),1671.0,0.5384615384615384,True,2024-06,1,1727,1
WN,SAN,SFO,2024,6,1220,25,17,0.0,"frozenset({1307.0, 4599.0, 3919.0, 4303.0})",3919.0,0.68,True,2024-06,1,1728,2
G4,AVL,PIE,2024,6,1149,10,6,1.0,"frozenset({1866.0, 1851.0, 1855.0})",1855.0,0.6,True,2024-06,1,1729,1
NK,FLL,CLT,2024,6,991,30,18,2.0,frozenset({1401.0}),1401.0,0.6,True,2024-06,1,1730,3
NK,FLL,CLE,2024,6,1282,12,7,1.0,frozenset({1608.0}),1608.0,0.5833333333333334,True,2024-06,1,1731,1
G4,CVG,SFB,2024,6,1297,10,7,0.0,"frozenset({1272.0, 2937.0, 2873.0})",2937.0,0.7,True,2024-06,1,1732,1
UA,BOS,SFO,2024,6,1095,30,17,1.0,frozenset({2400.0}),2400.0,0.5666666666666667,True,2024-06,1,1733,1
AA,DFW,DSM,2024,6,1279,30,17,2.0,frozenset({1371.0}),1371.0,0.5666666666666667,True,2024-06,2,1498,2
G4,MYR,HGR,2024,6,1134,15,8,1.0,"frozenset({988.0, 1348.0})",988.0,0.5333333333333333,True,2024-06,1,1734,1
G4,PIE,AVL,2024,6,1299,10,7,1.0,"frozenset({257.0, 1879.0})",257.0,0.7,True,2024-06,1,1735,1
G4,SFB,CVG,2024,6,1116,10,7,0.0,"frozenset({2816.0, 2945.0, 2844.0})",2844.0,0.7,True,2024-06,1,1736,1
AA,CLT,SFO,2024,6,1240,23,13,0.0,frozenset({2112.0}),2112.0,0.5652173913043478,True,2024-06,2,1268,3
MQ,DFW,ACT,2024,6,1040,26,15,1.0,frozenset({3582.0}),3582.0,0.5769230769230769,True,2024-06,1,1737,1
AA,DFW,SFO,2024,6,1130,30,19,0.0,frozenset({1430.0}),1430.0,0.6333333333333333,True,2024-06,2,1247,2
NK,EWR,BNA,2024,6,1106,15,10,4.0,frozenset({1592.0}),1592.0,0.6666666666666666,True,2024-06,1,1738,1
OO,MSP,SBN,2024,6,1090,30,16,1.0,"frozenset({3886.0, 4007.0})",3886.0,0.5333333333333333,True,2024-06,1,1739,1
NK,CLT,LAX,2024,6,1384,29,21,6.0,frozenset({204.0}),204.0,0.7241379310344828,True,2024-06,2,1074,4
NK,CLT,FLL,2024,6,1124,22,16,1.0,"frozenset({1537.0, 997.0})",1537.0,0.7272727272727273,True,2024-06,1,1740,1
OO,OMA,LGA,2024,6,1042,20,12,3.0,frozenset({3716.0}),3716.0,0.6,True,2024-06,1,1741,1
NK,CLT,EWR,2024,6,945,15,10,3.0,frozenset({995.0}),995.0,0.6666666666666666,True,2024-06,1,1742,2
NK,CLT,BOS,2024,6,1084,12,7,2.0,frozenset({1116.0}),1116.0,0.5833333333333334,True,2024-06,1,1743,1
AA,DFW,RDU,2024,6,1070,25,13,0.0,frozenset({1605.0}),1605.0,0.52,True,2024-06,1,1744,2
WN,PDX,BUR,2024,6,1140,11,6,0.0,frozenset({495.0}),495.0,0.5454545454545454,True,2024-06,1,1745,1
MQ,PVD,ORD,2024,6,1016,26,15,0.0,frozenset({3715.0}),3715.0,0.5769230769230769,True,2024-06,1,1746,2
NK,ATL,MCO,2024,6,1106,15,10,0.0,frozenset({2063.0}),2063.0,0.6666666666666666,True,2024-06,1,1747,2
AA,DFW,AUS,2024,6,1020,27,14,0.0,"frozenset({773.0, 789.0})",773.0,0.5185185185185185,True,2024-06,2,1292,2
AA,DFW,CID,2024,6,1282,30,16,1.0,frozenset({2394.0}),2394.0,0.5333333333333333,True,2024-06,2,1545,3
AA,DFW,BOS,2024,6,955,29,15,0.0,"frozenset({849.0, 2306.0, 268.0})",268.0,0.5172413793103449,True,2024-06,1,1748,1
NK,BOS,CLT,2024,6,1187,15,10,2.0,frozenset({1117.0}),1117.0,0.6666666666666666,True,2024-06,1,1749,3
AA,DFW,BNA,2024,6,1125,30,18,1.0,frozenset({1044.0}),1044.0,0.6,True,2024-06,2,1303,3
AA,DFW,BNA,2024,6,1185,26,16,0.0,frozenset({282.0}),282.0,0.6153846153846154,True,2024-06,1,1750,1
OO,ORD,FOD,2024,6,940,21,11,0.0,frozenset({5055.0}),5055.0,0.5238095238095238,True,2024-06,1,1751,1
AA,DFW,BNA,2024,6,1267,30,16,1.0,frozenset({1500.0}),1500.0,0.5333333333333333,True,2024-06,2,1304,2
AA,DFW,AUS,2024,6,975,29,15,1.0,"frozenset({843.0, 773.0})",843.0,0.5172413793103449,True,2024-06,2,1291,3
AA,DEN,DFW,2024,6,1122,29,20,1.0,frozenset({1322.0}),1322.0,0.6896551724137931,True,2024-06,2,1335,3
MQ,ORD,MSP,2024,6,730,26,14,0.0,frozenset({3395.0}),3395.0,0.5384615384615384,True,2024-06,1,1752,2
OO,MSP,MOT,2024,6,1104,13,7,0.0,frozenset({4143.0}),4143.0,0.5384615384615384,True,2024-06,1,1753,1
AA,DFW,PDX,2024,6,1270,30,16,3.0,frozenset({2224.0}),2224.0,0.5333333333333333,True,2024-06,2,1482,2
OO,MDW,MSP,2024,6,1159,29,19,0.0,"frozenset({3731.0, 3799.0})",3799.0,0.6551724137931034,True,2024-06,1,1754,1
AA,DFW,PHL,2024,6,1135,30,17,2.0,frozenset({1310.0}),1310.0,0.5666666666666667,True,2024-06,2,1552,3
AA,DFW,SDF,2024,6,1159,30,17,2.0,"frozenset({2848.0, 1735.0})",2848.0,0.5666666666666667,True,2024-06,1,1755,2
MQ,GSP,ORD,2024,6,1072,23,13,1.0,frozenset({4145.0}),4145.0,0.5652173913043478,True,2024-06,1,1756,1
MQ,JAX,MIA,2024,6,963,26,14,2.0,frozenset({3635.0}),3635.0,0.5384615384615384,True,2024-06,1,1757,1
WN,OMA,DEN,2024,6,1205,12,8,1.0,"frozenset({4931.0, 591.0})",4931.0,0.6666666666666666,True,2024-06,1,1758,1
OO,MSN,MSP,2024,6,740,20,13,0.0,"frozenset({4016.0, 4157.0})",4016.0,0.65,True,2024-06,1,1759,1
AA,DCA,BOS,2024,6,1102,30,18,1.0,frozenset({2148.0}),2148.0,0.6,True,2024-06,2,1326,3
AA,DFW,PHX,2024,6,925,30,16,0.0,"frozenset({1972.0, 2580.0})",2580.0,0.5333333333333333,True,2024-06,1,1760,1
AA,DFW,SAT,2024,6,1311,26,16,0.0,frozenset({426.0}),426.0,0.6153846153846154,True,2024-06,1,1761,2
MQ,MSN,ORD,2024,6,1098,30,17,1.0,"frozenset({3728.0, 3953.0})",3728.0,0.5666666666666667,True,2024-06,1,1762,1
MQ,MSP,ORD,2024,6,846,26,16,0.0,frozenset({3395.0}),3395.0,0.6153846153846154,True,2024-06,1,1763,2
AA,DFW,SAT,2024,6,1251,29,15,1.0,"frozenset({412.0, 1406.0})",1406.0,0.5172413793103449,True,2024-06,2,1329,3
AA,DFW,PHX,2024,6,1056,29,16,0.0,frozenset({2887.0}),2887.0,0.5517241379310345,True,2024-06,2,1579,3
OO,MSP,ICT,2024,6,1105,27,14,1.0,"frozenset({3909.0, 3773.0})",3773.0,0.5185185185185185,True,2024-06,1,1764,1
OO,MSP,MDW,2024,6,1019,29,15,0.0,"frozenset({3920.0, 4169.0})",4169.0,0.5172413793103449,True,2024-06,1,1765,1
NK,CLT,LGA,2024,6,1178,26,17,3.0,frozenset({1402.0}),1402.0,0.6538461538461539,True,2024-06,2,1113,4
NK,CLT,LGA,2024,6,1028,30,20,2.0,frozenset({206.0}),206.0,0.6666666666666666,True,2024-06,1,1766,2
OO,LAS,SAN,2024,6,1045,22,12,0.0,"frozenset({3891.0, 3741.0})",3741.0,0.5454545454545454,True,2024-06,1,1767,2
F9,LAX,SFO,2024,6,495,26,15,0.0,frozenset({3307.0}),3307.0,0.5769230769230769,True,2024-06,1,1768,1
AA,DFW,TYS,2024,6,1275,30,16,1.0,"frozenset({1052.0, 358.0})",1052.0,0.5333333333333333,True,2024-06,2,1258,2
F9,SLC,LAS,2024,6,1169,11,6,1.0,"frozenset({1505.0, 1507.0})",1507.0,0.5454545454545454,True,2024-06,1,1769,1
UA,EWR,STL,2024,6,1205,27,14,1.0,frozenset({1599.0}),1599.0,0.5185185185185185,True,2024-06,1,1770,2
UA,EWR,SFO,2024,6,1240,26,17,3.0,"frozenset({1642.0, 555.0, 2679.0})",555.0,0.6538461538461539,True,2024-06,1,1771,1
F9,ORD,PHX,2024,6,1057,16,13,1.0,frozenset({1827.0}),1827.0,0.8125,True,2024-06,1,1772,2
UA,EWR,SFO,2024,6,1080,30,16,2.0,frozenset({1148.0}),1148.0,0.5333333333333333,True,2024-06,3,741,3
F9,ORD,PWM,2024,6,1072,11,7,2.0,"frozenset({4720.0, 3184.0})",3184.0,0.6363636363636364,True,2024-06,1,1773,1
AA,CLT,RDU,2024,6,1112,34,18,2.0,"frozenset({1904.0, 2951.0})",1904.0,0.5294117647058824,True,2024-06,1,1774,2
AA,CLT,RDU,2024,6,1175,26,15,0.0,frozenset({782.0}),782.0,0.5769230769230769,True,2024-06,1,1775,1
AA,IAH,DFW,2024,6,1179,22,12,0.0,frozenset({232.0}),232.0,0.5454545454545454,True,2024-06,1,1776,2
F9,ORD,LAS,2024,6,1223,23,13,1.0,frozenset({2145.0}),2145.0,0.5652173913043478,True,2024-06,1,1777,2
OO,DTW,IND,2024,6,1066,13,10,0.0,frozenset({4080.0}),4080.0,0.7692307692307693,True,2024-06,1,1778,1
F9,PHL,ATL,2024,6,1095,10,8,0.0,frozenset({2297.0}),2297.0,0.8,True,2024-06,1,1779,1
NK,BOS,ORF,2024,6,1028,14,9,3.0,frozenset({3056.0}),3056.0,0.6428571428571429,True,2024-06,2,1076,2
OO,FAR,MSP,2024,6,1047,21,11,0.0,"frozenset({4120.0, 3955.0})",4120.0,0.5238095238095238,True,2024-06,1,1780,1
WN,PHX,ELP,2024,6,1270,13,7,0.0,"frozenset({4441.0, 1740.0, 2446.0})",2446.0,0.5384615384615384,True,2024-06,1,1781,1
F9,PHL,CLT,2024,6,1205,11,7,2.0,frozenset({1383.0}),1383.0,0.6363636363636364,True,2024-06,1,1782,1
AA,CLT,RDU,2024,6,1253,29,18,1.0,frozenset({1645.0}),1645.0,0.6206896551724138,True,2024-06,1,1783,2
F9,PHL,MCO,2024,6,692,11,8,0.0,"frozenset({1807.0, 2415.0})",1807.0,0.7272727272727273,True,2024-06,1,1784,1
UA,EWR,PWM,2024,6,1185,22,13,3.0,"frozenset({2478.0, 2310.0})",2478.0,0.5909090909090909,True,2024-06,1,1785,1
AA,IAH,DFW,2024,6,1107,29,15,2.0,frozenset({1416.0}),1416.0,0.5172413793103449,True,2024-06,2,1408,2
F9,PHL,MSP,2024,6,1102,13,9,0.0,"frozenset({2388.0, 3332.0})",3332.0,0.6923076923076923,True,2024-06,1,1786,2
F9,ORD,DFW,2024,6,943,16,10,0.0,frozenset({3241.0}),3241.0,0.625,True,2024-06,1,1787,1
AA,CLT,PWM,2024,6,1355,26,16,2.0,frozenset({2892.0}),2892.0,0.6153846153846154,True,2024-06,1,1788,2
UA,IAH,EWR,2024,6,865,30,16,2.0,"frozenset({2180.0, 1733.0})",2180.0,0.5333333333333333,True,2024-06,1,1789,1
AA,DFW,IAH,2024,6,987,29,17,1.0,frozenset({1416.0}),1416.0,0.5862068965517241,True,2024-06,1,1790,2
F9,MCO,SJU,2024,6,1227,10,8,0.0,frozenset({2868.0}),2868.0,0.8,True,2024-06,1,1791,1
AA,IND,ORD,2024,6,1159,26,16,0.0,frozenset({1676.0}),1676.0,0.6153846153846154,True,2024-06,1,1792,1
OO,CID,MSP,2024,6,986,30,17,1.0,"frozenset({4168.0, 4015.0})",4015.0,0.5666666666666667,True,2024-06,1,1793,1
AA,DFW,IAD,2024,6,1159,28,19,2.0,frozenset({1291.0}),1291.0,0.6785714285714286,True,2024-06,1,1794,1
F9,MDW,SFO,2024,6,978,17,10,1.0,"frozenset({3440.0, 4041.0})",4041.0,0.5882352941176471,True,2024-06,3,696,3
F9,MDW,TPA,2024,6,1081,11,6,1.0,frozenset({1186.0}),1186.0,0.5454545454545454,True,2024-06,1,1795,1
OO,DTW,CMH,2024,6,1073,13,7,0.0,frozenset({4023.0}),4023.0,0.5384615384615384,True,2024-06,1,1796,1
UA,IAD,EWR,2024,6,1345,30,17,2.0,"frozenset({2209.0, 1997.0})",2209.0,0.5666666666666667,True,2024-06,1,1797,1
NK,LAS,ATL,2024,6,1424,30,18,2.0,frozenset({1362.0}),1362.0,0.6,True,2024-06,1,1798,3
F9,MSP,PHL,2024,6,1264,13,9,0.0,frozenset({3337.0}),3337.0,0.6923076923076923,True,2024-06,1,1799,2
AA,DFW,MSN,2024,6,1268,30,16,1.0,frozenset({595.0}),595.0,0.5333333333333333,True,2024-06,2,1494,4
F9,MSY,CMH,2024,6,1054,11,6,0.0,frozenset({3094.0}),3094.0,0.5454545454545454,True,2024-06,1,1800,1
F9,MSY,PHL,2024,6,812,11,6,2.0,"frozenset({1274.0, 4782.0})",4782.0,0.5454545454545454,True,2024-06,1,1801,1
F9,MSY,PHL,2024,6,1183,10,6,1.0,"frozenset({1274.0, 4782.0})",1274.0,0.6,True,2024-06,1,1802,1
F9,OMA,DEN,2024,6,962,12,7,1.0,frozenset({1127.0}),1127.0,0.5833333333333334,True,2024-06,1,1803,1
UA,FLL,EWR,2024,6,1134,23,13,2.0,"frozenset({1937.0, 1999.0})",1999.0,0.5652173913043478,True,2024-06,1,1804,1
F9,MSP,CLE,2024,6,1171,15,10,0.0,frozenset({3100.0}),3100.0,0.6666666666666666,True,2024-06,1,1805,3
NK,IAH,FLL,2024,6,1040,22,12,1.0,frozenset({910.0}),910.0,0.5454545454545454,True,2024-06,1,1806,3
F9,PHL,SJU,2024,6,641,13,10,0.0,frozenset({1166.0}),1166.0,0.7692307692307693,True,2024-06,2,1112,3
OO,FSD,MSP,2024,6,971,19,11,0.0,frozenset({4139.0}),4139.0,0.5789473684210527,True,2024-06,1,1807,1
F9,SFO,LAS,2024,6,1088,11,9,0.0,"frozenset({3010.0, 3034.0, 3020.0})",3020.0,0.8181818181818182,True,2024-06,1,1808,1
AA,EWR,CLT,2024,6,1058,22,12,2.0,frozenset({1216.0}),1216.0,0.5454545454545454,True,2024-06,1,1809,3
F9,SFO,LAX,2024,6,882,30,16,2.0,frozenset({3308.0}),3308.0,0.5333333333333333,True,2024-06,2,1099,2
AA,DFW,MSY,2024,6,934,26,14,1.0,frozenset({2904.0}),2904.0,0.5384615384615384,True,2024-06,1,1810,1
F9,SFO,PDX,2024,6,798,22,14,0.0,frozenset({3362.0}),3362.0,0.6363636363636364,True,2024-06,2,1098,3
AA,DFW,MSY,2024,6,1035,25,13,1.0,frozenset({1584.0}),1584.0,0.52,True,2024-06,2,1511,3
F9,SFO,PHX,2024,6,635,18,10,0.0,frozenset({2638.0}),2638.0,0.5555555555555556,True,2024-06,1,1811,1
UA,DFW,DEN,2024,6,995,30,16,0.0,frozenset({2655.0}),2655.0,0.5333333333333333,True,2024-06,2,1161,2
AA,EWR,CLT,2024,6,1168,30,19,4.0,frozenset({1330.0}),1330.0,0.6333333333333333,True,2024-06,2,1423,5
AA,DFW,MSY,2024,6,1135,26,15,0.0,frozenset({1007.0}),1007.0,0.5769230769230769,True,2024-06,2,1493,2
F9,SJU,BDL,2024,6,1044,12,7,1.0,frozenset({3937.0}),3937.0,0.5833333333333334,True,2024-06,1,1812,1
UA,DEN,OMA,2024,6,1265,30,16,0.0,frozenset({1787.0}),1787.0,0.5333333333333333,True,2024-06,1,1813,1
OO,IND,DTW,2024,6,1182,13,9,0.0,frozenset({4080.0}),4080.0,0.6923076923076923,True,2024-06,1,1814,1
NK,FLL,MYR,2024,6,971,16,12,3.0,frozenset({1001.0}),1001.0,0.75,True,2024-06,1,1815,1
NK,FLL,MCO,2024,6,1205,10,6,1.0,frozenset({676.0}),676.0,0.6,True,2024-06,1,1816,2
OO,JFK,ORD,2024,6,1105,30,16,5.0,"frozenset({3707.0, 3709.0})",3709.0,0.5333333333333333,True,2024-06,1,1817,3
F9,SJU,PHL,2024,6,1209,12,9,1.0,frozenset({1165.0}),1165.0,0.75,True,2024-06,1,1818,1
AA,CLT,SEA,2024,6,1218,30,17,2.0,"frozenset({404.0, 2174.0})",404.0,0.5666666666666667,True,2024-06,1,1819,2
F9,SJU,BDL,2024,6,979,15,8,1.0,frozenset({3937.0}),3937.0,0.5333333333333333,True,2024-06,1,1820,2
UA,EWR,ATL,2024,6,1015,25,15,2.0,"frozenset({1594.0, 1900.0})",1900.0,0.6,True,2024-06,1,1821,1
UA,EWR,ATL,2024,6,1215,25,13,1.0,frozenset({1190.0}),1190.0,0.52,True,2024-06,1,1822,2
F9,SFO,DFW,2024,6,14,25,14,1.0,frozenset({4000.0}),4000.0,0.56,True,2024-06,3,731,3
F9,PHX,DEN,2024,6,962,25,14,1.0,frozenset({2106.0}),2106.0,0.56,True,2024-06,1,1823,1
F9,PHX,DEN,2024,6,1168,22,12,0.0,frozenset({2142.0}),2142.0,0.5454545454545454,True,2024-06,2,1105,2
NK,FLL,STX,2024,6,838,11,6,1.0,frozenset({438.0}),438.0,0.5454545454545454,True,2024-06,1,1824,1
UA,EWR,LAX,2024,6,1050,30,17,1.0,"frozenset({1297.0, 435.0, 243.0})",435.0,0.5666666666666667,True,2024-06,1,1825,1
F9,PHX,ORD,2024,6,1226,16,12,1.0,frozenset({1828.0}),1828.0,0.75,True,2024-06,1,1826,2
AA,FLL,DFW,2024,6,1065,30,17,2.0,frozenset({1373.0}),1373.0,0.5666666666666667,True,2024-06,2,1418,2
NK,FLL,STT,2024,6,838,19,10,0.0,frozenset({201.0}),201.0,0.5263157894736842,True,2024-06,1,1827,2
WN,PHX,DEN,2024,6,855,21,13,0.0,"frozenset({4332.0, 6061.0, 1516.0, 941.0, 5237.0})",5237.0,0.6190476190476191,True,2024-06,1,1828,1
F9,PWM,ORD,2024,6,1325,11,7,2.0,"frozenset({3183.0, 4719.0})",3183.0,0.6363636363636364,True,2024-06,1,1829,1
F9,RDU,ORD,2024,6,1061,13,8,0.0,frozenset({3351.0}),3351.0,0.6153846153846154,True,2024-06,1,1830,2
AA,CLT,RIC,2024,6,1344,30,16,0.0,frozenset({1882.0}),1882.0,0.5333333333333333,True,2024-06,1,1831,2
OO,IAH,LGA,2024,6,865,22,12,1.0,frozenset({5794.0}),5794.0,0.5454545454545454,True,2024-06,1,1832,1
F9,SAN,DEN,2024,6,1076,11,7,1.0,"frozenset({3219.0, 2422.0})",2422.0,0.6363636363636364,True,2024-06,1,1833,1
UA,EWR,DFW,2024,6,1199,23,14,1.0,"frozenset({2384.0, 1183.0})",2384.0,0.6086956521739131,True,2024-06,1,1834,1
F9,SAN,PHX,2024,6,1334,21,11,4.0,frozenset({3168.0}),3168.0,0.5238095238095238,True,2024-06,1,1835,1
AA,EWR,ORD,2024,6,1186,26,16,2.0,frozenset({1691.0}),1691.0,0.6153846153846154,True,2024-06,1,1836,3
AA,EWR,ORD,2024,6,1079,26,24,3.0,frozenset({1181.0}),1181.0,0.9230769230769231,True,2024-06,1,1837,3
F9,SFO,DEN,2024,6,59,30,17,1.0,frozenset({1094.0}),1094.0,0.5666666666666667,True,2024-06,1,1838,2
F9,SFO,DEN,2024,6,1177,17,14,1.0,frozenset({3440.0}),3440.0,0.8235294117647058,True,2024-06,1,1839,1
AA,DFW,OKC,2024,6,1280,30,19,3.0,frozenset({1458.0}),1458.0,0.6333333333333333,True,2024-06,2,1515,3
WN,BUR,PDX,2024,6,975,11,6,0.0,frozenset({3177.0}),3177.0,0.5454545454545454,True,2024-06,1,1840,1
NK,LAX,IAH,2024,6,517,19,11,0.0,frozenset({483.0}),483.0,0.5789473684210527,True,2024-06,1,1841,1
UA,ORD,PDX,2024,6,1200,25,13,1.0,"frozenset({1504.0, 481.0, 426.0})",1504.0,0.52,True,2024-06,1,1842,1
AA,ORD,EWR,2024,6,840,26,19,2.0,frozenset({1688.0}),1688.0,0.7307692307692307,True,2024-06,1,1843,2
B6,PHX,BOS,2024,6,1439,18,11,0.0,frozenset({984.0}),984.0,0.6111111111111112,True,2024-06,1,1844,2
AA,ORD,EWR,2024,6,1124,26,14,1.0,frozenset({552.0}),552.0,0.5384615384615384,True,2024-06,1,1845,2
AA,ORD,EWR,2024,6,1240,26,17,1.0,frozenset({2918.0}),2918.0,0.6538461538461539,True,2024-06,1,1846,3
B6,PWM,JFK,2024,6,1194,18,11,5.0,frozenset({307.0}),307.0,0.6111111111111112,True,2024-06,1,1847,3
WN,LAS,PHX,2024,6,1175,20,11,0.0,"frozenset({5528.0, 581.0, 2446.0})",581.0,0.55,True,2024-06,1,1848,1
AA,CLT,BUF,2024,6,1353,30,16,0.0,frozenset({703.0}),703.0,0.5333333333333333,True,2024-06,2,1438,3
AA,ORD,GRR,2024,6,1240,30,20,1.0,"frozenset({2921.0, 652.0})",2921.0,0.6666666666666666,True,2024-06,1,1849,1
AA,ORD,JFK,2024,6,1105,26,16,0.0,frozenset({2518.0}),2518.0,0.6153846153846154,True,2024-06,1,1850,1
9E,RDU,EWR,2024,6,1069,23,12,4.0,"frozenset({5160.0, 5123.0})",5123.0,0.5217391304347826,True,2024-06,1,1851,1
AS,SEA,DEN,2024,6,1028,18,10,1.0,frozenset({599.0}),599.0,0.5555555555555556,True,2024-06,1,1852,1
AA,ORD,MSP,2024,6,1240,30,19,1.0,frozenset({1292.0}),1292.0,0.6333333333333333,True,2024-06,1,1853,2
WN,LAS,SNA,2024,6,1075,19,11,0.0,"frozenset({3800.0, 784.0, 542.0})",3800.0,0.5789473684210527,True,2024-06,1,1854,1
AA,MIA,JFK,2024,6,1190,26,17,3.0,frozenset({1357.0}),1357.0,0.6538461538461539,True,2024-06,1,1855,1
B6,RSW,EWR,2024,6,821,15,8,1.0,frozenset({2512.0}),2512.0,0.5333333333333333,True,2024-06,1,1856,1
AA,MIA,JFK,2024,6,1065,26,14,2.0,frozenset({2225.0}),2225.0,0.5384615384615384,True,2024-06,2,1402,2
AA,ORD,PHL,2024,6,1227,30,18,3.0,frozenset({490.0}),490.0,0.6,True,2024-06,1,1857,4
AA,ORD,DFW,2024,6,1240,30,16,1.0,frozenset({1463.0}),1463.0,0.5333333333333333,True,2024-06,2,1543,3
AA,MIA,JFK,2024,6,893,26,15,3.0,frozenset({2899.0}),2899.0,0.5769230769230769,True,2024-06,1,1858,2
WN,DAL,IAH,2024,6,1100,21,13,0.0,"frozenset({456.0, 2802.0, 4229.0})",456.0,0.6190476190476191,True,2024-06,1,1859,2
AA,ORD,DEN,2024,6,1244,29,16,1.0,frozenset({1387.0}),1387.0,0.5517241379310345,True,2024-06,2,1573,3
AA,ORD,CID,2024,6,1247,26,14,1.0,frozenset({2430.0}),2430.0,0.5384615384615384,True,2024-06,1,1860,1
AA,MIA,MCI,2024,6,1295,30,17,0.0,frozenset({1397.0}),1397.0,0.5666666666666667,True,2024-06,1,1861,1
B6,BOS,DEN,2024,6,1223,15,9,0.0,frozenset({993.0}),993.0,0.6,True,2024-06,1,1862,1
WN,LAS,HNL,2024,6,655,27,16,0.0,frozenset({3543.0}),3543.0,0.5925925925925926,True,2024-06,1,1863,2
B6,MIA,JFK,2024,6,1118,18,11,2.0,frozenset({2892.0}),2892.0,0.6111111111111112,True,2024-06,1,1864,1
B6,MKE,JFK,2024,6,950,18,13,0.0,frozenset({680.0}),680.0,0.7222222222222222,True,2024-06,1,1865,1
WN,TPA,IND,2024,6,1230,10,6,0.0,"frozenset({3344.0, 2284.0})",3344.0,0.6,True,2024-06,1,1866,2
B6,BNA,BOS,2024,6,1008,18,10,0.0,frozenset({206.0}),206.0,0.5555555555555556,True,2024-06,1,1867,1
WN,DAL,LBB,2024,6,1220,12,7,0.0,"frozenset({4203.0, 2092.0})",4203.0,0.5833333333333334,True,2024-06,1,1868,1
WN,LAS,LAX,2024,6,1240,23,13,0.0,"frozenset({4228.0, 4291.0, 532.0})",532.0,0.5652173913043478,True,2024-06,1,1869,2
AA,CLT,BNA,2024,6,1084,30,16,0.0,"frozenset({851.0, 2979.0})",2979.0,0.5333333333333333,True,2024-06,1,1870,2
WN,DAL,LAX,2024,6,770,12,7,0.0,"frozenset({449.0, 802.0})",449.0,0.5833333333333334,True,2024-06,1,1871,1
AA,CLT,BNA,2024,6,1371,30,17,1.0,frozenset({526.0}),526.0,0.5666666666666667,True,2024-06,1,1872,2
B6,ORD,JFK,2024,6,1118,15,12,2.0,frozenset({1206.0}),1206.0,0.8,True,2024-06,1,1873,3
WN,LAS,MCO,2024,6,770,11,7,0.0,frozenset({5172.0}),5172.0,0.6363636363636364,True,2024-06,1,1874,1
B6,ATL,JFK,2024,6,936,18,12,2.0,frozenset({720.0}),720.0,0.6666666666666666,True,2024-06,1,1875,1
B6,PBI,BOS,2024,6,1165,18,12,1.0,frozenset({322.0}),322.0,0.6666666666666666,True,2024-06,1,1876,1
AA,ORD,DFW,2024,6,960,26,14,0.0,frozenset({1193.0}),1193.0,0.5384615384615384,True,2024-06,1,1877,1
B6,BOS,LAX,2024,6,990,13,7,0.0,frozenset({287.0}),287.0,0.5384615384615384,True,2024-06,1,1878,1
B6,RSW,JFK,2024,6,1095,18,10,3.0,frozenset({822.0}),822.0,0.5555555555555556,True,2024-06,1,1879,1
B6,SEA,BOS,2024,6,690,18,10,0.0,frozenset({398.0}),398.0,0.5555555555555556,True,2024-06,1,1880,1
WN,MSP,DEN,2024,6,1235,13,8,0.0,"frozenset({1722.0, 3062.0})",3062.0,0.6153846153846154,True,2024-06,1,1881,1
WN,LGA,DAL,2024,6,1185,25,13,0.0,"frozenset({1371.0, 4351.0})",4351.0,0.52,True,2024-06,1,1882,2
AA,CLT,CLE,2024,6,1035,30,19,1.0,frozenset({1267.0}),1267.0,0.6333333333333333,True,2024-06,2,1356,3
WN,MSP,DEN,2024,6,1285,12,8,0.0,"frozenset({1723.0, 3062.0})",3062.0,0.6666666666666666,True,2024-06,1,1883,1
AA,PHL,IAH,2024,6,1139,30,17,2.0,"frozenset({1533.0, 3021.0})",3021.0,0.5666666666666667,True,2024-06,1,1884,1
WN,MCO,BHM,2024,6,1280,19,10,0.0,frozenset({4874.0}),4874.0,0.5263157894736842,True,2024-06,1,1885,2
WN,BWI,RIC,2024,6,1305,12,10,0.0,"frozenset({4788.0, 4429.0})",4429.0,0.8333333333333334,True,2024-06,1,1886,2
AS,EWR,SAN,2024,6,1169,18,11,0.0,frozenset({297.0}),297.0,0.6111111111111112,True,2024-06,1,1887,1
WN,BWI,PHX,2024,6,1290,24,13,0.0,"frozenset({4281.0, 1190.0, 2518.0})",1190.0,0.5416666666666666,True,2024-06,1,1888,2
AA,PHL,ORD,2024,6,1140,23,12,1.0,"frozenset({865.0, 1969.0})",1969.0,0.5217391304347826,True,2024-06,1,1889,1
AA,PHL,ORD,2024,6,1265,30,20,5.0,frozenset({1359.0}),1359.0,0.6666666666666666,True,2024-06,1,1890,1
WN,MCO,HOU,2024,6,1280,17,9,0.0,"frozenset({1880.0, 2156.0, 3405.0})",3405.0,0.5294117647058824,True,2024-06,1,1891,2
WN,SFO,LAS,2024,6,1285,13,7,0.0,"frozenset({2552.0, 3583.0})",3583.0,0.5384615384615384,True,2024-06,1,1892,1
WN,MCO,IND,2024,6,1300,13,7,0.0,"frozenset({1808.0, 562.0})",1808.0,0.5384615384615384,True,2024-06,1,1893,1
AA,TUS,DFW,2024,6,939,30,17,2.0,frozenset({584.0}),584.0,0.5666666666666667,True,2024-06,2,804,2
AA,TUL,DFW,2024,6,1111,28,15,1.0,frozenset({2360.0}),2360.0,0.5357142857142857,True,2024-06,1,1894,1
WN,BWI,MCO,2024,6,1010,10,7,1.0,"frozenset({4136.0, 5438.0})",4136.0,0.7,True,2024-06,1,1895,1
AS,ORD,SEA,2024,6,1162,30,18,0.0,frozenset({421.0}),421.0,0.6,True,2024-06,1,1896,2
AA,MIA,JAX,2024,6,1098,23,14,2.0,"frozenset({2565.0, 263.0})",263.0,0.6086956521739131,True,2024-06,1,1897,1
WN,MSP,DEN,2024,6,1085,13,8,0.0,"frozenset({1483.0, 2269.0, 3758.0})",3758.0,0.6153846153846154,True,2024-06,1,1898,2
AA,PBI,ORD,2024,6,910,30,16,1.0,"frozenset({331.0, 2715.0})",2715.0,0.5333333333333333,True,2024-06,1,1899,1
AA,MIA,JAX,2024,6,1025,18,11,1.0,frozenset({1374.0}),1374.0,0.6111111111111112,True,2024-06,1,1900,1
AS,SAN,AUS,2024,6,663,10,6,0.0,frozenset({530.0}),530.0,0.6,True,2024-06,1,1901,1
WN,LAX,BNA,2024,6,1160,19,10,0.0,frozenset({3361.0}),3361.0,0.5263157894736842,True,2024-06,1,1902,1
B6,SJU,BOS,2024,6,1355,16,9,0.0,frozenset({362.0}),362.0,0.5625,True,2024-06,1,1903,1
WN,DAL,AUS,2024,6,1015,10,6,0.0,"frozenset({377.0, 4508.0, 1308.0})",4508.0,0.6,True,2024-06,1,1904,1
WN,SFO,MDW,2024,6,780,11,6,0.0,frozenset({373.0}),373.0,0.5454545454545454,True,2024-06,1,1905,1
WN,DAL,ATL,2024,6,930,15,9,0.0,"frozenset({500.0, 2182.0})",500.0,0.6,True,2024-06,1,1906,1
WN,SFO,LAX,2024,6,1135,17,10,0.0,"frozenset({1544.0, 3802.0, 3338.0})",3338.0,0.5882352941176471,True,2024-06,1,1907,1
WN,DAL,AMA,2024,6,1310,15,8,0.0,"frozenset({752.0, 5065.0})",5065.0,0.5333333333333333,True,2024-06,1,1908,1
WN,LAX,DEN,2024,6,885,13,9,0.0,"frozenset({1276.0, 5286.0})",1276.0,0.6923076923076923,True,2024-06,1,1909,1
AA,ORD,RDU,2024,6,1219,26,15,0.0,frozenset({2998.0}),2998.0,0.5769230769230769,True,2024-06,1,1910,1
AA,ORD,SFO,2024,6,1215,26,16,0.0,frozenset({2034.0}),2034.0,0.6153846153846154,True,2024-06,1,1911,1
WN,LAX,LAS,2024,6,1330,11,8,0.0,frozenset({544.0}),544.0,0.7272727272727273,True,2024-06,1,1912,2
AA,PBI,DFW,2024,6,960,25,13,1.0,frozenset({2218.0}),2218.0,0.52,True,2024-06,2,1464,2
AA,CLT,CID,2024,6,1295,30,16,1.0,frozenset({2386.0}),2386.0,0.5333333333333333,True,2024-06,1,1913,2
AA,MIA,DCA,2024,6,1230,25,13,3.0,"frozenset({2362.0, 507.0})",2362.0,0.52,True,2024-06,1,1914,1
AA,MIA,DCA,2024,6,1160,29,15,2.0,frozenset({656.0}),656.0,0.5172413793103449,True,2024-06,1,1915,1
AA,MIA,CLT,2024,6,915,30,17,1.0,"frozenset({1096.0, 1092.0})",1092.0,0.5666666666666667,True,2024-06,1,1916,1
AA,TPA,PHL,2024,6,901,30,16,0.0,frozenset({2332.0}),2332.0,0.5333333333333333,True,2024-06,1,1917,3
B6,MCO,LGA,2024,6,1235,22,16,2.0,frozenset({998.0}),998.0,0.7272727272727273,True,2024-06,1,1918,3
AA,MIA,MCO,2024,6,1366,30,16,3.0,"frozenset({1539.0, 499.0})",1539.0,0.5333333333333333,True,2024-06,1,1919,1
WN,DEN,SAT,2024,6,1255,13,8,0.0,"frozenset({1384.0, 3248.0})",3248.0,0.6153846153846154,True,2024-06,1,1920,1
WN,DEN,SAN,2024,6,1135,20,11,0.0,"frozenset({4088.0, 705.0, 4890.0, 3837.0})",705.0,0.55,True,2024-06,1,1921,1
WN,BWI,ALB,2024,6,1300,13,7,0.0,"frozenset({819.0, 4339.0})",819.0,0.5384615384615384,True,2024-06,1,1922,2
AA,MIA,TPA,2024,6,1194,26,20,1.0,frozenset({231.0}),231.0,0.7692307692307693,True,2024-06,1,1923,1
B6,FLL,MSY,2024,6,1083,12,7,2.0,frozenset({1423.0}),1423.0,0.5833333333333334,True,2024-06,1,1924,1
WN,DEN,RDU,2024,6,1240,11,6,0.0,frozenset({3718.0}),3718.0,0.5454545454545454,True,2024-06,1,1925,2
WN,DEN,PSP,2024,6,865,11,6,0.0,frozenset({5146.0}),5146.0,0.5454545454545454,True,2024-06,1,1926,1
WN,DEN,PDX,2024,6,1270,19,10,0.0,"frozenset({168.0, 4390.0})",168.0,0.5263157894736842,True,2024-06,1,1927,1
B6,JFK,PSE,2024,6,1225,18,10,1.0,frozenset({745.0}),745.0,0.5555555555555556,True,2024-06,1,1928,1
B6,JFK,PWM,2024,6,1050,18,11,5.0,frozenset({308.0}),308.0,0.6111111111111112,True,2024-06,1,1929,3
B6,FLL,LGA,2024,6,1083,13,8,1.0,frozenset({472.0}),472.0,0.6153846153846154,True,2024-06,1,1930,2
B6,FLL,LGA,2024,6,795,30,16,1.0,frozenset({1372.0}),1372.0,0.5333333333333333,True,2024-06,1,1931,1
WN,STL,DEN,2024,6,1055,24,15,0.0,"frozenset({3961.0, 2066.0, 654.0})",2066.0,0.625,True,2024-06,1,1932,1
B6,FLL,JFK,2024,6,1075,18,12,3.0,frozenset({2102.0}),2102.0,0.6666666666666666,True,2024-06,1,1933,1
B6,FLL,JFK,2024,6,915,12,7,3.0,frozenset({1802.0}),1802.0,0.5833333333333334,True,2024-06,1,1934,1
AA,MSY,DFW,2024,6,1075,26,14,1.0,frozenset({2156.0}),2156.0,0.5384615384615384,True,2024-06,1,1935,2
AA,MIA,SAN,2024,6,1170,30,16,2.0,frozenset({2578.0}),2578.0,0.5333333333333333,True,2024-06,1,1936,1
B6,JFK,ORD,2024,6,950,15,9,1.0,frozenset({1205.0}),1205.0,0.6,True,2024-06,1,1937,3
AA,MSY,MIA,2024,6,1126,10,6,1.0,"frozenset({2697.0, 1748.0})",1748.0,0.6,True,2024-06,1,1938,1
WN,DEN,SEA,2024,6,1145,21,14,0.0,"frozenset({3609.0, 3525.0, 4262.0, 2439.0})",2439.0,0.6666666666666666,True,2024-06,1,1939,2
B6,JFK,JAX,2024,6,880,18,12,2.0,frozenset({1677.0}),1677.0,0.6666666666666666,True,2024-06,1,1940,1
WN,DEN,TPA,2024,6,1080,12,9,0.0,frozenset({2255.0}),2255.0,0.75,True,2024-06,1,1941,1
WN,ECP,DEN,2024,6,1020,15,8,0.0,"frozenset({4094.0, 558.0})",558.0,0.5333333333333333,True,2024-06,1,1942,1
B6,JFK,BQN,2024,6,1379,18,10,1.0,frozenset({2403.0}),2403.0,0.5555555555555556,True,2024-06,1,1943,1
B6,JFK,BUF,2024,6,1139,30,17,3.0,frozenset({2.0}),2.0,0.5666666666666667,True,2024-06,1,1944,3
B6,JFK,BUF,2024,6,1289,18,12,1.0,frozenset({102.0}),102.0,0.6666666666666666,True,2024-06,1,1945,1
B6,JFK,BOS,2024,6,1165,19,10,3.0,"frozenset({1018.0, 918.0})",918.0,0.5263157894736842,True,2024-06,1,1946,3
WN,DEN,SLC,2024,6,1190,20,11,0.0,"frozenset({4418.0, 2066.0, 572.0})",572.0,0.55,True,2024-06,1,1947,1
AA,BNA,DFW,2024,6,1028,29,16,1.0,"frozenset({945.0, 2244.0})",2244.0,0.5517241379310345,True,2024-06,2,1269,3
AA,BNA,DFW,2024,6,1140,22,13,0.0,frozenset({331.0}),331.0,0.5909090909090909,True,2024-06,1,1948,2
WN,DEN,SJC,2024,6,1150,16,10,0.0,"frozenset({4324.0, 1822.0})",1822.0,0.625,True,2024-06,1,1949,1
B6,JFK,DEN,2024,6,1227,18,10,1.0,frozenset({97.0}),97.0,0.5555555555555556,True,2024-06,1,1950,1
WN,DEN,SFO,2024,6,1140,13,8,0.0,"frozenset({1386.0, 2267.0, 4285.0})",2267.0,0.6153846153846154,True,2024-06,1,1951,1
B6,JFK,BOS,2024,6,1115,18,11,3.0,frozenset({1118.0}),1118.0,0.6111111111111112,True,2024-06,1,1952,2
AA,BNA,CLT,2024,6,1148,30,17,1.0,"frozenset({851.0, 2979.0})",2979.0,0.5666666666666667,True,2024-06,1,1953,2
B6,JFK,FLL,2024,6,1138,12,8,2.0,frozenset({1101.0}),1101.0,0.6666666666666666,True,2024-06,1,1954,1
WN,SMF,GEG,2024,6,1210,11,7,0.0,frozenset({2371.0}),2371.0,0.6363636363636364,True,2024-06,1,1955,1
B6,JAX,JFK,2024,6,1090,15,9,4.0,frozenset({1678.0}),1678.0,0.6,True,2024-06,1,1956,1
B6,JFK,MKE,2024,6,809,18,11,0.0,frozenset({679.0}),679.0,0.6111111111111112,True,2024-06,1,1957,1
AA,MIA,MCO,2024,6,931,26,17,2.0,frozenset({1706.0}),1706.0,0.6538461538461539,True,2024-06,1,1958,1
WN,HOU,MCO,2024,6,915,12,7,1.0,"frozenset({2951.0, 4990.0, 2215.0})",4990.0,0.5833333333333334,True,2024-06,1,1959,1
B6,JFK,SEA,2024,6,1170,12,7,0.0,frozenset({263.0}),263.0,0.5833333333333334,True,2024-06,1,1960,1
WN,DEN,ELP,2024,6,1265,12,7,0.0,"frozenset({3513.0, 4812.0})",3513.0,0.5833333333333334,True,2024-06,1,1961,2
WN,IAH,DEN,2024,6,1145,12,7,0.0,"frozenset({1644.0, 3695.0})",3695.0,0.5833333333333334,True,2024-06,1,1962,1
B6,BOS,PHX,2024,6,1222,18,12,0.0,frozenset({783.0}),783.0,0.6666666666666666,True,2024-06,1,1963,2
WN,DEN,COS,2024,6,1290,13,7,0.0,"frozenset({2985.0, 1249.0})",2985.0,0.5384615384615384,True,2024-06,1,1964,1
B6,BOS,PHL,2024,6,1255,17,9,1.0,frozenset({2459.0}),2459.0,0.5294117647058824,True,2024-06,1,1965,1
AA,MIA,ORD,2024,6,943,30,18,2.0,"frozenset({650.0, 1395.0})",650.0,0.6,True,2024-06,1,1966,1
WN,DEN,CLE,2024,6,1190,17,11,0.0,"frozenset({3090.0, 2390.0, 1479.0})",1479.0,0.6470588235294118,True,2024-06,1,1967,2
AA,ATL,MIA,2024,6,1001,15,8,1.0,frozenset({1368.0}),1368.0,0.5333333333333333,True,2024-06,1,1968,3
WN,DEN,BOS,2024,6,1145,15,9,0.0,frozenset({4256.0}),4256.0,0.6,True,2024-06,1,1969,1
WN,DEN,BOS,2024,6,1075,13,7,0.0,"frozenset({4256.0, 742.0})",4256.0,0.5384615384615384,True,2024-06,1,1970,1
WN,DEN,BOS,2024,6,815,11,6,0.0,frozenset({5191.0}),5191.0,0.5454545454545454,True,2024-06,1,1971,1
WN,DEN,BHM,2024,6,1190,20,11,0.0,"frozenset({1528.0, 4445.0})",4445.0,0.55,True,2024-06,1,1972,1
B6,BOS,ORD,2024,6,1070,18,10,0.0,frozenset({811.0}),811.0,0.5555555555555556,True,2024-06,1,1973,3
B6,BOS,MSP,2024,6,955,15,10,0.0,frozenset({835.0}),835.0,0.6666666666666666,True,2024-06,1,1974,2
B6,MCO,JFK,2024,6,1140,30,18,1.0,"frozenset({384.0, 1284.0})",384.0,0.6,True,2024-06,1,1975,1
WN,DAL,TPA,2024,6,1185,10,6,0.0,"frozenset({3714.0, 3340.0, 1423.0})",3714.0,0.6,True,2024-06,1,1976,1
WN,TPA,BWI,2024,6,715,10,7,0.0,"frozenset({3433.0, 674.0})",3433.0,0.7,True,2024-06,1,1977,1
B6,BOS,SFO,2024,6,1275,29,16,1.0,frozenset({333.0}),333.0,0.5517241379310345,True,2024-06,1,1978,1
WN,HOU,MCO,2024,6,1040,12,9,0.0,"frozenset({3479.0, 255.0})",3479.0,0.75,True,2024-06,1,1979,1
AA,ORD,BOS,2024,6,1153,30,17,1.0,frozenset({1033.0}),1033.0,0.5666666666666667,True,2024-06,2,1324,2
AA,ATL,ORD,2024,6,1046,26,14,1.0,frozenset({2910.0}),2910.0,0.5384615384615384,True,2024-06,1,1980,1
B6,EWR,SJU,2024,6,1055,15,8,1.0,frozenset({1289.0}),1289.0,0.5333333333333333,True,2024-06,1,1981,1
WN,STL,MSP,2024,6,1160,19,12,0.0,"frozenset({3841.0, 3062.0})",3062.0,0.631578947368421,True,2024-06,1,1982,1
AA,MIA,RDU,2024,6,995,30,16,2.0,frozenset({1891.0}),1891.0,0.5333333333333333,True,2024-06,1,1983,1
AA,ORD,ATL,2024,6,1108,22,15,0.0,frozenset({2779.0}),2779.0,0.6818181818181818,True,2024-06,2,1244,2
B6,DFW,BOS,2024,6,874,15,9,0.0,frozenset({1214.0}),1214.0,0.6,True,2024-06,1,1984,1
B6,DEN,JFK,2024,6,1439,18,10,0.0,frozenset({98.0}),98.0,0.5555555555555556,True,2024-06,1,1985,1
B6,JFK,SJU,2024,6,1310,19,12,1.0,"frozenset({403.0, 1181.0})",403.0,0.631578947368421,True,2024-06,1,1986,1
WN,STL,OMA,2024,6,1305,13,7,1.0,"frozenset({416.0, 3585.0})",416.0,0.5384615384615384,True,2024-06,1,1987,2
WN,DEN,MCO,2024,6,1055,21,14,0.0,"frozenset({2944.0, 2945.0, 3885.0, 1211.0, 2303.0})",3885.0,0.6666666666666666,True,2024-06,1,1988,2
WN,DEN,MCI,2024,6,1075,11,6,0.0,frozenset({4189.0}),4189.0,0.5454545454545454,True,2024-06,1,1989,1
B6,BZN,BOS,2024,6,729,10,6,0.0,frozenset({256.0}),256.0,0.6,True,2024-06,1,1990,1
B6,LAS,JFK,2024,6,858,28,15,1.0,frozenset({148.0}),148.0,0.5357142857142857,True,2024-06,1,1991,2
WN,DEN,LGA,2024,6,965,21,12,0.0,"frozenset({1222.0, 5359.0})",1222.0,0.5714285714285714,True,2024-06,1,1992,2
WN,DEN,LAX,2024,6,1280,25,13,0.0,"frozenset({3096.0, 2624.0, 981.0, 2262.0})",2262.0,0.52,True,2024-06,1,1993,1
B6,BUF,JFK,2024,6,1020,18,11,3.0,frozenset({2901.0}),2901.0,0.6111111111111112,True,2024-06,1,1994,2
WN,DEN,IND,2024,6,1150,13,8,0.0,"frozenset({2873.0, 2635.0})",2635.0,0.6153846153846154,True,2024-06,1,1995,1
B6,LGA,BOS,2024,6,1215,15,9,2.0,frozenset({1432.0}),1432.0,0.6,True,2024-06,1,1996,1
WN,HRL,HOU,2024,6,1170,13,8,0.0,"frozenset({5536.0, 2315.0, 3437.0})",3437.0,0.6153846153846154,True,2024-06,1,1997,1
WN,MCO,ORD,2024,6,1210,19,11,0.0,frozenset({5029.0}),5029.0,0.5789473684210527,True,2024-06,1,1998,1
AA,ORD,PHX,2024,6,1215,26,17,0.0,frozenset({1945.0}),1945.0,0.6538461538461539,True,2024-06,1,1999,2
WN,MDW,MCO,2024,6,1170,12,8,0.0,"frozenset({4532.0, 4029.0})",4029.0,0.6666666666666666,True,2024-06,1,2000,1
AA,RDU,CLT,2024,6,1217,34,20,3.0,"frozenset({1904.0, 2951.0})",1904.0,0.5882352941176471,True,2024-06,1,2001,2
WN,MSP,MDW,2024,6,1230,11,6,0.0,frozenset({2075.0}),2075.0,0.5454545454545454,True,2024-06,1,2002,1
WN,MDW,PVD,2024,6,1275,15,8,0.0,"frozenset({3200.0, 1538.0})",3200.0,0.5333333333333333,True,2024-06,1,2003,2
WN,MDW,PHX,2024,6,1185,22,12,0.0,"frozenset({2648.0, 5226.0, 3821.0, 4350.0})",2648.0,0.5454545454545454,True,2024-06,1,2004,1
WN,MDW,BNA,2024,6,1160,15,8,0.0,"frozenset({1737.0, 1235.0})",1737.0,0.5333333333333333,True,2024-06,1,2005,1
AA,STL,DFW,2024,6,1047,22,12,0.0,frozenset({1363.0}),1363.0,0.5454545454545454,True,2024-06,1,2006,1
AA,RDU,LGA,2024,6,964,22,13,0.0,frozenset({2040.0}),2040.0,0.5909090909090909,True,2024-06,1,2007,1
AA,RDU,MIA,2024,6,1068,26,16,3.0,frozenset({3008.0}),3008.0,0.6153846153846154,True,2024-06,1,2008,2
WN,BWI,HOU,2024,6,1270,20,13,0.0,"frozenset({3987.0, 5254.0})",3987.0,0.65,True,2024-06,1,2009,2
AA,PHL,RDU,2024,6,1255,26,14,4.0,frozenset({706.0}),706.0,0.5384615384615384,True,2024-06,1,2010,1
AA,PHL,SEA,2024,6,1156,26,14,1.0,frozenset({2361.0}),2361.0,0.5384615384615384,True,2024-06,1,2011,1
AA,SJU,MIA,2024,6,959,25,14,2.0,frozenset({2421.0}),2421.0,0.56,True,2024-06,1,2012,1
WN,MDW,OMA,2024,6,1305,13,7,1.0,"frozenset({5697.0, 1358.0})",1358.0,0.5384615384615384,True,2024-06,1,2013,2
AA,PHL,SLC,2024,6,1148,26,14,3.0,frozenset({2630.0}),2630.0,0.5384615384615384,True,2024-06,1,2014,1
WN,MDW,OKC,2024,6,1290,23,12,0.0,frozenset({1671.0}),1671.0,0.5217391304347826,True,2024-06,1,2015,2
WN,MDW,LAS,2024,6,1290,18,11,0.0,"frozenset({2456.0, 1856.0, 5008.0, 3760.0})",1856.0,0.6111111111111112,True,2024-06,1,2016,2
WN,MDW,LAX,2024,6,1060,13,8,0.0,"frozenset({5964.0, 3621.0, 206.0})",206.0,0.6153846153846154,True,2024-06,1,2017,1
WN,MDW,LAX,2024,6,1360,17,11,0.0,"frozenset({5147.0, 5964.0, 5718.0, 255.0})",5147.0,0.6470588235294118,True,2024-06,1,2018,2
AA,PHX,SAN,2024,6,1020,30,18,0.0,"frozenset({466.0, 2031.0})",466.0,0.6,True,2024-06,1,2019,1
AA,PIT,PHL,2024,6,998,26,14,2.0,frozenset({1149.0}),1149.0,0.5384615384615384,True,2024-06,1,2020,1
WN,BWI,DEN,2024,6,1320,15,8,0.0,frozenset({826.0}),826.0,0.5333333333333333,True,2024-06,1,2021,1
WN,MDW,LGA,2024,6,945,20,11,0.0,"frozenset({168.0, 156.0})",156.0,0.55,True,2024-06,1,2022,1
WN,BWI,DEN,2024,6,1285,13,7,0.0,"frozenset({826.0, 2235.0})",826.0,0.5384615384615384,True,2024-06,1,2023,2
WN,MDW,MCI,2024,6,1370,16,9,0.0,"frozenset({1511.0, 1463.0})",1511.0,0.5625,True,2024-06,1,2024,1
WN,MDW,MSP,2024,6,1115,23,13,0.0,"frozenset({147.0, 3062.0})",3062.0,0.5652173913043478,True,2024-06,1,2025,1
AA,PIT,MIA,2024,6,1113,15,8,1.0,frozenset({834.0}),834.0,0.5333333333333333,True,2024-06,1,2026,1
AA,PIT,ORD,2024,6,1025,26,16,1.0,frozenset({1922.0}),1922.0,0.6153846153846154,True,2024-06,1,2027,1
AA,TPA,CLT,2024,6,1168,26,16,0.0,frozenset({288.0}),288.0,0.6153846153846154,True,2024-06,1,2028,2
WN,MDW,SFO,2024,6,1315,19,10,0.0,"frozenset({4659.0, 4523.0})",4523.0,0.5263157894736842,True,2024-06,1,2029,1
WN,MDW,MSP,2024,6,980,20,13,0.0,"frozenset({5330.0, 3338.0, 3758.0})",5330.0,0.65,True,2024-06,1,2030,2
WN,MCO,STL,2024,6,1280,13,7,0.0,"frozenset({6706.0, 3622.0})",3622.0,0.5384615384615384,True,2024-06,1,2031,1
WN,BWI,ATL,2024,6,1190,19,11,0.0,"frozenset({3505.0, 3095.0})",3095.0,0.5789473684210527,True,2024-06,1,2032,2
WN,MCO,SAT,2024,6,1255,15,8,0.0,frozenset({3746.0}),3746.0,0.5333333333333333,True,2024-06,1,2033,1
WN,BWI,LAX,2024,6,1285,19,10,0.0,"frozenset({3227.0, 310.0})",3227.0,0.5263157894736842,True,2024-06,1,2034,2
WN,MSP,STL,2024,6,1110,11,8,0.0,frozenset({3951.0}),3951.0,0.7272727272727273,True,2024-06,1,2035,2
AA,PNS,DFW,2024,6,958,26,17,0.0,frozenset({2002.0}),2002.0,0.6538461538461539,True,2024-06,1,2036,2
OH,MHT,CLT,2024,7,1152,29,15,3.0,frozenset({5405.0}),5405.0,0.5172413793103449,True,2024-07,1,2037,1
WN,MDW,OKC,2024,7,1290,25,17,0.0,"frozenset({1745.0, 1671.0})",1671.0,0.68,True,2024-07,2,2015,2
WN,PIT,TPA,2024,7,1210,12,10,0.0,"frozenset({4585.0, 1530.0})",1530.0,0.8333333333333334,True,2024-07,1,2038,1
AA,DEN,CLT,2024,7,950,29,15,2.0,frozenset({2372.0}),2372.0,0.5172413793103449,True,2024-07,1,2039,1
WN,IND,MCO,2024,7,1320,14,9,0.0,"frozenset({4389.0, 3501.0})",4389.0,0.6428571428571429,True,2024-07,1,2040,1
9E,CHS,LGA,2024,7,1027,24,15,9.0,frozenset({5054.0}),5054.0,0.625,True,2024-07,1,2041,1
WN,MDW,MSY,2024,7,1270,25,14,0.0,"frozenset({3764.0, 3229.0, 3318.0})",3318.0,0.56,True,2024-07,1,2042,1
OH,CLT,GSP,2024,7,1131,29,15,3.0,frozenset({5125.0}),5125.0,0.5172413793103449,True,2024-07,1,2043,1
AA,ATL,DFW,2024,7,1233,29,19,1.0,frozenset({2403.0}),2403.0,0.6551724137931034,True,2024-07,1,2044,1
WN,MDW,MSP,2024,7,980,21,17,0.0,"frozenset({5330.0, 3758.0})",5330.0,0.8095238095238095,True,2024-07,2,2030,2
WN,JAN,HOU,2024,7,1225,15,8,1.0,frozenset({4648.0}),4648.0,0.5333333333333333,True,2024-07,1,2045,1
OH,MSP,DCA,2024,7,1077,26,15,3.0,frozenset({5588.0}),5588.0,0.5769230769230769,True,2024-07,2,1655,2
WN,JAX,ATL,2024,7,1130,15,10,0.0,"frozenset({4194.0, 5028.0})",5028.0,0.6666666666666666,True,2024-07,1,2046,1
WN,JAX,BNA,2024,7,1280,15,8,0.0,frozenset({4255.0}),4255.0,0.5333333333333333,True,2024-07,1,2047,1
AA,DEN,DFW,2024,7,1122,29,16,1.0,frozenset({1322.0}),1322.0,0.5517241379310345,True,2024-07,3,1335,3
AA,DEN,ORD,2024,7,957,30,17,0.0,frozenset({1624.0}),1624.0,0.5666666666666667,True,2024-07,1,2048,1
WN,JAX,BWI,2024,7,1135,14,8,1.0,"frozenset({3641.0, 3390.0})",3641.0,0.5714285714285714,True,2024-07,1,2049,1
OO,SAN,LAS,2024,7,1165,19,11,1.0,frozenset({3741.0}),3741.0,0.5789473684210527,True,2024-07,1,2050,1
WN,IND,DAL,2024,7,1180,15,9,0.0,"frozenset({4785.0, 439.0})",4785.0,0.6,True,2024-07,1,2051,1
OH,MDT,CLT,2024,7,1212,29,15,1.0,frozenset({5143.0}),5143.0,0.5172413793103449,True,2024-07,1,2052,1
AA,BDL,ORD,2024,7,1031,30,16,0.0,frozenset({1987.0}),1987.0,0.5333333333333333,True,2024-07,1,2053,1
OH,MYR,CLT,2024,7,1209,26,14,3.0,frozenset({5397.0}),5397.0,0.5384615384615384,True,2024-07,1,2054,1
WN,MDW,OMA,2024,7,1370,15,10,2.0,frozenset({1358.0}),1358.0,0.6666666666666666,True,2024-07,2,2013,2
WN,HRL,AUS,2024,7,1085,22,12,0.0,"frozenset({3147.0, 4223.0})",3147.0,0.5454545454545454,True,2024-07,1,2055,1
OH,ILM,CLT,2024,7,973,19,10,0.0,frozenset({5186.0}),5186.0,0.5263157894736842,True,2024-07,1,2056,1
AA,DCA,BOS,2024,7,1102,31,17,1.0,frozenset({2148.0}),2148.0,0.5483870967741935,True,2024-07,3,1326,3
AA,DCA,CLT,2024,7,1157,31,17,2.0,frozenset({1194.0}),1194.0,0.5483870967741935,True,2024-07,1,2057,2
OH,ILM,DCA,2024,7,1190,26,14,3.0,frozenset({5133.0}),5133.0,0.5384615384615384,True,2024-07,1,2058,1
OO,SBN,ATL,2024,7,1059,21,13,1.0,frozenset({3640.0}),3640.0,0.6190476190476191,True,2024-07,1,2059,1
OH,CLT,HPN,2024,7,1234,30,18,2.0,frozenset({5152.0}),5152.0,0.6,True,2024-07,1,2060,1
WN,HRL,HOU,2024,7,970,13,7,1.0,"frozenset({389.0, 1262.0, 2935.0})",1262.0,0.5384615384615384,True,2024-07,1,2061,1
OH,CLT,GSP,2024,7,1244,30,18,0.0,frozenset({5124.0}),5124.0,0.6,True,2024-07,1,2062,1
WN,MDW,OMA,2024,7,1305,14,9,0.0,frozenset({1358.0}),1358.0,0.6428571428571429,True,2024-07,2,2013,2
OH,JAN,CLT,2024,7,972,29,16,1.0,frozenset({5136.0}),5136.0,0.5517241379310345,True,2024-07,1,2063,1
AA,ATL,MIA,2024,7,1055,10,6,1.0,frozenset({1368.0}),1368.0,0.6,True,2024-07,2,1968,3
WN,MDW,OMA,2024,7,1040,10,7,0.0,frozenset({105.0}),105.0,0.7,True,2024-07,1,2064,1
WN,IAH,LAS,2024,7,950,11,7,1.0,frozenset({1329.0}),1329.0,0.6363636363636364,True,2024-07,1,2065,1
WN,IND,AUS,2024,7,960,12,8,0.0,"frozenset({2915.0, 548.0})",2915.0,0.6666666666666666,True,2024-07,1,2066,1
AA,DCA,LGA,2024,7,1035,31,20,4.0,frozenset({1191.0}),1191.0,0.6451612903225806,True,2024-07,1,2067,2
AA,DFW,LEX,2024,7,1261,30,17,0.0,frozenset({586.0}),586.0,0.5666666666666667,True,2024-07,1,2068,1
AA,DCA,MCO,2024,7,1038,31,18,1.0,frozenset({1763.0}),1763.0,0.5806451612903226,True,2024-07,1,2069,1
AA,DCA,ORD,2024,7,1093,27,15,0.0,frozenset({1188.0}),1188.0,0.5555555555555556,True,2024-07,1,2070,1
9E,CHO,LGA,2024,7,1078,27,17,7.0,frozenset({5169.0}),5169.0,0.6296296296296297,True,2024-07,1,2071,1
WN,JAX,STL,2024,7,960,11,8,0.0,frozenset({2946.0}),2946.0,0.7272727272727273,True,2024-07,1,2072,1
WN,LAS,ABQ,2024,7,1045,12,7,1.0,"frozenset({5022.0, 839.0})",5022.0,0.5833333333333334,True,2024-07,1,2073,1
OH,PVD,DCA,2024,7,1185,25,14,4.0,frozenset({5438.0}),5438.0,0.56,True,2024-07,1,2074,1
AA,DFW,ATL,2024,7,995,30,18,0.0,frozenset({2403.0}),2403.0,0.6,True,2024-07,1,2075,1
AA,DFW,ATL,2024,7,1125,29,20,0.0,frozenset({2237.0}),2237.0,0.6896551724137931,True,2024-07,1,2076,1
WN,LAS,DEN,2024,7,1260,29,15,1.0,"frozenset({4031.0, 3530.0, 685.0, 5978.0})",3530.0,0.5172413793103449,True,2024-07,1,2077,1
WN,LAS,DEN,2024,7,1345,15,8,0.0,"frozenset({1440.0, 2223.0})",2223.0,0.5333333333333333,True,2024-07,1,2078,1
WN,LAS,ELP,2024,7,1270,25,13,0.0,"frozenset({1875.0, 1243.0, 596.0})",596.0,0.52,True,2024-07,1,2079,1
OH,SAV,PHL,2024,7,1085,30,17,2.0,frozenset({5269.0}),5269.0,0.5666666666666667,True,2024-07,1,2080,1
WN,LAS,FAT,2024,7,1315,15,9,0.0,"frozenset({1360.0, 3759.0})",1360.0,0.6,True,2024-07,1,2081,1
WN,LAS,GEG,2024,7,1270,20,12,0.0,"frozenset({2120.0, 4146.0, 3652.0, 4093.0})",3652.0,0.6,True,2024-07,1,2082,1
WN,LAS,BZN,2024,7,1190,19,11,0.0,"frozenset({362.0, 3438.0, 4287.0})",362.0,0.5789473684210527,True,2024-07,1,2083,1
OH,CLT,ATL,2024,7,977,30,17,1.0,frozenset({5301.0}),5301.0,0.5666666666666667,True,2024-07,1,2084,1
OH,SGF,CLT,2024,7,1088,29,15,1.0,frozenset({5466.0}),5466.0,0.5172413793103449,True,2024-07,1,2085,1
OH,SYR,CLT,2024,7,1143,29,16,0.0,frozenset({5455.0}),5455.0,0.5517241379310345,True,2024-07,1,2086,1
OH,CLT,AGS,2024,7,1303,27,16,3.0,frozenset({5335.0}),5335.0,0.5925925925925926,True,2024-07,1,2087,1
UA,BOS,IAH,2024,7,937,31,17,2.0,frozenset({1282.0}),1282.0,0.5483870967741935,True,2024-07,1,2088,1
WN,LAS,HNL,2024,7,655,31,20,0.0,frozenset({3543.0}),3543.0,0.6451612903225806,True,2024-07,2,1863,2
YX,IND,EWR,2024,7,1070,27,15,9.0,frozenset({3594.0}),3594.0,0.5555555555555556,True,2024-07,1,2089,1
OH,VPS,CLT,2024,7,1079,29,17,1.0,frozenset({5201.0}),5201.0,0.5862068965517241,True,2024-07,1,2090,1
AA,DFW,AUS,2024,7,965,26,16,1.0,frozenset({843.0}),843.0,0.6153846153846154,True,2024-07,3,1291,3
WN,LAS,HOU,2024,7,895,10,6,0.0,frozenset({2612.0}),2612.0,0.6,True,2024-07,1,2091,1
OH,SDF,DFW,2024,7,1008,26,14,0.0,frozenset({5060.0}),5060.0,0.5384615384615384,True,2024-07,1,2092,1
AA,ATL,DFW,2024,7,1120,30,18,0.0,frozenset({1051.0}),1051.0,0.6,True,2024-07,1,2093,1
AA,CLT,SLC,2024,7,1195,27,18,1.0,frozenset({2176.0}),2176.0,0.6666666666666666,True,2024-07,1,2094,1
OH,CLT,ATL,2024,7,1083,29,16,3.0,frozenset({5067.0}),5067.0,0.5517241379310345,True,2024-07,1,2095,1
WN,LAS,ABQ,2024,7,1310,11,6,0.0,frozenset({4349.0}),4349.0,0.5454545454545454,True,2024-07,1,2096,1
WN,LAS,ATL,2024,7,810,15,9,0.0,frozenset({1229.0}),1229.0,0.6,True,2024-07,1,2097,1
OH,MYR,DCA,2024,7,1171,27,14,4.0,frozenset({5159.0}),5159.0,0.5185185185185185,True,2024-07,1,2098,1
WN,LAS,AUS,2024,7,1275,11,6,0.0,frozenset({3297.0}),3297.0,0.5454545454545454,True,2024-07,1,2099,1
OO,RDU,AUS,2024,7,1165,23,13,0.0,"frozenset({4114.0, 3679.0})",4114.0,0.5652173913043478,True,2024-07,1,2100,1
WN,LAS,BOI,2024,7,1275,25,14,0.0,"frozenset({2938.0, 322.0})",2938.0,0.56,True,2024-07,1,2101,1
AA,DFW,ABQ,2024,7,935,31,23,1.0,frozenset({9.0}),9.0,0.7419354838709677,True,2024-07,1,2102,1
AA,DFW,ABQ,2024,7,1197,26,15,0.0,frozenset({1056.0}),1056.0,0.5769230769230769,True,2024-07,1,2103,1
OH,CLT,FAY,2024,7,1380,29,15,2.0,frozenset({5276.0}),5276.0,0.5172413793103449,True,2024-07,1,2104,1
WN,LAS,BWI,2024,7,1085,29,15,1.0,"frozenset({5152.0, 1595.0, 3199.0})",3199.0,0.5172413793103449,True,2024-07,1,2105,1
OH,OAJ,CLT,2024,7,1105,28,17,0.0,"frozenset({5268.0, 5541.0})",5541.0,0.6071428571428571,True,2024-07,1,2106,1
OH,CLT,DAY,2024,7,1219,26,17,0.0,frozenset({5174.0}),5174.0,0.6538461538461539,True,2024-07,1,2107,1
OH,PHL,MEM,2024,7,1220,26,16,1.0,frozenset({5596.0}),5596.0,0.6153846153846154,True,2024-07,1,2108,1
OH,PNS,CLT,2024,7,1107,29,16,0.0,frozenset({5188.0}),5188.0,0.5517241379310345,True,2024-07,1,2109,1
OH,CLT,CVG,2024,7,1217,29,17,0.0,frozenset({5134.0}),5134.0,0.5862068965517241,True,2024-07,1,2110,1
OH,CLT,CAK,2024,7,1292,24,15,1.0,frozenset({5184.0}),5184.0,0.625,True,2024-07,1,2111,1
AA,DFW,ABQ,2024,7,1300,27,22,0.0,frozenset({2894.0}),2894.0,0.8148148148148148,True,2024-07,1,2112,1
OH,PNS,DCA,2024,7,953,31,17,2.0,frozenset({5346.0}),5346.0,0.5483870967741935,True,2024-07,1,2113,1
AA,DFW,ALB,2024,7,1146,30,16,0.0,frozenset({2513.0}),2513.0,0.5333333333333333,True,2024-07,1,2114,1
WN,LAS,BWI,2024,7,970,12,9,0.0,"frozenset({1279.0, 3887.0})",3887.0,0.75,True,2024-07,1,2115,1
UA,BOS,EWR,2024,7,1150,27,15,3.0,frozenset({1391.0}),1391.0,0.5555555555555556,True,2024-07,1,2116,1
AA,DCA,BNA,2024,7,1239,23,13,1.0,frozenset({285.0}),285.0,0.5652173913043478,True,2024-07,1,2117,1
AA,DCA,ATL,2024,7,1215,25,13,1.0,frozenset({477.0}),477.0,0.52,True,2024-07,1,2118,1
WN,HOU,TUS,2024,7,955,22,13,1.0,"frozenset({4031.0, 2410.0, 3143.0})",3143.0,0.5909090909090909,True,2024-07,1,2119,1
AA,CLT,SYR,2024,7,1234,26,18,1.0,frozenset({1236.0}),1236.0,0.6923076923076923,True,2024-07,1,2120,1
OH,DCA,BNA,2024,7,1042,27,15,2.0,frozenset({5318.0}),5318.0,0.5555555555555556,True,2024-07,1,2121,1
OH,CLT,MYR,2024,7,1112,26,14,2.0,frozenset({5397.0}),5397.0,0.5384615384615384,True,2024-07,1,2122,1
OH,DCA,BTR,2024,7,1201,26,19,2.0,frozenset({5230.0}),5230.0,0.7307692307692307,True,2024-07,1,2123,1
OH,DCA,BUF,2024,7,1350,26,16,4.0,frozenset({5241.0}),5241.0,0.6153846153846154,True,2024-07,1,2124,1
OH,DCA,CAE,2024,7,1332,22,13,4.0,frozenset({5074.0}),5074.0,0.5909090909090909,True,2024-07,1,2125,1
AA,BDL,CLT,2024,7,1040,30,19,1.0,frozenset({2975.0}),2975.0,0.6333333333333333,True,2024-07,1,2126,1
OH,DCA,CAK,2024,7,1197,31,16,1.0,frozenset({5305.0}),5305.0,0.5161290322580645,True,2024-07,1,2127,1
OH,DCA,CHS,2024,7,1202,24,15,5.0,"frozenset({5098.0, 5167.0})",5167.0,0.625,True,2024-07,1,2128,1
WN,HOU,BNA,2024,7,860,12,7,1.0,"frozenset({1424.0, 2067.0})",2067.0,0.5833333333333334,True,2024-07,1,2129,1
AA,DFW,LIT,2024,7,1355,29,17,1.0,frozenset({1105.0}),1105.0,0.5862068965517241,True,2024-07,1,2130,2
WN,HOU,BWI,2024,7,1070,15,8,1.0,frozenset({3343.0}),3343.0,0.5333333333333333,True,2024-07,1,2131,1
OH,DCA,GSO,2024,7,1347,26,14,1.0,frozenset({5111.0}),5111.0,0.5384615384615384,True,2024-07,1,2132,1
AA,CLT,SRQ,2024,7,1119,28,20,3.0,frozenset({2673.0}),2673.0,0.7142857142857143,True,2024-07,1,2133,1
WN,MDW,RNO,2024,7,1290,10,6,0.0,frozenset({4927.0}),4927.0,0.6,True,2024-07,1,2134,1
WN,HOU,ELP,2024,7,925,25,13,1.0,frozenset({2253.0}),2253.0,0.52,True,2024-07,1,2135,1
OH,DCA,HPN,2024,7,1321,26,18,4.0,frozenset({5289.0}),5289.0,0.6923076923076923,True,2024-07,1,2136,1
WN,HOU,ELP,2024,7,1375,15,10,2.0,frozenset({1880.0}),1880.0,0.6666666666666666,True,2024-07,1,2137,1
WN,HOU,FLL,2024,7,1255,16,11,2.0,"frozenset({962.0, 1515.0})",962.0,0.6875,True,2024-07,1,2138,1
OH,DCA,HSV,2024,7,1020,26,18,1.0,frozenset({5368.0}),5368.0,0.6923076923076923,True,2024-07,1,2139,1
OH,DCA,CID,2024,7,1208,27,15,5.0,frozenset({5329.0}),5329.0,0.5555555555555556,True,2024-07,1,2140,1
AA,AUS,ORD,2024,7,1005,30,21,0.0,frozenset({1398.0}),1398.0,0.7,True,2024-07,1,2141,1
OH,DCA,BDL,2024,7,1344,26,14,5.0,frozenset({5229.0}),5229.0,0.5384615384615384,True,2024-07,1,2142,1
WN,MDW,RSW,2024,7,1210,26,14,0.0,"frozenset({4698.0, 2365.0, 2062.0})",2365.0,0.5384615384615384,True,2024-07,1,2143,1
WN,MDW,SMF,2024,7,1195,11,6,0.0,"frozenset({3448.0, 4251.0})",3448.0,0.5454545454545454,True,2024-07,1,2144,1
WN,HOU,ATL,2024,7,800,15,8,1.0,"frozenset({4593.0, 2469.0})",2469.0,0.5333333333333333,True,2024-07,1,2145,1
WN,HOU,ATL,2024,7,960,11,7,0.0,"frozenset({4593.0, 3652.0})",4593.0,0.6363636363636364,True,2024-07,1,2146,1
UA,AUS,IAH,2024,7,983,31,16,2.0,frozenset({352.0}),352.0,0.5161290322580645,True,2024-07,1,2147,1
AA,BDL,CLT,2024,7,1148,29,18,0.0,frozenset({2228.0}),2228.0,0.6206896551724138,True,2024-07,1,2148,1
UA,ATL,IAH,2024,7,1065,30,16,2.0,frozenset({287.0}),287.0,0.5333333333333333,True,2024-07,1,2149,1
UA,ATL,EWR,2024,7,1238,22,17,2.0,frozenset({277.0}),277.0,0.7727272727272727,True,2024-07,1,2150,1
OH,CLT,PNS,2024,7,1213,30,21,1.0,frozenset({5595.0}),5595.0,0.7,True,2024-07,1,2151,1
UA,ATL,EWR,2024,7,1115,21,13,2.0,frozenset({1697.0}),1697.0,0.6190476190476191,True,2024-07,2,1711,3
WN,HOU,AUS,2024,7,1010,12,7,1.0,"frozenset({3678.0, 3599.0})",3599.0,0.5833333333333334,True,2024-07,1,2152,1
OH,CLT,SAV,2024,7,1140,27,17,1.0,"frozenset({5313.0, 5114.0, 5659.0})",5659.0,0.6296296296296297,True,2024-07,1,2153,1
UA,ATL,EWR,2024,7,949,31,17,1.0,frozenset({555.0}),555.0,0.5483870967741935,True,2024-07,1,2154,1
WN,HOU,AUS,2024,7,835,11,7,1.0,frozenset({5261.0}),5261.0,0.6363636363636364,True,2024-07,1,2155,1
OH,CLT,SBN,2024,7,1215,27,15,1.0,frozenset({5240.0}),5240.0,0.5555555555555556,True,2024-07,1,2156,1
OH,CMH,CLT,2024,7,1076,25,14,1.0,frozenset({5199.0}),5199.0,0.56,True,2024-07,1,2157,1
OO,VCT,IAH,2024,7,985,22,12,1.0,frozenset({5073.0}),5073.0,0.5454545454545454,True,2024-07,1,2158,1
WN,OKC,HOU,2024,7,1225,11,6,1.0,frozenset({4053.0}),4053.0,0.5454545454545454,True,2024-07,1,2159,1
WN,MDW,SAT,2024,7,1280,25,15,0.0,frozenset({3917.0}),3917.0,0.6,True,2024-07,1,2160,1
AA,CLT,STL,2024,7,960,31,17,1.0,frozenset({2477.0}),2477.0,0.5483870967741935,True,2024-07,1,2161,1
AA,CLT,STL,2024,7,1369,25,16,1.0,frozenset({459.0}),459.0,0.64,True,2024-07,1,2162,1
WN,FLL,MCO,2024,7,1240,11,6,0.0,frozenset({3582.0}),3582.0,0.5454545454545454,True,2024-07,1,2163,1
OH,CLT,ORF,2024,7,1210,30,16,4.0,frozenset({5622.0}),5622.0,0.5333333333333333,True,2024-07,1,2164,1
WN,MDW,PVD,2024,7,1275,15,9,1.0,"frozenset({3200.0, 1538.0})",3200.0,0.6,True,2024-07,2,2003,2
WN,MDW,PVD,2024,7,1175,11,6,0.0,"frozenset({1538.0, 3359.0})",1538.0,0.5454545454545454,True,2024-07,1,2165,1
WN,ELP,PHX,2024,7,1195,11,7,0.0,frozenset({4802.0}),4802.0,0.6363636363636364,True,2024-07,1,2166,1
WN,HOU,PHX,2024,7,1345,19,10,1.0,frozenset({2535.0}),2535.0,0.5263157894736842,True,2024-07,1,2167,1
OH,HOU,DFW,2024,7,876,27,14,1.0,frozenset({5195.0}),5195.0,0.5185185185185185,True,2024-07,1,2168,1
OH,HPN,CLT,2024,7,1128,30,17,2.0,frozenset({5070.0}),5070.0,0.5666666666666667,True,2024-07,1,2169,1
OH,HPN,DCA,2024,7,1045,26,16,1.0,frozenset({5401.0}),5401.0,0.6153846153846154,True,2024-07,1,2170,1
AA,AUS,CLT,2024,7,942,30,18,0.0,"frozenset({509.0, 830.0})",509.0,0.6,True,2024-07,1,2171,1
OO,ORF,DTW,2024,7,993,11,6,0.0,"frozenset({4139.0, 3701.0})",4139.0,0.5454545454545454,True,2024-07,1,2172,1
WN,HOU,SAT,2024,7,1360,15,9,2.0,frozenset({3613.0}),3613.0,0.6,True,2024-07,1,2173,1
OH,HSV,DCA,2024,7,1112,26,18,3.0,frozenset({5368.0}),5368.0,0.6923076923076923,True,2024-07,1,2174,1
AA,CLT,VPS,2024,7,1247,30,19,1.0,frozenset({2197.0}),2197.0,0.6333333333333333,True,2024-07,1,2175,2
OH,CLT,MDT,2024,7,1355,29,16,2.0,frozenset({5217.0}),5217.0,0.5517241379310345,True,2024-07,1,2176,1
WN,HOU,SAV,2024,7,925,16,9,1.0,"frozenset({4329.0, 4283.0, 4327.0})",4329.0,0.5625,True,2024-07,1,2177,1
AA,CVG,CLT,2024,7,1060,30,17,1.0,"frozenset({1556.0, 1012.0})",1012.0,0.5666666666666667,True,2024-07,1,2178,1
AA,CVG,CLT,2024,7,1218,25,13,0.0,frozenset({430.0}),430.0,0.52,True,2024-07,1,2179,1
OH,CLT,MDT,2024,7,1257,27,14,1.0,frozenset({5163.0}),5163.0,0.5185185185185185,True,2024-07,1,2180,1
9E,CHA,ATL,2024,7,980,23,12,1.0,"frozenset({5274.0, 4891.0})",5274.0,0.5217391304347826,True,2024-07,1,2181,1
UA,BOS,EWR,2024,7,1070,26,19,2.0,frozenset({521.0}),521.0,0.7307692307692307,True,2024-07,1,2182,1
OH,IAD,CLT,2024,7,1210,29,15,2.0,frozenset({5337.0}),5337.0,0.5172413793103449,True,2024-07,1,2183,1
WN,HOU,SDF,2024,7,880,11,6,1.0,frozenset({3299.0}),3299.0,0.5454545454545454,True,2024-07,1,2184,1
AA,CVG,DFW,2024,7,963,25,13,0.0,frozenset({1658.0}),1658.0,0.52,True,2024-07,1,2185,1
9E,BHM,LGA,2024,7,1040,27,14,7.0,frozenset({4942.0}),4942.0,0.5185185185185185,True,2024-07,1,2186,1
OH,DCA,ROC,2024,7,1347,26,14,5.0,frozenset({5344.0}),5344.0,0.5384615384615384,True,2024-07,1,2187,1
AA,AUS,CLT,2024,7,1079,29,17,0.0,frozenset({798.0}),798.0,0.5862068965517241,True,2024-07,1,2188,1
WN,HOU,OAK,2024,7,1255,14,8,0.0,frozenset({265.0}),265.0,0.5714285714285714,True,2024-07,1,2189,1
WN,HOU,MCO,2024,7,975,11,6,1.0,frozenset({2570.0}),2570.0,0.5454545454545454,True,2024-07,1,2190,1
AA,CLT,TPA,2024,7,1011,31,22,0.0,frozenset({288.0}),288.0,0.7096774193548387,True,2024-07,2,1716,2
AA,CLT,TPA,2024,7,1108,30,23,2.0,frozenset({503.0}),503.0,0.7666666666666667,True,2024-07,1,2191,2
WN,HOU,MDW,2024,7,1005,21,12,2.0,frozenset({2679.0}),2679.0,0.5714285714285714,True,2024-07,1,2192,1
WN,HOU,MIA,2024,7,870,21,11,1.0,"frozenset({4952.0, 2157.0})",2157.0,0.5238095238095238,True,2024-07,1,2193,1
AA,CLT,TPA,2024,7,1217,30,23,8.0,frozenset({2022.0}),2022.0,0.7666666666666667,True,2024-07,3,1228,3
AA,CLT,TPA,2024,7,1350,29,22,7.0,frozenset({1773.0}),1773.0,0.7586206896551724,True,2024-07,3,1234,3
OH,DCA,SAV,2024,7,1185,26,15,0.0,frozenset({5554.0}),5554.0,0.5769230769230769,True,2024-07,1,2194,1
OH,DCA,SDF,2024,7,1190,23,14,2.0,frozenset({5191.0}),5191.0,0.6086956521739131,True,2024-07,1,2195,1
WN,HOU,OMA,2024,7,1005,11,7,1.0,frozenset({1246.0}),1246.0,0.6363636363636364,True,2024-07,1,2196,1
AA,CLT,TUL,2024,7,1240,30,18,2.0,frozenset({2662.0}),2662.0,0.6,True,2024-07,1,2197,2
WN,FAT,LAS,2024,7,895,11,6,0.0,frozenset({2800.0}),2800.0,0.5454545454545454,True,2024-07,1,2198,1
OH,DCA,TYS,2024,7,1185,27,16,2.0,frozenset({5484.0}),5484.0,0.5925925925925926,True,2024-07,1,2199,1
AA,AUS,MIA,2024,7,1067,31,18,1.0,frozenset({964.0}),964.0,0.5806451612903226,True,2024-07,1,2200,1
AA,CLT,SMF,2024,7,1165,26,18,1.0,frozenset({2464.0}),2464.0,0.6923076923076923,True,2024-07,1,2201,1
OH,DFW,SDF,2024,7,777,27,14,0.0,frozenset({5068.0}),5068.0,0.5185185185185185,True,2024-07,1,2202,1
OH,ECP,CLT,2024,7,1111,24,13,3.0,frozenset({5297.0}),5297.0,0.5416666666666666,True,2024-07,1,2203,1
AA,CLT,TYS,2024,7,1089,30,20,2.0,"frozenset({2377.0, 2922.0, 2171.0, 1550.0})",1550.0,0.6666666666666666,True,2024-07,1,2204,1
AA,CLT,TYS,2024,7,1370,29,19,0.0,frozenset({2377.0}),2377.0,0.6551724137931034,True,2024-07,1,2205,1
OH,GSP,CLT,2024,7,1107,29,16,2.0,frozenset({5379.0}),5379.0,0.5517241379310345,True,2024-07,1,2206,1
AA,CLT,SRQ,2024,7,1035,30,16,1.0,"frozenset({2673.0, 2471.0})",2471.0,0.5333333333333333,True,2024-07,1,2207,2
AA,COS,DFW,2024,7,1014,30,16,0.0,frozenset({1170.0}),1170.0,0.5333333333333333,True,2024-07,1,2208,1
OO,CHS,IAH,2024,7,1042,30,16,5.0,frozenset({5701.0}),5701.0,0.5333333333333333,True,2024-07,1,2209,1
OO,ORD,SUX,2024,7,1265,31,16,2.0,frozenset({5021.0}),5021.0,0.5161290322580645,True,2024-07,1,2210,1
WN,MCI,ATL,2024,7,1140,15,9,0.0,frozenset({682.0}),682.0,0.6,True,2024-07,1,2211,1
9E,LGA,BDL,2024,7,1275,27,15,4.0,frozenset({5276.0}),5276.0,0.5555555555555556,True,2024-07,1,2212,1
WN,MCI,HOU,2024,7,1195,15,11,1.0,frozenset({2452.0}),2452.0,0.7333333333333333,True,2024-07,1,2213,1
WN,MCI,IND,2024,7,995,11,6,0.0,frozenset({203.0}),203.0,0.5454545454545454,True,2024-07,1,2214,1
WN,MCI,MCO,2024,7,1160,12,7,0.0,"frozenset({1522.0, 1741.0})",1522.0,0.5833333333333334,True,2024-07,1,2215,1
AA,DFW,ECP,2024,7,1159,29,15,0.0,frozenset({1794.0}),1794.0,0.5172413793103449,True,2024-07,1,2216,1
AA,DFW,ICT,2024,7,1355,29,17,2.0,frozenset({1094.0}),1094.0,0.5862068965517241,True,2024-07,1,2217,2
WN,PHX,BOI,2024,7,1200,11,6,0.0,frozenset({3510.0}),3510.0,0.5454545454545454,True,2024-07,1,2218,1
WN,PHX,BWI,2024,7,855,11,7,0.0,frozenset({3836.0}),3836.0,0.6363636363636364,True,2024-07,1,2219,1
OO,LAS,SAN,2024,7,1050,19,10,1.0,frozenset({3741.0}),3741.0,0.5263157894736842,True,2024-07,2,1767,2
9E,JFK,RIC,2024,7,984,21,12,4.0,frozenset({5301.0}),5301.0,0.5714285714285714,True,2024-07,1,2220,1
OO,JFK,ORD,2024,7,1182,24,14,2.0,frozenset({3709.0}),3709.0,0.5833333333333334,True,2024-07,2,1817,3
9E,JFK,CLT,2024,7,1169,31,18,5.0,frozenset({5036.0}),5036.0,0.5806451612903226,True,2024-07,1,2221,1
WN,MCO,ATL,2024,7,930,11,7,0.0,frozenset({3657.0}),3657.0,0.6363636363636364,True,2024-07,1,2222,1
WN,MCO,ATL,2024,7,1035,10,7,0.0,frozenset({3657.0}),3657.0,0.7,True,2024-07,1,2223,1
WN,MCO,ATL,2024,7,1100,19,11,1.0,"frozenset({1274.0, 4798.0})",1274.0,0.5789473684210527,True,2024-07,1,2224,1
WN,MCO,ATL,2024,7,1220,25,16,1.0,"frozenset({2080.0, 291.0})",2080.0,0.64,True,2024-07,1,2225,1
AA,DFW,EGE,2024,7,1125,29,15,2.0,frozenset({1245.0}),1245.0,0.5172413793103449,True,2024-07,1,2226,1
9E,JFK,CLT,2024,7,990,31,17,1.0,frozenset({5077.0}),5077.0,0.5483870967741935,True,2024-07,1,2227,1
WN,MDW,BDL,2024,7,1240,15,9,1.0,"frozenset({1661.0, 1422.0})",1661.0,0.6,True,2024-07,1,2228,1
9E,JFK,CHS,2024,7,1100,31,16,5.0,"frozenset({4812.0, 5293.0})",5293.0,0.5161290322580645,True,2024-07,1,2229,1
9E,LGA,BHM,2024,7,1165,27,14,8.0,frozenset({4938.0}),4938.0,0.5185185185185185,True,2024-07,1,2230,1
9E,ILM,LGA,2024,7,1068,27,18,6.0,"frozenset({4825.0, 4843.0})",4825.0,0.6666666666666666,True,2024-07,1,2231,1
9E,LGA,CAE,2024,7,1259,21,14,5.0,frozenset({5057.0}),5057.0,0.6666666666666666,True,2024-07,1,2232,1
OO,AVL,ORD,2024,7,1070,29,15,1.0,frozenset({5675.0}),5675.0,0.5172413793103449,True,2024-07,1,2233,2
9E,LGA,RDU,2024,7,1201,27,14,9.0,"frozenset({4956.0, 5085.0})",4956.0,0.5185185185185185,True,2024-07,1,2234,1
WN,MIA,ATL,2024,7,1015,11,6,0.0,"frozenset({1337.0, 3258.0})",3258.0,0.5454545454545454,True,2024-07,1,2235,1
9E,LGA,RDU,2024,7,1020,31,16,6.0,"frozenset({5232.0, 5055.0})",5232.0,0.5161290322580645,True,2024-07,1,2236,1
WN,LAX,PHX,2024,7,1190,11,10,0.0,frozenset({3428.0}),3428.0,0.9090909090909091,True,2024-07,1,2237,1
9E,LGA,PIT,2024,7,1050,21,11,7.0,frozenset({5298.0}),5298.0,0.5238095238095238,True,2024-07,1,2238,1
9E,LGA,MYR,2024,7,1215,21,12,5.0,frozenset({5076.0}),5076.0,0.5714285714285714,True,2024-07,1,2239,1
AA,DFW,DEN,2024,7,1000,31,17,0.0,frozenset({1322.0}),1322.0,0.5483870967741935,True,2024-07,3,1465,3
AA,DFW,DEN,2024,7,1370,29,16,3.0,frozenset({662.0}),662.0,0.5517241379310345,True,2024-07,3,1469,3
9E,LGA,MSN,2024,7,1250,27,15,5.0,frozenset({4973.0}),4973.0,0.5555555555555556,True,2024-07,1,2240,1
9E,LGA,IND,2024,7,1175,27,14,2.0,"frozenset({5220.0, 4948.0, 5404.0})",5220.0,0.5185185185185185,True,2024-07,1,2241,1
9E,LGA,ILM,2024,7,1259,27,14,7.0,frozenset({5204.0}),5204.0,0.5185185185185185,True,2024-07,1,2242,1
9E,LGA,GSP,2024,7,1169,27,17,7.0,frozenset({4996.0}),4996.0,0.6296296296296297,True,2024-07,1,2243,1
9E,LGA,GSO,2024,7,1199,27,15,7.0,frozenset({5118.0}),5118.0,0.5555555555555556,True,2024-07,1,2244,1
9E,LGA,GRR,2024,7,1230,27,15,4.0,frozenset({5078.0}),5078.0,0.5555555555555556,True,2024-07,1,2245,1
AA,DFW,DSM,2024,7,796,28,16,0.0,"frozenset({1664.0, 2347.0})",1664.0,0.5714285714285714,True,2024-07,1,2246,1
9E,LGA,DAY,2024,7,1080,27,15,5.0,frozenset({5049.0}),5049.0,0.5555555555555556,True,2024-07,1,2247,1
9E,LGA,CLT,2024,7,1160,27,14,7.0,frozenset({5037.0}),5037.0,0.5185185185185185,True,2024-07,1,2248,1
WN,PHX,BNA,2024,7,1190,15,8,0.0,"frozenset({5963.0, 982.0})",982.0,0.5333333333333333,True,2024-07,1,2249,1
WN,LAX,SJC,2024,7,1280,11,6,0.0,frozenset({3595.0}),3595.0,0.5454545454545454,True,2024-07,1,2250,1
9E,LGA,CHS,2024,7,1195,27,15,8.0,frozenset({4978.0}),4978.0,0.5555555555555556,True,2024-07,1,2251,1
WN,PHX,BOI,2024,7,1165,10,7,0.0,frozenset({2698.0}),2698.0,0.7,True,2024-07,1,2252,1
WN,LGA,DAL,2024,7,1170,27,14,1.0,frozenset({4351.0}),4351.0,0.5185185185185185,True,2024-07,2,1882,2
WN,MIA,AUS,2024,7,805,15,10,0.0,"frozenset({2056.0, 4863.0})",2056.0,0.6666666666666666,True,2024-07,1,2253,1
OO,IAH,TUS,2024,7,1201,31,18,5.0,frozenset({5467.0}),5467.0,0.5806451612903226,True,2024-07,1,2254,1
WN,MCO,BHM,2024,7,1280,21,11,1.0,frozenset({4874.0}),4874.0,0.5238095238095238,True,2024-07,2,1885,2
9E,EWR,CVG,2024,7,1215,25,18,7.0,frozenset({5065.0}),5065.0,0.72,True,2024-07,1,2255,2
9E,EWR,CVG,2024,7,870,18,10,1.0,frozenset({5075.0}),5075.0,0.5555555555555556,True,2024-07,1,2256,2
AA,DFW,IAH,2024,7,988,31,17,2.0,frozenset({1416.0}),1416.0,0.5483870967741935,True,2024-07,2,1790,2
WN,MCO,HOU,2024,7,1105,25,13,0.0,"frozenset({4146.0, 4276.0, 3877.0})",3877.0,0.52,True,2024-07,1,2257,1
AA,DFW,FAT,2024,7,1250,30,17,1.0,frozenset({2472.0}),2472.0,0.5666666666666667,True,2024-07,1,2258,1
WN,MCO,HOU,2024,7,1280,18,12,1.0,"frozenset({1880.0, 3405.0})",3405.0,0.6666666666666666,True,2024-07,2,1891,2
WN,MCO,HOU,2024,7,1350,11,6,0.0,frozenset({3405.0}),3405.0,0.5454545454545454,True,2024-07,2,1891,2
9E,DCA,RDU,2024,7,1306,22,12,5.0,frozenset({5428.0}),5428.0,0.5454545454545454,True,2024-07,1,2259,1
AA,DFW,GRR,2024,7,739,31,16,1.0,frozenset({981.0}),981.0,0.5161290322580645,True,2024-07,1,2260,1
WN,MCO,MCI,2024,7,1195,11,6,0.0,frozenset({2426.0}),2426.0,0.5454545454545454,True,2024-07,1,2261,1
WN,MCO,RDU,2024,7,1200,11,6,0.0,"frozenset({3915.0, 3420.0})",3420.0,0.5454545454545454,True,2024-07,1,2262,1
WN,MCO,MDW,2024,7,1095,12,7,0.0,"frozenset({4056.0, 1500.0})",4056.0,0.5833333333333334,True,2024-07,1,2263,1
WN,PHX,ELP,2024,7,1315,15,9,0.0,"frozenset({3428.0, 2727.0})",3428.0,0.6,True,2024-07,1,2264,1
WN,MCO,MDW,2024,7,1355,11,9,0.0,frozenset({3644.0}),3644.0,0.8181818181818182,True,2024-07,1,2265,1
WN,MCO,PIT,2024,7,1035,25,16,0.0,"frozenset({313.0, 2146.0})",2146.0,0.64,True,2024-07,1,2266,1
WN,MCO,MEM,2024,7,960,15,8,0.0,"frozenset({2086.0, 5295.0})",5295.0,0.5333333333333333,True,2024-07,1,2267,1
WN,PHX,MKE,2024,7,1175,11,8,0.0,frozenset({5206.0}),5206.0,0.7272727272727273,True,2024-07,1,2268,1
AA,DFW,GSP,2024,7,1120,26,16,1.0,frozenset({2402.0}),2402.0,0.6153846153846154,True,2024-07,1,2269,1
9E,CVG,LGA,2024,7,1118,27,15,6.0,frozenset({5093.0}),5093.0,0.5555555555555556,True,2024-07,1,2270,1
OO,CRW,ATL,2024,7,1108,21,15,2.0,frozenset({3811.0}),3811.0,0.7142857142857143,True,2024-07,1,2271,1
9E,CVG,EWR,2024,7,998,25,18,7.0,frozenset({5083.0}),5083.0,0.72,True,2024-07,1,2272,1
WN,MCO,DEN,2024,7,1315,29,17,0.0,"frozenset({3025.0, 4567.0})",4567.0,0.5862068965517241,True,2024-07,1,2273,1
AA,DFW,IAH,2024,7,1062,27,14,3.0,frozenset({1635.0}),1635.0,0.5185185185185185,True,2024-07,2,1707,2
OO,FAY,ATL,2024,7,995,11,6,1.0,"frozenset({3760.0, 3648.0})",3760.0,0.5454545454545454,True,2024-07,1,2274,1
AA,DFW,IAH,2024,7,1110,30,18,2.0,frozenset({1392.0}),1392.0,0.6,True,2024-07,3,1564,3
OO,IAH,PIB,2024,7,920,22,12,2.0,frozenset({5044.0}),5044.0,0.5454545454545454,True,2024-07,1,2275,1
OO,IAH,MEM,2024,7,980,18,10,1.0,frozenset({5660.0}),5660.0,0.5555555555555556,True,2024-07,1,2276,1
9E,HPN,ATL,2024,7,1120,22,14,2.0,"frozenset({5517.0, 5238.0})",5238.0,0.6363636363636364,True,2024-07,1,2277,1
WN,MIA,BNA,2024,7,1130,11,9,0.0,frozenset({3454.0}),3454.0,0.8181818181818182,True,2024-07,1,2278,1
WN,MCO,BWI,2024,7,1215,25,14,2.0,"frozenset({2341.0, 3695.0})",2341.0,0.56,True,2024-07,1,2279,1
AA,DFW,ELP,2024,7,940,30,16,0.0,frozenset({1681.0}),1681.0,0.5333333333333333,True,2024-07,1,2280,1
WN,MDW,ATL,2024,7,1200,11,8,0.0,"frozenset({153.0, 4405.0})",153.0,0.7272727272727273,True,2024-07,1,2281,1
OO,IAH,LIT,2024,7,860,31,17,2.0,frozenset({5321.0}),5321.0,0.5483870967741935,True,2024-07,1,2282,1
AA,DFW,ELP,2024,7,1133,29,16,0.0,frozenset({555.0}),555.0,0.5517241379310345,True,2024-07,1,2283,1
9E,GSP,LGA,2024,7,1093,27,14,6.0,"frozenset({4972.0, 4948.0})",4948.0,0.5185185185185185,True,2024-07,1,2284,1
WN,LAX,MDW,2024,7,945,15,8,0.0,"frozenset({1544.0, 2572.0})",1544.0,0.5333333333333333,True,2024-07,1,2285,1
9E,GSO,LGA,2024,7,1095,27,14,6.0,frozenset({5107.0}),5107.0,0.5185185185185185,True,2024-07,1,2286,1
AA,DFW,ICT,2024,7,995,31,18,0.0,frozenset({2366.0}),2366.0,0.5806451612903226,True,2024-07,1,2287,1
OO,IAH,BHM,2024,7,1190,30,19,5.0,frozenset({5547.0}),5547.0,0.6333333333333333,True,2024-07,1,2288,1
9E,GRR,LGA,2024,7,1091,27,16,4.0,frozenset({5104.0}),5104.0,0.5925925925925926,True,2024-07,1,2289,1
9E,EWR,RDU,2024,7,1157,25,18,9.0,frozenset({5222.0}),5222.0,0.72,True,2024-07,1,2290,2
WN,MCO,DAL,2024,7,1110,21,11,0.0,"frozenset({5258.0, 3946.0, 4555.0, 4074.0, 3579.0})",3946.0,0.5238095238095238,True,2024-07,1,2291,1
WN,MCO,DAL,2024,7,1225,16,11,1.0,"frozenset({4448.0, 1297.0, 4019.0})",1297.0,0.6875,True,2024-07,1,2292,1
AA,DFW,EWR,2024,7,866,31,20,1.0,frozenset({2222.0}),2222.0,0.6451612903225806,True,2024-07,1,2293,1
AA,DFW,EWR,2024,7,1110,30,19,1.0,frozenset({726.0}),726.0,0.6333333333333333,True,2024-07,1,2294,1
WN,MCO,TUL,2024,7,980,11,7,0.0,frozenset({1453.0}),1453.0,0.6363636363636364,True,2024-07,1,2295,1
WN,MCO,DCA,2024,7,1080,26,18,0.0,"frozenset({3209.0, 3261.0})",3261.0,0.6923076923076923,True,2024-07,1,2296,1
WN,MCO,CMH,2024,7,1100,15,8,0.0,"frozenset({4594.0, 1645.0})",4594.0,0.5333333333333333,True,2024-07,1,2297,1
9E,CVG,DCA,2024,7,1033,27,14,2.0,frozenset({5134.0}),5134.0,0.5185185185185185,True,2024-07,1,2298,1
9E,LGA,RIC,2024,7,1259,27,14,5.0,frozenset({5113.0}),5113.0,0.5185185185185185,True,2024-07,1,2299,1
YX,LGA,IAD,2024,7,1169,31,16,3.0,frozenset({3535.0}),3535.0,0.5161290322580645,True,2024-07,1,2300,1
9E,SAV,LGA,2024,7,1127,21,12,6.0,frozenset({5178.0}),5178.0,0.5714285714285714,True,2024-07,1,2301,1
AA,DFW,LAS,2024,7,1319,26,16,1.0,frozenset({2390.0}),2390.0,0.6153846153846154,True,2024-07,1,2302,1
9E,ROC,LGA,2024,7,1207,27,16,9.0,frozenset({5343.0}),5343.0,0.5925925925925926,True,2024-07,1,2303,1
YX,MKE,EWR,2024,7,1110,25,16,2.0,frozenset({3533.0}),3533.0,0.64,True,2024-07,1,2304,1
9E,CLE,LGA,2024,7,1199,22,13,3.0,"frozenset({5178.0, 5205.0})",5205.0,0.5909090909090909,True,2024-07,1,2305,1
AA,DFW,LAS,2024,7,1269,30,17,0.0,frozenset({1797.0}),1797.0,0.5666666666666667,True,2024-07,1,2306,1
WN,LAS,PHX,2024,7,1100,17,9,0.0,"frozenset({2704.0, 716.0, 3134.0})",3134.0,0.5294117647058824,True,2024-07,1,2307,1
9E,RIC,MSP,2024,7,1137,13,9,2.0,frozenset({5344.0}),5344.0,0.6923076923076923,True,2024-07,1,2308,1
AA,DFW,LAS,2024,7,1185,29,20,0.0,frozenset({1459.0}),1459.0,0.6896551724137931,True,2024-07,1,2309,1
9E,RIC,LGA,2024,7,1182,27,16,6.0,frozenset({5360.0}),5360.0,0.5925925925925926,True,2024-07,1,2310,1
AA,DFW,LAS,2024,7,1133,29,16,0.0,frozenset({1771.0}),1771.0,0.5517241379310345,True,2024-07,1,2311,1
9E,RIC,JFK,2024,7,1120,31,16,6.0,"frozenset({4826.0, 4803.0})",4803.0,0.5161290322580645,True,2024-07,1,2312,1
9E,RDU,LGA,2024,7,1155,27,18,8.0,frozenset({5101.0}),5101.0,0.6666666666666666,True,2024-07,1,2313,1
OO,MTJ,IAH,2024,7,920,31,16,4.0,frozenset({5739.0}),5739.0,0.5161290322580645,True,2024-07,1,2314,1
WN,LAS,SEA,2024,7,1240,11,7,0.0,frozenset({1877.0}),1877.0,0.6363636363636364,True,2024-07,1,2315,1
AA,DFW,LAS,2024,7,782,27,14,0.0,frozenset({777.0}),777.0,0.5185185185185185,True,2024-07,1,2316,1
9E,RDU,LGA,2024,7,1070,31,16,5.0,"frozenset({5108.0, 4916.0, 5149.0})",4916.0,0.5161290322580645,True,2024-07,1,2317,1
9E,RDU,JFK,2024,7,1199,31,19,8.0,frozenset({5219.0}),5219.0,0.6129032258064516,True,2024-07,1,2318,1
9E,RDU,EWR,2024,7,1069,25,17,8.0,"frozenset({5123.0, 5268.0})",5268.0,0.68,True,2024-07,1,2319,2
WN,MDW,LAS,2024,7,1360,15,8,2.0,frozenset({1856.0}),1856.0,0.5333333333333333,True,2024-07,2,2016,2
9E,RDU,DCA,2024,7,1185,22,15,5.0,frozenset({5198.0}),5198.0,0.6818181818181818,True,2024-07,1,2320,1
AA,DFW,CID,2024,7,1285,30,21,0.0,frozenset({2394.0}),2394.0,0.7,True,2024-07,3,1545,3
9E,STL,LGA,2024,7,1150,21,12,7.0,frozenset({4928.0}),4928.0,0.5714285714285714,True,2024-07,1,2321,1
YX,MYR,EWR,2024,7,1110,30,17,6.0,frozenset({3712.0}),3712.0,0.5666666666666667,True,2024-07,1,2322,2
AA,DFW,BUF,2024,7,1185,30,16,0.0,frozenset({574.0}),574.0,0.5333333333333333,True,2024-07,1,2323,1
AA,ALB,CLT,2024,7,1051,30,19,1.0,frozenset({1857.0}),1857.0,0.6333333333333333,True,2024-07,1,2324,1
AA,DFW,LAX,2024,7,1245,30,17,2.0,"frozenset({1641.0, 1725.0})",1641.0,0.5666666666666667,True,2024-07,1,2325,1
WN,LAS,LAX,2024,7,1160,21,11,1.0,"frozenset({4446.0, 2774.0})",4446.0,0.5238095238095238,True,2024-07,1,2326,1
WN,LAS,LAX,2024,7,1240,25,14,0.0,"frozenset({4291.0, 4228.0, 532.0})",532.0,0.56,True,2024-07,2,1869,2
WN,MDW,MCO,2024,7,1225,19,10,1.0,"frozenset({329.0, 4979.0})",4979.0,0.5263157894736842,True,2024-07,1,2327,1
WN,LAS,LAX,2024,7,1300,15,8,0.0,"frozenset({2774.0, 4126.0})",4126.0,0.5333333333333333,True,2024-07,1,2328,1
WN,MCO,PHL,2024,7,1050,11,6,0.0,frozenset({2091.0}),2091.0,0.5454545454545454,True,2024-07,1,2329,1
WN,PHX,SLC,2024,7,1255,21,14,0.0,"frozenset({4802.0, 3667.0})",4802.0,0.6666666666666666,True,2024-07,1,2330,1
WN,LAS,MCO,2024,7,1075,10,6,0.0,frozenset({107.0}),107.0,0.6,True,2024-07,1,2331,1
AA,ABQ,DFW,2024,7,1029,30,19,1.0,frozenset({9.0}),9.0,0.6333333333333333,True,2024-07,1,2332,1
9E,PIT,LGA,2024,7,1196,21,12,6.0,frozenset({5298.0}),5298.0,0.5714285714285714,True,2024-07,1,2333,1
WN,LAS,MDW,2024,7,1135,25,17,0.0,frozenset({2480.0}),2480.0,0.68,True,2024-07,1,2334,1
AA,DFW,BNA,2024,7,1126,30,16,2.0,frozenset({1044.0}),1044.0,0.5333333333333333,True,2024-07,3,1303,3
9E,CLE,JFK,2024,7,1105,24,14,4.0,frozenset({4975.0}),4975.0,0.5833333333333334,True,2024-07,1,2335,1
WN,LAS,MKE,2024,7,1195,11,7,0.0,frozenset({3271.0}),3271.0,0.6363636363636364,True,2024-07,1,2336,1
OO,ORD,HSV,2024,7,680,31,17,0.0,frozenset({5335.0}),5335.0,0.5483870967741935,True,2024-07,1,2337,2
WN,LAS,OAK,2024,7,1365,15,10,0.0,"frozenset({4088.0, 3318.0})",4088.0,0.6666666666666666,True,2024-07,1,2338,1
WN,LAS,OGG,2024,7,595,31,16,0.0,frozenset({2034.0}),2034.0,0.5161290322580645,True,2024-07,1,2339,1
WN,LAS,OGG,2024,7,655,31,18,0.0,frozenset({3993.0}),3993.0,0.5806451612903226,True,2024-07,1,2340,1
9E,TLH,ATL,2024,7,1186,22,16,4.0,"frozenset({5192.0, 5223.0})",5192.0,0.7272727272727273,True,2024-07,1,2341,1
WN,PBI,ATL,2024,7,985,15,8,0.0,"frozenset({3097.0, 3143.0})",3097.0,0.5333333333333333,True,2024-07,1,2342,1
WN,MDW,LAX,2024,7,1360,15,9,1.0,"frozenset({5147.0, 255.0})",5147.0,0.6,True,2024-07,2,2018,2
AA,DFW,BNA,2024,7,975,25,14,3.0,frozenset({2936.0}),2936.0,0.56,True,2024-07,1,2343,1
AA,DFW,BFL,2024,7,1209,28,16,0.0,"frozenset({2626.0, 1479.0})",2626.0,0.5714285714285714,True,2024-07,1,2344,1
OO,MSP,FWA,2024,7,1097,31,16,0.0,frozenset({3783.0}),3783.0,0.5161290322580645,True,2024-07,1,2345,1
WN,PHX,SEA,2024,7,1115,18,10,0.0,"frozenset({2256.0, 3780.0, 621.0})",3780.0,0.5555555555555556,True,2024-07,1,2346,1
WN,MDW,TPA,2024,7,1280,15,8,2.0,frozenset({3347.0}),3347.0,0.5333333333333333,True,2024-07,1,2347,1
OO,ATL,CRW,2024,7,1292,24,15,2.0,frozenset({3810.0}),3810.0,0.625,True,2024-07,1,2348,1
AA,BNA,CLT,2024,7,906,30,17,0.0,frozenset({2945.0}),2945.0,0.5666666666666667,True,2024-07,1,2349,1
YX,PHL,LGA,2024,7,1129,27,14,1.0,frozenset({4398.0}),4398.0,0.5185185185185185,True,2024-07,1,2350,1
WN,MDW,CLT,2024,7,1255,15,8,0.0,frozenset({3980.0}),3980.0,0.5333333333333333,True,2024-07,1,2351,1
OO,ATL,DHN,2024,7,1255,25,13,1.0,"frozenset({4068.0, 4156.0})",4068.0,0.52,True,2024-07,1,2352,1
OO,ATL,SBN,2024,7,905,21,12,1.0,frozenset({3640.0}),3640.0,0.5714285714285714,True,2024-07,1,2353,1
WN,LAX,DEN,2024,7,1310,15,9,0.0,"frozenset({2608.0, 1289.0})",1289.0,0.6,True,2024-07,1,2354,1
9E,LGA,STL,2024,7,1139,27,14,8.0,frozenset({4926.0}),4926.0,0.5185185185185185,True,2024-07,1,2355,1
9E,LGA,STL,2024,7,995,24,14,4.0,"frozenset({4928.0, 5435.0})",4928.0,0.5833333333333334,True,2024-07,1,2356,1
9E,LGA,SAV,2024,7,1220,27,14,5.0,"frozenset({4810.0, 5398.0})",5398.0,0.5185185185185185,True,2024-07,1,2357,1
9E,LGA,ROC,2024,7,1317,27,17,9.0,frozenset({5417.0}),5417.0,0.6296296296296297,True,2024-07,1,2358,1
OO,LGA,SYR,2024,7,1319,27,14,3.0,"frozenset({4131.0, 3995.0})",4131.0,0.5185185185185185,True,2024-07,1,2359,1
9E,LGA,ROA,2024,7,1225,27,14,2.0,frozenset({5155.0}),5155.0,0.5185185185185185,True,2024-07,1,2360,1
WN,MDW,BWI,2024,7,1340,10,6,1.0,frozenset({4704.0}),4704.0,0.6,True,2024-07,1,2361,1
WN,LAX,LAS,2024,7,1330,11,9,0.0,frozenset({544.0}),544.0,0.8181818181818182,True,2024-07,2,1912,2
OO,LGA,IAH,2024,7,1070,22,14,3.0,frozenset({5399.0}),5399.0,0.6363636363636364,True,2024-07,1,2362,1
WN,MDW,BWI,2024,7,1205,12,10,1.0,"frozenset({1600.0, 3333.0})",3333.0,0.8333333333333334,True,2024-07,1,2363,1
WN,MDW,BUF,2024,7,1250,19,12,1.0,frozenset({237.0}),237.0,0.631578947368421,True,2024-07,1,2364,1
WN,LAX,MCI,2024,7,1120,25,13,0.0,frozenset({4025.0}),4025.0,0.52,True,2024-07,1,2365,1
9E,CLT,LGA,2024,7,1170,27,20,8.0,"frozenset({4929.0, 4918.0})",4918.0,0.7407407407407407,True,2024-07,1,2366,1
9E,MOB,ATL,2024,7,1130,22,13,3.0,"frozenset({5361.0, 5494.0, 4814.0})",4814.0,0.5909090909090909,True,2024-07,1,2367,1
OO,ATL,CRW,2024,7,980,21,11,1.0,frozenset({3811.0}),3811.0,0.5238095238095238,True,2024-07,1,2368,1
9E,ORF,JFK,2024,7,962,24,13,5.0,frozenset({5395.0}),5395.0,0.5416666666666666,True,2024-07,1,2369,1
WN,PHL,BNA,2024,7,1250,15,8,0.0,frozenset({1197.0}),1197.0,0.5333333333333333,True,2024-07,1,2370,1
WN,LAS,SMF,2024,7,1035,23,13,0.0,"frozenset({396.0, 2052.0, 1268.0, 4364.0})",4364.0,0.5652173913043478,True,2024-07,1,2371,1
WN,LAS,SMF,2024,7,1160,26,15,0.0,"frozenset({4714.0, 2958.0, 2623.0})",2958.0,0.5769230769230769,True,2024-07,1,2372,1
WN,PHL,BNA,2024,7,1165,10,6,0.0,frozenset({2547.0}),2547.0,0.6,True,2024-07,1,2373,1
WN,MDW,HOU,2024,7,1375,15,15,2.0,"frozenset({4473.0, 3628.0})",4473.0,1.0,True,2024-07,1,2374,1
WN,LAS,STL,2024,7,1090,15,9,0.0,"frozenset({3809.0, 4538.0})",4538.0,0.6,True,2024-07,1,2375,1
WN,MDW,HOU,2024,7,1300,14,10,0.0,frozenset({3628.0}),3628.0,0.7142857142857143,True,2024-07,1,2376,1
WN,MDW,HOU,2024,7,1020,12,8,0.0,frozenset({1133.0}),1133.0,0.6666666666666666,True,2024-07,1,2377,1
9E,CLT,JFK,2024,7,982,31,16,6.0,frozenset({5053.0}),5053.0,0.5161290322580645,True,2024-07,1,2378,1
9E,CLT,JFK,2024,7,1187,31,19,5.0,frozenset({5067.0}),5067.0,0.6129032258064516,True,2024-07,1,2379,1
WN,MDW,FLL,2024,7,1225,19,10,1.0,frozenset({2244.0}),2244.0,0.5263157894736842,True,2024-07,1,2380,1
WN,MIA,BWI,2024,7,1130,11,7,0.0,frozenset({1493.0}),1493.0,0.6363636363636364,True,2024-07,1,2381,1
WN,LAS,STL,2024,7,1210,15,8,0.0,"frozenset({2930.0, 2837.0})",2930.0,0.5333333333333333,True,2024-07,1,2382,1
WN,LAS,TUL,2024,7,1055,26,14,0.0,"frozenset({346.0, 2173.0})",2173.0,0.5384615384615384,True,2024-07,1,2383,1
WN,MDW,FLL,2024,7,1185,10,6,0.0,frozenset({3618.0}),3618.0,0.6,True,2024-07,1,2384,1
WN,LAX,AUS,2024,7,1130,10,6,0.0,frozenset({3671.0}),3671.0,0.6,True,2024-07,1,2385,1
AA,DFW,JAX,2024,7,1040,26,14,0.0,frozenset({2449.0}),2449.0,0.5384615384615384,True,2024-07,1,2386,1
AA,DFW,CLT,2024,7,1073,29,16,0.0,frozenset({1029.0}),1029.0,0.5517241379310345,True,2024-07,1,2387,1
WN,MDW,DEN,2024,7,1305,25,13,1.0,frozenset({3395.0}),3395.0,0.52,True,2024-07,1,2388,1
OO,MGM,ATL,2024,7,1079,21,11,1.0,frozenset({4064.0}),4064.0,0.5238095238095238,True,2024-07,1,2389,1
AA,DFW,CLT,2024,7,1130,29,15,2.0,frozenset({522.0}),522.0,0.5172413793103449,True,2024-07,1,2390,1
9E,ORF,LGA,2024,7,1030,27,17,4.0,"frozenset({4915.0, 5348.0})",5348.0,0.6296296296296297,True,2024-07,1,2391,1
9E,CLT,LGA,2024,7,1074,31,19,6.0,"frozenset({4825.0, 5261.0})",5261.0,0.6129032258064516,True,2024-07,1,2392,1
9E,PIT,LGA,2024,7,1025,27,17,2.0,"frozenset({4875.0, 5159.0})",5159.0,0.6296296296296297,True,2024-07,1,2393,1
AA,CLT,SJU,2024,7,1130,29,15,0.0,frozenset({2993.0}),2993.0,0.5172413793103449,True,2024-07,1,2394,1
WN,BUF,BWI,2024,7,885,11,7,0.0,frozenset({2725.0}),2725.0,0.6363636363636364,True,2024-07,1,2395,1
AA,CLT,SFO,2024,7,1231,20,11,0.0,frozenset({2112.0}),2112.0,0.55,True,2024-07,3,1268,3
AA,CLT,CMH,2024,7,1375,25,16,1.0,frozenset({827.0}),827.0,0.64,True,2024-07,1,2396,2
WN,MSY,DAL,2024,7,995,12,7,0.0,"frozenset({473.0, 4802.0})",4802.0,0.5833333333333334,True,2024-07,1,2397,1
WN,MSY,DCA,2024,7,990,22,12,0.0,"frozenset({4346.0, 3046.0})",3046.0,0.5454545454545454,True,2024-07,1,2398,1
UA,RDU,EWR,2024,7,1200,30,17,1.0,frozenset({1587.0}),1587.0,0.5666666666666667,True,2024-07,1,2399,1
UA,RDU,EWR,2024,7,1087,31,18,2.0,frozenset({2478.0}),2478.0,0.5806451612903226,True,2024-07,1,2400,2
WN,BWI,MCI,2024,7,960,10,7,0.0,frozenset({3001.0}),3001.0,0.7,True,2024-07,1,2401,1
AA,CLT,LAS,2024,7,905,29,15,0.0,frozenset({750.0}),750.0,0.5172413793103449,True,2024-07,1,2402,1
AA,CLT,LAS,2024,7,1114,20,17,2.0,frozenset({3017.0}),3017.0,0.85,True,2024-07,1,2403,1
AA,CLT,LAS,2024,7,1233,30,19,2.0,frozenset({1474.0}),1474.0,0.6333333333333333,True,2024-07,1,2404,1
WN,BWI,MCI,2024,7,1215,11,6,0.0,frozenset({2108.0}),2108.0,0.5454545454545454,True,2024-07,1,2405,1
AA,CLT,CMH,2024,7,1122,30,20,3.0,frozenset({1151.0}),1151.0,0.6666666666666666,True,2024-07,1,2406,1
AA,CLT,LAX,2024,7,1170,29,22,1.0,"frozenset({3016.0, 2108.0})",3016.0,0.7586206896551724,True,2024-07,1,2407,1
AA,CLT,LAX,2024,7,1249,30,17,3.0,frozenset({1138.0}),1138.0,0.5666666666666667,True,2024-07,1,2408,1
AA,CLT,LEX,2024,7,955,26,14,1.0,frozenset({2925.0}),2925.0,0.5384615384615384,True,2024-07,1,2409,1
AA,CLT,LEX,2024,7,1281,26,17,2.0,frozenset({2807.0}),2807.0,0.6538461538461539,True,2024-07,1,2410,1
WN,BWI,MDW,2024,7,1125,22,12,1.0,"frozenset({1434.0, 2062.0, 3895.0})",1434.0,0.5454545454545454,True,2024-07,1,2411,1
WN,BWI,MDW,2024,7,1270,25,18,0.0,"frozenset({4473.0, 2917.0})",4473.0,0.72,True,2024-07,1,2412,1
WN,BWI,MHT,2024,7,1300,14,9,0.0,"frozenset({4832.0, 1712.0})",4832.0,0.6428571428571429,True,2024-07,1,2413,1
WN,BWI,MIA,2024,7,1160,15,8,0.0,"frozenset({4418.0, 3979.0})",3979.0,0.5333333333333333,True,2024-07,1,2414,1
WN,BWI,MSY,2024,7,970,10,7,0.0,frozenset({1209.0}),1209.0,0.7,True,2024-07,1,2415,1
AA,CLT,LGA,2024,7,985,27,18,0.0,frozenset({1059.0}),1059.0,0.6666666666666666,True,2024-07,2,1692,2
AA,CLT,LGA,2024,7,1091,30,19,1.0,frozenset({1060.0}),1060.0,0.6333333333333333,True,2024-07,2,1693,2
WN,BWI,MSY,2024,7,1215,14,10,0.0,frozenset({3765.0}),3765.0,0.7142857142857143,True,2024-07,1,2416,1
WN,BWI,MSY,2024,7,1295,15,8,0.0,"frozenset({2352.0, 2519.0})",2352.0,0.5333333333333333,True,2024-07,1,2417,1
AA,CLT,LGA,2024,7,1162,30,22,1.0,"frozenset({1065.0, 1070.0})",1065.0,0.7333333333333333,True,2024-07,1,2418,1
UA,PBI,EWR,2024,7,1200,30,16,1.0,frozenset({2300.0}),2300.0,0.5333333333333333,True,2024-07,1,2419,1
UA,PBI,EWR,2024,7,1023,27,14,0.0,frozenset({1334.0}),1334.0,0.5185185185185185,True,2024-07,1,2420,1
AA,CLT,JFK,2024,7,1195,30,24,1.0,frozenset({1727.0}),1727.0,0.8,True,2024-07,3,1398,3
AA,CLT,MCI,2024,7,1295,30,22,0.0,frozenset({1903.0}),1903.0,0.7333333333333333,True,2024-07,1,2421,1
WN,BWI,LAX,2024,7,1285,21,13,0.0,"frozenset({3227.0, 310.0})",3227.0,0.6190476190476191,True,2024-07,2,2034,2
WN,BWI,LAS,2024,7,1215,11,10,1.0,"frozenset({1173.0, 3511.0})",3511.0,0.9090909090909091,True,2024-07,1,2422,1
UA,TPA,EWR,2024,7,960,27,19,1.0,frozenset({1642.0}),1642.0,0.7037037037037037,True,2024-07,1,2423,1
WN,BWI,FLL,2024,7,1315,11,6,0.0,frozenset({3829.0}),3829.0,0.5454545454545454,True,2024-07,1,2424,1
UA,STL,ORD,2024,7,1050,31,19,0.0,frozenset({2144.0}),2144.0,0.6129032258064516,True,2024-07,1,2425,1
AA,CLT,GSP,2024,7,1075,26,18,4.0,frozenset({1107.0}),1107.0,0.6923076923076923,True,2024-07,1,2426,1
AA,CLT,GSP,2024,7,1375,29,19,3.0,frozenset({2211.0}),2211.0,0.6551724137931034,True,2024-07,1,2427,1
WN,BWI,GSP,2024,7,1220,20,11,0.0,"frozenset({3223.0, 4539.0, 598.0, 2687.0})",2687.0,0.55,True,2024-07,1,2428,1
UA,SNA,IAH,2024,7,716,31,17,4.0,frozenset({1477.0}),1477.0,0.5483870967741935,True,2024-07,1,2429,1
UA,SMF,EWR,2024,7,1398,31,18,5.0,frozenset({2456.0}),2456.0,0.5806451612903226,True,2024-07,1,2430,1
WN,BWI,HOU,2024,7,750,11,7,1.0,frozenset({3653.0}),3653.0,0.6363636363636364,True,2024-07,1,2431,1
WN,BWI,HOU,2024,7,1270,19,16,2.0,frozenset({3987.0}),3987.0,0.8421052631578947,True,2024-07,2,2009,2
WN,BWI,IND,2024,7,1215,10,6,0.0,frozenset({3942.0}),3942.0,0.6,True,2024-07,1,2432,1
AA,CLT,IAH,2024,7,1165,25,21,4.0,frozenset({2935.0}),2935.0,0.84,True,2024-07,2,1649,2
AA,CLT,IAH,2024,7,1342,29,23,10.0,frozenset({1840.0}),1840.0,0.7931034482758621,True,2024-07,3,1395,3
WN,BWI,ISP,2024,7,1310,14,11,1.0,frozenset({1497.0}),1497.0,0.7857142857142857,True,2024-07,1,2433,1
AA,CLT,ILM,2024,7,1105,30,19,0.0,frozenset({2958.0}),2958.0,0.6333333333333333,True,2024-07,1,2434,2
AA,CLT,ILM,2024,7,1240,26,18,3.0,frozenset({1999.0}),1999.0,0.6923076923076923,True,2024-07,1,2435,1
WN,BWI,ISP,2024,7,1365,15,9,1.0,frozenset({1497.0}),1497.0,0.6,True,2024-07,1,2436,1
WN,BWI,JAX,2024,7,1115,11,6,0.0,frozenset({116.0}),116.0,0.5454545454545454,True,2024-07,1,2437,1
AA,CLT,IND,2024,7,998,31,18,2.0,frozenset({2462.0}),2462.0,0.5806451612903226,True,2024-07,1,2438,1
AA,CLT,IND,2024,7,1260,30,19,1.0,frozenset({648.0}),648.0,0.6333333333333333,True,2024-07,1,2439,1
UA,SAT,EWR,2024,7,773,22,12,1.0,frozenset({1741.0}),1741.0,0.5454545454545454,True,2024-07,1,2440,1
AA,CLT,IND,2024,7,1360,29,21,4.0,frozenset({1081.0}),1081.0,0.7241379310344828,True,2024-07,1,2441,1
AA,CLT,JAX,2024,7,960,31,17,1.0,frozenset({1651.0}),1651.0,0.5483870967741935,True,2024-07,1,2442,1
AA,CLT,JAX,2024,7,1080,30,25,4.0,frozenset({1837.0}),1837.0,0.8333333333333334,True,2024-07,1,2443,1
AA,CLT,JAX,2024,7,1267,29,18,3.0,frozenset({1553.0}),1553.0,0.6206896551724138,True,2024-07,1,2444,2
AA,CLT,JAX,2024,7,1370,29,17,5.0,frozenset({2713.0}),2713.0,0.5862068965517241,True,2024-07,1,2445,2
WN,MSY,AUS,2024,7,890,11,6,0.0,frozenset({5032.0}),5032.0,0.5454545454545454,True,2024-07,1,2446,1
UA,RSW,EWR,2024,7,1054,26,21,1.0,frozenset({2645.0}),2645.0,0.8076923076923077,True,2024-07,1,2447,1
WN,BWI,MYR,2024,7,980,11,6,0.0,frozenset({4524.0}),4524.0,0.5454545454545454,True,2024-07,1,2448,1
AA,CLT,CLE,2024,7,1346,29,20,3.0,frozenset({585.0}),585.0,0.6896551724137931,True,2024-07,1,2449,1
UA,ORD,TVC,2024,7,1198,17,10,1.0,frozenset({349.0}),349.0,0.5882352941176471,True,2024-07,1,2450,1
AA,CLT,CLE,2024,7,1037,31,19,0.0,frozenset({1267.0}),1267.0,0.6129032258064516,True,2024-07,3,1356,3
UA,ORD,FAT,2024,7,1210,30,16,4.0,frozenset({1238.0}),1238.0,0.5333333333333333,True,2024-07,1,2451,1
WN,MSY,HOU,2024,7,840,11,7,0.0,"frozenset({4194.0, 3268.0})",3268.0,0.6363636363636364,True,2024-07,1,2452,1
WN,BWI,SAN,2024,7,930,15,8,0.0,"frozenset({4474.0, 2578.0})",4474.0,0.5333333333333333,True,2024-07,1,2453,1
WN,BWI,SAN,2024,7,1185,10,6,0.0,frozenset({480.0}),480.0,0.6,True,2024-07,1,2454,1
WN,BWI,SAN,2024,7,1260,11,8,0.0,frozenset({480.0}),480.0,0.7272727272727273,True,2024-07,1,2455,1
WN,BWI,SAT,2024,7,945,11,6,0.0,frozenset({4076.0}),4076.0,0.5454545454545454,True,2024-07,1,2456,1
UA,ORD,EWR,2024,7,1087,31,18,1.0,frozenset({1032.0}),1032.0,0.5806451612903226,True,2024-07,1,2457,1
UA,ORD,EWR,2024,7,995,31,17,2.0,frozenset({795.0}),795.0,0.5483870967741935,True,2024-07,1,2458,1
UA,ORD,EWR,2024,7,942,31,16,0.0,frozenset({2654.0}),2654.0,0.5161290322580645,True,2024-07,1,2459,1
WN,BWI,SAT,2024,7,1170,11,7,1.0,"frozenset({3170.0, 4558.0})",3170.0,0.6363636363636364,True,2024-07,1,2460,1
AA,CLT,MCO,2024,7,1365,29,22,3.0,frozenset({2092.0}),2092.0,0.7586206896551724,True,2024-07,3,1348,3
WN,BWI,SAT,2024,7,1220,11,7,0.0,frozenset({3170.0}),3170.0,0.6363636363636364,True,2024-07,1,2461,1
AA,CLT,MEM,2024,7,1155,30,23,1.0,frozenset({2948.0}),2948.0,0.7666666666666667,True,2024-07,1,2462,1
AA,CLT,MEM,2024,7,1377,29,20,3.0,frozenset({2392.0}),2392.0,0.6896551724137931,True,2024-07,1,2463,1
UA,ORD,ATL,2024,7,865,31,16,3.0,frozenset({2290.0}),2290.0,0.5161290322580645,True,2024-07,1,2464,1
AA,CLT,MIA,2024,7,1030,30,19,0.0,frozenset({419.0}),419.0,0.6333333333333333,True,2024-07,1,2465,1
AA,CLT,MIA,2024,7,1355,26,17,0.0,frozenset({2919.0}),2919.0,0.6538461538461539,True,2024-07,1,2466,1
UA,MSY,IAH,2024,7,846,19,10,1.0,frozenset({2197.0}),2197.0,0.5263157894736842,True,2024-07,1,2467,1
WN,BWI,SJU,2024,7,885,11,6,0.0,frozenset({3466.0}),3466.0,0.5454545454545454,True,2024-07,1,2468,1
WN,BWI,SJU,2024,7,1155,11,9,0.0,"frozenset({2552.0, 4279.0})",2552.0,0.8181818181818182,True,2024-07,1,2469,1
WN,MSY,HOU,2024,7,1055,11,7,1.0,frozenset({302.0}),302.0,0.6363636363636364,True,2024-07,1,2470,1
WN,BWI,SJU,2024,7,1270,11,8,0.0,frozenset({428.0}),428.0,0.7272727272727273,True,2024-07,1,2471,1
AA,CLT,MKE,2024,7,998,30,18,0.0,frozenset({1804.0}),1804.0,0.6,True,2024-07,1,2472,1
AA,CLT,MKE,2024,7,1368,29,21,3.0,frozenset({523.0}),523.0,0.7241379310344828,True,2024-07,1,2473,1
UA,MIA,IAH,2024,7,1022,30,16,0.0,frozenset({2215.0}),2215.0,0.5333333333333333,True,2024-07,3,921,3
WN,BWI,STL,2024,7,935,10,6,0.0,frozenset({3373.0}),3373.0,0.6,True,2024-07,1,2474,1
AA,CLT,CLE,2024,7,1224,30,18,1.0,frozenset({1043.0}),1043.0,0.6,True,2024-07,1,2475,2
AA,CLT,MCO,2024,7,1216,30,19,2.0,frozenset({1879.0}),1879.0,0.6333333333333333,True,2024-07,1,2476,1
UA,ORD,IAD,2024,7,1076,31,16,1.0,frozenset({1862.0}),1862.0,0.5161290322580645,True,2024-07,1,2477,2
WN,BWI,ROC,2024,7,1365,15,8,0.0,frozenset({4318.0}),4318.0,0.5333333333333333,True,2024-07,1,2478,1
WN,BWI,PBI,2024,7,1175,10,6,0.0,frozenset({3883.0}),3883.0,0.6,True,2024-07,1,2479,1
WN,BWI,PHX,2024,7,1290,25,17,0.0,"frozenset({4281.0, 1190.0})",1190.0,0.68,True,2024-07,2,1888,2
WN,BWI,PIT,2024,7,1295,14,8,1.0,"frozenset({152.0, 1913.0})",152.0,0.5714285714285714,True,2024-07,1,2480,1
UA,ORD,SAT,2024,7,1220,30,16,1.0,frozenset({2148.0}),2148.0,0.5333333333333333,True,2024-07,1,2481,1
WN,BWI,PIT,2024,7,1355,15,10,0.0,"frozenset({1913.0, 2820.0})",2820.0,0.6666666666666666,True,2024-07,1,2482,1
OH,CLT,ABE,2024,7,1042,29,15,3.0,frozenset({5242.0}),5242.0,0.5172413793103449,True,2024-07,1,2483,1
WN,BWI,PVD,2024,7,1030,15,8,0.0,"frozenset({920.0, 3442.0})",3442.0,0.5333333333333333,True,2024-07,1,2484,1
UA,ORD,MSP,2024,7,1300,29,15,1.0,frozenset({2000.0}),2000.0,0.5172413793103449,True,2024-07,1,2485,1
WN,BWI,PVD,2024,7,1130,31,16,0.0,"frozenset({4193.0, 4266.0, 3442.0, 4084.0, 2553.0, 2750.0})",2553.0,0.5161290322580645,True,2024-07,1,2486,1
WN,BWI,PVD,2024,7,1305,14,11,0.0,frozenset({4774.0}),4774.0,0.7857142857142857,True,2024-07,1,2487,1
UA,ORD,MSP,2024,7,1200,31,19,2.0,frozenset({605.0}),605.0,0.6129032258064516,True,2024-07,1,2488,2
WN,BWI,PVD,2024,7,1355,15,10,1.0,frozenset({4774.0}),4774.0,0.6666666666666666,True,2024-07,1,2489,1
WN,MSP,DEN,2024,7,1085,14,9,0.0,"frozenset({1483.0, 3758.0})",3758.0,0.6428571428571429,True,2024-07,2,1898,2
UA,TPA,EWR,2024,7,1091,31,22,3.0,frozenset({2268.0}),2268.0,0.7096774193548387,True,2024-07,1,2490,2
UA,ORD,MSP,2024,7,960,22,14,0.0,frozenset({1933.0}),1933.0,0.6363636363636364,True,2024-07,1,2491,2
UA,ORD,MSN,2024,7,1285,30,19,1.0,frozenset({1990.0}),1990.0,0.6333333333333333,True,2024-07,1,2492,1
UA,ORD,MEM,2024,7,1210,31,19,2.0,frozenset({2466.0}),2466.0,0.6129032258064516,True,2024-07,1,2493,1
UA,ORD,MCI,2024,7,1205,31,17,1.0,frozenset({572.0}),572.0,0.5483870967741935,True,2024-07,1,2494,1
AA,CLT,MCO,2024,7,885,31,17,1.0,frozenset({2126.0}),2126.0,0.5483870967741935,True,2024-07,1,2495,1
UA,ORD,LGA,2024,7,1080,57,33,2.0,"frozenset({1400.0, 2664.0, 2039.0})",2039.0,0.5789473684210527,True,2024-07,1,2496,2
UA,ORD,LGA,2024,7,960,27,14,2.0,frozenset({356.0}),356.0,0.5185185185185185,True,2024-07,1,2497,1
AA,CLT,MCO,2024,7,959,31,17,2.0,frozenset({1721.0}),1721.0,0.5483870967741935,True,2024-07,1,2498,1
WN,BWI,RIC,2024,7,1305,14,10,0.0,"frozenset({4788.0, 4429.0})",4429.0,0.7142857142857143,True,2024-07,2,1886,2
WN,BWI,RIC,2024,7,1375,15,11,0.0,"frozenset({1315.0, 987.0, 5987.0})",5987.0,0.7333333333333333,True,2024-07,1,2499,1
AA,CLT,MCO,2024,7,1025,31,20,2.0,frozenset({1682.0}),1682.0,0.6451612903225806,True,2024-07,2,1638,2
AA,CLT,MCO,2024,7,1140,30,21,1.0,frozenset({707.0}),707.0,0.7,True,2024-07,1,2500,1
UA,ORD,IAH,2024,7,1276,31,17,5.0,frozenset({2665.0}),2665.0,0.5483870967741935,True,2024-07,1,2501,1
UA,ORD,IAH,2024,7,1225,20,11,1.0,frozenset({739.0}),739.0,0.55,True,2024-07,1,2502,1
UA,ORD,MSP,2024,7,767,29,16,0.0,frozenset({1811.0}),1811.0,0.5517241379310345,True,2024-07,1,2503,1
WN,BWI,SYR,2024,7,975,15,9,0.0,"frozenset({1645.0, 1263.0})",1645.0,0.6,True,2024-07,1,2504,1
UA,TPA,IAH,2024,7,1065,29,18,3.0,frozenset({1797.0}),1797.0,0.6206896551724138,True,2024-07,1,2505,1
WN,ABQ,LAS,2024,7,1235,11,6,0.0,frozenset({3504.0}),3504.0,0.5454545454545454,True,2024-07,1,2506,1
AA,CLT,DSM,2024,7,1335,29,22,4.0,frozenset({1325.0}),1325.0,0.7586206896551724,True,2024-07,1,2507,1
WN,BWI,BDL,2024,7,1370,15,9,0.0,frozenset({4140.0}),4140.0,0.6,True,2024-07,1,2508,1
WN,AUS,ORD,2024,7,1015,27,14,0.0,"frozenset({1688.0, 3165.0, 2277.0})",1688.0,0.5185185185185185,True,2024-07,1,2509,1
WN,BWI,BHM,2024,7,995,12,9,0.0,"frozenset({1643.0, 2725.0})",2725.0,0.75,True,2024-07,1,2510,1
WN,BWI,BNA,2024,7,1230,10,6,0.0,frozenset({2184.0}),2184.0,0.6,True,2024-07,1,2511,1
WN,AUS,OAK,2024,7,925,11,7,0.0,frozenset({1451.0}),1451.0,0.6363636363636364,True,2024-07,1,2512,1
WN,AUS,MSY,2024,7,1065,12,8,0.0,frozenset({4421.0}),4421.0,0.6666666666666666,True,2024-07,1,2513,1
AA,CLT,DTW,2024,7,1029,30,16,1.0,frozenset({1297.0}),1297.0,0.5333333333333333,True,2024-07,1,2514,2
WN,AUS,MDW,2024,7,1375,11,6,0.0,frozenset({295.0}),295.0,0.5454545454545454,True,2024-07,1,2515,1
AA,CLT,DTW,2024,7,1215,29,16,2.0,"frozenset({1826.0, 383.0})",383.0,0.5517241379310345,True,2024-07,1,2516,1
AA,CLT,DTW,2024,7,1370,29,17,2.0,frozenset({370.0}),370.0,0.5862068965517241,True,2024-07,1,2517,1
WN,AUS,LAX,2024,7,1310,14,8,0.0,"frozenset({4261.0, 2903.0})",4261.0,0.5714285714285714,True,2024-07,1,2518,1
WN,AUS,LAX,2024,7,1090,11,8,0.0,frozenset({3428.0}),3428.0,0.7272727272727273,True,2024-07,1,2519,1
WN,AUS,LAX,2024,7,825,11,6,0.0,frozenset({426.0}),426.0,0.5454545454545454,True,2024-07,1,2520,1
WN,BWI,BOS,2024,7,1105,10,6,0.0,frozenset({4879.0}),4879.0,0.6,True,2024-07,1,2521,1
WN,BWI,BOS,2024,7,1295,15,9,0.0,"frozenset({2921.0, 3321.0, 873.0})",3321.0,0.6,True,2024-07,1,2522,1
AA,CLT,DCA,2024,7,1235,31,18,0.0,frozenset({1041.0}),1041.0,0.5806451612903226,True,2024-07,1,2523,1
WN,AUS,HOU,2024,7,1190,15,10,0.0,"frozenset({4246.0, 3230.0})",3230.0,0.6666666666666666,True,2024-07,1,2524,1
WN,AUS,HOU,2024,7,1050,10,6,0.0,frozenset({2193.0}),2193.0,0.6,True,2024-07,1,2525,1
AA,CLT,DCA,2024,7,1114,30,18,0.0,frozenset({1775.0}),1775.0,0.6,True,2024-07,1,2526,1
WN,BWI,BUF,2024,7,1135,10,6,0.0,frozenset({3144.0}),3144.0,0.6,True,2024-07,1,2527,1
WN,BWI,BUF,2024,7,1305,15,9,0.0,"frozenset({2933.0, 2119.0})",2933.0,0.6,True,2024-07,1,2528,1
WN,BWI,BUF,2024,7,1365,15,9,0.0,frozenset({2933.0}),2933.0,0.6,True,2024-07,1,2529,1
WN,BWI,CLE,2024,7,1295,14,8,0.0,"frozenset({3404.0, 1159.0})",1159.0,0.5714285714285714,True,2024-07,1,2530,1
AA,CLT,EWR,2024,7,896,27,16,0.0,frozenset({694.0}),694.0,0.5925925925925926,True,2024-07,1,2531,1
AA,CLT,EWR,2024,7,993,30,21,6.0,frozenset({1330.0}),1330.0,0.7,True,2024-07,3,1380,4
AA,CLT,EWR,2024,7,1117,26,23,4.0,frozenset({484.0}),484.0,0.8846153846153846,True,2024-07,3,1381,3
WN,AUS,SAN,2024,7,1085,11,8,0.0,frozenset({2915.0}),2915.0,0.7272727272727273,True,2024-07,1,2532,1
AA,CLT,EWR,2024,7,1259,30,23,4.0,frozenset({2794.0}),2794.0,0.7666666666666667,True,2024-07,3,1382,4
WN,BWI,AUS,2024,7,1265,15,10,0.0,"frozenset({4084.0, 1301.0})",4084.0,0.6666666666666666,True,2024-07,1,2533,1
WN,AUS,SJC,2024,7,1130,12,8,0.0,"frozenset({4457.0, 3139.0})",4457.0,0.6666666666666666,True,2024-07,1,2534,1
WN,BOS,STL,2024,7,1125,10,6,0.0,frozenset({178.0}),178.0,0.6,True,2024-07,1,2535,1
WN,BWI,ALB,2024,7,1300,14,8,1.0,frozenset({819.0}),819.0,0.5714285714285714,True,2024-07,2,1922,2
WN,BOS,BWI,2024,7,1230,10,7,0.0,frozenset({3597.0}),3597.0,0.7,True,2024-07,1,2536,1
WN,MSP,STL,2024,7,1045,11,6,0.0,"frozenset({4848.0, 3951.0})",3951.0,0.5454545454545454,True,2024-07,2,2035,2
WN,BWI,ALB,2024,7,1375,15,9,0.0,frozenset({819.0}),819.0,0.6,True,2024-07,2,1922,2
AA,CLT,DEN,2024,7,1160,30,21,1.0,frozenset({473.0}),473.0,0.7,True,2024-07,1,2537,2
WN,MSP,STL,2024,7,1110,11,7,0.0,frozenset({3951.0}),3951.0,0.6363636363636364,True,2024-07,2,2035,2
WN,BNA,MSP,2024,7,1260,11,7,0.0,frozenset({4511.0}),4511.0,0.6363636363636364,True,2024-07,1,2538,1
WN,BNA,MCO,2024,7,865,11,6,0.0,frozenset({4529.0}),4529.0,0.5454545454545454,True,2024-07,1,2539,1
WN,BNA,IAH,2024,7,1155,10,8,0.0,frozenset({1003.0}),1003.0,0.8,True,2024-07,1,2540,1
WN,BNA,HOU,2024,7,1295,14,8,0.0,frozenset({4527.0}),4527.0,0.5714285714285714,True,2024-07,1,2541,1
WN,BNA,CLE,2024,7,1255,15,9,0.0,"frozenset({6322.0, 669.0})",6322.0,0.6,True,2024-07,1,2542,1
WN,BNA,BWI,2024,7,1020,15,9,0.0,frozenset({3882.0}),3882.0,0.6,True,2024-07,1,2543,1
WN,BWI,ATL,2024,7,1010,23,12,0.0,"frozenset({3096.0, 116.0, 3875.0, 4028.0})",3096.0,0.5217391304347826,True,2024-07,1,2544,1
WN,BNA,BOS,2024,7,910,10,7,0.0,frozenset({4547.0}),4547.0,0.7,True,2024-07,1,2545,1
WN,BNA,AUS,2024,7,890,11,7,0.0,frozenset({3350.0}),3350.0,0.6363636363636364,True,2024-07,1,2546,1
WN,BHM,MCO,2024,7,1085,26,15,1.0,"frozenset({1384.0, 528.0, 2725.0})",1384.0,0.5769230769230769,True,2024-07,1,2547,1
AA,CLT,DFW,2024,7,1016,30,17,1.0,"frozenset({282.0, 2759.0})",2759.0,0.5666666666666667,True,2024-07,1,2548,1
AA,CLT,DFW,2024,7,1094,30,24,0.0,frozenset({1079.0}),1079.0,0.8,True,2024-07,1,2549,1
WN,BDL,DEN,2024,7,1015,11,7,0.0,frozenset({106.0}),106.0,0.6363636363636364,True,2024-07,2,1657,2
WN,BWI,ATL,2024,7,1190,22,14,0.0,"frozenset({3505.0, 3267.0, 3095.0})",3095.0,0.6363636363636364,True,2024-07,2,2032,2
WN,BDL,BNA,2024,7,1025,10,7,1.0,frozenset({756.0}),756.0,0.7,True,2024-07,1,2550,1
WN,BWI,ATL,2024,7,1335,11,7,0.0,frozenset({4163.0}),4163.0,0.6363636363636364,True,2024-07,1,2551,1
WN,MSP,MDW,2024,7,875,11,7,0.0,frozenset({1067.0}),1067.0,0.6363636363636364,True,2024-07,1,2552,1
AA,CLT,DFW,2024,7,1200,30,19,0.0,frozenset({1089.0}),1089.0,0.6333333333333333,True,2024-07,1,2553,1
WN,BWI,AUS,2024,7,1010,22,12,0.0,"frozenset({5320.0, 945.0, 1413.0})",5320.0,0.5454545454545454,True,2024-07,1,2554,1
WN,AUS,SMF,2024,7,1280,21,13,0.0,frozenset({333.0}),333.0,0.6190476190476191,True,2024-07,1,2555,1
WN,BWI,AUS,2024,7,1210,14,9,0.0,frozenset({1301.0}),1301.0,0.6428571428571429,True,2024-07,1,2556,1
WN,BWI,CLE,2024,7,1360,15,8,0.0,"frozenset({450.0, 1159.0})",1159.0,0.5333333333333333,True,2024-07,1,2557,1
WN,AUS,BUR,2024,7,1105,12,7,0.0,"frozenset({4129.0, 3349.0})",3349.0,0.5833333333333334,True,2024-07,1,2558,1
WN,MSY,ATL,2024,7,1180,15,10,0.0,"frozenset({1885.0, 4422.0})",1885.0,0.6666666666666666,True,2024-07,1,2559,1
AA,CLT,FLL,2024,7,999,30,17,1.0,frozenset({1752.0}),1752.0,0.5666666666666667,True,2024-07,1,2560,1
WN,ATL,HOU,2024,7,1170,11,6,0.0,frozenset({3757.0}),3757.0,0.5454545454545454,True,2024-07,1,2561,1
WN,ATL,HOU,2024,7,975,11,6,1.0,frozenset({3649.0}),3649.0,0.5454545454545454,True,2024-07,1,2562,1
WN,ATL,FLL,2024,7,1370,15,10,0.0,frozenset({140.0}),140.0,0.6666666666666666,True,2024-07,1,2563,1
WN,ATL,DEN,2024,7,1160,11,6,0.0,frozenset({3096.0}),3096.0,0.5454545454545454,True,2024-07,2,1642,2
AA,CLT,FLL,2024,7,1350,29,23,5.0,frozenset({2202.0}),2202.0,0.7931034482758621,True,2024-07,1,2564,2
WN,ATL,DCA,2024,7,1150,26,14,0.0,frozenset({500.0}),500.0,0.5384615384615384,True,2024-07,1,2565,1
WN,ATL,DAL,2024,7,1270,20,11,0.0,"frozenset({2627.0, 3091.0, 4204.0})",3091.0,0.55,True,2024-07,1,2566,1
WN,BWI,DEN,2024,7,1285,14,9,0.0,frozenset({826.0}),826.0,0.6428571428571429,True,2024-07,2,2023,2
AA,CLT,GEG,2024,7,1158,30,17,0.0,frozenset({196.0}),196.0,0.5666666666666667,True,2024-07,1,2567,1
AA,CLT,GRR,2024,7,1155,29,15,1.0,frozenset({2686.0}),2686.0,0.5172413793103449,True,2024-07,1,2568,1
WN,ATL,CMH,2024,7,1265,15,10,0.0,frozenset({2995.0}),2995.0,0.6666666666666666,True,2024-07,1,2569,1
WN,ATL,BWI,2024,7,1350,15,12,0.0,"frozenset({1041.0, 682.0})",682.0,0.8,True,2024-07,1,2570,1
WN,ATL,BWI,2024,7,1175,11,7,0.0,frozenset({4559.0}),4559.0,0.6363636363636364,True,2024-07,1,2571,1
WN,BWI,DEN,2024,7,1320,15,8,0.0,frozenset({826.0}),826.0,0.5333333333333333,True,2024-07,2,2023,2
WN,ATL,BNA,2024,7,1180,11,7,0.0,"frozenset({3126.0, 3359.0})",3359.0,0.6363636363636364,True,2024-07,1,2572,1
WN,BWI,DTW,2024,7,1310,14,9,0.0,frozenset({4177.0}),4177.0,0.6428571428571429,True,2024-07,1,2573,1
WN,ATL,AUS,2024,7,1250,11,8,0.0,frozenset({4261.0}),4261.0,0.7272727272727273,True,2024-07,1,2574,1
WN,ATL,AUS,2024,7,1190,10,6,0.0,frozenset({4261.0}),4261.0,0.6,True,2024-07,1,2575,1
WN,BWI,DTW,2024,7,1370,15,8,0.0,frozenset({4177.0}),4177.0,0.5333333333333333,True,2024-07,1,2576,1
WN,ATL,AUS,2024,7,975,15,9,0.0,frozenset({2386.0}),2386.0,0.6,True,2024-07,1,2577,1
WN,ABQ,SAN,2024,7,1140,11,8,0.0,frozenset({161.0}),161.0,0.7272727272727273,True,2024-07,1,2578,1
WN,BWI,FLL,2024,7,1160,15,10,0.0,"frozenset({1640.0, 1578.0, 4428.0})",1578.0,0.6666666666666666,True,2024-07,1,2579,1
AA,CLT,GSO,2024,7,1027,27,19,0.0,frozenset({2762.0}),2762.0,0.7037037037037037,True,2024-07,1,2580,1
AA,CLT,GSO,2024,7,1153,30,19,1.0,frozenset({1735.0}),1735.0,0.6333333333333333,True,2024-07,1,2581,2
WN,ABQ,MDW,2024,7,945,11,6,0.0,frozenset({4130.0}),4130.0,0.5454545454545454,True,2024-07,1,2582,1
WN,BWI,FLL,2024,7,1255,26,16,1.0,"frozenset({4030.0, 3826.0, 2108.0, 4286.0})",4286.0,0.6153846153846154,True,2024-07,1,2583,1
WN,ATL,IND,2024,7,1180,11,8,0.0,"frozenset({2025.0, 3475.0})",3475.0,0.7272727272727273,True,2024-07,1,2584,1
AA,CLT,CVG,2024,7,1088,25,15,0.0,frozenset({430.0}),430.0,0.6,True,2024-07,1,2585,1
WN,ATL,JAX,2024,7,1295,10,6,0.0,frozenset({3856.0}),3856.0,0.6,True,2024-07,1,2586,1
WN,ATL,JAX,2024,7,1375,15,10,0.0,"frozenset({3856.0, 1667.0})",3856.0,0.6666666666666666,True,2024-07,1,2587,1
WN,AUS,ATL,2024,7,935,10,6,0.0,frozenset({3626.0}),3626.0,0.6,True,2024-07,1,2588,1
WN,BWI,CLT,2024,7,940,15,8,0.0,"frozenset({456.0, 1079.0})",1079.0,0.5333333333333333,True,2024-07,1,2589,1
WN,AUS,ABQ,2024,7,1125,10,6,0.0,frozenset({1552.0}),1552.0,0.6,True,2024-07,1,2590,1
WN,ATL,TPA,2024,7,1370,15,11,0.0,frozenset({2219.0}),2219.0,0.7333333333333333,True,2024-07,1,2591,1
WN,ATL,TPA,2024,7,1205,11,6,0.0,frozenset({2451.0}),2451.0,0.5454545454545454,True,2024-07,1,2592,1
WN,ATL,STL,2024,7,1180,11,6,0.0,"frozenset({2987.0, 3205.0})",3205.0,0.5454545454545454,True,2024-07,1,2593,1
WN,ATL,SDF,2024,7,1185,11,6,0.0,"frozenset({4078.0, 4366.0})",4078.0,0.5454545454545454,True,2024-07,1,2594,1
WN,ATL,RSW,2024,7,1370,11,6,0.0,frozenset({554.0}),554.0,0.5454545454545454,True,2024-07,1,2595,1
WN,BWI,CLT,2024,7,1260,15,9,0.0,"frozenset({496.0, 4058.0})",4058.0,0.6,True,2024-07,1,2596,1
WN,ATL,PHX,2024,7,1345,15,12,0.0,frozenset({989.0}),989.0,0.8,True,2024-07,1,2597,1
WN,ATL,MSY,2024,7,1255,11,6,0.0,frozenset({3354.0}),3354.0,0.5454545454545454,True,2024-07,1,2598,1
WN,ATL,MSY,2024,7,1190,15,8,0.0,"frozenset({1274.0, 3354.0, 2702.0})",1274.0,0.5333333333333333,True,2024-07,2,1654,2
WN,ATL,MSY,2024,7,990,11,6,0.0,frozenset({302.0}),302.0,0.5454545454545454,True,2024-07,1,2599,1
AA,CLT,GSO,2024,7,1372,29,18,4.0,frozenset({535.0}),535.0,0.6206896551724138,True,2024-07,1,2600,1
WN,BWI,CMH,2024,7,1300,14,8,0.0,frozenset({236.0}),236.0,0.5714285714285714,True,2024-07,1,2601,1
WN,ATL,MIA,2024,7,1375,15,9,1.0,"frozenset({2969.0, 4131.0})",4131.0,0.6,True,2024-07,1,2602,1
WN,ATL,MEM,2024,7,1255,11,7,0.0,frozenset({3519.0}),3519.0,0.6363636363636364,True,2024-07,1,2603,1
WN,ATL,MEM,2024,7,1180,11,9,0.0,"frozenset({4328.0, 3519.0})",3519.0,0.8181818181818182,True,2024-07,1,2604,1
WN,ATL,MCO,2024,7,1375,15,10,0.0,frozenset({3421.0}),3421.0,0.6666666666666666,True,2024-07,1,2605,1
WN,ATL,MCO,2024,7,1295,14,8,0.0,frozenset({3421.0}),3421.0,0.5714285714285714,True,2024-07,1,2606,1
WN,ATL,MCI,2024,7,1255,19,11,0.0,"frozenset({3609.0, 1378.0})",3609.0,0.5789473684210527,True,2024-07,1,2607,1
WN,BWI,DAL,2024,7,1100,27,16,0.0,"frozenset({259.0, 4437.0, 3286.0})",3286.0,0.5925925925925926,True,2024-07,1,2608,1
WN,ATL,MCI,2024,7,1180,11,6,0.0,"frozenset({3361.0, 363.0})",363.0,0.5454545454545454,True,2024-07,1,2609,1
YX,ORF,EWR,2024,7,1070,28,17,6.0,frozenset({3700.0}),3700.0,0.6071428571428571,True,2024-07,1,2610,2
WN,ATL,LGA,2024,7,1190,27,16,0.0,"frozenset({4706.0, 925.0})",925.0,0.5925925925925926,True,2024-07,1,2611,1
WN,ATL,LAS,2024,7,1355,11,8,0.0,frozenset({4390.0}),4390.0,0.7272727272727273,True,2024-07,1,2612,1
WN,ATL,LAS,2024,7,1180,10,7,0.0,frozenset({4126.0}),4126.0,0.7,True,2024-07,1,2613,1
WN,BWI,DAL,2024,7,1220,30,18,1.0,"frozenset({1674.0, 3186.0, 1591.0})",1674.0,0.6,True,2024-07,1,2614,1
AA,CLT,CVG,2024,7,1354,29,17,5.0,frozenset({626.0}),626.0,0.5862068965517241,True,2024-07,1,2615,1
WN,BWI,SYR,2024,7,1365,15,8,0.0,frozenset({3389.0}),3389.0,0.5333333333333333,True,2024-07,1,2616,1
AA,CLT,MSN,2024,7,1250,23,19,1.0,frozenset({2913.0}),2913.0,0.8260869565217391,True,2024-07,3,1353,3
WN,BWI,TPA,2024,7,1040,15,10,0.0,"frozenset({2064.0, 4058.0, 3196.0})",3196.0,0.6666666666666666,True,2024-07,1,2617,1
UA,EWR,ORF,2024,7,1312,31,17,9.0,frozenset({1334.0}),1334.0,0.5483870967741935,True,2024-07,1,2618,1
UA,EWR,ORD,2024,7,1300,31,17,0.0,frozenset({1308.0}),1308.0,0.5483870967741935,True,2024-07,1,2619,1
WN,DEN,ELP,2024,7,1180,11,6,0.0,"frozenset({3513.0, 3609.0})",3513.0,0.5454545454545454,True,2024-07,2,1961,2
UA,EWR,ORD,2024,7,1199,27,18,2.0,frozenset({546.0}),546.0,0.6666666666666666,True,2024-07,1,2620,1
UA,EWR,ORD,2024,7,1120,29,18,2.0,frozenset({254.0}),254.0,0.6206896551724138,True,2024-07,1,2621,1
AA,CHS,CLT,2024,7,1099,30,17,0.0,frozenset({969.0}),969.0,0.5666666666666667,True,2024-07,1,2622,1
UA,EWR,ORD,2024,7,1020,31,20,3.0,frozenset({403.0}),403.0,0.6451612903225806,True,2024-07,1,2623,2
UA,EWR,MSP,2024,7,1290,31,16,2.0,frozenset({2424.0}),2424.0,0.5161290322580645,True,2024-07,1,2624,1
AA,CLT,RDU,2024,7,1229,30,20,3.0,frozenset({1645.0}),1645.0,0.6666666666666666,True,2024-07,2,1783,2
UA,EWR,MEM,2024,7,1265,30,19,2.0,frozenset({1601.0}),1601.0,0.6333333333333333,True,2024-07,1,2625,2
AA,BWI,DFW,2024,7,1172,28,16,2.0,frozenset({1213.0}),1213.0,0.5714285714285714,True,2024-07,1,2626,1
UA,EWR,MCO,2024,7,1130,31,17,0.0,frozenset({1695.0}),1695.0,0.5483870967741935,True,2024-07,1,2627,2
UA,EWR,MCO,2024,7,1020,27,17,1.0,frozenset({1546.0}),1546.0,0.6296296296296297,True,2024-07,1,2628,2
AA,CLT,RDU,2024,7,1295,27,20,2.0,frozenset({494.0}),494.0,0.7407407407407407,True,2024-07,1,2629,1
UA,EWR,MCI,2024,7,1240,27,17,1.0,frozenset({2402.0}),2402.0,0.6296296296296297,True,2024-07,1,2630,2
UA,EWR,LAX,2024,7,1215,31,18,3.0,frozenset({1835.0}),1835.0,0.5806451612903226,True,2024-07,1,2631,1
AA,CLT,RDU,2024,7,1380,29,23,9.0,frozenset({229.0}),229.0,0.7931034482758621,True,2024-07,1,2632,1
WN,OAK,MDW,2024,7,1135,15,8,0.0,frozenset({3715.0}),3715.0,0.5333333333333333,True,2024-07,1,2633,1
UA,EWR,IAH,2024,7,1273,31,17,1.0,frozenset({2425.0}),2425.0,0.5483870967741935,True,2024-07,1,2634,2
WN,DEN,LGA,2024,7,965,23,15,0.0,frozenset({1222.0}),1222.0,0.6521739130434783,True,2024-07,2,1992,2
UA,EWR,IAH,2024,7,1175,31,19,4.0,frozenset({1796.0}),1796.0,0.6129032258064516,True,2024-07,1,2635,1
WN,DEN,MCO,2024,7,1055,21,12,0.0,"frozenset({1211.0, 3123.0, 3885.0, 2303.0})",3885.0,0.5714285714285714,True,2024-07,2,1988,2
UA,EWR,IAH,2024,7,1085,31,18,2.0,frozenset({1991.0}),1991.0,0.5806451612903226,True,2024-07,1,2636,1
UA,EWR,IAH,2024,7,960,31,17,1.0,frozenset({1821.0}),1821.0,0.5483870967741935,True,2024-07,1,2637,1
UA,EWR,IAH,2024,7,880,31,17,1.0,frozenset({1590.0}),1590.0,0.5483870967741935,True,2024-07,1,2638,1
WN,DEN,MCO,2024,7,1135,25,14,0.0,"frozenset({2950.0, 5099.0, 254.0})",5099.0,0.56,True,2024-07,1,2639,1
WN,DEN,MDW,2024,7,1285,19,10,1.0,"frozenset({3504.0, 3264.0, 3591.0})",3591.0,0.5263157894736842,True,2024-07,1,2640,1
AA,CLT,RDU,2024,7,1106,30,21,3.0,frozenset({1904.0}),1904.0,0.7,True,2024-07,2,1774,2
UA,EWR,FLL,2024,7,1185,23,12,0.0,frozenset({2213.0}),2213.0,0.5217391304347826,True,2024-07,1,2641,1
UA,EWR,PHX,2024,7,1242,31,18,1.0,frozenset({1367.0}),1367.0,0.5806451612903226,True,2024-07,1,2642,1
UA,EWR,PWM,2024,7,1169,26,16,0.0,frozenset({2310.0}),2310.0,0.6153846153846154,True,2024-07,1,2643,2
AA,CLT,PWM,2024,7,1295,25,16,6.0,frozenset({2892.0}),2892.0,0.64,True,2024-07,2,1788,2
WN,MYR,BWI,2024,7,1155,14,8,0.0,"frozenset({408.0, 1157.0})",1157.0,0.5714285714285714,True,2024-07,1,2644,1
WN,DAL,TPA,2024,7,1280,21,11,0.0,"frozenset({56.0, 3175.0})",56.0,0.5238095238095238,True,2024-07,1,2645,1
WN,DAL,TUL,2024,7,1005,11,7,0.0,frozenset({2700.0}),2700.0,0.6363636363636364,True,2024-07,1,2646,1
WN,DAL,TUL,2024,7,1265,11,6,0.0,frozenset({3328.0}),3328.0,0.5454545454545454,True,2024-07,1,2647,1
UA,EWR,STL,2024,7,1259,23,12,1.0,frozenset({1599.0}),1599.0,0.5217391304347826,True,2024-07,2,1770,2
AA,CLT,ATL,2024,7,1356,29,16,4.0,frozenset({251.0}),251.0,0.5517241379310345,True,2024-07,1,2648,1
UA,EWR,SRQ,2024,7,1160,27,14,0.0,frozenset({2076.0}),2076.0,0.5185185185185185,True,2024-07,1,2649,1
UA,EWR,SMF,2024,7,1145,31,18,4.0,frozenset({2192.0}),2192.0,0.5806451612903226,True,2024-07,1,2650,1
UA,EWR,SFO,2024,7,1215,31,19,4.0,frozenset({448.0}),448.0,0.6129032258064516,True,2024-07,1,2651,1
UA,EWR,SFO,2024,7,1080,31,16,2.0,frozenset({548.0}),548.0,0.5161290322580645,True,2024-07,1,2652,2
WN,DCA,DAL,2024,7,1235,22,13,0.0,"frozenset({3547.0, 4295.0})",3547.0,0.5909090909090909,True,2024-07,1,2653,1
AA,CLT,ATL,2024,7,1260,30,19,0.0,frozenset({763.0}),763.0,0.6333333333333333,True,2024-07,1,2654,1
WN,DCA,MCO,2024,7,1155,26,16,0.0,"frozenset({3417.0, 3243.0})",3417.0,0.6153846153846154,True,2024-07,1,2655,1
WN,DEN,ATL,2024,7,1025,16,9,0.0,"frozenset({1624.0, 3540.0, 359.0})",3540.0,0.5625,True,2024-07,1,2656,1
AA,CLT,ALB,2024,7,1227,29,19,2.0,frozenset({1078.0}),1078.0,0.6551724137931034,True,2024-07,1,2657,1
UA,EWR,SEA,2024,7,1222,31,17,1.0,frozenset({2044.0}),2044.0,0.5483870967741935,True,2024-07,1,2658,2
UA,EWR,SAV,2024,7,1304,31,17,1.0,frozenset({793.0}),793.0,0.5483870967741935,True,2024-07,1,2659,1
AA,CLE,CLT,2024,7,1182,29,21,2.0,frozenset({1267.0}),1267.0,0.7241379310344828,True,2024-07,1,2660,1
WN,DEN,CLE,2024,7,1190,15,8,0.0,frozenset({1479.0}),1479.0,0.5333333333333333,True,2024-07,2,1967,2
UA,EWR,SAN,2024,7,1200,27,15,1.0,frozenset({1826.0}),1826.0,0.5555555555555556,True,2024-07,1,2661,1
WN,OAK,LAS,2024,7,1305,11,6,0.0,frozenset({2516.0}),2516.0,0.5454545454545454,True,2024-07,1,2662,1
UA,EWR,RSW,2024,7,1145,23,17,0.0,frozenset({1824.0}),1824.0,0.7391304347826086,True,2024-07,1,2663,2
AA,CHS,CLT,2024,7,1215,29,19,4.0,frozenset({998.0}),998.0,0.6551724137931034,True,2024-07,1,2664,1
UA,EWR,ROC,2024,7,1275,26,15,1.0,frozenset({1675.0}),1675.0,0.5769230769230769,True,2024-07,1,2665,2
UA,EWR,RDU,2024,7,1215,30,16,0.0,frozenset({2471.0}),2471.0,0.5333333333333333,True,2024-07,1,2666,2
AA,CLT,RDU,2024,7,978,31,18,1.0,frozenset({1894.0}),1894.0,0.5806451612903226,True,2024-07,1,2667,1
WN,DEN,DSM,2024,7,1210,15,10,0.0,"frozenset({4178.0, 516.0})",4178.0,0.6666666666666666,True,2024-07,1,2668,1
AA,CLT,RIC,2024,7,975,31,18,2.0,frozenset({2843.0}),2843.0,0.5806451612903226,True,2024-07,1,2669,1
AA,CLT,RIC,2024,7,1094,30,21,0.0,frozenset({2054.0}),2054.0,0.7,True,2024-07,1,2670,1
AA,CLT,RIC,2024,7,1287,30,25,3.0,frozenset({1946.0}),1946.0,0.8333333333333334,True,2024-07,1,2671,1
AA,CLT,SAV,2024,7,1343,26,14,1.0,frozenset({2189.0}),2189.0,0.5384615384615384,True,2024-07,1,2672,1
UA,DFW,EWR,2024,7,1041,27,18,5.0,frozenset({1856.0}),1856.0,0.6666666666666666,True,2024-07,1,2673,1
AA,CLT,SDF,2024,7,1081,30,16,3.0,frozenset({2142.0}),2142.0,0.5333333333333333,True,2024-07,1,2674,2
AA,CLT,SDF,2024,7,1251,30,26,2.0,frozenset({1231.0}),1231.0,0.8666666666666667,True,2024-07,1,2675,1
AA,CLT,SDF,2024,7,1349,29,20,3.0,frozenset({671.0}),671.0,0.6896551724137931,True,2024-07,1,2676,1
WN,DEN,SEA,2024,7,1145,19,12,0.0,"frozenset({3609.0, 3525.0, 2439.0})",2439.0,0.631578947368421,True,2024-07,2,1939,2
AA,BOS,PHL,2024,7,1090,30,17,3.0,frozenset({1037.0}),1037.0,0.5666666666666667,True,2024-07,1,2677,1
UA,DEN,EWR,2024,7,605,31,16,1.0,frozenset({604.0}),604.0,0.5161290322580645,True,2024-07,1,2678,1
AA,BOS,ORD,2024,7,1051,30,17,0.0,frozenset({1485.0}),1485.0,0.5666666666666667,True,2024-07,1,2679,1
AA,BOS,CLT,2024,7,1165,29,17,1.0,frozenset({888.0}),888.0,0.5862068965517241,True,2024-07,1,2680,2
AA,BNA,PHL,2024,7,879,23,16,1.0,frozenset({2810.0}),2810.0,0.6956521739130435,True,2024-07,1,2681,1
AA,CLT,SEA,2024,7,916,30,16,0.0,frozenset({2107.0}),2107.0,0.5333333333333333,True,2024-07,1,2682,1
UA,DEN,CID,2024,7,1245,12,8,1.0,frozenset({1850.0}),1850.0,0.6666666666666666,True,2024-07,1,2683,1
UA,DCA,ORD,2024,7,1080,31,16,0.0,frozenset({2148.0}),2148.0,0.5161290322580645,True,2024-07,1,2684,1
AA,CLT,SEA,2024,7,1084,30,16,2.0,frozenset({2793.0}),2793.0,0.5333333333333333,True,2024-07,1,2685,1
AA,CLT,SEA,2024,7,1215,29,20,2.0,frozenset({404.0}),404.0,0.6896551724137931,True,2024-07,2,1819,2
UA,CMH,IAH,2024,7,1014,30,17,3.0,frozenset({1949.0}),1949.0,0.5666666666666667,True,2024-07,1,2686,1
UA,CLT,ORD,2024,7,1050,30,16,2.0,frozenset({1301.0}),1301.0,0.5333333333333333,True,2024-07,1,2687,1
UA,CLT,IAH,2024,7,1030,31,18,2.0,frozenset({675.0}),675.0,0.5806451612903226,True,2024-07,1,2688,1
UA,CLT,EWR,2024,7,1079,31,23,0.0,frozenset({1747.0}),1747.0,0.7419354838709677,True,2024-07,1,2689,2
AA,BNA,DFW,2024,7,1128,25,16,3.0,frozenset({331.0}),331.0,0.64,True,2024-07,2,1948,2
AA,BNA,DFW,2024,7,1029,30,17,0.0,frozenset({2244.0}),2244.0,0.5666666666666667,True,2024-07,3,1269,3
UA,CLE,EWR,2024,7,1040,23,14,2.0,frozenset({1411.0}),1411.0,0.6086956521739131,True,2024-07,1,2690,2
WN,DEN,SMF,2024,7,1145,15,8,0.0,"frozenset({1557.0, 4427.0, 1917.0})",1917.0,0.5333333333333333,True,2024-07,1,2691,1
UA,BZN,EWR,2024,7,822,31,16,1.0,frozenset({1012.0}),1012.0,0.5161290322580645,True,2024-07,1,2692,1
AA,CLT,SFO,2024,7,1045,30,20,2.0,frozenset({2184.0}),2184.0,0.6666666666666666,True,2024-07,1,2693,1
AA,CLT,SFO,2024,7,1143,27,18,0.0,frozenset({2115.0}),2115.0,0.6666666666666666,True,2024-07,1,2694,1
AA,CLT,SAV,2024,7,1094,29,17,0.0,frozenset({295.0}),295.0,0.5862068965517241,True,2024-07,1,2695,1
AA,CLT,SAT,2024,7,1210,30,20,0.0,frozenset({366.0}),366.0,0.6666666666666666,True,2024-07,1,2696,1
AA,CLT,SAT,2024,7,1105,27,18,1.0,frozenset({1657.0}),1657.0,0.6666666666666666,True,2024-07,1,2697,1
WN,DEN,RIC,2024,7,1025,12,7,0.0,"frozenset({984.0, 3638.0})",3638.0,0.5833333333333334,True,2024-07,1,2698,1
UA,EWR,DFW,2024,7,1150,27,18,2.0,frozenset({1183.0}),1183.0,0.6666666666666666,True,2024-07,1,2699,1
WN,DEN,MEM,2024,7,1230,15,10,0.0,"frozenset({200.0, 5322.0})",5322.0,0.6666666666666666,True,2024-07,1,2700,1
AA,BWI,CLT,2024,7,1215,29,18,2.0,frozenset({939.0}),939.0,0.6206896551724138,True,2024-07,1,2701,1
AA,CLT,RIC,2024,7,1359,29,20,4.0,frozenset({1882.0}),1882.0,0.6896551724137931,True,2024-07,2,1831,2
WN,DEN,MKE,2024,7,1000,10,6,0.0,frozenset({4111.0}),4111.0,0.6,True,2024-07,1,2702,1
AA,CLT,ROC,2024,7,1035,31,16,2.0,frozenset({2320.0}),2320.0,0.5161290322580645,True,2024-07,1,2703,1
UA,EWR,DEN,2024,7,1143,31,19,0.0,frozenset({582.0}),582.0,0.6129032258064516,True,2024-07,1,2704,1
UA,EWR,CLT,2024,7,1140,31,21,2.0,frozenset({2161.0}),2161.0,0.6774193548387096,True,2024-07,1,2705,1
WN,DEN,MKE,2024,7,1160,15,8,0.0,"frozenset({3498.0, 4111.0})",3498.0,0.5333333333333333,True,2024-07,1,2706,1
UA,EWR,CLE,2024,7,1225,27,19,2.0,frozenset({1261.0}),1261.0,0.7037037037037037,True,2024-07,1,2707,1
UA,EWR,BUF,2024,7,1320,27,16,1.0,frozenset({577.0}),577.0,0.5925925925925926,True,2024-07,1,2708,2
UA,EWR,BTV,2024,7,1315,27,16,3.0,frozenset({1231.0}),1231.0,0.5925925925925926,True,2024-07,1,2709,1
AA,BWI,CLT,2024,7,1082,30,24,4.0,frozenset({1464.0}),1464.0,0.8,True,2024-07,1,2710,1
AA,CLT,AUS,2024,7,1130,30,17,0.0,frozenset({1860.0}),1860.0,0.5666666666666667,True,2024-07,1,2711,1
AA,BWI,CLT,2024,7,949,29,16,0.0,frozenset({997.0}),997.0,0.5517241379310345,True,2024-07,1,2712,1
UA,EWR,BNA,2024,7,1170,31,16,1.0,frozenset({2001.0}),2001.0,0.5161290322580645,True,2024-07,1,2713,1
UA,EWR,BNA,2024,7,1000,22,12,0.0,frozenset({1184.0}),1184.0,0.5454545454545454,True,2024-07,1,2714,1
WN,DEN,MSY,2024,7,930,12,7,0.0,"frozenset({1885.0, 3567.0})",1885.0,0.5833333333333334,True,2024-07,1,2715,1
UA,EWR,ATL,2024,7,1232,23,15,1.0,frozenset({1190.0}),1190.0,0.6521739130434783,True,2024-07,2,1822,2
UA,EWR,ATL,2024,7,1035,22,14,2.0,frozenset({1594.0}),1594.0,0.6363636363636364,True,2024-07,1,2716,1
WN,DEN,MSY,2024,7,1220,15,12,0.0,"frozenset({4456.0, 4480.0})",4456.0,0.8,True,2024-07,1,2717,1
AA,BUF,ORD,2024,7,1028,23,12,0.0,frozenset({403.0}),403.0,0.5217391304347826,True,2024-07,1,2718,1
WN,DEN,OAK,2024,7,1365,15,10,0.0,frozenset({1387.0}),1387.0,0.6666666666666666,True,2024-07,1,2719,1
AA,CLT,RSW,2024,7,1004,30,16,1.0,frozenset({1176.0}),1176.0,0.5333333333333333,True,2024-07,1,2720,1
WN,DEN,OMA,2024,7,1250,11,6,0.0,frozenset({2127.0}),2127.0,0.5454545454545454,True,2024-07,1,2721,1
WN,DEN,OMA,2024,7,1300,19,11,1.0,"frozenset({4498.0, 3346.0, 2650.0, 3301.0})",4498.0,0.5789473684210527,True,2024-07,1,2722,1
AA,CLT,SAN,2024,7,1252,30,22,4.0,frozenset({2647.0}),2647.0,0.7333333333333333,True,2024-07,1,2723,1
WN,DEN,RDU,2024,7,1240,11,6,0.0,frozenset({3718.0}),3718.0,0.5454545454545454,True,2024-07,2,1925,2
AA,CLT,ROC,2024,7,1355,29,20,3.0,frozenset({517.0}),517.0,0.6896551724137931,True,2024-07,1,2724,1
AA,CLT,AUS,2024,7,1239,30,24,2.0,frozenset({764.0}),764.0,0.8,True,2024-07,1,2725,1
UA,FLL,EWR,2024,7,1168,26,16,0.0,frozenset({1937.0}),1937.0,0.6153846153846154,True,2024-07,1,2726,1
AA,CLT,AUS,2024,7,1340,29,19,3.0,frozenset({1905.0}),1905.0,0.6551724137931034,True,2024-07,1,2727,1
UA,LAS,ORD,2024,7,951,30,16,1.0,frozenset({2015.0}),2015.0,0.5333333333333333,True,2024-07,1,2728,1
UA,LAS,ORD,2024,7,880,20,11,6.0,frozenset({1779.0}),1779.0,0.55,True,2024-07,1,2729,1
UA,JAX,EWR,2024,7,943,23,14,1.0,frozenset({1792.0}),1792.0,0.6086956521739131,True,2024-07,1,2730,1
WN,MSY,MCO,2024,7,995,11,8,1.0,frozenset({4826.0}),4826.0,0.7272727272727273,True,2024-07,2,1599,2
AA,CLT,OKC,2024,7,1287,30,20,2.0,frozenset({768.0}),768.0,0.6666666666666666,True,2024-07,2,1631,2
UA,IND,IAH,2024,7,1045,21,12,1.0,frozenset({788.0}),788.0,0.5714285714285714,True,2024-07,1,2731,1
AA,CLT,OMA,2024,7,1244,27,22,2.0,"frozenset({2210.0, 222.0})",2210.0,0.8148148148148148,True,2024-07,1,2732,1
AA,CLT,ONT,2024,7,1275,26,15,0.0,frozenset({845.0}),845.0,0.5769230769230769,True,2024-07,1,2733,1
AA,CLT,ORD,2024,7,1105,30,21,1.0,frozenset({2756.0}),2756.0,0.7,True,2024-07,2,1614,2
AA,CLT,BWI,2024,7,1080,30,17,1.0,frozenset({939.0}),939.0,0.5666666666666667,True,2024-07,1,2734,1
AA,CLT,ORD,2024,7,1365,29,20,1.0,frozenset({1628.0}),1628.0,0.6896551724137931,True,2024-07,1,2735,1
UA,IAH,SEA,2024,7,1210,31,17,1.0,frozenset({2650.0}),2650.0,0.5483870967741935,True,2024-07,1,2736,1
UA,IAH,SEA,2024,7,1103,31,16,0.0,frozenset({2384.0}),2384.0,0.5161290322580645,True,2024-07,1,2737,1
UA,IAH,SAT,2024,7,1078,31,17,1.0,frozenset({382.0}),382.0,0.5483870967741935,True,2024-07,1,2738,1
UA,IAH,SAT,2024,7,1000,13,7,3.0,frozenset({1186.0}),1186.0,0.5384615384615384,True,2024-07,1,2739,1
UA,IAH,SAT,2024,7,860,27,14,1.0,frozenset({1524.0}),1524.0,0.5185185185185185,True,2024-07,1,2740,1
WN,MSY,MIA,2024,7,1195,11,7,0.0,frozenset({4876.0}),4876.0,0.6363636363636364,True,2024-07,1,2741,1
UA,IAH,PNS,2024,7,1190,31,22,2.0,frozenset({2735.0}),2735.0,0.7096774193548387,True,2024-07,1,2742,1
WN,DAL,BUR,2024,7,1085,22,12,0.0,"frozenset({1905.0, 2395.0, 1543.0})",2395.0,0.5454545454545454,True,2024-07,1,2743,1
UA,IAH,PHL,2024,7,760,27,14,3.0,frozenset({1915.0}),1915.0,0.5185185185185185,True,2024-07,1,2744,1
AA,CLT,ORF,2024,7,1082,30,16,0.0,frozenset({2814.0}),2814.0,0.5333333333333333,True,2024-07,1,2745,1
UA,IAH,OMA,2024,7,1209,31,16,2.0,frozenset({2731.0}),2731.0,0.5161290322580645,True,2024-07,1,2746,1
AA,CLT,PBI,2024,7,1355,29,19,3.0,frozenset({1421.0}),1421.0,0.6551724137931034,True,2024-07,1,2747,1
AA,CLT,BWI,2024,7,948,31,20,2.0,frozenset({2982.0}),2982.0,0.6451612903225806,True,2024-07,1,2748,1
WN,DAL,BWI,2024,7,1255,11,6,0.0,frozenset({4584.0}),4584.0,0.5454545454545454,True,2024-07,1,2749,1
UA,IAH,MSY,2024,7,1224,31,16,2.0,frozenset({2170.0}),2170.0,0.5161290322580645,True,2024-07,1,2750,1
AA,CLT,BUF,2024,7,1340,29,19,2.0,frozenset({703.0}),703.0,0.6551724137931034,True,2024-07,3,1438,3
AA,CLT,MYR,2024,7,1370,29,16,5.0,frozenset({2741.0}),2741.0,0.5517241379310345,True,2024-07,1,2751,1
WN,DAL,BHM,2024,7,870,12,7,0.0,"frozenset({1061.0, 447.0})",1061.0,0.5833333333333334,True,2024-07,1,2752,1
AA,CLT,BWI,2024,7,1349,29,20,6.0,frozenset({2799.0}),2799.0,0.6896551724137931,True,2024-07,1,2753,1
AA,CLT,MYR,2024,7,1285,30,19,1.0,frozenset({1085.0}),1085.0,0.6333333333333333,True,2024-07,1,2754,1
WN,BWI,TPA,2024,7,1115,21,11,0.0,"frozenset({186.0, 2577.0, 1386.0, 3196.0})",3196.0,0.5238095238095238,True,2024-07,1,2755,1
WN,BWI,TPA,2024,7,1230,30,17,2.0,"frozenset({3279.0, 1142.0, 463.0})",1142.0,0.5666666666666667,True,2024-07,1,2756,1
WN,BWI,TPA,2024,7,1335,11,6,0.0,frozenset({5165.0}),5165.0,0.5454545454545454,True,2024-07,1,2757,1
WN,CHS,BWI,2024,7,1195,15,9,0.0,"frozenset({1713.0, 615.0})",1713.0,0.6,True,2024-07,1,2758,1
UA,MIA,EWR,2024,7,1041,31,19,1.0,frozenset({762.0}),762.0,0.6129032258064516,True,2024-07,1,2759,2
WN,CLE,ATL,2024,7,1145,10,6,0.0,frozenset({4156.0}),4156.0,0.6,True,2024-07,1,2760,1
AA,CLT,CID,2024,7,1295,30,25,4.0,frozenset({2386.0}),2386.0,0.8333333333333334,True,2024-07,2,1913,2
AA,CLT,MSP,2024,7,936,30,19,0.0,frozenset({2140.0}),2140.0,0.6333333333333333,True,2024-07,1,2761,1
AA,CLT,MSP,2024,7,1210,22,16,2.0,frozenset({676.0}),676.0,0.7272727272727273,True,2024-07,1,2762,1
UA,MCO,ORD,2024,7,970,31,18,2.0,frozenset({1828.0}),1828.0,0.5806451612903226,True,2024-07,1,2763,2
UA,MCO,IAH,2024,7,1157,29,19,4.0,frozenset({241.0}),241.0,0.6551724137931034,True,2024-07,1,2764,1
UA,MCO,IAH,2024,7,1021,31,19,1.0,frozenset({1696.0}),1696.0,0.6129032258064516,True,2024-07,1,2765,1
WN,CLT,BWI,2024,7,1090,10,8,0.0,frozenset({3511.0}),3511.0,0.8,True,2024-07,1,2766,1
UA,IAH,MSY,2024,7,1130,31,17,2.0,frozenset({2011.0}),2011.0,0.5483870967741935,True,2024-07,1,2767,1
WN,CLT,DAL,2024,7,1065,15,10,0.0,"frozenset({456.0, 1079.0})",1079.0,0.6666666666666666,True,2024-07,1,2768,1
UA,MCO,EWR,2024,7,1027,27,17,0.0,frozenset({1386.0}),1386.0,0.6296296296296297,True,2024-07,1,2769,2
WN,CLT,MDW,2024,7,1135,11,6,0.0,frozenset({4958.0}),4958.0,0.5454545454545454,True,2024-07,1,2770,1
AA,CLT,CHS,2024,7,1372,29,17,2.0,frozenset({425.0}),425.0,0.5862068965517241,True,2024-07,1,2771,1
WN,CMH,ATL,2024,7,1240,15,9,0.0,frozenset({3858.0}),3858.0,0.6,True,2024-07,1,2772,1
WN,CMH,HOU,2024,7,865,15,8,1.0,"frozenset({2637.0, 3318.0})",2637.0,0.5333333333333333,True,2024-07,1,2773,1
AA,CLT,CHS,2024,7,1249,30,24,1.0,frozenset({1925.0}),1925.0,0.8,True,2024-07,1,2774,2
UA,LGA,ORD,2024,7,1260,26,15,1.0,"frozenset({2212.0, 598.0})",2212.0,0.5769230769230769,True,2024-07,1,2775,1
UA,LGA,ORD,2024,7,1220,27,15,4.0,frozenset({1493.0}),1493.0,0.5555555555555556,True,2024-07,1,2776,1
AA,CLT,CHS,2024,7,1099,30,17,1.0,frozenset({998.0}),998.0,0.5666666666666667,True,2024-07,1,2777,1
UA,LGA,IAH,2024,7,1200,22,15,2.0,frozenset({598.0}),598.0,0.6818181818181818,True,2024-07,1,2778,2
AA,CLT,MSY,2024,7,997,30,17,1.0,frozenset({607.0}),607.0,0.5666666666666667,True,2024-07,1,2779,1
AA,CLT,MSY,2024,7,1383,29,19,5.0,frozenset({1943.0}),1943.0,0.6551724137931034,True,2024-07,1,2780,1
WN,MSP,BWI,2024,7,1080,15,8,0.0,frozenset({2821.0}),2821.0,0.5333333333333333,True,2024-07,1,2781,1
UA,MCO,EWR,2024,7,1265,27,15,1.0,frozenset({2463.0}),2463.0,0.5555555555555556,True,2024-07,1,2782,2
AA,BNA,CLT,2024,7,1148,29,18,2.0,frozenset({2979.0}),2979.0,0.6206896551724138,True,2024-07,2,1953,2
UA,IAH,MSY,2024,7,980,26,15,1.0,frozenset({404.0}),404.0,0.5769230769230769,True,2024-07,1,2783,1
AA,CLT,PDX,2024,7,1025,24,16,0.0,frozenset({2387.0}),2387.0,0.6666666666666666,True,2024-07,1,2784,1
AA,CLT,PHL,2024,7,1224,31,21,1.0,"frozenset({1648.0, 2051.0})",1648.0,0.6774193548387096,True,2024-07,1,2785,1
AA,CLT,PHL,2024,7,1375,29,16,2.0,"frozenset({2051.0, 727.0})",727.0,0.5517241379310345,True,2024-07,1,2786,1
UA,IAH,DCA,2024,7,865,22,12,3.0,frozenset({1604.0}),1604.0,0.5454545454545454,True,2024-07,1,2787,1
UA,IAH,CVG,2024,7,1132,21,13,2.0,frozenset({2469.0}),2469.0,0.6190476190476191,True,2024-07,1,2788,1
UA,IAH,BOS,2024,7,1139,30,18,4.0,frozenset({1478.0}),1478.0,0.6,True,2024-07,1,2789,1
UA,IAH,AUS,2024,7,1225,31,16,0.0,frozenset({1498.0}),1498.0,0.5161290322580645,True,2024-07,1,2790,1
UA,IAH,AUS,2024,7,862,31,17,2.0,frozenset({2483.0}),2483.0,0.5483870967741935,True,2024-07,1,2791,1
UA,IAH,ATL,2024,7,1085,31,17,1.0,frozenset({2218.0}),2218.0,0.5483870967741935,True,2024-07,1,2792,1
UA,IAH,ATL,2024,7,875,22,15,1.0,frozenset({2616.0}),2616.0,0.6818181818181818,True,2024-07,1,2793,1
WN,DAL,LBB,2024,7,1315,11,7,0.0,frozenset({2945.0}),2945.0,0.6363636363636364,True,2024-07,1,2794,1
WN,DAL,MCO,2024,7,935,16,9,0.0,"frozenset({2307.0, 1252.0, 807.0})",1252.0,0.5625,True,2024-07,1,2795,1
WN,DAL,MCO,2024,7,1105,16,9,0.0,"frozenset({3683.0, 971.0, 262.0})",971.0,0.5625,True,2024-07,1,2796,1
AA,CLT,PHX,2024,7,1098,30,17,2.0,frozenset({809.0}),809.0,0.5666666666666667,True,2024-07,1,2797,1
AA,CLT,PHX,2024,7,1247,30,21,0.0,frozenset({2864.0}),2864.0,0.7,True,2024-07,1,2798,1
AA,CLT,BDL,2024,7,1364,29,17,2.0,frozenset({1062.0}),1062.0,0.5862068965517241,True,2024-07,1,2799,1
UA,IAD,EWR,2024,7,1047,27,18,1.0,frozenset({2398.0}),2398.0,0.6666666666666666,True,2024-07,1,2800,2
AA,CLT,BDL,2024,7,1219,29,15,0.0,frozenset({657.0}),657.0,0.5172413793103449,True,2024-07,1,2801,1
AA,CLT,BDL,2024,7,979,30,16,0.0,frozenset({2984.0}),2984.0,0.5333333333333333,True,2024-07,1,2802,1
AA,CLT,PHX,2024,7,1349,30,19,4.0,"frozenset({2317.0, 2015.0})",2317.0,0.6333333333333333,True,2024-07,1,2803,1
AA,CLT,PIT,2024,7,872,31,16,1.0,frozenset({1989.0}),1989.0,0.5161290322580645,True,2024-07,1,2804,1
AA,CLT,PIT,2024,7,1165,27,21,2.0,frozenset({566.0}),566.0,0.7777777777777778,True,2024-07,1,2805,1
WN,DAL,PHX,2024,7,1105,11,7,1.0,"frozenset({2698.0, 1694.0})",2698.0,0.6363636363636364,True,2024-07,1,2806,1
AA,CLT,PIT,2024,7,1350,29,17,4.0,frozenset({1962.0}),1962.0,0.5862068965517241,True,2024-07,1,2807,1
AA,CLT,PVD,2024,7,1224,29,19,1.0,frozenset({2318.0}),2318.0,0.6551724137931034,True,2024-07,1,2808,1
AA,CLT,AVL,2024,7,1230,30,21,3.0,frozenset({689.0}),689.0,0.7,True,2024-07,1,2809,1
AA,CLT,PVD,2024,7,1360,29,16,1.0,frozenset({712.0}),712.0,0.5517241379310345,True,2024-07,1,2810,1
UA,FLL,IAH,2024,7,1141,25,14,2.0,frozenset({1475.0}),1475.0,0.56,True,2024-07,1,2811,1
UA,IAH,DFW,2024,7,1225,31,18,1.0,frozenset({1949.0}),1949.0,0.5806451612903226,True,2024-07,1,2812,1
AA,CLT,PHL,2024,7,1103,28,16,5.0,frozenset({1822.0}),1822.0,0.5714285714285714,True,2024-07,1,2813,1
UA,IAH,EWR,2024,7,731,31,17,1.0,frozenset({2443.0}),2443.0,0.5483870967741935,True,2024-07,1,2814,1
UA,IAH,EWR,2024,7,830,31,19,1.0,frozenset({2471.0}),2471.0,0.6129032258064516,True,2024-07,1,2815,1
AA,CLT,BOS,2024,7,1359,29,23,5.0,frozenset({1937.0}),1937.0,0.7931034482758621,True,2024-07,1,2816,2
AA,CLT,BOS,2024,7,1125,29,18,1.0,frozenset({1453.0}),1453.0,0.6206896551724138,True,2024-07,1,2817,1
AA,CLT,BOS,2024,7,1007,29,16,0.0,frozenset({1978.0}),1978.0,0.5517241379310345,True,2024-07,1,2818,2
WN,DAL,FLL,2024,7,1195,19,10,0.0,"frozenset({48.0, 3073.0})",48.0,0.5263157894736842,True,2024-07,1,2819,1
UA,IAH,MFE,2024,7,1224,30,16,3.0,frozenset({1663.0}),1663.0,0.5333333333333333,True,2024-07,1,2820,1
UA,IAH,MEM,2024,7,1290,29,17,2.0,frozenset({1794.0}),1794.0,0.5862068965517241,True,2024-07,1,2821,1
AA,CLT,BNA,2024,7,1380,30,19,1.0,frozenset({526.0}),526.0,0.6333333333333333,True,2024-07,2,1872,2
UA,IAH,MCO,2024,7,883,31,21,1.0,frozenset({2364.0}),2364.0,0.6774193548387096,True,2024-07,1,2822,1
WN,DAL,HOU,2024,7,1110,31,16,2.0,"frozenset({49.0, 3.0, 51.0})",49.0,0.5161290322580645,True,2024-07,1,2823,1
WN,DAL,HOU,2024,7,1200,25,13,1.0,"frozenset({53.0, 55.0})",55.0,0.52,True,2024-07,1,2824,1
UA,IAH,MCO,2024,7,745,31,18,2.0,frozenset({691.0}),691.0,0.5806451612903226,True,2024-07,1,2825,1
UA,IAH,LGA,2024,7,1040,31,22,3.0,frozenset({2446.0}),2446.0,0.7096774193548387,True,2024-07,1,2826,2
UA,IAH,LGA,2024,7,980,31,18,1.0,frozenset({2140.0}),2140.0,0.5806451612903226,True,2024-07,1,2827,1
AA,CLT,BUF,2024,7,975,31,18,0.0,frozenset({2301.0}),2301.0,0.5806451612903226,True,2024-07,1,2828,1
UA,IAH,LGA,2024,7,867,22,15,1.0,frozenset({2212.0}),2212.0,0.6818181818181818,True,2024-07,1,2829,2
UA,IAH,LAX,2024,7,865,31,17,1.0,frozenset({1945.0}),1945.0,0.5483870967741935,True,2024-07,1,2830,1
UA,IAH,LAS,2024,7,1095,31,16,1.0,frozenset({2086.0}),2086.0,0.5161290322580645,True,2024-07,1,2831,1
UA,IAH,IND,2024,7,1190,31,17,2.0,frozenset({2318.0}),2318.0,0.5483870967741935,True,2024-07,1,2832,1
UA,IAH,IAD,2024,7,1123,31,16,1.0,frozenset({2237.0}),2237.0,0.5161290322580645,True,2024-07,1,2833,1
WN,DAL,IAH,2024,7,1100,22,12,0.0,"frozenset({456.0, 1538.0, 4229.0})",456.0,0.5454545454545454,True,2024-07,2,1859,2
UA,IAH,GSP,2024,7,1115,23,12,2.0,frozenset({1216.0}),1216.0,0.5217391304347826,True,2024-07,1,2834,1
UA,IAH,FLL,2024,7,1130,31,16,1.0,frozenset({2724.0}),2724.0,0.5161290322580645,True,2024-07,1,2835,1
WN,DAL,IND,2024,7,1200,25,14,0.0,frozenset({1568.0}),1568.0,0.56,True,2024-07,1,2836,1
UA,IAH,EWR,2024,7,1110,31,18,3.0,frozenset({2104.0}),2104.0,0.5806451612903226,True,2024-07,1,2837,1
UA,IAH,EWR,2024,7,1007,31,16,2.0,frozenset({774.0}),774.0,0.5161290322580645,True,2024-07,1,2838,1
AA,CLT,BNA,2024,7,1256,30,23,1.0,frozenset({2797.0}),2797.0,0.7666666666666667,True,2024-07,1,2839,1
UA,IAH,EWR,2024,7,865,31,20,1.0,frozenset({1733.0}),1733.0,0.6451612903225806,True,2024-07,1,2840,1
AA,CLT,BNA,2024,7,1082,29,17,2.0,frozenset({2979.0}),2979.0,0.5862068965517241,True,2024-07,2,1870,2
UA,IAH,LAX,2024,7,1190,26,14,0.0,frozenset({2723.0}),2723.0,0.5384615384615384,True,2024-07,1,2841,1
AA,BUF,CLT,2024,7,1128,29,22,1.0,frozenset({2301.0}),2301.0,0.7586206896551724,True,2024-07,1,2842,1
AA,PNS,DFW,2024,7,1027,30,25,5.0,frozenset({2062.0}),2062.0,0.8333333333333334,True,2024-07,1,2843,1
OH,CAK,CLT,2024,7,1135,29,16,0.0,frozenset({5155.0}),5155.0,0.5517241379310345,True,2024-07,1,2844,1
DL,DTW,PIT,2024,7,1310,31,17,1.0,"frozenset({2324.0, 2199.0})",2199.0,0.5483870967741935,True,2024-07,1,2845,1
DL,DTW,PHL,2024,7,1068,14,8,0.0,frozenset({1373.0}),1373.0,0.5714285714285714,True,2024-07,1,2846,1
AA,MEM,DFW,2024,7,979,26,14,0.0,frozenset({1789.0}),1789.0,0.5384615384615384,True,2024-07,1,2847,1
DL,DTW,MKE,2024,7,1079,14,8,1.0,"frozenset({2008.0, 2351.0})",2351.0,0.5714285714285714,True,2024-07,1,2848,1
DL,DTW,LGA,2024,7,1045,27,17,1.0,frozenset({2604.0}),2604.0,0.6296296296296297,True,2024-07,1,2849,1
DL,DTW,LAS,2024,7,1379,13,8,2.0,frozenset({785.0}),785.0,0.6153846153846154,True,2024-07,1,2850,1
DL,DTW,JAX,2024,7,906,14,9,1.0,frozenset({2994.0}),2994.0,0.6428571428571429,True,2024-07,1,2851,1
DL,DTW,IND,2024,7,1370,23,13,1.0,frozenset({2166.0}),2166.0,0.5652173913043478,True,2024-07,1,2852,1
DL,DTW,IAH,2024,7,1215,23,14,2.0,frozenset({1633.0}),1633.0,0.6086956521739131,True,2024-07,1,2853,1
DL,DTW,GSP,2024,7,1308,22,14,2.0,"frozenset({2057.0, 2075.0})",2057.0,0.6363636363636364,True,2024-07,1,2854,1
DL,DTW,EWR,2024,7,1070,22,17,1.0,frozenset({2567.0}),2567.0,0.7727272727272727,True,2024-07,1,2855,1
DL,DTW,DFW,2024,7,1214,23,14,1.0,frozenset({1207.0}),1207.0,0.6086956521739131,True,2024-07,1,2856,1
AA,MFE,DFW,2024,7,1037,30,17,0.0,frozenset({528.0}),528.0,0.5666666666666667,True,2024-07,1,2857,1
DL,DTW,DEN,2024,7,1297,24,13,2.0,frozenset({1644.0}),1644.0,0.5416666666666666,True,2024-07,1,2858,1
DL,DTW,DCA,2024,7,1081,27,15,2.0,"frozenset({2246.0, 2030.0})",2030.0,0.5555555555555556,True,2024-07,1,2859,1
DL,DTW,BUF,2024,7,1393,22,14,3.0,frozenset({2220.0}),2220.0,0.6363636363636364,True,2024-07,1,2860,2
DL,DTW,BDL,2024,7,1379,24,13,4.0,frozenset({2989.0}),2989.0,0.5416666666666666,True,2024-07,1,2861,1
AA,MIA,ATL,2024,7,880,10,6,1.0,frozenset({1368.0}),1368.0,0.6,True,2024-07,1,2862,2
AA,MIA,ATL,2024,7,1005,31,16,0.0,frozenset({945.0}),945.0,0.5161290322580645,True,2024-07,1,2863,1
DL,DCA,ATL,2024,7,1235,27,14,2.0,frozenset({1140.0}),1140.0,0.5185185185185185,True,2024-07,1,2864,1
DL,DCA,ATL,2024,7,1175,31,16,5.0,frozenset({1007.0}),1007.0,0.5161290322580645,True,2024-07,1,2865,1
DL,DAB,ATL,2024,7,1160,29,16,2.0,frozenset({3056.0}),3056.0,0.5517241379310345,True,2024-07,1,2866,1
DL,CVG,MSP,2024,7,1172,23,15,3.0,frozenset({1119.0}),1119.0,0.6521739130434783,True,2024-07,1,2867,1
DL,CLT,ATL,2024,7,1186,31,17,2.0,"frozenset({2400.0, 2620.0})",2620.0,0.5483870967741935,True,2024-07,1,2868,1
DL,CLE,ATL,2024,7,1188,15,8,3.0,frozenset({2210.0}),2210.0,0.5333333333333333,True,2024-07,1,2869,1
DL,CHS,ATL,2024,7,1208,14,9,1.0,frozenset({3179.0}),3179.0,0.6428571428571429,True,2024-07,1,2870,1
DL,CHA,ATL,2024,7,1199,13,7,1.0,frozenset({2493.0}),2493.0,0.5384615384615384,True,2024-07,1,2871,1
DL,CAE,ATL,2024,7,1147,14,10,1.0,"frozenset({2400.0, 2546.0})",2400.0,0.7142857142857143,True,2024-07,1,2872,1
DL,BWI,ATL,2024,7,1092,29,17,3.0,frozenset({1267.0}),1267.0,0.5862068965517241,True,2024-07,1,2873,1
DL,DTW,SMF,2024,7,1214,17,10,2.0,frozenset({1448.0}),1448.0,0.5882352941176471,True,2024-07,1,2874,1
DL,DTW,TPA,2024,7,1139,15,8,2.0,frozenset({1355.0}),1355.0,0.5333333333333333,True,2024-07,1,2875,1
DL,EWR,ATL,2024,7,1054,26,21,2.0,frozenset({2312.0}),2312.0,0.8076923076923077,True,2024-07,1,2876,1
DL,EWR,ATL,2024,7,1179,14,10,1.0,frozenset({2340.0}),2340.0,0.7142857142857143,True,2024-07,1,2877,2
DL,MCO,DCA,2024,7,1176,28,17,3.0,frozenset({2729.0}),2729.0,0.6071428571428571,True,2024-07,1,2878,1
DL,MCO,CVG,2024,7,1149,24,13,3.0,frozenset({2824.0}),2824.0,0.5416666666666666,True,2024-07,1,2879,1
DL,MCO,ATL,2024,7,1259,14,12,2.0,frozenset({2035.0}),2035.0,0.8571428571428571,True,2024-07,1,2880,1
DL,MCO,ATL,2024,7,1199,29,19,3.0,"frozenset({1497.0, 2595.0})",1497.0,0.6551724137931034,True,2024-07,1,2881,1
DL,MCO,ATL,2024,7,1139,22,18,3.0,frozenset({1742.0}),1742.0,0.8181818181818182,True,2024-07,1,2882,1
DL,MCO,ATL,2024,7,1079,31,20,3.0,frozenset({1150.0}),1150.0,0.6451612903225806,True,2024-07,1,2883,2
DL,MCO,ATL,2024,7,1015,30,20,2.0,frozenset({1372.0}),1372.0,0.6666666666666666,True,2024-07,1,2884,1
DL,MCO,ATL,2024,7,930,31,17,2.0,frozenset({1576.0}),1576.0,0.5483870967741935,True,2024-07,1,2885,1
AA,MEM,CLT,2024,7,1140,29,15,1.0,frozenset({1786.0}),1786.0,0.5172413793103449,True,2024-07,1,2886,1
DL,LGA,PBI,2024,7,1195,21,15,1.0,frozenset({2410.0}),2410.0,0.7142857142857143,True,2024-07,1,2887,1
DL,LGA,ORD,2024,7,1050,31,16,3.0,frozenset({2760.0}),2760.0,0.5161290322580645,True,2024-07,1,2888,1
DL,LGA,MCO,2024,7,1199,31,17,4.0,frozenset({2540.0}),2540.0,0.5483870967741935,True,2024-07,1,2889,2
DL,LGA,DTW,2024,7,1217,27,18,1.0,frozenset({1014.0}),1014.0,0.6666666666666666,True,2024-07,1,2890,2
DL,LGA,DEN,2024,7,1137,27,14,1.0,frozenset({710.0}),710.0,0.5185185185185185,True,2024-07,1,2891,1
DL,BOS,TPA,2024,7,1185,21,12,3.0,frozenset({2234.0}),2234.0,0.5714285714285714,True,2024-07,1,2892,1
DL,LGA,ATL,2024,7,1230,27,16,3.0,frozenset({998.0}),998.0,0.5925925925925926,True,2024-07,1,2893,1
DL,LAX,ATL,2024,7,1439,25,14,3.0,frozenset({320.0}),320.0,0.56,True,2024-07,1,2894,1
DL,LAS,ATL,2024,7,1345,14,9,3.0,frozenset({417.0}),417.0,0.6428571428571429,True,2024-07,1,2895,1
DL,JFK,DTW,2024,7,1165,31,17,3.0,frozenset({2512.0}),2512.0,0.5483870967741935,True,2024-07,1,2896,1
DL,JFK,BOS,2024,7,1260,31,17,0.0,frozenset({2639.0}),2639.0,0.5483870967741935,True,2024-07,1,2897,1
DL,JAX,DTW,2024,7,1101,14,9,1.0,frozenset({2994.0}),2994.0,0.6428571428571429,True,2024-07,1,2898,1
DL,JAX,ATL,2024,7,1035,31,20,3.0,frozenset({2720.0}),2720.0,0.6451612903225806,True,2024-07,1,2899,1
DL,IND,ATL,2024,7,1207,14,9,2.0,frozenset({1475.0}),1475.0,0.6428571428571429,True,2024-07,1,2900,1
DL,IAH,ATL,2024,7,1016,22,13,2.0,frozenset({1223.0}),1223.0,0.5909090909090909,True,2024-07,1,2901,1
DL,HOU,ATL,2024,7,1167,22,12,4.0,frozenset({1254.0}),1254.0,0.5454545454545454,True,2024-07,1,2902,1
DL,FLL,ATL,2024,7,1245,14,9,2.0,frozenset({1670.0}),1670.0,0.6428571428571429,True,2024-07,1,2903,1
DL,FLL,ATL,2024,7,1125,31,16,1.0,frozenset({2345.0}),2345.0,0.5161290322580645,True,2024-07,1,2904,1
DL,EWR,MSP,2024,7,1134,25,14,2.0,frozenset({2866.0}),2866.0,0.56,True,2024-07,2,1640,3
DL,EWR,MSP,2024,7,915,31,17,1.0,frozenset({2895.0}),2895.0,0.5483870967741935,True,2024-07,1,2905,1
DL,EWR,DTW,2024,7,1220,22,15,1.0,frozenset({2567.0}),2567.0,0.6818181818181818,True,2024-07,1,2906,2
DL,LAX,JFK,2024,7,780,31,16,0.0,frozenset({991.0}),991.0,0.5161290322580645,True,2024-07,1,2907,1
AA,MIA,ATL,2024,7,1155,31,17,0.0,frozenset({2290.0}),2290.0,0.5483870967741935,True,2024-07,2,1667,2
DL,BOS,ORD,2024,7,1180,19,10,2.0,frozenset({2676.0}),2676.0,0.5263157894736842,True,2024-07,1,2908,1
DL,BOS,ATL,2024,7,1230,14,9,1.0,frozenset({900.0}),900.0,0.6428571428571429,True,2024-07,1,2909,1
DL,ATL,PHL,2024,7,1272,23,15,2.0,frozenset({1174.0}),1174.0,0.6521739130434783,True,2024-07,1,2910,1
DL,ATL,PHL,2024,7,915,27,14,1.0,frozenset({2842.0}),2842.0,0.5185185185185185,True,2024-07,1,2911,1
DL,ATL,PBI,2024,7,1372,24,13,2.0,frozenset({1495.0}),1495.0,0.5416666666666666,True,2024-07,1,2912,1
DL,ATL,PBI,2024,7,1290,31,16,2.0,"frozenset({1065.0, 1222.0})",1222.0,0.5161290322580645,True,2024-07,1,2913,1
DL,ATL,PBI,2024,7,1217,30,17,2.0,frozenset({1606.0}),1606.0,0.5666666666666667,True,2024-07,1,2914,1
DL,ATL,ORF,2024,7,1259,14,12,2.0,frozenset({2010.0}),2010.0,0.8571428571428571,True,2024-07,1,2915,1
DL,ATL,ORF,2024,7,934,31,16,1.0,frozenset({2329.0}),2329.0,0.5161290322580645,True,2024-07,1,2916,1
DL,ATL,ORD,2024,7,1370,31,19,3.0,frozenset({1199.0}),1199.0,0.6129032258064516,True,2024-07,1,2917,1
DL,ATL,ORD,2024,7,1200,22,15,2.0,frozenset({1139.0}),1139.0,0.6818181818181818,True,2024-07,1,2918,1
DL,ATL,ORD,2024,7,1054,22,15,2.0,frozenset({2879.0}),2879.0,0.6818181818181818,True,2024-07,1,2919,1
DL,ATL,ONT,2024,7,1296,24,17,3.0,frozenset({779.0}),779.0,0.7083333333333334,True,2024-07,1,2920,1
DL,ATL,OMA,2024,7,1358,31,19,4.0,frozenset({2495.0}),2495.0,0.6129032258064516,True,2024-07,1,2921,1
DL,ATL,OKC,2024,7,1370,31,17,2.0,frozenset({2423.0}),2423.0,0.5483870967741935,True,2024-07,1,2922,1
DL,ATL,MYR,2024,7,1360,29,17,2.0,frozenset({3074.0}),3074.0,0.5862068965517241,True,2024-07,1,2923,1
DL,ATL,PHL,2024,7,1359,31,16,2.0,frozenset({2642.0}),2642.0,0.5161290322580645,True,2024-07,1,2924,1
DL,ATL,MSY,2024,7,1379,31,17,2.0,frozenset({2224.0}),2224.0,0.5483870967741935,True,2024-07,1,2925,1
DL,ATL,MSY,2024,7,1221,29,15,3.0,"frozenset({2072.0, 1450.0})",2072.0,0.5172413793103449,True,2024-07,1,2926,1
DL,ATL,MSP,2024,7,1368,31,16,2.0,frozenset({1310.0}),1310.0,0.5161290322580645,True,2024-07,1,2927,1
DL,ATL,MKE,2024,7,1385,26,17,3.0,frozenset({1268.0}),1268.0,0.6538461538461539,True,2024-07,1,2928,1
DL,ATL,MKE,2024,7,1259,14,9,3.0,frozenset({1206.0}),1206.0,0.6428571428571429,True,2024-07,1,2929,1
DL,ATL,MIA,2024,7,1250,14,9,2.0,frozenset({1234.0}),1234.0,0.6428571428571429,True,2024-07,1,2930,1
DL,ATL,MEM,2024,7,1280,14,11,3.0,frozenset({1577.0}),1577.0,0.7857142857142857,True,2024-07,1,2931,1
DL,ATL,MEM,2024,7,1185,29,15,2.0,frozenset({2001.0}),2001.0,0.5172413793103449,True,2024-07,1,2932,1
DL,ATL,MCO,2024,7,1425,14,8,3.0,frozenset({1562.0}),1562.0,0.5714285714285714,True,2024-07,1,2933,1
DL,ATL,MCO,2024,7,1379,31,16,3.0,frozenset({1162.0}),1162.0,0.5161290322580645,True,2024-07,1,2934,1
DL,ATL,MCO,2024,7,1290,22,15,1.0,"frozenset({1733.0, 1990.0})",1733.0,0.6818181818181818,True,2024-07,1,2935,1
DL,ATL,MCO,2024,7,1230,31,20,4.0,"frozenset({1733.0, 1735.0})",1735.0,0.6451612903225806,True,2024-07,1,2936,1
DL,ATL,MCO,2024,7,1095,31,20,2.0,frozenset({2035.0}),2035.0,0.6451612903225806,True,2024-07,1,2937,1
DL,ATL,MCO,2024,7,1035,30,16,1.0,frozenset({1497.0}),1497.0,0.5333333333333333,True,2024-07,1,2938,1
DL,ATL,MCO,2024,7,975,31,19,3.0,frozenset({1742.0}),1742.0,0.6129032258064516,True,2024-07,1,2939,1
DL,ATL,MSY,2024,7,1315,14,9,3.0,"frozenset({2072.0, 1500.0})",1500.0,0.6428571428571429,True,2024-07,1,2940,1
DL,MCO,JFK,2024,7,1170,31,19,4.0,frozenset({1685.0}),1685.0,0.6129032258064516,True,2024-07,1,2941,1
DL,ATL,PHX,2024,7,1085,24,13,3.0,frozenset({382.0}),382.0,0.5416666666666666,True,2024-07,1,2942,1
DL,ATL,PIT,2024,7,1003,19,11,2.0,frozenset({2583.0}),2583.0,0.5789473684210527,True,2024-07,1,2943,1
AA,MIA,AUS,2024,7,892,31,17,1.0,frozenset({964.0}),964.0,0.5483870967741935,True,2024-07,1,2944,1
DL,BNA,ATL,2024,7,1191,13,9,1.0,frozenset({1490.0}),1490.0,0.6923076923076923,True,2024-07,1,2945,1
DL,AUS,LAX,2024,7,1010,29,17,1.0,frozenset({986.0}),986.0,0.5862068965517241,True,2024-07,2,1660,2
AA,MIA,BDL,2024,7,1178,31,18,0.0,frozenset({1256.0}),1256.0,0.5806451612903226,True,2024-07,1,2946,1
DL,AUS,ATL,2024,7,1199,14,10,4.0,frozenset({1060.0}),1060.0,0.7142857142857143,True,2024-07,1,2947,1
DL,AUS,ATL,2024,7,1086,31,17,4.0,"frozenset({1491.0, 1397.0})",1491.0,0.5483870967741935,True,2024-07,1,2948,1
DL,AUS,ATL,2024,7,1000,29,19,4.0,frozenset({1397.0}),1397.0,0.6551724137931034,True,2024-07,1,2949,1
DL,ATL,TYS,2024,7,1082,14,8,1.0,frozenset({3042.0}),3042.0,0.5714285714285714,True,2024-07,1,2950,2
DL,ATL,TPA,2024,7,1415,14,11,2.0,frozenset({1560.0}),1560.0,0.7857142857142857,True,2024-07,1,2951,1
DL,ATL,TPA,2024,7,1210,17,9,1.0,frozenset({1538.0}),1538.0,0.5294117647058824,True,2024-07,1,2952,1
DL,ATL,TPA,2024,7,1105,31,16,1.0,frozenset({1457.0}),1457.0,0.5161290322580645,True,2024-07,1,2953,1
DL,ATL,TPA,2024,7,1045,22,15,2.0,frozenset({1594.0}),1594.0,0.6818181818181818,True,2024-07,1,2954,1
DL,ATL,STL,2024,7,1255,14,8,2.0,frozenset({2833.0}),2833.0,0.5714285714285714,True,2024-07,1,2955,1
DL,ATL,SRQ,2024,7,1227,29,16,2.0,frozenset({1057.0}),1057.0,0.5517241379310345,True,2024-07,1,2956,1
DL,ATL,PHX,2024,7,1361,19,12,3.0,frozenset({842.0}),842.0,0.631578947368421,True,2024-07,1,2957,1
DL,ATL,SFO,2024,7,1350,13,8,3.0,frozenset({399.0}),399.0,0.6153846153846154,True,2024-07,1,2958,1
DL,ATL,SDF,2024,7,1360,31,18,3.0,frozenset({2624.0}),2624.0,0.5806451612903226,True,2024-07,1,2959,1
DL,ATL,SAV,2024,7,1223,14,8,1.0,frozenset({2425.0}),2425.0,0.5714285714285714,True,2024-07,1,2960,1
DL,ATL,SAV,2024,7,1085,13,7,0.0,frozenset({2176.0}),2176.0,0.5384615384615384,True,2024-07,1,2961,1
DL,ATL,SAT,2024,7,1404,21,12,2.0,frozenset({1508.0}),1508.0,0.5714285714285714,True,2024-07,1,2962,1
DL,ATL,SAT,2024,7,1199,22,14,1.0,frozenset({2893.0}),2893.0,0.6363636363636364,True,2024-07,1,2963,1
DL,ATL,SAN,2024,7,1358,13,9,1.0,frozenset({896.0}),896.0,0.6923076923076923,True,2024-07,1,2964,1
DL,ATL,RSW,2024,7,1250,27,15,3.0,frozenset({1083.0}),1083.0,0.5555555555555556,True,2024-07,1,2965,1
DL,ATL,ROC,2024,7,1370,31,16,5.0,frozenset({2472.0}),2472.0,0.5161290322580645,True,2024-07,1,2966,1
DL,ATL,RIC,2024,7,1345,28,15,0.0,frozenset({1175.0}),1175.0,0.5357142857142857,True,2024-07,1,2967,1
DL,ATL,RIC,2024,7,1275,14,9,1.0,frozenset({1426.0}),1426.0,0.6428571428571429,True,2024-07,1,2968,1
DL,ATL,RDU,2024,7,1320,22,12,4.0,frozenset({2172.0}),2172.0,0.5454545454545454,True,2024-07,1,2969,1
DL,ATL,RDU,2024,7,1196,22,12,0.0,frozenset({1518.0}),1518.0,0.5454545454545454,True,2024-07,1,2970,1
DL,ATL,PVD,2024,7,1275,30,18,3.0,frozenset({2064.0}),2064.0,0.6,True,2024-07,1,2971,1
DL,ATL,PIT,2024,7,1255,14,10,1.0,frozenset({1093.0}),1093.0,0.7142857142857143,True,2024-07,1,2972,1
DL,ATL,SEA,2024,7,1290,31,16,3.0,frozenset({903.0}),903.0,0.5161290322580645,True,2024-07,1,2973,1
DL,MCO,LAX,2024,7,1169,20,11,3.0,frozenset({2060.0}),2060.0,0.55,True,2024-07,1,2974,1
DL,MCO,LGA,2024,7,1199,31,18,3.0,"frozenset({2521.0, 2139.0})",2521.0,0.5806451612903226,True,2024-07,1,2975,1
DL,MCO,MSP,2024,7,991,31,17,3.0,"frozenset({2595.0, 2727.0})",2727.0,0.5483870967741935,True,2024-07,1,2976,1
F9,IAH,PHX,2024,7,1388,16,9,1.0,"frozenset({4181.0, 4183.0})",4181.0,0.5625,True,2024-07,2,1605,3
F9,IAH,ORD,2024,7,1279,18,13,3.0,frozenset({3136.0}),3136.0,0.7222222222222222,True,2024-07,2,1608,2
F9,IAH,DEN,2024,7,1359,21,13,4.0,"frozenset({4931.0, 3227.0, 4933.0, 4855.0})",4855.0,0.6190476190476191,True,2024-07,1,2977,1
AA,LEX,CLT,2024,7,967,30,18,0.0,frozenset({1570.0}),1570.0,0.6,True,2024-07,1,2978,1
F9,FLL,PHL,2024,7,1295,13,7,2.0,"frozenset({4456.0, 4602.0})",4456.0,0.5384615384615384,True,2024-07,1,2979,1
AA,LEX,CLT,2024,7,1069,26,18,1.0,frozenset({2953.0}),2953.0,0.6923076923076923,True,2024-07,1,2980,1
F9,FLL,ATL,2024,7,1300,18,13,1.0,"frozenset({4873.0, 2173.0})",4873.0,0.7222222222222222,True,2024-07,1,2981,1
AA,LEX,CLT,2024,7,1221,29,18,2.0,frozenset({1521.0}),1521.0,0.6206896551724138,True,2024-07,1,2982,1
F9,DTW,ATL,2024,7,1278,24,16,6.0,"frozenset({2897.0, 1263.0})",2897.0,0.6666666666666666,True,2024-07,1,2983,2
AA,LEX,DFW,2024,7,838,27,14,0.0,frozenset({558.0}),558.0,0.5185185185185185,True,2024-07,1,2984,1
AA,LGA,CLT,2024,7,1055,30,16,1.0,frozenset({1084.0}),1084.0,0.5333333333333333,True,2024-07,1,2985,2
AA,LGA,CLT,2024,7,1149,25,20,2.0,frozenset({1059.0}),1059.0,0.8,True,2024-07,2,1613,3
F9,DFW,ORD,2024,7,1345,12,7,2.0,frozenset({3244.0}),3244.0,0.5833333333333334,True,2024-07,1,2986,1
F9,DFW,LGA,2024,7,990,30,17,4.0,frozenset({3424.0}),3424.0,0.5666666666666667,True,2024-07,1,2987,1
F9,IAH,RDU,2024,7,1073,13,8,3.0,frozenset({4610.0}),4610.0,0.6153846153846154,True,2024-07,1,2988,1
F9,DFW,IAH,2024,7,1144,14,9,2.0,frozenset({3198.0}),3198.0,0.6428571428571429,True,2024-07,2,1636,4
AA,MCI,CLT,2024,7,978,26,16,1.0,frozenset({1619.0}),1619.0,0.6153846153846154,True,2024-07,1,2989,1
F9,DEN,MIA,2024,7,1139,19,12,0.0,"frozenset({1280.0, 1282.0})",1280.0,0.631578947368421,True,2024-07,2,1601,3
F9,DEN,LGA,2024,7,975,31,16,1.0,frozenset({3162.0}),3162.0,0.5161290322580645,True,2024-07,1,2990,1
F9,DEN,LAX,2024,7,1147,31,17,5.0,"frozenset({3155.0, 3165.0})",3155.0,0.5483870967741935,True,2024-07,1,2991,2
F9,DEN,LAS,2024,7,1021,11,6,1.0,frozenset({2429.0}),2429.0,0.5454545454545454,True,2024-07,2,1603,2
F9,DEN,IAH,2024,7,1088,21,12,4.0,"frozenset({4856.0, 3206.0, 3230.0})",4856.0,0.5714285714285714,True,2024-07,1,2992,1
F9,DEN,ATL,2024,7,636,11,6,0.0,frozenset({1450.0}),1450.0,0.5454545454545454,True,2024-07,1,2993,1
AA,MCO,CLT,2024,7,1039,30,20,1.0,frozenset({1814.0}),1814.0,0.6666666666666666,True,2024-07,1,2994,1
F9,CLT,PHL,2024,7,1344,18,11,3.0,"frozenset({4354.0, 2388.0})",2388.0,0.6111111111111112,True,2024-07,2,1684,2
F9,CLT,PHL,2024,7,919,31,16,2.0,"frozenset({4354.0, 3332.0, 4356.0, 1384.0, 1328.0})",1384.0,0.5161290322580645,True,2024-07,1,2995,2
F9,CLT,ORD,2024,7,1057,14,9,0.0,frozenset({3141.0}),3141.0,0.6428571428571429,True,2024-07,1,2996,2
F9,CLT,MIA,2024,7,792,12,7,1.0,frozenset({3699.0}),3699.0,0.5833333333333334,True,2024-07,1,2997,1
F9,CLT,DEN,2024,7,1240,30,18,0.0,"frozenset({2985.0, 905.0, 907.0})",907.0,0.6,True,2024-07,1,2998,1
F9,CLT,BWI,2024,7,1053,10,6,0.0,frozenset({3076.0}),3076.0,0.6,True,2024-07,1,2999,1
WN,MDW,SMF,2024,7,1360,11,6,1.0,frozenset({4324.0}),4324.0,0.5454545454545454,True,2024-07,1,3000,1
AA,MCO,CLT,2024,7,1112,29,21,4.0,frozenset({1721.0}),1721.0,0.7241379310344828,True,2024-07,2,1697,2
WN,SDF,BWI,2024,7,1210,11,7,0.0,frozenset({4301.0}),4301.0,0.6363636363636364,True,2024-07,1,3001,1
AA,LAS,ORD,2024,7,873,27,17,1.0,frozenset({1855.0}),1855.0,0.6296296296296297,True,2024-07,1,3002,1
F9,ORD,ATL,2024,7,704,20,12,2.0,frozenset({1596.0}),1596.0,0.6,True,2024-07,1,3003,2
AA,ILM,CLT,2024,7,1096,30,17,2.0,frozenset({1694.0}),1694.0,0.5666666666666667,True,2024-07,1,3004,2
F9,MSY,DEN,2024,7,1357,17,9,1.0,"frozenset({4561.0, 2359.0})",2359.0,0.5294117647058824,True,2024-07,1,3005,1
AA,ILM,CLT,2024,7,1212,29,19,0.0,frozenset({2958.0}),2958.0,0.6551724137931034,True,2024-07,1,3006,1
F9,MSP,PHL,2024,7,1237,12,9,0.0,"frozenset({3337.0, 3331.0})",3337.0,0.75,True,2024-07,2,1799,2
F9,MSP,CLE,2024,7,1174,18,13,0.0,"frozenset({3100.0, 1254.0})",3100.0,0.7222222222222222,True,2024-07,2,1805,3
F9,MIA,ATL,2024,7,1166,10,6,0.0,frozenset({3441.0}),3441.0,0.6,True,2024-07,1,3007,2
AA,IND,CLT,2024,7,950,30,18,0.0,frozenset({2215.0}),2215.0,0.6,True,2024-07,1,3008,1
AA,IND,CLT,2024,7,1145,29,24,3.0,frozenset({2462.0}),2462.0,0.8275862068965517,True,2024-07,1,3009,1
AA,IND,DFW,2024,7,1187,25,14,0.0,frozenset({1505.0}),1505.0,0.56,True,2024-07,1,3010,1
F9,MCO,PHL,2024,7,1163,20,11,1.0,frozenset({4170.0}),4170.0,0.55,True,2024-07,1,3011,3
AA,IND,PHL,2024,7,958,31,16,2.0,frozenset({131.0}),131.0,0.5161290322580645,True,2024-07,1,3012,1
F9,MCO,ORD,2024,7,1377,19,13,1.0,"frozenset({2041.0, 3043.0, 4726.0, 2791.0})",3043.0,0.6842105263157895,True,2024-07,1,3013,1
YX,EWR,CLT,2024,7,1055,22,15,3.0,frozenset({3612.0}),3612.0,0.6818181818181818,True,2024-07,1,3014,1
F9,LAS,SAN,2024,7,955,11,6,1.0,"frozenset({1889.0, 1325.0, 1469.0})",1325.0,0.5454545454545454,True,2024-07,1,3015,1
AA,JAX,CLT,2024,7,1090,30,23,1.0,frozenset({2647.0}),2647.0,0.7666666666666667,True,2024-07,1,3016,1
AA,JAX,CLT,2024,7,1211,29,21,6.0,frozenset({1830.0}),1830.0,0.7241379310344828,True,2024-07,1,3017,1
F9,LGA,DFW,2024,7,1320,30,17,6.0,frozenset({3423.0}),3423.0,0.5666666666666667,True,2024-07,1,3018,1
F9,LGA,ATL,2024,7,1079,31,20,1.0,frozenset({4347.0}),4347.0,0.6451612903225806,True,2024-07,1,3019,2
AA,JAX,DCA,2024,7,1149,30,20,2.0,frozenset({2434.0}),2434.0,0.6666666666666666,True,2024-07,1,3020,1
AA,JAX,DFW,2024,7,1181,29,17,0.0,frozenset({2744.0}),2744.0,0.5862068965517241,True,2024-07,1,3021,1
F9,LAX,LAS,2024,7,1290,31,21,5.0,frozenset({3292.0}),3292.0,0.6774193548387096,True,2024-07,3,1174,4
WN,SAT,HOU,2024,7,1050,10,6,0.0,frozenset({3571.0}),3571.0,0.6,True,2024-07,1,3022,1
AA,JAX,MIA,2024,7,1225,22,12,1.0,frozenset({263.0}),263.0,0.5454545454545454,True,2024-07,2,1602,2
AA,JFK,CLT,2024,7,1077,25,15,0.0,frozenset({2038.0}),2038.0,0.6,True,2024-07,1,3023,1
WN,SAT,LAS,2024,7,1185,15,10,0.0,"frozenset({3840.0, 4230.0})",4230.0,0.6666666666666666,True,2024-07,1,3024,1
WN,SAV,BWI,2024,7,1165,15,9,1.0,"frozenset({4329.0, 4586.0})",4329.0,0.6,True,2024-07,1,3025,1
AA,JFK,MIA,2024,7,1044,30,16,0.0,frozenset({1095.0}),1095.0,0.5333333333333333,True,2024-07,1,3026,1
AA,JFK,MIA,2024,7,1109,31,16,1.0,frozenset({485.0}),485.0,0.5161290322580645,True,2024-07,1,3027,2
AA,LAS,CLT,2024,7,841,29,15,0.0,frozenset({2470.0}),2470.0,0.5172413793103449,True,2024-07,1,3028,1
F9,MCO,ATL,2024,7,1360,23,14,2.0,"frozenset({3208.0, 4555.0, 3975.0})",4555.0,0.6086956521739131,True,2024-07,1,3029,1
DL,ATL,MCI,2024,7,1375,31,17,3.0,frozenset({2911.0}),2911.0,0.5483870967741935,True,2024-07,1,3030,1
AA,MCO,DCA,2024,7,979,31,16,1.0,frozenset({2509.0}),2509.0,0.5161290322580645,True,2024-07,1,3031,2
F9,BWI,TPA,2024,7,1303,11,7,1.0,frozenset({2925.0}),2925.0,0.6363636363636364,True,2024-07,1,3032,1
DL,RSW,ATL,2024,7,1049,31,18,3.0,frozenset({1110.0}),1110.0,0.5806451612903226,True,2024-07,1,3033,1
DL,RDU,MCO,2024,7,1090,26,16,3.0,frozenset({1319.0}),1319.0,0.6153846153846154,True,2024-07,1,3034,2
DL,PIT,ATL,2024,7,1169,14,9,2.0,frozenset({2583.0}),2583.0,0.6428571428571429,True,2024-07,1,3035,1
DL,PHL,MSP,2024,7,1135,23,13,1.0,frozenset({2594.0}),2594.0,0.5652173913043478,True,2024-07,1,3036,1
DL,PHL,ATL,2024,7,1181,14,8,1.0,"frozenset({656.0, 2091.0})",656.0,0.5714285714285714,True,2024-07,1,3037,1
DL,PHL,ATL,2024,7,1105,23,12,1.0,"frozenset({2541.0, 2725.0})",2725.0,0.5217391304347826,True,2024-07,1,3038,1
DL,ORF,ATL,2024,7,1194,14,9,1.0,frozenset({1346.0}),1346.0,0.6428571428571429,True,2024-07,1,3039,1
DL,ORF,ATL,2024,7,1099,29,16,2.0,frozenset({2329.0}),2329.0,0.5517241379310345,True,2024-07,1,3040,1
DL,ORD,LGA,2024,7,1165,27,16,2.0,frozenset({1390.0}),1390.0,0.5925925925925926,True,2024-07,1,3041,2
DL,ORD,LGA,2024,7,1065,27,17,1.0,"frozenset({2545.0, 2726.0})",2726.0,0.6296296296296297,True,2024-07,1,3042,1
AA,MCO,PHL,2024,7,887,31,19,2.0,frozenset({2095.0}),2095.0,0.6129032258064516,True,2024-07,1,3043,2
OH,CHS,DCA,2024,7,1054,24,13,4.0,frozenset({5349.0}),5349.0,0.5416666666666666,True,2024-07,1,3044,1
DL,ORD,ATL,2024,7,1199,22,16,2.0,frozenset({2879.0}),2879.0,0.7272727272727273,True,2024-07,1,3045,1
DL,OKC,ATL,2024,7,1106,23,12,3.0,frozenset({2862.0}),2862.0,0.5217391304347826,True,2024-07,1,3046,1
DL,RSW,LGA,2024,7,1199,27,14,1.0,frozenset({2310.0}),2310.0,0.5185185185185185,True,2024-07,1,3047,1
DL,MSY,LGA,2024,7,885,25,13,0.0,"frozenset({2496.0, 2636.0})",2636.0,0.52,True,2024-07,1,3048,1
DL,MSP,GRR,2024,7,1220,16,13,2.0,frozenset({1711.0}),1711.0,0.8125,True,2024-07,1,3049,1
DL,MSP,DEN,2024,7,1335,14,8,2.0,"frozenset({1064.0, 1071.0})",1071.0,0.5714285714285714,True,2024-07,1,3050,1
DL,MSP,CVG,2024,7,1259,24,13,2.0,frozenset({1469.0}),1469.0,0.5416666666666666,True,2024-07,1,3051,1
DL,MSP,CVG,2024,7,945,23,14,2.0,frozenset({1119.0}),1119.0,0.6086956521739131,True,2024-07,1,3052,1
DL,MKE,DTW,2024,7,1146,14,8,1.0,"frozenset({2008.0, 580.0})",580.0,0.5714285714285714,True,2024-07,1,3053,1
DL,MKE,ATL,2024,7,1108,14,8,2.0,frozenset({1173.0}),1173.0,0.5714285714285714,True,2024-07,1,3054,1
AA,MCO,PHX,2024,7,1065,30,20,0.0,frozenset({337.0}),337.0,0.6666666666666666,True,2024-07,1,3055,1
DL,MIA,ATL,2024,7,1186,14,10,2.0,frozenset({1328.0}),1328.0,0.7142857142857143,True,2024-07,1,3056,1
DL,MIA,ATL,2024,7,1101,30,16,2.0,frozenset({1386.0}),1386.0,0.5333333333333333,True,2024-07,1,3057,1
AA,MDT,CLT,2024,7,1136,23,13,2.0,frozenset({153.0}),153.0,0.5652173913043478,True,2024-07,2,1650,2
DL,MEM,ATL,2024,7,1162,14,9,2.0,frozenset({2939.0}),2939.0,0.6428571428571429,True,2024-07,1,3058,1
DL,MDW,ATL,2024,7,1135,23,13,0.0,frozenset({2307.0}),2307.0,0.5652173913043478,True,2024-07,1,3059,1
DL,MCO,SLC,2024,7,1043,30,16,3.0,frozenset({2032.0}),2032.0,0.5333333333333333,True,2024-07,1,3060,2
DL,MCO,RDU,2024,7,1259,26,16,3.0,frozenset({1370.0}),1370.0,0.6153846153846154,True,2024-07,1,3061,1
DL,MSY,BOS,2024,7,852,25,14,1.0,"frozenset({2928.0, 2703.0})",2928.0,0.56,True,2024-07,1,3062,1
F9,CLE,DEN,2024,7,1233,13,7,1.0,"frozenset({4641.0, 4637.0, 3949.0, 1917.0})",4637.0,0.5384615384615384,True,2024-07,1,3063,1
DL,SAT,ATL,2024,7,1100,22,12,2.0,frozenset({1465.0}),1465.0,0.5454545454545454,True,2024-07,1,3064,1
DL,SAV,ATL,2024,7,1206,14,8,0.0,frozenset({2176.0}),2176.0,0.5714285714285714,True,2024-07,1,3065,1
F9,BWI,MIA,2024,7,1221,15,8,2.0,"frozenset({1665.0, 2939.0})",2939.0,0.5333333333333333,True,2024-07,1,3066,2
F9,BWI,DFW,2024,7,1307,11,8,1.0,frozenset({4397.0}),4397.0,0.7272727272727273,True,2024-07,2,1678,2
F9,BDL,SJU,2024,7,1298,11,8,0.0,frozenset({3938.0}),3938.0,0.7272727272727273,True,2024-07,2,1674,2
F9,BDL,SJU,2024,7,1265,18,10,0.0,frozenset({3938.0}),3938.0,0.5555555555555556,True,2024-07,2,1674,2
AA,MCO,DFW,2024,7,965,30,16,0.0,frozenset({1737.0}),1737.0,0.5333333333333333,True,2024-07,1,3067,2
AA,MCO,DFW,2024,7,1184,29,19,1.0,frozenset({2385.0}),2385.0,0.6551724137931034,True,2024-07,1,3068,1
F9,ATL,TPA,2024,7,1298,18,12,4.0,"frozenset({3780.0, 3782.0})",3782.0,0.6666666666666666,True,2024-07,2,1686,2
F9,ATL,SYR,2024,7,939,12,7,0.0,frozenset({3118.0}),3118.0,0.5833333333333334,True,2024-07,1,3069,1
AA,MCO,LAX,2024,7,1147,26,16,0.0,frozenset({1677.0}),1677.0,0.6153846153846154,True,2024-07,2,1671,3
F9,ATL,PHL,2024,7,1303,15,9,1.0,"frozenset({2552.0, 1102.0})",2552.0,0.6,True,2024-07,1,3070,1
F9,ATL,PHL,2024,7,940,11,6,1.0,"frozenset({3210.0, 2298.0})",3210.0,0.5454545454545454,True,2024-07,1,3071,1
F9,ATL,ORD,2024,7,939,20,18,3.0,"frozenset({1595.0, 1827.0})",1595.0,0.9,True,2024-07,2,1688,3
F9,ATL,MSP,2024,7,1029,18,13,0.0,frozenset({3045.0}),3045.0,0.7222222222222222,True,2024-07,2,1689,2
F9,ATL,MIA,2024,7,1357,10,9,0.0,"frozenset({3442.0, 3444.0})",3442.0,0.9,True,2024-07,1,3072,1
DL,SAV,ATL,2024,7,1042,31,18,3.0,frozenset({3168.0}),3168.0,0.5806451612903226,True,2024-07,1,3073,1
WN,SEA,OAK,2024,7,1290,19,11,0.0,"frozenset({3525.0, 2439.0})",2439.0,0.5789473684210527,True,2024-07,2,1703,2
F9,ATL,DTW,2024,7,1093,24,15,6.0,frozenset({2898.0}),2898.0,0.625,True,2024-07,1,3074,1
F9,ATL,DEN,2024,7,1331,30,20,1.0,frozenset({1449.0}),1449.0,0.6666666666666666,True,2024-07,1,3075,1
F9,ATL,BWI,2024,7,1050,18,10,1.0,"frozenset({4712.0, 2634.0, 2510.0})",2634.0,0.5555555555555556,True,2024-07,1,3076,1
DL,TUL,ATL,2024,7,1126,22,12,3.0,frozenset({1539.0}),1539.0,0.5454545454545454,True,2024-07,1,3077,1
DL,TPA,LGA,2024,7,1195,27,15,3.0,frozenset({2404.0}),2404.0,0.5555555555555556,True,2024-07,1,3078,1
DL,TPA,JFK,2024,7,1199,31,18,1.0,frozenset({2093.0}),2093.0,0.5806451612903226,True,2024-07,1,3079,1
DL,TPA,DTW,2024,7,1079,20,11,2.0,frozenset({2774.0}),2774.0,0.55,True,2024-07,1,3080,1
DL,TPA,CVG,2024,7,1095,29,16,2.0,frozenset({1679.0}),1679.0,0.5517241379310345,True,2024-07,1,3081,1
DL,TPA,ATL,2024,7,1199,22,16,2.0,frozenset({1594.0}),1594.0,0.7272727272727273,True,2024-07,1,3082,1
DL,TPA,ATL,2024,7,1135,29,16,1.0,frozenset({1425.0}),1425.0,0.5517241379310345,True,2024-07,1,3083,1
DL,TPA,ATL,2024,7,1064,31,19,3.0,frozenset({759.0}),759.0,0.6129032258064516,True,2024-07,1,3084,1
AA,MCO,MIA,2024,7,1054,27,17,1.0,frozenset({1706.0}),1706.0,0.6296296296296297,True,2024-07,2,1699,2
AA,MCO,ORD,2024,7,1121,30,16,0.0,frozenset({1782.0}),1782.0,0.5333333333333333,True,2024-07,2,1695,2
DL,SDF,ATL,2024,7,1208,14,8,1.0,"frozenset({2020.0, 2341.0})",2020.0,0.5714285714285714,True,2024-07,1,3085,1
F9,ATL,IAH,2024,7,939,13,8,2.0,frozenset({1403.0}),1403.0,0.6153846153846154,True,2024-07,1,3086,1
AA,ICT,DFW,2024,7,1114,30,18,0.0,frozenset({2366.0}),2366.0,0.6,True,2024-07,1,3087,1
DL,ATL,MCI,2024,7,1268,14,8,3.0,frozenset({1130.0}),1130.0,0.5714285714285714,True,2024-07,1,3088,1
DL,ATL,LGA,2024,7,1200,27,17,1.0,frozenset({468.0}),468.0,0.6296296296296297,True,2024-07,1,3089,1
AA,ORD,DEN,2024,7,1234,30,19,0.0,frozenset({1387.0}),1387.0,0.6333333333333333,True,2024-07,3,1573,3
AA,ORD,DFW,2024,7,1255,29,19,2.0,frozenset({1463.0}),1463.0,0.6551724137931034,True,2024-07,3,1543,3
AA,ORD,EWR,2024,7,799,27,16,0.0,frozenset({1688.0}),1688.0,0.5925925925925926,True,2024-07,2,1843,2
AA,ORD,EWR,2024,7,1124,31,16,2.0,"frozenset({552.0, 2918.0})",552.0,0.5161290322580645,True,2024-07,2,1845,2
AA,ORD,EWR,2024,7,1235,30,23,2.0,frozenset({2918.0}),2918.0,0.7666666666666667,True,2024-07,2,1846,3
AA,ORD,IAH,2024,7,1275,30,18,6.0,frozenset({942.0}),942.0,0.6,True,2024-07,1,3090,1
AA,ORD,IND,2024,7,1270,26,17,1.0,frozenset({1812.0}),1812.0,0.6538461538461539,True,2024-07,1,3091,1
AA,ORD,LGA,2024,7,1025,27,17,3.0,frozenset({673.0}),673.0,0.6296296296296297,True,2024-07,1,3092,1
AS,SEA,JFK,2024,7,831,31,17,0.0,frozenset({16.0}),16.0,0.5483870967741935,True,2024-07,1,3093,1
AA,ORD,LGA,2024,7,1118,31,17,0.0,frozenset({314.0}),314.0,0.5483870967741935,True,2024-07,1,3094,2
AA,ORD,MCI,2024,7,1235,30,19,0.0,frozenset({2296.0}),2296.0,0.6333333333333333,True,2024-07,1,3095,1
AA,ORD,MCO,2024,7,1186,27,16,0.0,frozenset({1075.0}),1075.0,0.5925925925925926,True,2024-07,1,3096,1
AA,ORD,MSP,2024,7,935,30,16,0.0,frozenset({1747.0}),1747.0,0.5333333333333333,True,2024-07,1,3097,1
AA,ORD,MSP,2024,7,1230,30,18,1.0,frozenset({1292.0}),1292.0,0.6,True,2024-07,2,1853,2
AA,ORD,MSY,2024,7,1120,26,15,0.0,frozenset({2384.0}),2384.0,0.5769230769230769,True,2024-07,1,3098,1
AA,ORD,OMA,2024,7,1304,27,16,2.0,frozenset({1838.0}),1838.0,0.5925925925925926,True,2024-07,1,3099,1
YX,AVL,EWR,2024,7,1020,31,21,3.0,frozenset({3418.0}),3418.0,0.6774193548387096,True,2024-07,1,3100,2
AA,ORD,PHL,2024,7,885,27,14,0.0,frozenset({2840.0}),2840.0,0.5185185185185185,True,2024-07,1,3101,2
AA,ORD,PHL,2024,7,1252,30,16,0.0,frozenset({490.0}),490.0,0.5333333333333333,True,2024-07,2,1857,4
AA,ORD,PHX,2024,7,1218,31,17,3.0,frozenset({1945.0}),1945.0,0.5483870967741935,True,2024-07,2,1999,2
AS,PHL,SEA,2024,7,1139,31,16,0.0,frozenset({443.0}),443.0,0.5161290322580645,True,2024-07,1,3102,1
AA,ORD,SAT,2024,7,1262,27,15,1.0,frozenset({431.0}),431.0,0.5555555555555556,True,2024-07,1,3103,1
AA,ORD,SFO,2024,7,1222,30,17,2.0,"frozenset({2113.0, 2034.0})",2113.0,0.5666666666666667,True,2024-07,1,3104,1
AA,ORD,STL,2024,7,1239,30,20,1.0,frozenset({2441.0}),2441.0,0.6666666666666666,True,2024-07,1,3105,1
AA,ORF,CLT,2024,7,1207,29,19,2.0,frozenset({2814.0}),2814.0,0.6551724137931034,True,2024-07,1,3106,1
AA,PBI,CLT,2024,7,1167,29,17,2.0,frozenset({1951.0}),1951.0,0.5862068965517241,True,2024-07,1,3107,1
YX,DTW,EWR,2024,7,950,23,13,3.0,frozenset({3447.0}),3447.0,0.5652173913043478,True,2024-07,1,3108,1
AS,ORD,SEA,2024,7,1162,31,16,0.0,frozenset({421.0}),421.0,0.5161290322580645,True,2024-07,2,1896,2
AA,PHL,BDL,2024,7,1281,30,18,2.0,frozenset({2859.0}),2859.0,0.6,True,2024-07,1,3109,1
AA,ORD,DCA,2024,7,1230,31,18,3.0,frozenset({903.0}),903.0,0.5806451612903226,True,2024-07,1,3110,1
AA,ORD,CLT,2024,7,1005,30,16,0.0,frozenset({1039.0}),1039.0,0.5333333333333333,True,2024-07,1,3111,1
AS,TPA,SEA,2024,7,1139,31,16,0.0,frozenset({307.0}),307.0,0.5161290322580645,True,2024-07,1,3112,1
AA,ORD,CLE,2024,7,1281,27,17,3.0,frozenset({804.0}),804.0,0.6296296296296297,True,2024-07,1,3113,1
AA,OMA,CLT,2024,7,886,30,16,1.0,frozenset({2595.0}),2595.0,0.5333333333333333,True,2024-07,1,3114,1
WN,STL,MCI,2024,7,1305,14,9,0.0,frozenset({4460.0}),4460.0,0.6428571428571429,True,2024-07,1,3115,1
B6,EWR,TPA,2024,7,1185,23,13,1.0,frozenset({873.0}),873.0,0.5652173913043478,True,2024-07,1,3116,1
B6,DCA,FLL,2024,7,1139,31,17,0.0,frozenset({1979.0}),1979.0,0.5483870967741935,True,2024-07,1,3117,1
B6,CLT,BOS,2024,7,1073,10,6,0.0,frozenset({1746.0}),1746.0,0.6,True,2024-07,1,3118,2
WN,STL,OMA,2024,7,1305,14,8,0.0,frozenset({416.0}),416.0,0.5714285714285714,True,2024-07,2,1987,2
B6,CHS,BOS,2024,7,800,26,14,0.0,frozenset({68.0}),68.0,0.5384615384615384,True,2024-07,1,3119,1
B6,BUR,JFK,2024,7,1260,31,19,0.0,frozenset({358.0}),358.0,0.6129032258064516,True,2024-07,1,3120,2
B6,BUF,JFK,2024,7,1020,27,16,3.0,frozenset({2901.0}),2901.0,0.5925925925925926,True,2024-07,2,1994,2
WN,SYR,BWI,2024,7,1085,19,12,1.0,"frozenset({2056.0, 2581.0, 3095.0})",3095.0,0.631578947368421,True,2024-07,1,3121,1
WN,TPA,ATL,2024,7,1045,11,8,0.0,"frozenset({3485.0, 4454.0})",4454.0,0.7272727272727273,True,2024-07,1,3122,1
B6,BOS,PHX,2024,7,1225,31,16,0.0,frozenset({783.0}),783.0,0.5161290322580645,True,2024-07,2,1963,2
WN,TPA,AUS,2024,7,1065,14,8,0.0,frozenset({3232.0}),3232.0,0.5714285714285714,True,2024-07,1,3123,1
B6,BOS,ORD,2024,7,1070,30,19,0.0,frozenset({811.0}),811.0,0.6333333333333333,True,2024-07,2,1973,3
AA,PHL,BGR,2024,7,1268,29,16,0.0,frozenset({668.0}),668.0,0.5517241379310345,True,2024-07,1,3124,1
B6,BOS,MSP,2024,7,955,27,14,0.0,frozenset({835.0}),835.0,0.5185185185185185,True,2024-07,2,1974,2
WN,TPA,BNA,2024,7,1225,11,7,0.0,"frozenset({4165.0, 3557.0})",3557.0,0.6363636363636364,True,2024-07,1,3125,1
AA,ORD,BOS,2024,7,1025,27,15,1.0,frozenset({1461.0}),1461.0,0.5555555555555556,True,2024-07,1,3126,1
B6,BOS,MCO,2024,7,1250,27,18,0.0,frozenset({1451.0}),1451.0,0.6666666666666666,True,2024-07,1,3127,2
AA,ORD,BOS,2024,7,1228,30,20,1.0,frozenset({2682.0}),2682.0,0.6666666666666666,True,2024-07,1,3128,1
B6,BOS,JFK,2024,7,1295,15,8,0.0,frozenset({1117.0}),1117.0,0.5333333333333333,True,2024-07,1,3129,1
WN,TPA,DAL,2024,7,1225,11,10,0.0,frozenset({4749.0}),4749.0,0.9090909090909091,True,2024-07,1,3130,1
WN,TPA,DCA,2024,7,960,22,12,0.0,"frozenset({4113.0, 4719.0})",4719.0,0.5454545454545454,True,2024-07,1,3131,1
WN,TPA,DEN,2024,7,1050,23,12,0.0,"frozenset({417.0, 4010.0, 3559.0})",4010.0,0.5217391304347826,True,2024-07,1,3132,1
WN,TPA,IND,2024,7,1145,10,7,0.0,frozenset({3344.0}),3344.0,0.7,True,2024-07,2,1866,2
WN,TPA,MDW,2024,7,1280,14,9,0.0,"frozenset({4662.0, 4631.0})",4662.0,0.6428571428571429,True,2024-07,1,3133,1
WN,TUS,LAS,2024,7,910,11,7,0.0,frozenset({4562.0}),4562.0,0.6363636363636364,True,2024-07,1,3134,1
B6,ATL,LGA,2024,7,1165,30,16,0.0,frozenset({2613.0}),2613.0,0.5333333333333333,True,2024-07,1,3135,1
B6,ATL,LGA,2024,7,1050,30,19,0.0,frozenset({2513.0}),2513.0,0.6333333333333333,True,2024-07,1,3136,1
AA,ORD,CID,2024,7,1219,30,19,1.0,"frozenset({1725.0, 2430.0})",1725.0,0.6333333333333333,True,2024-07,1,3137,1
WN,TPA,BNA,2024,7,1065,17,9,0.0,"frozenset({4320.0, 3327.0})",4320.0,0.5294117647058824,True,2024-07,1,3138,1
AA,PHL,BNA,2024,7,770,23,15,1.0,frozenset({2810.0}),2810.0,0.6521739130434783,True,2024-07,1,3139,1
AA,PHL,BOS,2024,7,1090,31,17,2.0,"frozenset({1856.0, 437.0})",437.0,0.5483870967741935,True,2024-07,1,3140,2
AA,PHL,BOS,2024,7,1150,30,17,1.0,frozenset({1856.0}),1856.0,0.5666666666666667,True,2024-07,1,3141,1
AA,SMF,DFW,2024,7,845,30,16,0.0,frozenset({2078.0}),2078.0,0.5333333333333333,True,2024-07,1,3142,1
AA,PHL,TPA,2024,7,1140,31,16,0.0,frozenset({2082.0}),2082.0,0.5161290322580645,True,2024-07,1,3143,2
AA,PHX,ATL,2024,7,947,30,16,0.0,frozenset({1224.0}),1224.0,0.5333333333333333,True,2024-07,1,3144,1
AA,PHX,CMH,2024,7,951,27,15,1.0,frozenset({751.0}),751.0,0.5555555555555556,True,2024-07,1,3145,1
AA,SDF,DFW,2024,7,1235,29,15,1.0,frozenset({2907.0}),2907.0,0.5172413793103449,True,2024-07,1,3146,1
AA,PHX,EWR,2024,7,920,31,18,0.0,frozenset({2333.0}),2333.0,0.5806451612903226,True,2024-07,1,3147,1
AA,SDF,CLT,2024,7,1215,29,19,4.0,frozenset({2142.0}),2142.0,0.6551724137931034,True,2024-07,1,3148,2
AA,PHX,LAS,2024,7,1020,26,14,0.0,frozenset({2800.0}),2800.0,0.5384615384615384,True,2024-07,1,3149,1
AA,SAV,CLT,2024,7,1207,29,16,0.0,frozenset({295.0}),295.0,0.5517241379310345,True,2024-07,1,3150,1
AA,PIT,CLT,2024,7,1009,29,21,1.0,frozenset({1989.0}),1989.0,0.7241379310344828,True,2024-07,1,3151,1
AA,SAT,DFW,2024,7,1234,26,14,1.0,frozenset({1836.0}),1836.0,0.5384615384615384,True,2024-07,1,3152,1
AA,SAT,DFW,2024,7,1173,29,18,1.0,frozenset({294.0}),294.0,0.6206896551724138,True,2024-07,1,3153,1
AA,SAT,CLT,2024,7,1062,29,18,3.0,frozenset({2934.0}),2934.0,0.6206896551724138,True,2024-07,1,3154,1
YX,CVG,EWR,2024,7,984,23,12,3.0,frozenset({3673.0}),3673.0,0.5217391304347826,True,2024-07,1,3155,1
AA,SRQ,CLT,2024,7,1190,29,18,3.0,frozenset({2471.0}),2471.0,0.6206896551724138,True,2024-07,1,3156,2
AA,PIT,PHL,2024,7,1126,30,17,3.0,frozenset({2901.0}),2901.0,0.5666666666666667,True,2024-07,1,3157,2
AA,RSW,CLT,2024,7,981,26,15,0.0,frozenset({2018.0}),2018.0,0.5769230769230769,True,2024-07,1,3158,1
AA,ROC,CLT,2024,7,1182,29,22,2.0,frozenset({2320.0}),2320.0,0.7586206896551724,True,2024-07,1,3159,2
AA,RIC,CLT,2024,7,1217,29,19,3.0,frozenset({2054.0}),2054.0,0.6551724137931034,True,2024-07,1,3160,1
AA,RIC,CLT,2024,7,1094,30,21,3.0,frozenset({2843.0}),2843.0,0.7,True,2024-07,1,3161,1
AA,RDU,MIA,2024,7,1089,31,16,0.0,frozenset({3008.0}),3008.0,0.5161290322580645,True,2024-07,2,2008,2
AA,RDU,DFW,2024,7,1076,30,17,0.0,frozenset({1888.0}),1888.0,0.5666666666666667,True,2024-07,1,3162,1
AA,PNS,CLT,2024,7,878,30,17,0.0,frozenset({124.0}),124.0,0.5666666666666667,True,2024-07,1,3163,1
AA,RDU,CLT,2024,7,1214,29,20,4.0,frozenset({1904.0}),1904.0,0.6896551724137931,True,2024-07,2,2001,2
AA,RDU,CLT,2024,7,1085,30,22,2.0,frozenset({1894.0}),1894.0,0.7333333333333333,True,2024-07,1,3164,1
AA,RDU,CLT,2024,7,976,30,17,1.0,frozenset({2704.0}),2704.0,0.5666666666666667,True,2024-07,1,3165,1
AA,RDM,DFW,2024,7,759,30,17,0.0,frozenset({530.0}),530.0,0.5666666666666667,True,2024-07,1,3166,1
AA,RAP,CLT,2024,7,672,30,17,1.0,frozenset({2890.0}),2890.0,0.5666666666666667,True,2024-07,1,3167,1
AA,PWM,CLT,2024,7,959,26,14,0.0,frozenset({2282.0}),2282.0,0.5384615384615384,True,2024-07,1,3168,1
AA,PVD,CLT,2024,7,1046,29,18,0.0,frozenset({2276.0}),2276.0,0.6206896551724138,True,2024-07,1,3169,1
AA,RSW,CLT,2024,7,1174,29,17,1.0,frozenset({1176.0}),1176.0,0.5862068965517241,True,2024-07,1,3170,1
WN,STL,HOU,2024,7,1315,10,6,0.0,frozenset({1940.0}),1940.0,0.6,True,2024-07,1,3171,1
AA,STL,CLT,2024,7,1066,29,21,2.0,frozenset({2477.0}),2477.0,0.7241379310344828,True,2024-07,1,3172,1
AA,SYR,CLT,2024,7,1026,30,18,0.0,frozenset({2598.0}),2598.0,0.6,True,2024-07,1,3173,1
AS,MCO,SFO,2024,7,1119,31,17,0.0,frozenset({399.0}),399.0,0.5483870967741935,True,2024-07,1,3174,1
AA,PHL,CLT,2024,7,1059,30,21,0.0,frozenset({2712.0}),2712.0,0.7,True,2024-07,1,3175,1
AA,PHL,CLT,2024,7,1265,28,16,6.0,frozenset({1656.0}),1656.0,0.5714285714285714,True,2024-07,1,3176,2
AA,PHL,DEN,2024,7,1137,31,17,0.0,frozenset({1063.0}),1063.0,0.5483870967741935,True,2024-07,1,3177,2
AA,PHL,DFW,2024,7,995,27,15,1.0,frozenset({2519.0}),2519.0,0.5555555555555556,True,2024-07,1,3178,1
YX,BGR,EWR,2024,7,1110,30,19,6.0,frozenset({3657.0}),3657.0,0.6333333333333333,True,2024-07,1,3179,1
AA,PHL,DFW,2024,7,1254,29,18,2.0,frozenset({808.0}),808.0,0.6206896551724138,True,2024-07,1,3180,1
AA,PHL,DTW,2024,7,1123,26,14,4.0,frozenset({1870.0}),1870.0,0.5384615384615384,True,2024-07,1,3181,1
AA,PHL,FLL,2024,7,1249,27,14,1.0,frozenset({1864.0}),1864.0,0.5185185185185185,True,2024-07,1,3182,2
AA,PHL,IAH,2024,7,666,28,15,4.0,frozenset({2778.0}),2778.0,0.5357142857142857,True,2024-07,1,3183,1
AA,PHL,IND,2024,7,1263,30,16,1.0,frozenset({2857.0}),2857.0,0.5333333333333333,True,2024-07,1,3184,1
AA,PHL,JAX,2024,7,971,30,17,0.0,frozenset({2633.0}),2633.0,0.5666666666666667,True,2024-07,1,3185,1
AA,PHL,MCO,2024,7,1210,26,14,0.0,frozenset({646.0}),646.0,0.5384615384615384,True,2024-07,1,3186,1
YX,BOS,CVG,2024,7,1245,22,12,2.0,frozenset({5620.0}),5620.0,0.5454545454545454,True,2024-07,1,3187,1
AA,STL,ORD,2024,7,1089,30,16,0.0,frozenset({180.0}),180.0,0.5333333333333333,True,2024-07,1,3188,1
YX,BOS,EWR,2024,7,1095,25,14,3.0,frozenset({5718.0}),5718.0,0.56,True,2024-07,1,3189,1
YX,BUF,EWR,2024,7,1160,31,17,6.0,frozenset({3442.0}),3442.0,0.5483870967741935,True,2024-07,1,3190,1
AA,XNA,DFW,2024,7,1119,30,19,0.0,frozenset({1600.0}),1600.0,0.6333333333333333,True,2024-07,1,3191,1
AA,XNA,CLT,2024,7,778,26,15,0.0,frozenset({2371.0}),2371.0,0.5769230769230769,True,2024-07,1,3192,1
AA,VPS,CLT,2024,7,1014,30,16,2.0,frozenset({2909.0}),2909.0,0.5333333333333333,True,2024-07,1,3193,1
AA,TYS,CLT,2024,7,1189,29,21,2.0,frozenset({2257.0}),2257.0,0.7241379310344828,True,2024-07,1,3194,1
AA,TPA,PHL,2024,7,901,31,18,2.0,frozenset({2332.0}),2332.0,0.5806451612903226,True,2024-07,2,1917,3
AA,TPA,ORD,2024,7,1054,30,19,0.0,frozenset({1101.0}),1101.0,0.6333333333333333,True,2024-07,1,3195,1
AA,PHL,PHX,2024,7,1132,31,17,1.0,frozenset({1984.0}),1984.0,0.5483870967741935,True,2024-07,1,3196,2
AA,TPA,DFW,2024,7,1143,29,19,1.0,frozenset({2322.0}),2322.0,0.6551724137931034,True,2024-07,1,3197,1
AA,TPA,DFW,2024,7,1037,30,17,1.0,frozenset({2324.0}),2324.0,0.5666666666666667,True,2024-07,1,3198,1
AA,PHL,PWM,2024,7,1271,29,16,3.0,frozenset({2562.0}),2562.0,0.5517241379310345,True,2024-07,1,3199,1
AA,TPA,CLT,2024,7,1164,29,25,2.0,frozenset({288.0}),288.0,0.8620689655172413,True,2024-07,2,2028,2
AA,TPA,CLT,2024,7,1043,30,19,2.0,frozenset({2905.0}),2905.0,0.6333333333333333,True,2024-07,1,3200,1
AA,TPA,CLT,2024,7,932,30,17,2.0,frozenset({2915.0}),2915.0,0.5666666666666667,True,2024-07,1,3201,1
AA,PHL,ORD,2024,7,1068,18,13,0.0,frozenset({865.0}),865.0,0.7222222222222222,True,2024-07,1,3202,2
WN,STL,HOU,2024,7,1005,11,6,0.0,"frozenset({5053.0, 2583.0})",5053.0,0.5454545454545454,True,2024-07,1,3203,1
AA,MSY,DFW,2024,7,1083,26,14,2.0,frozenset({2156.0}),2156.0,0.5384615384615384,True,2024-07,2,1935,2
AA,MSY,DFW,2024,7,1024,24,16,1.0,frozenset({2050.0}),2050.0,0.6666666666666666,True,2024-07,1,3204,1
DL,ATL,DCA,2024,7,1190,28,18,3.0,frozenset({637.0}),637.0,0.6428571428571429,True,2024-07,1,3205,1
DL,ATL,DCA,2024,7,1060,30,16,2.0,frozenset({832.0}),832.0,0.5333333333333333,True,2024-07,1,3206,1
DL,ATL,DCA,2024,7,995,31,17,5.0,frozenset({950.0}),950.0,0.5483870967741935,True,2024-07,1,3207,1
DL,ATL,DAB,2024,7,1012,29,16,2.0,frozenset({3056.0}),3056.0,0.5517241379310345,True,2024-07,1,3208,1
DL,ATL,COS,2024,7,1195,31,18,1.0,frozenset({1507.0}),1507.0,0.5806451612903226,True,2024-07,1,3209,1
DL,ATL,CMH,2024,7,1279,15,8,0.0,frozenset({1501.0}),1501.0,0.5333333333333333,True,2024-07,1,3210,1
DL,ATL,CLE,2024,7,1400,31,16,2.0,frozenset({1320.0}),1320.0,0.5161290322580645,True,2024-07,1,3211,1
DL,ATL,CLE,2024,7,1280,15,9,1.0,frozenset({1274.0}),1274.0,0.6,True,2024-07,1,3212,1
DL,ATL,CID,2024,7,1250,31,17,4.0,frozenset({2626.0}),2626.0,0.5483870967741935,True,2024-07,1,3213,1
DL,ATL,CHS,2024,7,1396,14,10,3.0,frozenset({1663.0}),1663.0,0.7142857142857143,True,2024-07,1,3214,1
DL,ATL,CHA,2024,7,1255,14,8,1.0,"frozenset({2354.0, 2092.0})",2092.0,0.5714285714285714,True,2024-07,1,3215,1
DL,ATL,CAE,2024,7,1376,31,16,2.0,frozenset({3029.0}),3029.0,0.5161290322580645,True,2024-07,1,3216,1
DL,ATL,CAE,2024,7,1035,14,9,1.0,"frozenset({2400.0, 2696.0})",2400.0,0.6428571428571429,True,2024-07,1,3217,1
DL,ATL,BWI,2024,7,1370,31,17,3.0,frozenset({2590.0}),2590.0,0.5483870967741935,True,2024-07,1,3218,1
DL,ATL,DEN,2024,7,1102,21,11,1.0,frozenset({746.0}),746.0,0.5238095238095238,True,2024-07,1,3219,1
DL,ATL,BWI,2024,7,1301,14,9,4.0,frozenset({2670.0}),2670.0,0.6428571428571429,True,2024-07,1,3220,1
DL,ATL,BOS,2024,7,1257,22,12,2.0,"frozenset({971.0, 987.0})",971.0,0.5454545454545454,True,2024-07,1,3221,1
DL,ATL,BNA,2024,7,1415,14,8,2.0,frozenset({3121.0}),3121.0,0.5714285714285714,True,2024-07,1,3222,1
DL,ATL,BNA,2024,7,1261,14,10,2.0,frozenset({3002.0}),3002.0,0.7142857142857143,True,2024-07,1,3223,2
DL,ATL,BNA,2024,7,1114,15,10,1.0,frozenset({1490.0}),1490.0,0.6666666666666666,True,2024-07,1,3224,1
DL,ATL,BHM,2024,7,1439,14,9,4.0,"frozenset({2153.0, 2034.0, 2319.0})",2034.0,0.6428571428571429,True,2024-07,1,3225,1
DL,ATL,BHM,2024,7,1123,16,9,2.0,"frozenset({2484.0, 3044.0})",3044.0,0.5625,True,2024-07,1,3226,1
DL,ATL,BDL,2024,7,1193,23,13,2.0,frozenset({1079.0}),1079.0,0.5652173913043478,True,2024-07,1,3227,1
DL,ATL,AUS,2024,7,1393,29,17,4.0,frozenset({1335.0}),1335.0,0.5862068965517241,True,2024-07,1,3228,1
DL,ATL,AUS,2024,7,1309,14,9,2.0,frozenset({1081.0}),1081.0,0.6428571428571429,True,2024-07,1,3229,1
DL,ATL,AUS,2024,7,1046,29,16,4.0,frozenset({1060.0}),1060.0,0.5517241379310345,True,2024-07,1,3230,1
DL,ATL,AUS,2024,7,935,30,17,4.0,frozenset({1491.0}),1491.0,0.5666666666666667,True,2024-07,1,3231,1
DL,ATL,AUS,2024,7,850,31,17,2.0,frozenset({1397.0}),1397.0,0.5483870967741935,True,2024-07,1,3232,1
DL,ATL,ANC,2024,7,948,31,16,4.0,frozenset({824.0}),824.0,0.5161290322580645,True,2024-07,1,3233,1
DL,ANC,ATL,2024,7,1235,31,18,4.0,frozenset({824.0}),824.0,0.5806451612903226,True,2024-07,1,3234,1
DL,ATL,BWI,2024,7,1200,29,15,4.0,frozenset({1257.0}),1257.0,0.5172413793103449,True,2024-07,1,3235,1
B6,TPA,JFK,2024,7,1145,31,19,2.0,frozenset({2826.0}),2826.0,0.6129032258064516,True,2024-07,1,3236,2
DL,ATL,DFW,2024,7,1207,29,15,4.0,frozenset({31.0}),31.0,0.5172413793103449,True,2024-07,1,3237,1
DL,ATL,DTW,2024,7,1280,27,15,1.0,frozenset({1232.0}),1232.0,0.5555555555555556,True,2024-07,1,3238,1
DL,ATL,LGA,2024,7,1080,27,14,3.0,frozenset({997.0}),997.0,0.5185185185185185,True,2024-07,1,3239,1
DL,ATL,LAX,2024,7,1270,25,15,3.0,frozenset({331.0}),331.0,0.6,True,2024-07,1,3240,1
DL,ATL,LAX,2024,7,1210,30,17,4.0,frozenset({319.0}),319.0,0.5666666666666667,True,2024-07,1,3241,1
DL,ATL,LAS,2024,7,1019,31,17,3.0,"frozenset({2130.0, 427.0})",2130.0,0.5483870967741935,True,2024-07,1,3242,1
DL,ATL,JFK,2024,7,1282,27,14,2.0,frozenset({2386.0}),2386.0,0.5185185185185185,True,2024-07,1,3243,1
DL,ATL,JAX,2024,7,1428,14,11,4.0,frozenset({2276.0}),2276.0,0.7857142857142857,True,2024-07,1,3244,1
DL,ATL,JAX,2024,7,1330,14,10,1.0,frozenset({1001.0}),1001.0,0.7142857142857143,True,2024-07,1,3245,1
DL,ATL,JAX,2024,7,1190,31,18,2.0,frozenset({1096.0}),1096.0,0.5806451612903226,True,2024-07,1,3246,1
DL,ATL,JAX,2024,7,902,31,17,2.0,frozenset({2720.0}),2720.0,0.5483870967741935,True,2024-07,1,3247,1
DL,ATL,JAN,2024,7,1228,14,8,1.0,frozenset({3084.0}),3084.0,0.5714285714285714,True,2024-07,1,3248,1
DL,ATL,IND,2024,7,1266,14,12,2.0,frozenset({1511.0}),1511.0,0.8571428571428571,True,2024-07,1,3249,1
DL,ATL,IND,2024,7,1120,15,8,0.0,"frozenset({3120.0, 1511.0})",1511.0,0.5333333333333333,True,2024-07,1,3250,1
DL,ATL,IND,2024,7,1051,14,10,2.0,frozenset({3120.0}),3120.0,0.7142857142857143,True,2024-07,1,3251,1
DL,ATL,IAH,2024,7,1194,22,13,4.0,frozenset({1284.0}),1284.0,0.5909090909090909,True,2024-07,1,3252,1
DL,ATL,DTW,2024,7,1004,31,16,1.0,frozenset({2505.0}),2505.0,0.5161290322580645,True,2024-07,1,3253,1
DL,ATL,IAH,2024,7,887,22,14,1.0,frozenset({1223.0}),1223.0,0.6363636363636364,True,2024-07,1,3254,1
DL,ATL,HOU,2024,7,1050,22,12,4.0,frozenset({1254.0}),1254.0,0.5454545454545454,True,2024-07,1,3255,1
DL,ATL,GSP,2024,7,1199,24,13,2.0,frozenset({3136.0}),3136.0,0.5416666666666666,True,2024-07,1,3256,1
DL,ATL,GRB,2024,7,1345,24,14,2.0,frozenset({2948.0}),2948.0,0.5833333333333334,True,2024-07,1,3257,1
DL,ATL,GEG,2024,7,1201,13,7,2.0,frozenset({574.0}),574.0,0.5384615384615384,True,2024-07,1,3258,1
DL,ATL,FSD,2024,7,1345,31,17,3.0,frozenset({2615.0}),2615.0,0.5483870967741935,True,2024-07,1,3259,1
DL,ATL,FLL,2024,7,1281,14,12,3.0,frozenset({1107.0}),1107.0,0.8571428571428571,True,2024-07,1,3260,1
DL,ATL,FLL,2024,7,1199,29,16,2.0,frozenset({1489.0}),1489.0,0.5517241379310345,True,2024-07,1,3261,1
DL,ATL,FLL,2024,7,1065,31,20,2.0,frozenset({1670.0}),1670.0,0.6451612903225806,True,2024-07,1,3262,1
DL,ATL,FAT,2024,7,1177,31,20,4.0,frozenset({561.0}),561.0,0.6451612903225806,True,2024-07,1,3263,1
DL,ATL,EWR,2024,7,1367,31,16,2.0,frozenset({2552.0}),2552.0,0.5161290322580645,True,2024-07,1,3264,1
DL,ATL,EWR,2024,7,1255,14,10,2.0,frozenset({2527.0}),2527.0,0.7142857142857143,True,2024-07,1,3265,1
DL,ATL,EWR,2024,7,1128,31,21,2.0,frozenset({2498.0}),2498.0,0.6774193548387096,True,2024-07,1,3266,1
DL,ATL,EWR,2024,7,980,31,23,2.0,frozenset({2340.0}),2340.0,0.7419354838709677,True,2024-07,1,3267,1
DL,ATL,ECP,2024,7,1295,14,8,2.0,frozenset({2494.0}),2494.0,0.5714285714285714,True,2024-07,1,3268,1
DL,ATL,HSV,2024,7,1400,11,10,1.0,frozenset({3022.0}),3022.0,0.9090909090909091,True,2024-07,1,3269,1
DL,ATL,LGA,2024,7,1260,31,16,2.0,frozenset({490.0}),490.0,0.5161290322580645,True,2024-07,1,3270,1
B6,TPA,BOS,2024,7,1155,29,17,0.0,frozenset({592.0}),592.0,0.5862068965517241,True,2024-07,1,3271,1
YX,EWR,BOS,2024,7,1235,25,13,3.0,frozenset({5718.0}),5718.0,0.52,True,2024-07,1,3272,1
B6,JFK,ROC,2024,7,1319,31,18,3.0,frozenset({1186.0}),1186.0,0.5806451612903226,True,2024-07,1,3273,2
B6,JFK,PWM,2024,7,1065,31,19,3.0,frozenset({308.0}),308.0,0.6129032258064516,True,2024-07,2,1929,3
B6,JFK,PHX,2024,7,1155,31,19,0.0,frozenset({135.0}),135.0,0.6129032258064516,True,2024-07,1,3274,1
AA,MIA,SAV,2024,7,1260,27,15,1.0,frozenset({269.0}),269.0,0.5555555555555556,True,2024-07,1,3275,1
WN,SLC,LAS,2024,7,1315,21,11,0.0,"frozenset({2066.0, 572.0})",572.0,0.5238095238095238,True,2024-07,1,3276,1
AA,MIA,TPA,2024,7,1035,31,16,2.0,frozenset({2506.0}),2506.0,0.5161290322580645,True,2024-07,1,3277,2
B6,JFK,ORD,2024,7,950,27,14,0.0,frozenset({1205.0}),1205.0,0.5185185185185185,True,2024-07,2,1937,3
B6,JFK,MVY,2024,7,1000,31,16,5.0,frozenset({1538.0}),1538.0,0.5161290322580645,True,2024-07,1,3278,1
AA,MKE,CLT,2024,7,1106,29,18,0.0,frozenset({1804.0}),1804.0,0.6206896551724138,True,2024-07,1,3279,1
B6,JFK,MCO,2024,7,1259,29,16,1.0,frozenset({2583.0}),2583.0,0.5517241379310345,True,2024-07,1,3280,1
WN,SMF,BOI,2024,7,920,21,12,0.0,"frozenset({313.0, 114.0})",114.0,0.5714285714285714,True,2024-07,1,3281,1
AA,MKE,DFW,2024,7,1050,30,16,1.0,frozenset({1733.0}),1733.0,0.5333333333333333,True,2024-07,1,3282,1
AA,MSN,DFW,2024,7,1055,26,16,1.0,frozenset({1736.0}),1736.0,0.6153846153846154,True,2024-07,1,3283,1
AA,MSP,CLT,2024,7,1086,29,24,0.0,frozenset({2140.0}),2140.0,0.8275862068965517,True,2024-07,1,3284,1
WN,SJU,MCO,2024,7,1180,15,8,0.0,"frozenset({370.0, 3406.0})",370.0,0.5333333333333333,True,2024-07,1,3285,1
WN,SMF,ONT,2024,7,1265,19,11,0.0,frozenset({2049.0}),2049.0,0.5789473684210527,True,2024-07,1,3286,1
B6,JFK,BUF,2024,7,1169,31,17,2.0,frozenset({2.0}),2.0,0.5483870967741935,True,2024-07,2,1944,3
AA,MSP,ORD,2024,7,1071,30,19,0.0,frozenset({1747.0}),1747.0,0.6333333333333333,True,2024-07,1,3287,1
WN,SMF,SEA,2024,7,1295,15,11,0.0,"frozenset({3878.0, 262.0})",3878.0,0.7333333333333333,True,2024-07,1,3288,1
B6,JFK,BOS,2024,7,1139,50,28,3.0,"frozenset({1118.0, 918.0})",918.0,0.56,True,2024-07,2,1946,3
B6,JFK,BOS,2024,7,1079,11,7,0.0,frozenset({1118.0}),1118.0,0.6363636363636364,True,2024-07,2,1952,2
B6,JFK,BNA,2024,7,1005,24,15,1.0,frozenset({1473.0}),1473.0,0.625,True,2024-07,1,3289,2
WN,STL,ATL,2024,7,1235,25,15,0.0,frozenset({1118.0}),1118.0,0.6,True,2024-07,1,3290,1
AA,MSY,CLT,2024,7,857,26,14,0.0,frozenset({1841.0}),1841.0,0.5384615384615384,True,2024-07,1,3291,1
AA,MSY,CLT,2024,7,972,26,14,1.0,frozenset({1957.0}),1957.0,0.5384615384615384,True,2024-07,1,3292,1
AA,MSY,CLT,2024,7,1110,29,20,2.0,frozenset({607.0}),607.0,0.6896551724137931,True,2024-07,1,3293,1
WN,STL,DAL,2024,7,1050,10,6,0.0,frozenset({2858.0}),2858.0,0.6,True,2024-07,1,3294,1
B6,FLL,LGA,2024,7,1095,27,15,0.0,frozenset({472.0}),472.0,0.5555555555555556,True,2024-07,2,1930,2
B6,FLL,JFK,2024,7,1280,31,16,1.0,frozenset({2202.0}),2202.0,0.5161290322580645,True,2024-07,1,3295,2
AA,MSY,DFW,2024,7,947,26,16,0.0,frozenset({1785.0}),1785.0,0.6153846153846154,True,2024-07,1,3296,1
B6,JFK,BUR,2024,7,1020,31,18,0.0,frozenset({359.0}),359.0,0.5806451612903226,True,2024-07,1,3297,2
AA,MIA,DEN,2024,7,560,27,14,1.0,frozenset({2289.0}),2289.0,0.5185185185185185,True,2024-07,1,3298,1
AA,MIA,RDU,2024,7,886,31,16,0.0,frozenset({3008.0}),3008.0,0.5161290322580645,True,2024-07,1,3299,1
B6,LGA,ATL,2024,7,839,31,16,1.0,frozenset({2614.0}),2614.0,0.5161290322580645,True,2024-07,1,3300,1
AA,MIA,EWR,2024,7,891,31,16,1.0,frozenset({1708.0}),1708.0,0.5161290322580645,True,2024-07,1,3301,2
AA,MIA,EWR,2024,7,1137,30,18,0.0,frozenset({1113.0}),1113.0,0.6,True,2024-07,1,3302,2
AA,MIA,JFK,2024,7,917,30,16,0.0,frozenset({2899.0}),2899.0,0.5333333333333333,True,2024-07,2,1858,2
B6,ROC,JFK,2024,7,917,31,18,3.0,frozenset({485.0}),485.0,0.5806451612903226,True,2024-07,1,3303,2
B6,PWM,JFK,2024,7,1209,31,16,3.0,frozenset({307.0}),307.0,0.5161290322580645,True,2024-07,2,1847,3
B6,PHX,JFK,2024,7,1360,31,18,0.0,frozenset({136.0}),136.0,0.5806451612903226,True,2024-07,1,3304,1
AA,MIA,LAS,2024,7,1080,27,15,1.0,frozenset({1462.0}),1462.0,0.5555555555555556,True,2024-07,1,3305,1
B6,PHX,BOS,2024,7,1439,31,18,1.0,frozenset({984.0}),984.0,0.5806451612903226,True,2024-07,2,1844,2
B6,PBI,JFK,2024,7,1088,31,16,2.0,frozenset({1154.0}),1154.0,0.5161290322580645,True,2024-07,1,3306,2
AA,MIA,LAX,2024,7,863,31,16,1.0,frozenset({778.0}),778.0,0.5161290322580645,True,2024-07,1,3307,1
AA,MIA,LGA,2024,7,958,31,16,1.0,frozenset({2047.0}),2047.0,0.5161290322580645,True,2024-07,1,3308,2
B6,ORD,JFK,2024,7,1118,27,21,0.0,frozenset({1206.0}),1206.0,0.7777777777777778,True,2024-07,2,1873,3
B6,ORD,BOS,2024,7,1233,30,16,0.0,frozenset({1012.0}),1012.0,0.5333333333333333,True,2024-07,1,3309,2
B6,MSP,BOS,2024,7,1145,27,14,0.0,frozenset({836.0}),836.0,0.5185185185185185,True,2024-07,1,3310,2
B6,LAS,JFK,2024,7,843,31,17,1.0,frozenset({148.0}),148.0,0.5483870967741935,True,2024-07,2,1991,2
YX,EWR,BGR,2024,7,1265,31,18,5.0,frozenset({3408.0}),3408.0,0.5806451612903226,True,2024-07,1,3311,1
B6,MCO,LGA,2024,7,1230,29,17,0.0,frozenset({998.0}),998.0,0.5862068965517241,True,2024-07,2,1918,3
B6,MCO,LGA,2024,7,1060,22,14,0.0,frozenset({798.0}),798.0,0.6363636363636364,True,2024-07,1,3312,2
B6,MCO,JFK,2024,7,1080,31,17,2.0,frozenset({1284.0}),1284.0,0.5483870967741935,True,2024-07,1,3313,2
YX,DTW,EWR,2024,7,1060,26,17,4.0,frozenset({3455.0}),3455.0,0.6538461538461539,True,2024-07,1,3314,1
B6,MCO,HPN,2024,7,1210,31,17,0.0,frozenset({1294.0}),1294.0,0.5483870967741935,True,2024-07,1,3315,2
B6,MCO,HPN,2024,7,1140,26,15,0.0,frozenset({1494.0}),1494.0,0.5769230769230769,True,2024-07,1,3316,1
B6,MCO,EWR,2024,7,1155,31,17,0.0,frozenset({1728.0}),1728.0,0.5483870967741935,True,2024-07,1,3317,1
WN,SJC,AUS,2024,7,1050,11,6,0.0,frozenset({860.0}),860.0,0.5454545454545454,True,2024-07,1,3318,1
B6,MCO,BOS,2024,7,1000,27,19,1.0,frozenset({2052.0}),2052.0,0.7037037037037037,True,2024-07,1,3319,2
WN,SJC,LAX,2024,7,1255,15,11,0.0,"frozenset({1369.0, 4457.0})",4457.0,0.7333333333333333,True,2024-07,1,3320,1
B6,LGA,MCO,2024,7,1285,26,14,0.0,frozenset({499.0}),499.0,0.5384615384615384,True,2024-07,1,3321,2
WN,SJC,PHX,2024,7,1285,25,14,0.0,frozenset({2393.0}),2393.0,0.56,True,2024-07,1,3322,1
B6,LGA,FLL,2024,7,1250,31,18,0.0,frozenset({571.0}),571.0,0.5806451612903226,True,2024-07,1,3323,2
B6,LGA,ATL,2024,7,1245,29,17,1.0,frozenset({2514.0}),2514.0,0.5862068965517241,True,2024-07,1,3324,1
B6,MCO,SJU,2024,7,1040,14,8,0.0,frozenset({1433.0}),1433.0,0.5714285714285714,True,2024-07,1,3325,2
F9,ORD,DFW,2024,7,1125,13,7,2.0,frozenset({3243.0}),3243.0,0.5384615384615384,True,2024-07,1,3326,1
AA,MCO,PHL,2024,7,1042,30,22,0.0,frozenset({2502.0}),2502.0,0.7333333333333333,True,2024-07,1,3327,2
F9,ORD,LAS,2024,7,1240,17,9,5.0,frozenset({2145.0}),2145.0,0.5294117647058824,True,2024-07,2,1777,2
AA,DFW,PHX,2024,7,1240,29,16,0.0,frozenset({1659.0}),1659.0,0.5517241379310345,True,2024-07,1,3328,1
AA,DFW,PHX,2024,7,1350,29,19,0.0,frozenset({1744.0}),1744.0,0.6551724137931034,True,2024-07,1,3329,1
NK,CLT,EWR,2024,7,782,10,7,2.0,frozenset({995.0}),995.0,0.7,True,2024-07,2,1742,2
NK,BWI,MCO,2024,7,1051,14,8,0.0,frozenset({2077.0}),2077.0,0.5714285714285714,True,2024-07,1,3330,1
NK,BWI,LAX,2024,7,1195,10,7,1.0,frozenset({141.0}),141.0,0.7,True,2024-07,1,3331,1
NK,BWI,IAH,2024,7,1328,13,8,1.0,frozenset({1031.0}),1031.0,0.6153846153846154,True,2024-07,1,3332,1
NK,BWI,FLL,2024,7,1084,23,18,2.0,"frozenset({1896.0, 1928.0})",1896.0,0.782608695652174,True,2024-07,1,3333,2
NK,BWI,DFW,2024,7,1158,11,8,1.0,frozenset({667.0}),667.0,0.7272727272727273,True,2024-07,1,3334,1
NK,BWI,BOS,2024,7,1261,13,9,0.0,frozenset({978.0}),978.0,0.6923076923076923,True,2024-07,1,3335,1
NK,BUR,LAS,2024,7,1267,13,8,2.0,"frozenset({250.0, 1653.0})",1653.0,0.6153846153846154,True,2024-07,1,3336,1
NK,BOS,SJU,2024,7,1375,28,16,4.0,frozenset({2324.0}),2324.0,0.5714285714285714,True,2024-07,1,3337,2
AA,DFW,PNS,2024,7,798,30,17,0.0,frozenset({2002.0}),2002.0,0.5666666666666667,True,2024-07,1,3338,1
NK,BOS,IAH,2024,7,1283,13,9,3.0,frozenset({254.0}),254.0,0.6923076923076923,True,2024-07,1,3339,1
NK,BOS,IAH,2024,7,1220,10,7,3.0,frozenset({254.0}),254.0,0.7,True,2024-07,1,3340,1
AA,DFW,PNS,2024,7,875,30,21,5.0,frozenset({2062.0}),2062.0,0.7,True,2024-07,1,3341,1
NK,BOS,EWR,2024,7,926,31,18,6.0,frozenset({975.0}),975.0,0.5806451612903226,True,2024-07,1,3342,2
NK,BOS,DFW,2024,7,970,14,8,0.0,frozenset({1709.0}),1709.0,0.5714285714285714,True,2024-07,1,3343,1
NK,BOS,DFW,2024,7,880,10,6,0.0,frozenset({1709.0}),1709.0,0.6,True,2024-07,1,3344,1
NK,BOS,CLT,2024,7,1249,22,14,4.0,frozenset({1117.0}),1117.0,0.6363636363636364,True,2024-07,2,1749,3
NK,BOS,BWI,2024,7,1158,13,9,0.0,frozenset({977.0}),977.0,0.6923076923076923,True,2024-07,1,3345,1
NK,BOS,BNA,2024,7,1054,28,17,6.0,frozenset({3904.0}),3904.0,0.6071428571428571,True,2024-07,1,3346,2
NK,BNA,EWR,2024,7,1118,12,9,3.0,frozenset({1593.0}),1593.0,0.75,True,2024-07,1,3347,1
AA,DFW,PNS,2024,7,1275,30,16,0.0,frozenset({474.0}),474.0,0.5333333333333333,True,2024-07,1,3348,1
NK,ATL,ORD,2024,7,1182,30,24,2.0,frozenset({1306.0}),1306.0,0.8,True,2024-07,1,3349,2
NK,ATL,MCO,2024,7,1260,14,11,0.0,"frozenset({1209.0, 2063.0})",2063.0,0.7857142857142857,True,2024-07,2,1747,2
NK,CLT,LAX,2024,7,1375,31,23,10.0,frozenset({204.0}),204.0,0.7419354838709677,True,2024-07,3,1074,4
NK,ATL,LAS,2024,7,1285,30,17,1.0,frozenset({1361.0}),1361.0,0.5666666666666667,True,2024-07,1,3350,2
AA,DFW,PHX,2024,7,1056,29,17,1.0,frozenset({2887.0}),2887.0,0.5862068965517241,True,2024-07,3,1579,3
NK,CLT,LGA,2024,7,1176,27,20,1.0,frozenset({1402.0}),1402.0,0.7407407407407407,True,2024-07,3,1113,4
AA,DFW,ONT,2024,7,1372,29,17,1.0,frozenset({2191.0}),2191.0,0.5862068965517241,True,2024-07,1,3351,1
NK,FLL,CLT,2024,7,985,28,16,0.0,frozenset({1401.0}),1401.0,0.5714285714285714,True,2024-07,2,1730,3
NK,FLL,BWI,2024,7,1310,26,14,1.0,frozenset({1895.0}),1895.0,0.5384615384615384,True,2024-07,1,3352,2
NK,FLL,BWI,2024,7,875,18,10,1.0,frozenset({120.0}),120.0,0.5555555555555556,True,2024-07,2,1719,2
NK,FLL,BOS,2024,7,911,10,6,0.0,frozenset({2886.0}),2886.0,0.6,True,2024-07,1,3353,1
WN,RNO,LAS,2024,7,820,11,6,0.0,frozenset({3289.0}),3289.0,0.5454545454545454,True,2024-07,1,3354,1
NK,FLL,ATL,2024,7,1105,31,19,0.0,frozenset({1078.0}),1078.0,0.6129032258064516,True,2024-07,2,1709,3
NK,FLL,ATL,2024,7,991,23,19,0.0,frozenset({226.0}),226.0,0.8260869565217391,True,2024-07,2,1710,2
WN,RNO,LAS,2024,7,1300,15,8,0.0,"frozenset({339.0, 4412.0})",339.0,0.5333333333333333,True,2024-07,1,3355,1
AA,DFW,PBI,2024,7,1160,30,16,1.0,frozenset({2271.0}),2271.0,0.5333333333333333,True,2024-07,1,3356,1
WN,RNO,SAN,2024,7,635,11,6,0.0,frozenset({2363.0}),2363.0,0.5454545454545454,True,2024-07,1,3357,1
NK,EWR,LAS,2024,7,1080,17,9,0.0,frozenset({465.0}),465.0,0.5294117647058824,True,2024-07,1,3358,1
WN,RSW,MDW,2024,7,1145,14,8,0.0,frozenset({3396.0}),3396.0,0.5714285714285714,True,2024-07,1,3359,1
NK,EWR,BOS,2024,7,1102,21,15,5.0,frozenset({976.0}),976.0,0.7142857142857143,True,2024-07,1,3360,2
YX,GSO,LGA,2024,7,1106,26,17,4.0,frozenset({4711.0}),4711.0,0.6538461538461539,True,2024-07,1,3361,1
NK,EWR,ATL,2024,7,1055,10,9,2.0,"frozenset({2378.0, 1596.0})",2378.0,0.9,True,2024-07,1,3362,1
NK,DFW,SAT,2024,7,1341,22,13,3.0,frozenset({3699.0}),3699.0,0.5909090909090909,True,2024-07,1,3363,1
AA,DFW,PDX,2024,7,1350,29,18,1.0,frozenset({2130.0}),2130.0,0.6206896551724138,True,2024-07,1,3364,1
NK,DFW,MSY,2024,7,1308,11,6,0.0,frozenset({668.0}),668.0,0.5454545454545454,True,2024-07,1,3365,1
AA,DFW,PHL,2024,7,1110,30,19,1.0,frozenset({1310.0}),1310.0,0.6333333333333333,True,2024-07,3,1552,3
NK,DFW,MCI,2024,7,1044,13,8,1.0,frozenset({3703.0}),3703.0,0.6153846153846154,True,2024-07,1,3366,1
NK,DFW,FLL,2024,7,1225,12,7,1.0,frozenset({3125.0}),3125.0,0.5833333333333334,True,2024-07,1,3367,1
NK,DFW,ATL,2024,7,1225,14,9,1.0,frozenset({75.0}),75.0,0.6428571428571429,True,2024-07,1,3368,1
NK,DFW,ATL,2024,7,940,11,8,1.0,"frozenset({75.0, 3053.0})",3053.0,0.7272727272727273,True,2024-07,1,3369,1
NK,CLT,MCO,2024,7,1192,25,15,0.0,"frozenset({3800.0, 1101.0})",1101.0,0.6,True,2024-07,1,3370,1
NK,CLT,LGA,2024,7,1037,31,23,3.0,frozenset({206.0}),206.0,0.7419354838709677,True,2024-07,2,1766,2
YX,EWR,SDF,2024,7,1225,31,19,4.0,frozenset({3681.0}),3681.0,0.6129032258064516,True,2024-07,1,3371,1
NK,ATL,IAH,2024,7,477,12,8,1.0,"frozenset({1440.0, 765.0})",765.0,0.6666666666666666,True,2024-07,1,3372,1
NK,ATL,FLL,2024,7,1160,25,16,1.0,"frozenset({228.0, 1877.0})",228.0,0.64,True,2024-07,1,3373,1
MQ,DFW,JAN,2024,7,1047,27,14,1.0,frozenset({3960.0}),3960.0,0.5185185185185185,True,2024-07,1,3374,1
AA,DFW,SFO,2024,7,921,27,19,1.0,frozenset({636.0}),636.0,0.7037037037037037,True,2024-07,1,3375,1
AA,DFW,SFO,2024,7,1277,29,15,0.0,frozenset({1764.0}),1764.0,0.5172413793103449,True,2024-07,1,3376,1
AA,DFW,SFO,2024,7,1361,29,15,1.0,frozenset({446.0}),446.0,0.5172413793103449,True,2024-07,1,3377,1
MQ,DCA,XNA,2024,7,1186,31,19,1.0,frozenset({3452.0}),3452.0,0.6129032258064516,True,2024-07,1,3378,1
MQ,DCA,TLH,2024,7,1195,23,14,2.0,frozenset({3784.0}),3784.0,0.6086956521739131,True,2024-07,1,3379,1
MQ,COU,ORD,2024,7,1096,30,16,1.0,"frozenset({4142.0, 3542.0})",4142.0,0.5333333333333333,True,2024-07,1,3380,1
AA,DFW,SLC,2024,7,1075,31,16,0.0,frozenset({2375.0}),2375.0,0.5161290322580645,True,2024-07,1,3381,1
AA,DFW,SMF,2024,7,1353,29,20,1.0,frozenset({2198.0}),2198.0,0.6896551724137931,True,2024-07,1,3382,1
AA,DFW,SNA,2024,7,1243,15,9,1.0,frozenset({369.0}),369.0,0.6,True,2024-07,1,3383,1
AA,DFW,TUL,2024,7,1080,31,16,1.0,frozenset({2353.0}),2353.0,0.5161290322580645,True,2024-07,1,3384,1
MQ,BOS,CVG,2024,7,1018,27,14,0.0,frozenset({3408.0}),3408.0,0.5185185185185185,True,2024-07,1,3385,1
MQ,BNA,ORD,2024,7,1071,30,17,0.0,frozenset({3927.0}),3927.0,0.5666666666666667,True,2024-07,1,3386,1
YX,EWR,IND,2024,7,1197,31,17,4.0,frozenset({3558.0}),3558.0,0.5483870967741935,True,2024-07,1,3387,2
MQ,BNA,DFW,2024,7,1300,10,6,0.0,frozenset({3925.0}),3925.0,0.6,True,2024-07,1,3388,1
MQ,AVL,ORD,2024,7,1002,30,17,1.0,frozenset({3792.0}),3792.0,0.5666666666666667,True,2024-07,1,3389,3
MQ,AVL,DCA,2024,7,1047,31,22,1.0,frozenset({3393.0}),3393.0,0.7096774193548387,True,2024-07,1,3390,1
AA,DFW,TUS,2024,7,1133,30,17,2.0,frozenset({1207.0}),1207.0,0.5666666666666667,True,2024-07,3,1265,3
AA,DFW,TUS,2024,7,1371,26,17,1.0,frozenset({785.0}),785.0,0.6538461538461539,True,2024-07,3,1278,4
G4,VPS,CVG,2024,7,1123,12,8,0.0,"frozenset({3080.0, 427.0})",3080.0,0.6666666666666666,True,2024-07,1,3391,1
G4,SFB,TYS,2024,7,942,10,6,0.0,"frozenset({3040.0, 3797.0, 3030.0})",3040.0,0.6,True,2024-07,1,3392,1
WN,SAN,SFO,2024,7,1220,25,13,0.0,"frozenset({1307.0, 3919.0, 4599.0})",3919.0,0.52,True,2024-07,2,1728,2
G4,PIE,FWA,2024,7,1097,10,6,1.0,"frozenset({1008.0, 1064.0, 6064.0})",1008.0,0.6,True,2024-07,1,3393,1
G4,PIE,AVL,2024,7,1299,13,7,0.0,"frozenset({257.0, 1885.0, 1877.0, 1871.0})",1877.0,0.5384615384615384,True,2024-07,1,3394,1
G4,PGD,AVL,2024,7,963,17,12,1.0,"frozenset({258.0, 1842.0, 1859.0, 268.0})",268.0,0.7058823529411765,True,2024-07,1,3395,1
AA,DFW,SEA,2024,7,1350,29,18,1.0,frozenset({2512.0}),2512.0,0.6206896551724138,True,2024-07,1,3396,1
AA,DFW,SEA,2024,7,1146,29,16,0.0,frozenset({1241.0}),1241.0,0.5517241379310345,True,2024-07,1,3397,1
AA,DFW,SDF,2024,7,1160,30,16,0.0,frozenset({2848.0}),2848.0,0.5333333333333333,True,2024-07,2,1755,2
AA,DFW,SBA,2024,7,1177,29,20,0.0,frozenset({1483.0}),1483.0,0.6896551724137931,True,2024-07,1,3398,1
NK,ATL,EWR,2024,7,856,12,10,3.0,frozenset({2379.0}),2379.0,0.8333333333333334,True,2024-07,1,3399,1
NK,ATL,DFW,2024,7,1194,11,9,2.0,"frozenset({77.0, 3054.0})",3054.0,0.8181818181818182,True,2024-07,1,3400,1
AA,DFW,RDU,2024,7,1060,31,17,0.0,frozenset({1605.0}),1605.0,0.5483870967741935,True,2024-07,2,1744,2
AA,DFW,RIC,2024,7,1159,29,15,1.0,frozenset({1133.0}),1133.0,0.5172413793103449,True,2024-07,1,3401,1
MQ,XNA,CLT,2024,7,1103,29,15,0.0,frozenset({3594.0}),3594.0,0.5172413793103449,True,2024-07,1,3402,1
MQ,TPA,BNA,2024,7,1217,30,18,0.0,frozenset({3821.0}),3821.0,0.6,True,2024-07,1,3403,1
MQ,SHV,DFW,2024,7,992,21,11,1.0,"frozenset({3702.0, 3719.0})",3719.0,0.5238095238095238,True,2024-07,1,3404,1
MQ,PVD,ORD,2024,7,1022,30,18,0.0,frozenset({3715.0}),3715.0,0.6,True,2024-07,2,1746,2
MQ,ORD,TVC,2024,7,1229,29,16,1.0,frozenset({3559.0}),3559.0,0.5517241379310345,True,2024-07,1,3405,1
MQ,ORD,OKC,2024,7,1214,27,15,0.0,frozenset({3500.0}),3500.0,0.5555555555555556,True,2024-07,1,3406,1
MQ,ORD,MSP,2024,7,726,31,16,0.0,frozenset({3395.0}),3395.0,0.5161290322580645,True,2024-07,2,1752,2
AA,DFW,SAN,2024,7,1259,30,20,1.0,frozenset({1399.0}),1399.0,0.6666666666666666,True,2024-07,1,3407,1
NK,FLL,EWR,2024,7,1250,12,9,1.0,frozenset({1777.0}),1777.0,0.75,True,2024-07,2,1721,2
AA,DFW,SAN,2024,7,1379,29,16,1.0,frozenset({2568.0}),2568.0,0.5517241379310345,True,2024-07,1,3408,1
YX,EWR,RDU,2024,7,1157,23,13,3.0,frozenset({3429.0}),3429.0,0.5652173913043478,True,2024-07,1,3409,1
MQ,ORD,CMI,2024,7,1215,30,18,2.0,frozenset({3422.0}),3422.0,0.6,True,2024-07,1,3410,1
MQ,ORD,CMH,2024,7,1210,25,14,1.0,frozenset({3447.0}),3447.0,0.56,True,2024-07,1,3411,1
MQ,ORD,BWI,2024,7,1174,23,15,1.0,frozenset({3634.0}),3634.0,0.6521739130434783,True,2024-07,1,3412,1
MQ,MSP,ORD,2024,7,845,31,19,1.0,frozenset({3395.0}),3395.0,0.6129032258064516,True,2024-07,2,1763,2
AA,DFW,SAT,2024,7,1068,30,18,1.0,frozenset({294.0}),294.0,0.6,True,2024-07,1,3413,1
AA,DFW,SAT,2024,7,1122,27,18,1.0,frozenset({1836.0}),1836.0,0.6666666666666666,True,2024-07,1,3414,1
AA,DFW,SAT,2024,7,1194,30,21,0.0,frozenset({412.0}),412.0,0.7,True,2024-07,1,3415,1
AA,DFW,SAT,2024,7,1252,30,21,2.0,frozenset({1406.0}),1406.0,0.7,True,2024-07,3,1329,3
MQ,LIT,ORD,2024,7,1027,30,16,0.0,frozenset({3501.0}),3501.0,0.5333333333333333,True,2024-07,1,3416,1
AA,DFW,SAT,2024,7,1305,30,17,0.0,frozenset({426.0}),426.0,0.5666666666666667,True,2024-07,2,1761,2
AA,DFW,SAV,2024,7,1153,30,16,0.0,frozenset({330.0}),330.0,0.5333333333333333,True,2024-07,1,3417,1
MQ,ORD,LEX,2024,7,1186,29,21,1.0,frozenset({3781.0}),3781.0,0.7241379310344828,True,2024-07,1,3418,1
AA,DFW,OKC,2024,7,1272,30,18,0.0,frozenset({1458.0}),1458.0,0.6,True,2024-07,3,1515,3
NK,FLL,IAH,2024,7,888,21,13,3.0,frozenset({909.0}),909.0,0.6190476190476191,True,2024-07,1,3419,2
AA,DFW,OKC,2024,7,959,29,15,0.0,frozenset({1892.0}),1892.0,0.5172413793103449,True,2024-07,1,3420,1
AA,DFW,MCI,2024,7,1200,29,16,0.0,frozenset({2267.0}),2267.0,0.5517241379310345,True,2024-07,3,1222,3
AA,DFW,MCI,2024,7,1305,29,16,0.0,frozenset({1569.0}),1569.0,0.5517241379310345,True,2024-07,2,1668,2
NK,PDX,LAS,2024,7,1315,15,10,1.0,"frozenset({427.0, 431.0})",431.0,0.6666666666666666,True,2024-07,1,3421,1
NK,ORD,TPA,2024,7,1145,18,11,2.0,frozenset({2800.0}),2800.0,0.6111111111111112,True,2024-07,3,1209,3
AA,DFW,MCO,2024,7,1210,29,17,1.0,frozenset({364.0}),364.0,0.5862068965517241,True,2024-07,1,3422,1
YX,GSP,EWR,2024,7,1077,26,15,3.0,"frozenset({3449.0, 3620.0})",3449.0,0.5769230769230769,True,2024-07,1,3423,2
NK,ORD,PDX,2024,7,1234,28,18,3.0,frozenset({822.0}),822.0,0.6428571428571429,True,2024-07,1,3424,1
NK,ORD,LAX,2024,7,1358,24,17,2.0,frozenset({489.0}),489.0,0.7083333333333334,True,2024-07,1,3425,1
NK,ORD,LAS,2024,7,1099,22,13,1.0,frozenset({200.0}),200.0,0.5909090909090909,True,2024-07,1,3426,1
NK,ORD,IAH,2024,7,786,14,9,2.0,frozenset({519.0}),519.0,0.6428571428571429,True,2024-07,1,3427,1
NK,ORD,FLL,2024,7,1126,28,16,2.0,frozenset({1986.0}),1986.0,0.5714285714285714,True,2024-07,1,3428,2
NK,ORD,FLL,2024,7,1057,24,13,0.0,frozenset({123.0}),123.0,0.5416666666666666,True,2024-07,1,3429,1
NK,ORD,EWR,2024,7,614,12,7,0.0,frozenset({771.0}),771.0,0.5833333333333334,True,2024-07,1,3430,1
NK,ORD,ATL,2024,7,1319,28,20,2.0,frozenset({635.0}),635.0,0.7142857142857143,True,2024-07,3,1179,4
AA,DFW,MEM,2024,7,1185,25,17,1.0,"frozenset({1758.0, 2079.0})",1758.0,0.68,True,2024-07,3,1471,3
NK,MYR,FLL,2024,7,1232,11,6,1.0,frozenset({1002.0}),1002.0,0.5454545454545454,True,2024-07,1,3431,1
WN,RDU,AUS,2024,7,970,11,8,0.0,frozenset({1693.0}),1693.0,0.7272727272727273,True,2024-07,1,3432,1
NK,MYR,EWR,2024,7,1210,20,12,2.0,frozenset({992.0}),992.0,0.6,True,2024-07,1,3433,1
NK,MYR,EWR,2024,7,781,15,8,0.0,frozenset({55.0}),55.0,0.5333333333333333,True,2024-07,2,1690,2
NK,MYR,BOS,2024,7,1199,19,10,2.0,frozenset({2015.0}),2015.0,0.5263157894736842,True,2024-07,1,3434,1
AA,DFW,MEM,2024,7,1281,29,17,0.0,frozenset({2079.0}),2079.0,0.5862068965517241,True,2024-07,1,3435,1
NK,MSY,FLL,2024,7,1043,13,7,2.0,"frozenset({1527.0, 3951.0})",3951.0,0.5384615384615384,True,2024-07,1,3436,1
NK,MSY,DFW,2024,7,867,17,9,0.0,frozenset({669.0}),669.0,0.5294117647058824,True,2024-07,1,3437,1
NK,MSP,LAS,2024,7,1379,15,11,2.0,frozenset({170.0}),170.0,0.7333333333333333,True,2024-07,1,3438,1
WN,RDU,BWI,2024,7,1165,10,6,0.0,frozenset({2917.0}),2917.0,0.6,True,2024-07,1,3439,1
WN,RDU,ATL,2024,7,1130,15,8,0.0,frozenset({4263.0}),4263.0,0.5333333333333333,True,2024-07,1,3440,1
NK,PHX,LAS,2024,7,1276,13,10,3.0,frozenset({2043.0}),2043.0,0.7692307692307693,True,2024-07,1,3441,1
AA,DFW,MCI,2024,7,1040,26,15,0.0,frozenset({1710.0}),1710.0,0.5769230769230769,True,2024-07,1,3442,1
WN,PVD,MCO,2024,7,1155,12,7,0.0,"frozenset({3442.0, 3446.0})",3442.0,0.5833333333333334,True,2024-07,1,3443,1
OH,CAE,DCA,2024,7,1175,26,14,3.0,frozenset({5095.0}),5095.0,0.5384615384615384,True,2024-07,1,3444,1
OH,BTV,CLT,2024,7,1156,29,16,2.0,frozenset({5323.0}),5323.0,0.5517241379310345,True,2024-07,1,3445,1
OH,BNA,CLT,2024,7,1032,28,15,2.0,frozenset({5084.0}),5084.0,0.5357142857142857,True,2024-07,1,3446,1
OH,BHM,CLT,2024,7,1023,30,19,2.0,frozenset({5487.0}),5487.0,0.6333333333333333,True,2024-07,1,3447,1
OH,BDL,DCA,2024,7,1196,26,17,3.0,frozenset({5310.0}),5310.0,0.6538461538461539,True,2024-07,1,3448,1
OH,AVL,CLT,2024,7,1209,25,15,4.0,frozenset({5288.0}),5288.0,0.6,True,2024-07,1,3449,1
OH,ATL,DCA,2024,7,1234,27,16,3.0,frozenset({5279.0}),5279.0,0.5925925925925926,True,2024-07,1,3450,1
OH,ATL,CLT,2024,7,1194,29,16,2.0,frozenset({5067.0}),5067.0,0.5517241379310345,True,2024-07,1,3451,1
OH,ATL,CLT,2024,7,1087,30,18,1.0,frozenset({5301.0}),5301.0,0.6,True,2024-07,1,3452,1
OH,ALB,DCA,2024,7,1181,26,15,5.0,frozenset({5172.0}),5172.0,0.5769230769230769,True,2024-07,1,3453,1
OH,ALB,DCA,2024,7,1043,27,14,3.0,frozenset({5648.0}),5648.0,0.5185185185185185,True,2024-07,1,3454,1
OH,ALB,CLT,2024,7,1185,29,16,2.0,frozenset({5598.0}),5598.0,0.5517241379310345,True,2024-07,1,3455,1
WN,RDU,BWI,2024,7,1225,15,8,0.0,"frozenset({2988.0, 3085.0})",3085.0,0.5333333333333333,True,2024-07,1,3456,1
OH,ABE,CLT,2024,7,1182,29,16,2.0,frozenset({5502.0}),5502.0,0.5517241379310345,True,2024-07,1,3457,1
NK,STT,FLL,2024,7,1010,12,9,1.0,frozenset({212.0}),212.0,0.75,True,2024-07,1,3458,1
NK,SMF,BWI,2024,7,729,16,10,1.0,frozenset({1294.0}),1294.0,0.625,True,2024-07,1,3459,1
NK,SLC,LAS,2024,7,1339,10,6,0.0,"frozenset({2513.0, 1716.0})",2513.0,0.6,True,2024-07,1,3460,1
WN,PVD,MCO,2024,7,1090,10,7,0.0,frozenset({3442.0}),3442.0,0.7,True,2024-07,1,3461,1
NK,SJC,LAS,2024,7,1069,15,9,2.0,frozenset({222.0}),222.0,0.6,True,2024-07,1,3462,1
NK,SAT,LAS,2024,7,1300,11,7,1.0,frozenset({790.0}),790.0,0.6363636363636364,True,2024-07,1,3463,1
NK,SAT,DFW,2024,7,940,22,15,5.0,frozenset({3700.0}),3700.0,0.6818181818181818,True,2024-07,1,3464,1
NK,RNO,LAS,2024,7,1346,16,9,1.0,frozenset({1792.0}),1792.0,0.5625,True,2024-07,1,3465,1
NK,RIC,MCO,2024,7,1257,15,10,2.0,frozenset({841.0}),841.0,0.6666666666666666,True,2024-07,1,3466,1
NK,RDU,FLL,2024,7,1101,28,17,0.0,frozenset({1367.0}),1367.0,0.6071428571428571,True,2024-07,1,3467,2
NK,PIT,MCO,2024,7,348,21,12,2.0,frozenset({1691.0}),1691.0,0.5714285714285714,True,2024-07,1,3468,1
NK,PIT,IAH,2024,7,703,25,13,7.0,frozenset({3259.0}),3259.0,0.52,True,2024-07,1,3469,1
NK,TPA,ATL,2024,7,1305,10,6,2.0,frozenset({386.0}),386.0,0.6,True,2024-07,1,3470,1
G4,LCK,SFB,2024,7,1288,13,7,1.0,"frozenset({2912.0, 1268.0, 1319.0})",2912.0,0.5384615384615384,True,2024-07,1,3471,1
NK,MCO,SLC,2024,7,1227,10,6,0.0,frozenset({1790.0}),1790.0,0.6,True,2024-07,1,3472,1
AA,DFW,MFE,2024,7,888,31,18,0.0,frozenset({528.0}),528.0,0.5806451612903226,True,2024-07,1,3473,1
NK,IAH,TPA,2024,7,1082,17,9,4.0,frozenset({1279.0}),1279.0,0.5294117647058824,True,2024-07,1,3474,1
NK,IAH,PHL,2024,7,1192,22,17,4.0,frozenset({1626.0}),1626.0,0.7727272727272727,True,2024-07,1,3475,1
NK,IAH,ORD,2024,7,1008,24,16,2.0,frozenset({821.0}),821.0,0.6666666666666666,True,2024-07,1,3476,2
AA,DFW,MSN,2024,7,1255,30,17,3.0,frozenset({595.0}),595.0,0.5666666666666667,True,2024-07,3,1494,4
NK,IAH,MCO,2024,7,968,15,10,2.0,frozenset({966.0}),966.0,0.6666666666666666,True,2024-07,1,3477,1
AA,DFW,MSO,2024,7,1135,30,16,0.0,frozenset({2941.0}),2941.0,0.5333333333333333,True,2024-07,1,3478,1
NK,IAH,LAX,2024,7,879,21,11,3.0,"frozenset({461.0, 590.0})",461.0,0.5238095238095238,True,2024-07,1,3479,1
NK,IAH,LAS,2024,7,1255,11,6,2.0,frozenset({1269.0}),1269.0,0.5454545454545454,True,2024-07,1,3480,1
NK,IAH,FLL,2024,7,1043,21,15,3.0,frozenset({910.0}),910.0,0.7142857142857143,True,2024-07,2,1806,3
NK,IAH,FLL,2024,7,891,12,7,1.0,"frozenset({957.0, 910.0})",957.0,0.5833333333333334,True,2024-07,1,3481,1
NK,IAH,DTW,2024,7,1079,22,13,1.0,frozenset({3924.0}),3924.0,0.5909090909090909,True,2024-07,1,3482,1
NK,IAH,CLT,2024,7,925,23,13,1.0,frozenset({1476.0}),1476.0,0.5652173913043478,True,2024-07,1,3483,1
NK,IAH,BOS,2024,7,928,13,7,3.0,frozenset({253.0}),253.0,0.5384615384615384,True,2024-07,1,3484,1
NK,IAH,BOS,2024,7,868,17,11,5.0,frozenset({253.0}),253.0,0.6470588235294118,True,2024-07,1,3485,1
NK,IAH,ATL,2024,7,606,11,8,1.0,"frozenset({1441.0, 766.0})",766.0,0.7272727272727273,True,2024-07,1,3486,1
NK,FLL,STT,2024,7,790,12,9,1.0,frozenset({201.0}),201.0,0.75,True,2024-07,2,1827,2
NK,FLL,RIC,2024,7,1066,15,11,2.0,frozenset({658.0}),658.0,0.7333333333333333,True,2024-07,1,3487,1
NK,FLL,RDU,2024,7,922,28,16,0.0,frozenset({1366.0}),1366.0,0.5714285714285714,True,2024-07,1,3488,2
NK,FLL,PHL,2024,7,1319,15,10,0.0,frozenset({1810.0}),1810.0,0.6666666666666666,True,2024-07,1,3489,1
NK,FLL,ORD,2024,7,1155,18,16,0.0,frozenset({5.0}),5.0,0.8888888888888888,True,2024-07,1,3490,1
AA,DFW,MSY,2024,7,807,26,15,0.0,frozenset({1055.0}),1055.0,0.5769230769230769,True,2024-07,1,3491,1
AA,DFW,MSY,2024,7,1035,25,13,0.0,frozenset({1584.0}),1584.0,0.52,True,2024-07,3,1511,3
NK,FLL,MSY,2024,7,931,15,9,2.0,"frozenset({1526.0, 3950.0})",3950.0,0.6,True,2024-07,1,3492,1
NK,FLL,MCO,2024,7,1340,10,6,0.0,"frozenset({676.0, 198.0})",676.0,0.6,True,2024-07,2,1816,2
NK,FLL,LGA,2024,7,1205,31,16,1.0,frozenset({2020.0}),2020.0,0.5161290322580645,True,2024-07,1,3493,1
NK,LAS,ATL,2024,7,979,13,9,0.0,"frozenset({2363.0, 980.0})",2363.0,0.6923076923076923,True,2024-07,1,3494,1
NK,LAS,ATL,2024,7,1428,30,20,1.0,frozenset({1362.0}),1362.0,0.6666666666666666,True,2024-07,2,1798,3
NK,LAS,DFW,2024,7,623,10,6,0.0,"frozenset({2920.0, 1026.0})",2920.0,0.6,True,2024-07,1,3495,1
NK,LAS,EWR,2024,7,529,22,12,1.0,frozenset({464.0}),464.0,0.5454545454545454,True,2024-07,1,3496,1
NK,MCO,PHL,2024,7,1214,16,9,0.0,frozenset({3995.0}),3995.0,0.5625,True,2024-07,1,3497,1
AA,DFW,MFE,2024,7,1351,29,19,3.0,frozenset({224.0}),224.0,0.6551724137931034,True,2024-07,1,3498,1
NK,MCO,LGA,2024,7,1245,27,15,4.0,frozenset({686.0}),686.0,0.5555555555555556,True,2024-07,1,3499,1
NK,MCO,IND,2024,7,1357,16,10,0.0,frozenset({3964.0}),3964.0,0.625,True,2024-07,1,3500,1
NK,MCO,EWR,2024,7,1147,11,9,0.0,"frozenset({2321.0, 140.0})",140.0,0.8181818181818182,True,2024-07,1,3501,1
AA,DFW,MIA,2024,7,1185,29,17,0.0,frozenset({1227.0}),1227.0,0.5862068965517241,True,2024-07,1,3502,1
NK,MCI,EWR,2024,7,1104,22,14,2.0,frozenset({1459.0}),1459.0,0.6363636363636364,True,2024-07,1,3503,2
AA,DFW,MRY,2024,7,1175,29,22,1.0,frozenset({1563.0}),1563.0,0.7586206896551724,True,2024-07,1,3504,1
NK,LGA,IAH,2024,7,1019,31,16,3.0,frozenset({1344.0}),1344.0,0.5161290322580645,True,2024-07,1,3505,2
NK,LGA,CLT,2024,7,1195,31,23,3.0,frozenset({207.0}),207.0,0.7419354838709677,True,2024-07,2,1609,2
NK,LAX,SJC,2024,7,1186,12,7,2.0,frozenset({2528.0}),2528.0,0.5833333333333334,True,2024-07,1,3506,1
NK,LAX,LAS,2024,7,1142,10,6,0.0,"frozenset({2699.0, 398.0, 507.0})",507.0,0.6,True,2024-07,1,3507,1
NK,MCO,SDF,2024,7,1260,18,10,1.0,frozenset({1778.0}),1778.0,0.5555555555555556,True,2024-07,2,1683,2
AA,PNS,DFW,2024,7,958,30,18,0.0,frozenset({2002.0}),2002.0,0.6,True,2024-07,2,2036,2
NK,LAS,SJC,2024,7,1015,22,13,1.0,frozenset({2349.0}),2349.0,0.5909090909090909,True,2024-07,1,3508,1
NK,LAS,SEA,2024,7,1316,22,13,2.0,frozenset({421.0}),421.0,0.5909090909090909,True,2024-07,1,3509,2
NK,LAS,SAT,2024,7,900,17,9,2.0,frozenset({428.0}),428.0,0.5294117647058824,True,2024-07,1,3510,1
NK,LAS,SAN,2024,7,921,20,11,2.0,"frozenset({741.0, 1255.0})",741.0,0.55,True,2024-07,1,3511,1
NK,LAS,RNO,2024,7,1194,16,9,1.0,frozenset({1791.0}),1791.0,0.5625,True,2024-07,1,3512,1
NK,LAS,PHX,2024,7,1147,11,6,0.0,frozenset({2042.0}),2042.0,0.5454545454545454,True,2024-07,1,3513,1
NK,LAS,PDX,2024,7,1316,15,8,1.0,frozenset({1723.0}),1723.0,0.5333333333333333,True,2024-07,1,3514,1
NK,LAS,ORD,2024,7,992,18,15,1.0,frozenset({488.0}),488.0,0.8333333333333334,True,2024-07,1,3515,2
NK,LAS,OAK,2024,7,1316,19,12,2.0,frozenset({2123.0}),2123.0,0.631578947368421,True,2024-07,1,3516,1
NK,LAS,MSP,2024,7,1023,15,9,1.0,frozenset({612.0}),612.0,0.6,True,2024-07,1,3517,1
NK,LAS,LAX,2024,7,1397,16,9,1.0,frozenset({2048.0}),2048.0,0.5625,True,2024-07,1,3518,1
NK,LAS,IAH,2024,7,567,16,9,4.0,frozenset({1251.0}),1251.0,0.5625,True,2024-07,1,3519,1
NK,LAX,ATL,2024,7,489,13,7,1.0,frozenset({631.0}),631.0,0.5384615384615384,True,2024-07,1,3520,1
G4,FWA,PIE,2024,7,1288,10,7,1.0,"frozenset({1002.0, 6002.0})",1002.0,0.7,True,2024-07,1,3521,1
9E,ATL,TLH,2024,7,1079,22,13,4.0,frozenset({5263.0}),5263.0,0.5909090909090909,True,2024-07,1,3522,1
F9,PHL,RSW,2024,7,933,17,10,0.0,frozenset({1577.0}),1577.0,0.5882352941176471,True,2024-07,1,3523,1
F9,PHL,DFW,2024,7,1129,15,8,2.0,frozenset({3985.0}),3985.0,0.5333333333333333,True,2024-07,1,3524,2
AA,DFW,XNA,2024,7,1000,30,19,0.0,frozenset({1600.0}),1600.0,0.6333333333333333,True,2024-07,1,3525,1
AA,IAH,CLT,2024,7,1085,29,15,2.0,frozenset({1661.0}),1661.0,0.5172413793103449,True,2024-07,1,3526,1
F9,RSW,PHL,2024,7,1169,17,10,0.0,frozenset({1578.0}),1578.0,0.5882352941176471,True,2024-07,1,3527,1
AA,DFW,VPS,2024,7,1277,30,18,1.0,frozenset({1201.0}),1201.0,0.6,True,2024-07,1,3528,1
F9,PHL,MSP,2024,7,1073,15,9,0.0,frozenset({3332.0}),3332.0,0.6,True,2024-07,2,1786,2
AA,EWR,CLT,2024,7,1153,29,25,6.0,frozenset({1330.0}),1330.0,0.8620689655172413,True,2024-07,3,1423,5
WN,SAT,ATL,2024,7,1130,15,10,0.0,"frozenset({3669.0, 3910.0})",3910.0,0.6666666666666666,True,2024-07,1,3529,1
F9,SMF,DFW,2024,7,1062,12,7,2.0,frozenset({4322.0}),4322.0,0.5833333333333334,True,2024-07,1,3530,1
F9,PHX,IAH,2024,7,1045,11,6,0.0,"frozenset({4182.0, 4382.0})",4182.0,0.5454545454545454,True,2024-07,1,3531,1
F9,STL,PHL,2024,7,1292,11,8,3.0,"frozenset({2182.0, 3502.0})",3502.0,0.7272727272727273,True,2024-07,1,3532,1
F9,PHL,ORD,2024,7,568,20,11,0.0,frozenset({2111.0}),2111.0,0.55,True,2024-07,1,3533,1
F9,PHL,MCO,2024,7,1138,16,10,2.0,"frozenset({2507.0, 2415.0})",2415.0,0.625,True,2024-07,1,3534,1
F9,PHL,ORF,2024,7,907,11,6,1.0,frozenset({2839.0}),2839.0,0.5454545454545454,True,2024-07,1,3535,1
AA,IAH,DFW,2024,7,1179,25,15,3.0,frozenset({232.0}),232.0,0.6,True,2024-07,2,1776,2
AA,FLL,CLT,2024,7,1039,30,16,0.0,frozenset({927.0}),927.0,0.5333333333333333,True,2024-07,1,3536,1
F9,TPA,BWI,2024,7,1101,11,7,1.0,frozenset({4092.0}),4092.0,0.6363636363636364,True,2024-07,1,3537,1
AA,EYW,DFW,2024,7,944,21,11,0.0,frozenset({1156.0}),1156.0,0.5238095238095238,True,2024-07,1,3538,1
F9,RDU,ORD,2024,7,1057,13,8,1.0,frozenset({3351.0}),3351.0,0.6153846153846154,True,2024-07,2,1830,2
F9,SJU,PHL,2024,7,1258,12,8,1.0,frozenset({3247.0}),3247.0,0.6666666666666666,True,2024-07,1,3539,2
F9,SJU,PHL,2024,7,648,31,17,0.0,frozenset({1015.0}),1015.0,0.5483870967741935,True,2024-07,1,3540,1
AA,DTW,CLT,2024,7,1188,29,15,3.0,frozenset({1297.0}),1297.0,0.5172413793103449,True,2024-07,1,3541,2
AA,GRR,DFW,2024,7,985,30,18,1.0,frozenset({981.0}),981.0,0.6,True,2024-07,1,3542,1
F9,SJU,ATL,2024,7,1324,14,11,0.0,frozenset({2081.0}),2081.0,0.7857142857142857,True,2024-07,1,3543,1
F9,SJU,BDL,2024,7,967,17,9,0.0,frozenset({3937.0}),3937.0,0.5294117647058824,True,2024-07,2,1820,2
F9,SJU,BDL,2024,7,1000,12,7,0.0,frozenset({3937.0}),3937.0,0.5833333333333334,True,2024-07,2,1820,2
F9,PHX,ORD,2024,7,1220,18,15,4.0,frozenset({1828.0}),1828.0,0.8333333333333334,True,2024-07,2,1826,2
AA,FLL,CLT,2024,7,883,30,16,1.0,frozenset({1753.0}),1753.0,0.5333333333333333,True,2024-07,1,3544,1
F9,PHL,MCO,2024,7,933,13,10,0.0,frozenset({2505.0}),2505.0,0.7692307692307693,True,2024-07,1,3545,1
YX,EWR,DTW,2024,7,1285,31,17,7.0,frozenset({3658.0}),3658.0,0.5483870967741935,True,2024-07,1,3546,1
F9,SJU,CLT,2024,7,961,31,18,0.0,"frozenset({1361.0, 905.0, 2985.0, 907.0})",907.0,0.5806451612903226,True,2024-07,1,3547,1
AA,ECP,DFW,2024,7,955,29,15,2.0,frozenset({1671.0}),1671.0,0.5172413793103449,True,2024-07,1,3548,1
F9,SFO,PDX,2024,7,798,21,11,3.0,frozenset({3362.0}),3362.0,0.5238095238095238,True,2024-07,3,1098,3
YX,EWR,GSP,2024,7,1290,31,20,5.0,frozenset({3502.0}),3502.0,0.6451612903225806,True,2024-07,1,3549,1
F9,SJU,JFK,2024,7,1215,31,20,0.0,frozenset({3548.0}),3548.0,0.6451612903225806,True,2024-07,1,3550,1
F9,PHX,SEA,2024,7,990,14,9,0.0,"frozenset({1723.0, 3973.0})",1723.0,0.6428571428571429,True,2024-07,1,3551,1
AA,DSM,DFW,2024,7,957,27,18,0.0,frozenset({1664.0}),1664.0,0.6666666666666666,True,2024-07,1,3552,2
AA,ELP,DFW,2024,7,1029,29,17,0.0,frozenset({1681.0}),1681.0,0.5862068965517241,True,2024-07,1,3553,1
AA,EWR,CLT,2024,7,1060,26,22,1.0,frozenset({1216.0}),1216.0,0.8461538461538461,True,2024-07,2,1809,3
AA,GSO,CLT,2024,7,1124,26,19,0.0,frozenset({2762.0}),2762.0,0.7307692307692307,True,2024-07,1,3554,1
AA,EWR,ORD,2024,7,1185,30,22,1.0,frozenset({1691.0}),1691.0,0.7333333333333333,True,2024-07,2,1836,3
AA,GSO,CLT,2024,7,1245,29,20,1.0,frozenset({1735.0}),1735.0,0.6896551724137931,True,2024-07,1,3555,2
F9,PHL,SJU,2024,7,645,10,8,2.0,frozenset({1166.0}),1166.0,0.8,True,2024-07,3,1112,3
AA,EWR,MIA,2024,7,1128,30,20,1.0,frozenset({1708.0}),1708.0,0.6666666666666666,True,2024-07,1,3556,2
G4,AZA,PVU,2024,7,1157,20,12,2.0,"frozenset({3225.0, 1597.0})",3225.0,0.6,True,2024-07,1,3557,1
AA,GSP,CLT,2024,7,1159,26,19,5.0,frozenset({1107.0}),1107.0,0.7307692307692307,True,2024-07,1,3558,1
F9,ORD,SLC,2024,7,1227,14,10,1.0,frozenset({2027.0}),2027.0,0.7142857142857143,True,2024-07,1,3559,1
F9,ORF,PHL,2024,7,1031,11,7,1.0,"frozenset({2840.0, 2181.0})",2840.0,0.6363636363636364,True,2024-07,1,3560,1
F9,TPA,PHL,2024,7,1312,12,7,2.0,frozenset({2836.0}),2836.0,0.5833333333333334,True,2024-07,1,3561,2
AA,IAH,ORD,2024,7,1005,30,17,1.0,frozenset({1168.0}),1168.0,0.5666666666666667,True,2024-07,1,3562,1
F9,SFO,DEN,2024,7,59,30,16,0.0,frozenset({1094.0}),1094.0,0.5333333333333333,True,2024-07,2,1838,2
AA,IAH,CLT,2024,7,495,31,16,5.0,frozenset({1074.0}),1074.0,0.5161290322580645,True,2024-07,1,3563,1
YX,EWR,CMH,2024,7,1226,31,17,3.0,frozenset({3692.0}),3692.0,0.5483870967741935,True,2024-07,1,3564,2
AA,EWR,ORD,2024,7,1036,27,21,1.0,frozenset({1181.0}),1181.0,0.7777777777777778,True,2024-07,2,1837,3
F9,TPA,CLE,2024,7,1298,14,8,1.0,frozenset({2920.0}),2920.0,0.5714285714285714,True,2024-07,1,3565,1
F9,ORD,PHX,2024,7,1062,18,14,4.0,frozenset({1827.0}),1827.0,0.7777777777777778,True,2024-07,2,1772,2
F9,PHL,STL,2024,7,1158,11,7,3.0,frozenset({2181.0}),2181.0,0.6363636363636364,True,2024-07,1,3566,1
F9,ORD,MCO,2024,7,1077,18,14,1.0,frozenset({3044.0}),3044.0,0.7777777777777778,True,2024-07,1,3567,2
AA,EWR,DFW,2024,7,998,30,18,0.0,frozenset({813.0}),813.0,0.6,True,2024-07,1,3568,1
G4,AVL,FLL,2024,7,1120,14,8,0.0,"frozenset({232.0, 3471.0})",232.0,0.5714285714285714,True,2024-07,1,3569,1
YX,ROA,LGA,2024,7,1080,27,14,5.0,frozenset({4688.0}),4688.0,0.5185185185185185,True,2024-07,1,3570,1
F9,SEA,PHX,2024,7,1223,14,8,0.0,"frozenset({3960.0, 1724.0})",1724.0,0.5714285714285714,True,2024-07,1,3571,1
F9,RDU,DTW,2024,7,1008,16,9,3.0,frozenset({4937.0}),4937.0,0.5625,True,2024-07,1,3572,1
AA,IAH,PHL,2024,7,869,29,20,5.0,frozenset({2778.0}),2778.0,0.6896551724137931,True,2024-07,1,3573,1
AA,FLL,CLT,2024,7,1168,29,20,4.0,frozenset({1752.0}),1752.0,0.6896551724137931,True,2024-07,1,3574,1
WN,SAN,SJC,2024,7,1170,19,11,0.0,"frozenset({114.0, 2915.0, 346.0})",2915.0,0.5789473684210527,True,2024-07,1,3575,1
B6,BUF,FLL,2024,8,1075,31,17,1.0,frozenset({365.0}),365.0,0.5483870967741935,True,2024-08,1,3576,1
NK,LGA,ORD,2024,8,1218,28,17,1.0,frozenset({3386.0}),3386.0,0.6071428571428571,True,2024-08,1,3577,1
B6,BOS,TPA,2024,8,1100,31,16,1.0,frozenset({391.0}),391.0,0.5161290322580645,True,2024-08,1,3578,1
WN,SEA,DEN,2024,8,1160,15,8,0.0,"frozenset({2560.0, 4096.0})",2560.0,0.5333333333333333,True,2024-08,1,3579,2
B6,BNA,JFK,2024,8,1165,31,16,4.0,frozenset({1474.0}),1474.0,0.5161290322580645,True,2024-08,1,3580,1
NK,LAS,SEA,2024,8,1316,13,7,2.0,frozenset({421.0}),421.0,0.5384615384615384,True,2024-08,2,3509,2
WN,LAS,HOU,2024,8,1120,14,8,0.0,"frozenset({3820.0, 2463.0})",3820.0,0.5714285714285714,True,2024-08,1,3581,1
B6,BOS,JFK,2024,8,1185,31,17,3.0,frozenset({2017.0}),2017.0,0.5483870967741935,True,2024-08,1,3582,1
B6,BDL,SJU,2024,8,1350,31,19,3.0,frozenset({275.0}),275.0,0.6129032258064516,True,2024-08,1,3583,1
UA,EWR,MCI,2024,8,1240,28,16,2.0,"frozenset({2402.0, 1284.0})",2402.0,0.5714285714285714,True,2024-08,2,2630,2
B6,BUR,JFK,2024,8,1260,31,19,4.0,frozenset({358.0}),358.0,0.6129032258064516,True,2024-08,2,3120,2
F9,DTW,ATL,2024,8,1277,13,7,0.0,"frozenset({2897.0, 1263.0})",2897.0,0.5384615384615384,True,2024-08,2,2983,2
WN,TPA,MDW,2024,8,1115,13,9,1.0,"frozenset({2077.0, 949.0})",949.0,0.6923076923076923,True,2024-08,1,3584,1
WN,TPA,PIT,2024,8,1170,17,9,1.0,"frozenset({2646.0, 3999.0})",2646.0,0.5294117647058824,True,2024-08,1,3585,1
NK,LAS,RNO,2024,8,1196,27,14,1.0,"frozenset({191.0, 1791.0})",191.0,0.5185185185185185,True,2024-08,1,3586,1
NK,MCI,EWR,2024,8,1104,13,9,2.0,frozenset({1459.0}),1459.0,0.6923076923076923,True,2024-08,2,3503,2
B6,CLT,BOS,2024,8,1043,18,12,2.0,frozenset({1746.0}),1746.0,0.6666666666666666,True,2024-08,2,3118,2
B6,DCA,BOS,2024,8,1245,19,10,2.0,frozenset({2854.0}),2854.0,0.5263157894736842,True,2024-08,1,3587,1
AA,ORD,BNA,2024,8,1141,23,12,0.0,frozenset({1764.0}),1764.0,0.5217391304347826,True,2024-08,1,3588,1
OO,BOI,SEA,2024,8,1259,19,10,0.0,frozenset({3413.0}),3413.0,0.5263157894736842,True,2024-08,1,3589,1
B6,BOS,CHS,2024,8,965,29,18,2.0,frozenset({2467.0}),2467.0,0.6206896551724138,True,2024-08,1,3590,1
WN,LAS,HNL,2024,8,590,27,16,0.0,frozenset({4011.0}),4011.0,0.5925925925925926,True,2024-08,1,3591,1
B6,BOS,LAS,2024,8,945,23,12,0.0,frozenset({477.0}),477.0,0.5217391304347826,True,2024-08,1,3592,1
AA,ORD,BWI,2024,8,1114,22,12,0.0,frozenset({2430.0}),2430.0,0.5454545454545454,True,2024-08,1,3593,1
WN,LAS,AUS,2024,8,1110,12,8,0.0,frozenset({1101.0}),1101.0,0.6666666666666666,True,2024-08,1,3594,1
AA,GSO,CLT,2024,8,1215,25,15,2.0,frozenset({1735.0}),1735.0,0.6,True,2024-08,2,3555,2
F9,FLL,ATL,2024,8,1117,10,6,1.0,"frozenset({4873.0, 2173.0})",2173.0,0.6,True,2024-08,1,3595,1
UA,EWR,MCO,2024,8,1020,17,9,3.0,frozenset({1546.0}),1546.0,0.5294117647058824,True,2024-08,2,2628,2
B6,BOS,MCO,2024,8,815,29,16,1.0,frozenset({951.0}),951.0,0.5517241379310345,True,2024-08,1,3596,1
B6,BOS,MCO,2024,8,930,31,19,1.0,frozenset({2251.0}),2251.0,0.6129032258064516,True,2024-08,1,3597,1
B6,BOS,MCO,2024,8,1095,30,18,1.0,frozenset({451.0}),451.0,0.6,True,2024-08,1,3598,1
B6,BOS,MCO,2024,8,1250,26,20,3.0,frozenset({1451.0}),1451.0,0.7692307692307693,True,2024-08,2,3127,2
NK,LGA,IAH,2024,8,1019,13,7,1.0,frozenset({1344.0}),1344.0,0.5384615384615384,True,2024-08,2,3505,2
AA,CLT,ORD,2024,8,1080,31,20,1.0,"frozenset({2756.0, 1076.0})",1076.0,0.6451612903225806,True,2024-08,1,3599,1
B6,BOS,FLL,2024,8,1255,26,20,0.0,frozenset({369.0}),369.0,0.7692307692307693,True,2024-08,1,3600,1
NK,LAX,CLT,2024,8,513,13,9,6.0,frozenset({203.0}),203.0,0.6923076923076923,True,2024-08,1,3601,1
B6,BOS,FLL,2024,8,951,31,17,0.0,frozenset({2469.0}),2469.0,0.5483870967741935,True,2024-08,1,3602,1
NK,LAX,BWI,2024,8,1355,12,8,0.0,frozenset({128.0}),128.0,0.6666666666666666,True,2024-08,1,3603,1
AA,DFW,ICT,2024,8,1355,25,15,3.0,frozenset({1094.0}),1094.0,0.6,True,2024-08,2,2217,2
WN,IND,PHX,2024,8,1175,15,9,0.0,"frozenset({1360.0, 2949.0})",2949.0,0.6,True,2024-08,1,3604,1
B6,BOS,ORD,2024,8,1070,30,17,1.0,frozenset({811.0}),811.0,0.5666666666666667,True,2024-08,3,1973,3
WN,TPA,AUS,2024,8,1065,13,8,1.0,"frozenset({3232.0, 2668.0})",2668.0,0.6153846153846154,True,2024-08,1,3605,1
OO,AVL,ORD,2024,8,1053,31,16,0.0,"frozenset({5675.0, 5685.0})",5675.0,0.5161290322580645,True,2024-08,2,2233,2
WN,TPA,DEN,2024,8,1070,14,11,1.0,"frozenset({256.0, 4010.0})",256.0,0.7857142857142857,True,2024-08,1,3606,1
B6,BOS,DCA,2024,8,1020,31,16,3.0,frozenset({2055.0}),2055.0,0.5161290322580645,True,2024-08,1,3607,1
B6,BOS,RDU,2024,8,1230,29,17,1.0,frozenset({1983.0}),1983.0,0.5862068965517241,True,2024-08,1,3608,1
WN,TPA,ATL,2024,8,1010,12,7,1.0,frozenset({240.0}),240.0,0.5833333333333334,True,2024-08,1,3609,1
NK,LGA,DTW,2024,8,1068,13,8,1.0,frozenset({173.0}),173.0,0.6153846153846154,True,2024-08,1,3610,1
B6,BOS,RSW,2024,8,975,31,17,3.0,frozenset({2065.0}),2065.0,0.5483870967741935,True,2024-08,1,3611,1
AA,ATL,MIA,2024,8,1178,19,12,2.0,"frozenset({1368.0, 945.0, 1826.0})",1368.0,0.631578947368421,True,2024-08,3,1968,3
B6,BOS,SFO,2024,8,1285,30,17,0.0,frozenset({333.0}),333.0,0.5666666666666667,True,2024-08,1,3612,1
B6,BOS,SJU,2024,8,1005,31,16,1.0,frozenset({861.0}),861.0,0.5161290322580645,True,2024-08,1,3613,1
B6,DCA,FLL,2024,8,985,31,18,1.0,frozenset({1579.0}),1579.0,0.5806451612903226,True,2024-08,1,3614,1
NK,LAS,MKE,2024,8,934,10,6,0.0,frozenset({509.0}),509.0,0.6,True,2024-08,1,3615,1
F9,DFW,SEA,2024,8,897,12,7,1.0,frozenset({4065.0}),4065.0,0.5833333333333334,True,2024-08,1,3616,1
AA,MIA,STT,2024,8,790,31,16,2.0,frozenset({1391.0}),1391.0,0.5161290322580645,True,2024-08,1,3617,1
B6,JFK,PBI,2024,8,839,31,18,2.0,frozenset({53.0}),53.0,0.5806451612903226,True,2024-08,1,3618,1
AA,DFW,MSN,2024,8,1299,21,11,1.0,frozenset({595.0}),595.0,0.5238095238095238,True,2024-08,4,1494,4
B6,JFK,ORD,2024,8,950,26,14,3.0,frozenset({1205.0}),1205.0,0.5384615384615384,True,2024-08,3,1937,3
AA,LGA,ORD,2024,8,1050,31,20,4.0,"frozenset({1713.0, 2817.0})",2817.0,0.6451612903225806,True,2024-08,1,3619,1
WN,DEN,SDF,2024,8,1050,21,11,0.0,"frozenset({739.0, 2076.0, 3398.0})",3398.0,0.5238095238095238,True,2024-08,1,3620,1
F9,DEN,TPA,2024,8,1042,17,10,0.0,"frozenset({2746.0, 1114.0})",2746.0,0.5882352941176471,True,2024-08,1,3621,1
AA,BOS,PHX,2024,8,1039,22,13,0.0,frozenset({2783.0}),2783.0,0.5909090909090909,True,2024-08,1,3622,1
AA,BOS,PHL,2024,8,1090,29,18,4.0,"frozenset({1037.0, 2974.0})",2974.0,0.6206896551724138,True,2024-08,1,3623,1
B6,JFK,MIA,2024,8,865,31,22,2.0,frozenset({2993.0}),2993.0,0.7096774193548387,True,2024-08,1,3624,1
AA,MIA,TPA,2024,8,1060,27,16,2.0,frozenset({2506.0}),2506.0,0.5925925925925926,True,2024-08,2,3277,2
OO,DTW,IAD,2024,8,907,26,14,1.0,frozenset({4104.0}),4104.0,0.5384615384615384,True,2024-08,1,3625,1
AA,BOS,CLT,2024,8,1157,28,15,1.0,frozenset({888.0}),888.0,0.5357142857142857,True,2024-08,2,2680,2
B6,JFK,MCO,2024,8,1105,31,16,3.0,frozenset({483.0}),483.0,0.5161290322580645,True,2024-08,1,3626,1
AA,LGA,MIA,2024,8,1200,27,17,6.0,frozenset({2047.0}),2047.0,0.6296296296296297,True,2024-08,1,3627,1
AA,BNA,PHL,2024,8,1018,30,16,0.0,frozenset({1417.0}),1417.0,0.5333333333333333,True,2024-08,1,3628,1
NK,IAH,ORD,2024,8,1008,11,6,0.0,frozenset({821.0}),821.0,0.5454545454545454,True,2024-08,2,3476,2
UA,LGA,IAH,2024,8,1200,12,9,2.0,frozenset({598.0}),598.0,0.75,True,2024-08,2,2778,2
WN,DEN,PDX,2024,8,1195,16,10,0.0,"frozenset({1934.0, 3102.0, 159.0})",159.0,0.625,True,2024-08,1,3629,1
AA,FLL,PHL,2024,8,1039,30,18,2.0,frozenset({1401.0}),1401.0,0.6,True,2024-08,1,3630,1
WN,SJU,TPA,2024,8,845,12,8,1.0,frozenset({1942.0}),1942.0,0.6666666666666666,True,2024-08,1,3631,1
AA,MIA,PHL,2024,8,1027,31,20,5.0,"frozenset({1331.0, 661.0})",1331.0,0.6451612903225806,True,2024-08,1,3632,1
AA,MIA,PIT,2024,8,956,26,14,0.0,frozenset({1842.0}),1842.0,0.5384615384615384,True,2024-08,1,3633,1
B6,JFK,SJU,2024,8,1310,31,16,4.0,frozenset({403.0}),403.0,0.5161290322580645,True,2024-08,1,3634,1
B6,JFK,SJU,2024,8,839,29,15,2.0,frozenset({3.0}),3.0,0.5172413793103449,True,2024-08,1,3635,1
WN,DEN,MDW,2024,8,1140,11,7,0.0,"frozenset({5336.0, 1553.0, 3486.0})",3486.0,0.6363636363636364,True,2024-08,1,3636,1
OO,FAR,MSP,2024,8,781,23,14,0.0,frozenset({3771.0}),3771.0,0.6086956521739131,True,2024-08,1,3637,1
AA,MIA,RDU,2024,8,821,26,14,1.0,frozenset({1336.0}),1336.0,0.5384615384615384,True,2024-08,1,3638,1
AA,MIA,RDU,2024,8,996,29,17,2.0,frozenset({1891.0}),1891.0,0.5862068965517241,True,2024-08,1,3639,1
B6,JFK,FLL,2024,8,1229,31,18,4.0,frozenset({2101.0}),2101.0,0.5806451612903226,True,2024-08,1,3640,1
AA,MIA,RDU,2024,8,1160,31,16,0.0,frozenset({1566.0}),1566.0,0.5161290322580645,True,2024-08,1,3641,1
WN,SJU,BWI,2024,8,1000,13,9,0.0,"frozenset({2286.0, 1103.0})",2286.0,0.6923076923076923,True,2024-08,1,3642,1
AA,LGA,ORD,2024,8,1170,27,17,4.0,frozenset({2607.0}),2607.0,0.6296296296296297,True,2024-08,1,3643,1
B6,JFK,ROC,2024,8,1319,31,18,5.0,frozenset({1186.0}),1186.0,0.5806451612903226,True,2024-08,2,3273,2
NK,IAH,FLL,2024,8,1041,27,17,5.0,frozenset({910.0}),910.0,0.6296296296296297,True,2024-08,3,1806,3
B6,JFK,RNO,2024,8,1160,11,7,2.0,frozenset({81.0}),81.0,0.6363636363636364,True,2024-08,1,3644,1
B6,JFK,PWM,2024,8,1065,31,18,5.0,frozenset({308.0}),308.0,0.5806451612903226,True,2024-08,3,1929,3
WN,DEN,OAK,2024,8,1120,13,7,0.0,"frozenset({4554.0, 2378.0})",2378.0,0.5384615384615384,True,2024-08,1,3645,1
OO,DTW,SDF,2024,8,991,10,6,1.0,frozenset({3701.0}),3701.0,0.6,True,2024-08,1,3646,1
WN,DEN,MKE,2024,8,1145,10,6,0.0,"frozenset({2640.0, 3498.0})",2640.0,0.6,True,2024-08,1,3647,1
AA,ORD,ATL,2024,8,1119,29,16,2.0,frozenset({2779.0}),2779.0,0.5517241379310345,True,2024-08,1,3648,1
UA,EWR,IAH,2024,8,1273,31,17,4.0,frozenset({2425.0}),2425.0,0.5483870967741935,True,2024-08,2,2634,2
F9,DFW,IAH,2024,8,1130,15,10,2.0,"frozenset({1980.0, 3198.0})",3198.0,0.6666666666666666,True,2024-08,3,1636,4
NK,LAS,IAH,2024,8,1411,11,7,0.0,frozenset({1292.0}),1292.0,0.6363636363636364,True,2024-08,1,3649,1
OO,CID,MSP,2024,8,976,31,16,0.0,frozenset({3966.0}),3966.0,0.5161290322580645,True,2024-08,1,3650,1
B6,FLL,RDU,2024,8,1259,30,19,0.0,frozenset({2626.0}),2626.0,0.6333333333333333,True,2024-08,1,3651,1
NK,LAS,MIA,2024,8,471,13,7,3.0,frozenset({3167.0}),3167.0,0.5384615384615384,True,2024-08,1,3652,1
B6,FLL,LGA,2024,8,790,31,16,2.0,frozenset({1372.0}),1372.0,0.5161290322580645,True,2024-08,1,3653,1
OO,CHO,ORD,2024,8,1065,31,19,0.0,frozenset({5606.0}),5606.0,0.6129032258064516,True,2024-08,1,3654,1
B6,FLL,JFK,2024,8,1280,31,16,3.0,frozenset({2202.0}),2202.0,0.5161290322580645,True,2024-08,2,3295,2
NK,MCO,ACY,2024,8,1230,17,9,0.0,frozenset({3999.0}),3999.0,0.5294117647058824,True,2024-08,1,3655,1
OO,CAK,ORD,2024,8,1075,31,16,0.0,frozenset({4698.0}),4698.0,0.5161290322580645,True,2024-08,1,3656,1
B6,FLL,HPN,2024,8,1240,31,16,0.0,frozenset({914.0}),914.0,0.5161290322580645,True,2024-08,1,3657,1
AA,LGA,CLT,2024,8,1164,30,17,4.0,frozenset({1059.0}),1059.0,0.5666666666666667,True,2024-08,3,1613,3
AA,MYR,CLT,2024,8,1186,25,17,1.0,frozenset({1861.0}),1861.0,0.68,True,2024-08,1,3658,1
B6,FLL,BOS,2024,8,1210,31,19,0.0,frozenset({170.0}),170.0,0.6129032258064516,True,2024-08,1,3659,1
NK,LAS,ORD,2024,8,992,11,9,2.0,frozenset({488.0}),488.0,0.8181818181818182,True,2024-08,2,3515,2
AA,LGA,CLT,2024,8,1061,27,15,3.0,frozenset({1084.0}),1084.0,0.5555555555555556,True,2024-08,2,2985,2
AA,AUS,MIA,2024,8,1050,31,16,1.0,"frozenset({2354.0, 964.0})",2354.0,0.5161290322580645,True,2024-08,1,3660,1
NK,LAS,PDX,2024,8,1119,22,13,0.0,"frozenset({778.0, 1723.0, 430.0})",778.0,0.5909090909090909,True,2024-08,1,3661,1
WN,FLL,SJU,2024,8,790,12,7,0.0,frozenset({2052.0}),2052.0,0.5833333333333334,True,2024-08,1,3662,1
WN,FLL,MDW,2024,8,1100,14,8,1.0,"frozenset({2441.0, 209.0})",209.0,0.5714285714285714,True,2024-08,1,3663,1
B6,JAX,JFK,2024,8,1085,31,16,5.0,frozenset({1678.0}),1678.0,0.5161290322580645,True,2024-08,1,3664,1
B6,JFK,ABQ,2024,8,1213,31,16,2.0,frozenset({65.0}),65.0,0.5161290322580645,True,2024-08,1,3665,1
NK,IND,FLL,2024,8,406,13,9,2.0,frozenset({570.0}),570.0,0.6923076923076923,True,2024-08,1,3666,1
B6,JFK,BUR,2024,8,1020,31,19,4.0,frozenset({359.0}),359.0,0.6129032258064516,True,2024-08,2,3297,2
B6,JFK,BUF,2024,8,1289,31,17,3.0,frozenset({102.0}),102.0,0.5483870967741935,True,2024-08,1,3667,1
B6,JFK,BUF,2024,8,1170,31,17,4.0,frozenset({2.0}),2.0,0.5483870967741935,True,2024-08,3,1944,3
AA,LGA,DCA,2024,8,1174,26,15,6.0,frozenset({1191.0}),1191.0,0.5769230769230769,True,2024-08,1,3668,1
NK,LAS,ATL,2024,8,1428,12,8,2.0,frozenset({1362.0}),1362.0,0.6666666666666666,True,2024-08,3,1798,3
OO,DEN,SGU,2024,8,875,23,12,0.0,"frozenset({5032.0, 5022.0})",5032.0,0.5217391304347826,True,2024-08,1,3669,1
B6,JFK,BOS,2024,8,1379,31,18,4.0,frozenset({1318.0}),1318.0,0.5806451612903226,True,2024-08,1,3670,1
NK,IAH,PHL,2024,8,801,12,9,1.0,frozenset({3157.0}),3157.0,0.75,True,2024-08,1,3671,1
B6,JFK,BOS,2024,8,1315,31,16,4.0,frozenset({318.0}),318.0,0.5161290322580645,True,2024-08,1,3672,1
B6,JFK,BOS,2024,8,1139,31,18,3.0,"frozenset({1118.0, 918.0})",918.0,0.5806451612903226,True,2024-08,3,1946,3
B6,JFK,BOS,2024,8,810,27,16,0.0,frozenset({218.0}),218.0,0.5925925925925926,True,2024-08,1,3673,1
WN,PHX,LAS,2024,8,1100,17,9,0.0,"frozenset({3696.0, 3914.0, 140.0, 4069.0})",4069.0,0.5294117647058824,True,2024-08,1,3674,1
AA,CLT,MYR,2024,8,1089,26,14,0.0,frozenset({1861.0}),1861.0,0.5384615384615384,True,2024-08,1,3675,1
AA,MSP,ORD,2024,8,1077,28,17,0.0,"frozenset({1747.0, 1596.0})",1596.0,0.6071428571428571,True,2024-08,1,3676,1
B6,JFK,BNA,2024,8,1005,31,18,4.0,frozenset({1473.0}),1473.0,0.5806451612903226,True,2024-08,2,3289,2
AA,LGA,DCA,2024,8,1050,27,16,8.0,"frozenset({1912.0, 2033.0})",2033.0,0.5925925925925926,True,2024-08,1,3677,1
WN,FLL,ATL,2024,8,1115,15,9,1.0,"frozenset({2337.0, 4859.0})",2337.0,0.6,True,2024-08,1,3678,1
WN,DEN,STL,2024,8,1185,14,8,0.0,"frozenset({2920.0, 4034.0})",2920.0,0.5714285714285714,True,2024-08,1,3679,1
NK,MCO,BOS,2024,8,875,19,10,0.0,"frozenset({2207.0, 103.0})",2207.0,0.5263157894736842,True,2024-08,1,3680,1
F9,DEN,ORD,2024,8,1200,11,7,0.0,"frozenset({4984.0, 3172.0})",3172.0,0.6363636363636364,True,2024-08,1,3681,1
UA,EWR,MCO,2024,8,1130,30,16,5.0,frozenset({1695.0}),1695.0,0.5333333333333333,True,2024-08,2,2627,2
AA,TPA,PHL,2024,8,900,31,16,2.0,frozenset({2332.0}),2332.0,0.5161290322580645,True,2024-08,3,1917,3
AA,CLT,PHL,2024,8,975,26,16,0.0,frozenset({2236.0}),2236.0,0.6153846153846154,True,2024-08,1,3682,1
NK,PIT,BOS,2024,8,1153,13,8,1.0,frozenset({902.0}),902.0,0.6153846153846154,True,2024-08,1,3683,1
UA,IAH,CHS,2024,8,780,15,8,1.0,frozenset({1573.0}),1573.0,0.5333333333333333,True,2024-08,1,3684,1
AA,PHL,PHX,2024,8,1133,31,17,2.0,frozenset({1984.0}),1984.0,0.5483870967741935,True,2024-08,2,3196,2
WN,MCO,PHL,2024,8,960,14,10,2.0,"frozenset({2091.0, 1050.0, 3707.0})",1050.0,0.7142857142857143,True,2024-08,1,3685,1
NK,PIT,LAX,2024,8,1213,18,10,1.0,frozenset({392.0}),392.0,0.5555555555555556,True,2024-08,1,3686,1
WN,MCO,PVD,2024,8,1220,18,10,2.0,"frozenset({1895.0, 4615.0})",1895.0,0.5555555555555556,True,2024-08,1,3687,1
AA,PHL,PIT,2024,8,1017,30,17,2.0,frozenset({2901.0}),2901.0,0.5666666666666667,True,2024-08,1,3688,1
AA,PHL,PVD,2024,8,1245,25,16,2.0,frozenset({1643.0}),1643.0,0.64,True,2024-08,1,3689,1
NK,PIT,LGA,2024,8,1077,28,16,3.0,frozenset({3929.0}),3929.0,0.5714285714285714,True,2024-08,1,3690,1
AA,TPA,CLT,2024,8,1180,28,19,3.0,"frozenset({288.0, 2626.0, 211.0})",2626.0,0.6785714285714286,True,2024-08,1,3691,1
F9,MCO,PHL,2024,8,908,15,9,0.0,"frozenset({3856.0, 4367.0})",3856.0,0.6,True,2024-08,1,3692,1
NK,RDU,FLL,2024,8,1101,11,6,0.0,frozenset({1367.0}),1367.0,0.5454545454545454,True,2024-08,2,3467,2
F9,MCO,PHL,2024,8,1164,11,7,0.0,frozenset({4170.0}),4170.0,0.6363636363636364,True,2024-08,2,3011,3
AA,TPA,PHL,2024,8,1038,25,13,1.0,frozenset({2595.0}),2595.0,0.52,True,2024-08,1,3693,1
YX,CVG,EWR,2024,8,984,16,12,5.0,frozenset({3455.0}),3455.0,0.75,True,2024-08,1,3694,1
UA,EWR,RSW,2024,8,1145,23,12,3.0,"frozenset({1824.0, 2396.0})",1824.0,0.5217391304347826,True,2024-08,2,2663,2
WN,MCO,HOU,2024,8,1065,12,7,0.0,frozenset({2727.0}),2727.0,0.5833333333333334,True,2024-08,1,3695,1
AA,PHL,MCO,2024,8,1228,16,14,4.0,"frozenset({1450.0, 646.0})",1450.0,0.875,True,2024-08,1,3696,1
AA,PHL,MIA,2024,8,700,26,14,0.0,frozenset({438.0}),438.0,0.5384615384615384,True,2024-08,1,3697,1
9E,EWR,RDU,2024,8,1157,26,14,7.0,frozenset({5222.0}),5222.0,0.5384615384615384,True,2024-08,2,2290,2
NK,PHL,BNA,2024,8,1169,12,9,3.0,frozenset({2352.0}),2352.0,0.75,True,2024-08,1,3698,1
AA,PHL,MIA,2024,8,1045,31,18,2.0,frozenset({442.0}),442.0,0.5806451612903226,True,2024-08,1,3699,1
YX,DCA,JFK,2024,8,1185,30,16,6.0,frozenset({4629.0}),4629.0,0.5333333333333333,True,2024-08,1,3700,1
AA,PHL,MSP,2024,8,1228,25,13,2.0,frozenset({2715.0}),2715.0,0.52,True,2024-08,1,3701,1
AA,DFW,LIT,2024,8,1360,25,16,2.0,frozenset({1105.0}),1105.0,0.64,True,2024-08,2,2130,2
YX,RDU,JFK,2024,8,1150,18,10,5.0,frozenset({4417.0}),4417.0,0.5555555555555556,True,2024-08,1,3702,1
WN,MCO,DEN,2024,8,945,17,9,2.0,"frozenset({3312.0, 4890.0, 2532.0})",3312.0,0.5294117647058824,True,2024-08,1,3703,1
9E,EWR,CVG,2024,8,870,23,12,2.0,frozenset({5075.0}),5075.0,0.5217391304347826,True,2024-08,2,2256,2
NK,PHL,DFW,2024,8,1268,11,6,1.0,"frozenset({2076.0, 1951.0})",2076.0,0.5454545454545454,True,2024-08,1,3704,1
F9,PHL,DFW,2024,8,1144,13,8,0.0,frozenset({3985.0}),3985.0,0.6153846153846154,True,2024-08,2,3524,2
AA,PHL,ORD,2024,8,1116,30,17,3.0,"frozenset({865.0, 1969.0})",865.0,0.5666666666666667,True,2024-08,2,3202,2
NK,PHL,FLL,2024,8,1080,17,9,1.0,frozenset({2059.0}),2059.0,0.5294117647058824,True,2024-08,1,3705,1
AA,PHL,PBI,2024,8,1148,31,19,5.0,frozenset({938.0}),938.0,0.6129032258064516,True,2024-08,1,3706,1
9E,EWR,CVG,2024,8,1215,26,15,6.0,frozenset({5065.0}),5065.0,0.5769230769230769,True,2024-08,2,2255,2
AA,PHL,MCO,2024,8,1141,30,16,1.0,frozenset({1919.0}),1919.0,0.5333333333333333,True,2024-08,1,3707,1
AA,PHL,PWM,2024,8,1267,30,19,5.0,"frozenset({2562.0, 836.0})",836.0,0.6333333333333333,True,2024-08,1,3708,1
F9,MCO,PHL,2024,8,1285,16,9,2.0,"frozenset({1808.0, 2508.0, 4404.0})",1808.0,0.5625,True,2024-08,1,3709,1
AA,ILM,CLT,2024,8,1102,30,16,2.0,frozenset({1694.0}),1694.0,0.5333333333333333,True,2024-08,2,3004,2
AA,ROC,CLT,2024,8,1130,23,13,1.0,frozenset({2320.0}),2320.0,0.5652173913043478,True,2024-08,2,3159,2
AA,IAH,MIA,2024,8,1086,31,16,1.0,frozenset({1451.0}),1451.0,0.5161290322580645,True,2024-08,1,3710,1
F9,ORD,MCO,2024,8,1077,13,8,0.0,frozenset({3044.0}),3044.0,0.6153846153846154,True,2024-08,2,3567,2
AA,RDU,PHL,2024,8,974,30,16,2.0,frozenset({1674.0}),1674.0,0.5333333333333333,True,2024-08,1,3711,1
AA,RDU,MIA,2024,8,1005,26,20,1.0,frozenset({1336.0}),1336.0,0.7692307692307693,True,2024-08,1,3712,1
UA,EWR,SFO,2024,8,1080,31,16,3.0,"frozenset({2089.0, 548.0})",548.0,0.5161290322580645,True,2024-08,2,2652,2
9E,BNA,RDU,2024,8,1137,17,9,2.0,frozenset({5152.0}),5152.0,0.5294117647058824,True,2024-08,1,3713,1
AA,RDU,LGA,2024,8,988,26,14,2.0,frozenset({2040.0}),2040.0,0.5384615384615384,True,2024-08,1,3714,1
F9,ORD,ATL,2024,8,704,12,7,1.0,"frozenset({1596.0, 3398.0})",1596.0,0.5833333333333334,True,2024-08,2,3003,2
F9,ORD,ATL,2024,8,1105,16,10,0.0,"frozenset({1442.0, 1596.0, 3398.0})",1442.0,0.625,True,2024-08,1,3715,1
WN,MDW,SEA,2024,8,1205,11,6,0.0,"frozenset({2565.0, 2431.0})",2565.0,0.5454545454545454,True,2024-08,1,3716,1
F9,ORD,DEN,2024,8,1044,11,7,0.0,"frozenset({1483.0, 3173.0})",3173.0,0.6363636363636364,True,2024-08,1,3717,1
WN,MDW,SFO,2024,8,1235,13,7,0.0,"frozenset({4184.0, 2377.0})",2377.0,0.5384615384615384,True,2024-08,1,3718,1
AA,IAH,PHL,2024,8,880,30,16,1.0,"frozenset({2778.0, 2027.0})",2027.0,0.5333333333333333,True,2024-08,1,3719,1
AA,PIT,PHL,2024,8,1132,30,16,3.0,frozenset({2901.0}),2901.0,0.5333333333333333,True,2024-08,2,3157,2
F9,MSP,CLE,2024,8,1174,12,7,2.0,"frozenset({3100.0, 1254.0})",3100.0,0.5833333333333334,True,2024-08,3,1805,3
AA,RSW,PHL,2024,8,892,31,16,1.0,frozenset({487.0}),487.0,0.5161290322580645,True,2024-08,1,3720,1
AA,PIT,DCA,2024,8,1173,22,12,0.0,frozenset({1892.0}),1892.0,0.5454545454545454,True,2024-08,1,3721,1
AA,SRQ,CLT,2024,8,1171,28,16,4.0,frozenset({2471.0}),2471.0,0.5714285714285714,True,2024-08,2,3156,2
NK,SAN,BWI,2024,8,760,11,6,0.0,frozenset({291.0}),291.0,0.5454545454545454,True,2024-08,1,3722,1
AA,SJU,PHL,2024,8,799,26,14,0.0,frozenset({1475.0}),1475.0,0.5384615384615384,True,2024-08,1,3723,1
AA,PHL,RDU,2024,8,1125,31,18,4.0,"frozenset({706.0, 205.0})",706.0,0.5806451612903226,True,2024-08,1,3724,1
AA,SJU,MIA,2024,8,1055,27,16,0.0,"frozenset({2436.0, 2421.0})",2436.0,0.5925925925925926,True,2024-08,1,3725,1
AA,PHL,SEA,2024,8,1144,31,17,5.0,frozenset({2361.0}),2361.0,0.5483870967741935,True,2024-08,1,3726,1
AA,PHL,SLC,2024,8,1162,27,18,3.0,frozenset({2630.0}),2630.0,0.6666666666666666,True,2024-08,1,3727,1
WN,MDW,BOS,2024,8,985,13,7,0.0,"frozenset({1705.0, 3391.0})",1705.0,0.5384615384615384,True,2024-08,1,3728,1
AA,PHL,TPA,2024,8,1139,31,22,2.0,frozenset({2082.0}),2082.0,0.7096774193548387,True,2024-08,2,3143,2
NK,SEA,LAS,2024,8,1281,13,8,1.0,"frozenset({872.0, 1364.0})",1364.0,0.6153846153846154,True,2024-08,1,3729,1
UA,EWR,SEA,2024,8,1151,16,9,1.0,"frozenset({2044.0, 1975.0})",2044.0,0.5625,True,2024-08,2,2658,2
AA,SDF,CLT,2024,8,1210,28,15,3.0,frozenset({2142.0}),2142.0,0.5357142857142857,True,2024-08,2,3148,2
NK,SLC,FLL,2024,8,1057,13,7,2.0,frozenset({2320.0}),2320.0,0.5384615384615384,True,2024-08,1,3730,1
UA,IAD,EWR,2024,8,1046,26,16,3.0,"frozenset({2645.0, 2398.0})",2398.0,0.6153846153846154,True,2024-08,2,2800,2
AA,SAT,DFW,2024,8,1171,25,14,2.0,"frozenset({2138.0, 294.0})",2138.0,0.56,True,2024-08,1,3731,1
F9,MIA,ATL,2024,8,1163,10,6,1.0,frozenset({3441.0}),3441.0,0.6,True,2024-08,2,3007,2
WN,PVD,DEN,2024,8,940,15,8,0.0,"frozenset({4737.0, 4683.0})",4737.0,0.5333333333333333,True,2024-08,1,3732,1
NK,PDX,LAS,2024,8,1315,20,12,0.0,"frozenset({786.0, 431.0})",786.0,0.6,True,2024-08,1,3733,1
WN,MCO,BWI,2024,8,1060,23,12,2.0,"frozenset({385.0, 3814.0, 3891.0, 6803.0, 477.0})",385.0,0.5217391304347826,True,2024-08,1,3734,1
UA,EWR,ROC,2024,8,1275,24,13,2.0,"frozenset({1675.0, 677.0})",1675.0,0.5416666666666666,True,2024-08,2,2665,2
UA,IAH,LGA,2024,8,867,12,8,2.0,frozenset({2212.0}),2212.0,0.6666666666666666,True,2024-08,2,2829,2
AA,JFK,MIA,2024,8,1108,27,14,3.0,frozenset({485.0}),485.0,0.5185185185185185,True,2024-08,2,3027,2
WN,PIT,DEN,2024,8,1095,12,7,0.0,frozenset({2509.0}),2509.0,0.5833333333333334,True,2024-08,1,3735,1
NK,MSY,ORD,2024,8,1111,10,6,0.0,frozenset({1440.0}),1440.0,0.6,True,2024-08,1,3736,1
WN,PIT,MCO,2024,8,1050,13,7,0.0,"frozenset({704.0, 1442.0})",704.0,0.5384615384615384,True,2024-08,1,3737,1
UA,EWR,ORD,2024,8,1020,31,16,4.0,frozenset({403.0}),403.0,0.5161290322580645,True,2024-08,2,2623,2
YX,AVL,EWR,2024,8,1020,18,13,6.0,frozenset({3418.0}),3418.0,0.7222222222222222,True,2024-08,2,3100,2
AA,ORD,PHL,2024,8,885,30,18,0.0,frozenset({2840.0}),2840.0,0.6,True,2024-08,2,3101,2
AA,ORD,PHL,2024,8,1261,25,18,3.0,frozenset({490.0}),490.0,0.72,True,2024-08,3,1857,4
AA,ORD,PHX,2024,8,1297,26,14,1.0,frozenset({1745.0}),1745.0,0.5384615384615384,True,2024-08,1,3738,1
F9,LAX,ATL,2024,8,1351,19,12,0.0,frozenset({3216.0}),3216.0,0.631578947368421,True,2024-08,1,3739,1
UA,EWR,PBI,2024,8,1190,15,8,3.0,frozenset({1608.0}),1608.0,0.5333333333333333,True,2024-08,1,3740,1
YX,GSP,EWR,2024,8,1077,16,12,5.0,frozenset({3449.0}),3449.0,0.75,True,2024-08,2,3423,2
NK,OAK,LAS,2024,8,719,10,6,0.0,frozenset({220.0}),220.0,0.6,True,2024-08,1,3741,1
AS,PDX,JFK,2024,8,861,19,11,0.0,frozenset({18.0}),18.0,0.5789473684210527,True,2024-08,1,3742,1
UA,IAH,LGA,2024,8,1040,29,15,1.0,"frozenset({2451.0, 2446.0})",2446.0,0.5172413793103449,True,2024-08,2,2826,2
NK,MSY,ATL,2024,8,1140,13,9,0.0,frozenset({312.0}),312.0,0.6923076923076923,True,2024-08,1,3743,1
AA,ORD,LGA,2024,8,1115,31,21,4.0,frozenset({314.0}),314.0,0.6774193548387096,True,2024-08,2,3094,2
AA,ORD,LGA,2024,8,1044,26,16,3.0,"frozenset({673.0, 1854.0})",1854.0,0.6153846153846154,True,2024-08,1,3744,1
F9,PHL,TPA,2024,8,1086,16,12,4.0,frozenset({2339.0}),2339.0,0.75,True,2024-08,1,3745,1
B6,ABQ,JFK,2024,8,1430,31,17,2.0,frozenset({66.0}),66.0,0.5483870967741935,True,2024-08,1,3746,1
UA,EWR,MEM,2024,8,1265,17,12,2.0,frozenset({1601.0}),1601.0,0.7058823529411765,True,2024-08,2,2625,2
AA,DFW,MFE,2024,8,865,27,16,1.0,"frozenset({528.0, 1792.0})",1792.0,0.5925925925925926,True,2024-08,1,3747,1
AA,ORD,DCA,2024,8,984,31,16,4.0,"frozenset({489.0, 1515.0})",489.0,0.5161290322580645,True,2024-08,1,3748,1
F9,IAH,PHX,2024,8,1369,11,6,0.0,frozenset({4181.0}),4181.0,0.5454545454545454,True,2024-08,3,1605,3
WN,SEA,DEN,2024,8,1020,13,8,0.0,"frozenset({4771.0, 508.0, 1269.0, 4895.0})",1269.0,0.6153846153846154,True,2024-08,1,3749,1
F9,PHL,MIA,2024,8,602,15,8,0.0,frozenset({1203.0}),1203.0,0.5333333333333333,True,2024-08,1,3750,1
AA,ORD,DTW,2024,8,857,31,17,1.0,frozenset({2932.0}),2932.0,0.5483870967741935,True,2024-08,1,3751,1
AA,ORD,EWR,2024,8,1224,27,17,1.0,frozenset({2918.0}),2918.0,0.6296296296296297,True,2024-08,3,1846,3
AA,ORD,GRR,2024,8,1280,28,16,0.0,frozenset({2921.0}),2921.0,0.5714285714285714,True,2024-08,1,3752,1
NK,MIA,CLT,2024,8,1255,15,10,2.0,frozenset({17.0}),17.0,0.6666666666666666,True,2024-08,1,3753,1
AA,ORD,JFK,2024,8,1089,31,17,3.0,frozenset({2518.0}),2518.0,0.5483870967741935,True,2024-08,1,3754,1
NK,MIA,LAS,2024,8,1005,13,10,4.0,frozenset({442.0}),442.0,0.7692307692307693,True,2024-08,1,3755,1
9E,RDU,EWR,2024,8,1069,26,14,7.0,frozenset({5268.0}),5268.0,0.5384615384615384,True,2024-08,2,2319,2
WN,DEN,MCI,2024,8,1120,21,13,0.0,"frozenset({504.0, 4738.0, 1452.0})",504.0,0.6190476190476191,True,2024-08,1,3756,1
AS,SEA,ORD,2024,8,740,25,14,0.0,frozenset({410.0}),410.0,0.56,True,2024-08,1,3757,1
AS,ORD,SEA,2024,8,1070,28,15,0.0,frozenset({353.0}),353.0,0.5357142857142857,True,2024-08,1,3758,1
NK,ORD,ATL,2024,8,1319,12,8,1.0,frozenset({635.0}),635.0,0.6666666666666666,True,2024-08,4,1179,4
YX,DCA,LGA,2024,8,1235,26,15,4.0,frozenset({5768.0}),5768.0,0.5769230769230769,True,2024-08,1,3759,1
9E,JFK,SAV,2024,8,1169,31,16,8.0,frozenset({5459.0}),5459.0,0.5161290322580645,True,2024-08,1,3760,1
F9,PHL,MCO,2024,8,1379,16,12,0.0,frozenset({4169.0}),4169.0,0.75,True,2024-08,1,3761,2
AA,PHL,DEN,2024,8,1137,31,18,2.0,frozenset({1063.0}),1063.0,0.5806451612903226,True,2024-08,2,3177,2
9E,JFK,JAX,2024,8,1109,31,16,7.0,frozenset({5123.0}),5123.0,0.5161290322580645,True,2024-08,1,3762,1
NK,ORD,MCO,2024,8,1062,10,6,1.0,frozenset({794.0}),794.0,0.6,True,2024-08,1,3763,1
AA,PHL,DFW,2024,8,1121,30,16,1.0,"frozenset({2533.0, 2654.0})",2533.0,0.5333333333333333,True,2024-08,1,3764,1
F9,LAX,SFO,2024,8,495,12,7,0.0,frozenset({3307.0}),3307.0,0.5833333333333334,True,2024-08,1,3765,1
AA,PHL,CLT,2024,8,1259,28,15,2.0,frozenset({1656.0}),1656.0,0.5357142857142857,True,2024-08,2,3176,2
AA,PHL,DTW,2024,8,1258,29,15,4.0,"frozenset({2692.0, 1862.0})",2692.0,0.5172413793103449,True,2024-08,1,3766,1
AA,PHL,FLL,2024,8,1265,30,17,3.0,frozenset({1864.0}),1864.0,0.5666666666666667,True,2024-08,2,3182,2
UA,EWR,RDU,2024,8,1215,31,17,4.0,"frozenset({1250.0, 2471.0})",2471.0,0.5483870967741935,True,2024-08,2,2666,2
F9,LGA,ATL,2024,8,1079,31,17,4.0,frozenset({4347.0}),4347.0,0.5483870967741935,True,2024-08,2,3019,2
AA,PHL,IND,2024,8,1255,30,18,3.0,"frozenset({2857.0, 2850.0})",2850.0,0.6,True,2024-08,1,3767,1
AA,PHL,JAX,2024,8,1231,25,13,0.0,frozenset({1435.0}),1435.0,0.52,True,2024-08,1,3768,1
WN,MCO,BNA,2024,8,1050,16,9,1.0,"frozenset({4241.0, 1683.0})",4241.0,0.5625,True,2024-08,1,3769,1
AA,PHL,LAX,2024,8,1215,26,14,0.0,frozenset({1510.0}),1510.0,0.5384615384615384,True,2024-08,1,3770,1
NK,ORD,PDX,2024,8,1251,31,16,2.0,"frozenset({830.0, 822.0})",830.0,0.5161290322580645,True,2024-08,1,3771,1
WN,LAS,MCO,2024,8,1015,15,11,0.0,frozenset({1687.0}),1687.0,0.7333333333333333,True,2024-08,1,3772,1
AA,PHL,CLT,2024,8,1119,31,20,3.0,frozenset({1160.0}),1160.0,0.6451612903225806,True,2024-08,1,3773,1
YX,AVL,LGA,2024,8,928,10,6,4.0,frozenset({4418.0}),4418.0,0.6,True,2024-08,1,3774,1
AA,PBI,PHL,2024,8,898,31,16,4.0,frozenset({2227.0}),2227.0,0.5161290322580645,True,2024-08,1,3775,1
NK,ORD,BOS,2024,8,1293,10,6,1.0,frozenset({177.0}),177.0,0.6,True,2024-08,1,3776,1
AA,PHL,BDL,2024,8,1249,25,13,3.0,frozenset({1570.0}),1570.0,0.52,True,2024-08,1,3777,1
NK,ORD,DTW,2024,8,1171,17,9,1.0,frozenset({682.0}),682.0,0.5294117647058824,True,2024-08,1,3778,1
9E,LGA,LIT,2024,8,1050,26,14,2.0,frozenset({4902.0}),4902.0,0.5384615384615384,True,2024-08,1,3779,1
AA,PHL,BNA,2024,8,1153,25,13,1.0,frozenset({2548.0}),2548.0,0.52,True,2024-08,1,3780,1
NK,ORD,EWR,2024,8,1023,18,12,2.0,frozenset({328.0}),328.0,0.6666666666666666,True,2024-08,1,3781,1
F9,LAX,LAS,2024,8,1290,12,8,1.0,frozenset({3292.0}),3292.0,0.6666666666666666,True,2024-08,4,1174,4
UA,EWR,PWM,2024,8,1169,15,9,3.0,frozenset({2310.0}),2310.0,0.6,True,2024-08,2,2643,2
AA,PHL,BOS,2024,8,1039,31,19,3.0,"frozenset({2820.0, 2213.0})",2213.0,0.6129032258064516,True,2024-08,1,3782,1
AA,PHL,BOS,2024,8,1111,31,20,5.0,"frozenset({602.0, 437.0})",437.0,0.6451612903225806,True,2024-08,2,3140,2
AA,PHL,BOS,2024,8,1240,30,16,3.0,"frozenset({602.0, 1874.0})",602.0,0.5333333333333333,True,2024-08,1,3783,1
AA,PHL,BTV,2024,8,1254,30,19,3.0,"frozenset({244.0, 3030.0})",244.0,0.6333333333333333,True,2024-08,1,3784,1
NK,ORD,FLL,2024,8,1126,11,7,1.0,frozenset({1986.0}),1986.0,0.6363636363636364,True,2024-08,2,3428,2
WN,LGA,DAL,2024,8,940,14,8,0.0,"frozenset({4414.0, 1494.0})",4414.0,0.5714285714285714,True,2024-08,1,3785,1
WN,LGA,DEN,2024,8,1015,26,17,3.0,"frozenset({3480.0, 678.0, 2302.0})",2302.0,0.6538461538461539,True,2024-08,1,3786,1
AA,PHL,BOS,2024,8,952,30,16,1.0,frozenset({1514.0}),1514.0,0.5333333333333333,True,2024-08,1,3787,1
B6,JFK,TPA,2024,8,899,31,17,5.0,frozenset({125.0}),125.0,0.5483870967741935,True,2024-08,1,3788,1
NK,FLL,BOS,2024,8,1220,13,10,1.0,frozenset({616.0}),616.0,0.7692307692307693,True,2024-08,1,3789,1
OO,FAR,MSP,2024,8,1048,17,9,0.0,frozenset({4120.0}),4120.0,0.5294117647058824,True,2024-08,1,3790,1
UA,ORD,RNO,2024,8,1194,31,16,0.0,"frozenset({481.0, 2075.0})",2075.0,0.5161290322580645,True,2024-08,1,3791,1
NK,ATL,ORD,2024,8,1182,13,10,1.0,frozenset({1306.0}),1306.0,0.7692307692307693,True,2024-08,2,3349,2
AA,DFW,AUS,2024,8,905,27,14,0.0,"frozenset({843.0, 775.0})",775.0,0.5185185185185185,True,2024-08,1,3792,1
UA,ORD,PHX,2024,8,1214,31,16,0.0,"frozenset({1504.0, 602.0})",1504.0,0.5161290322580645,True,2024-08,1,3793,1
NK,BNA,BOS,2024,8,1221,12,8,4.0,frozenset({3903.0}),3903.0,0.6666666666666666,True,2024-08,1,3794,1
OO,ORD,TYS,2024,8,670,12,9,0.0,frozenset({5836.0}),5836.0,0.75,True,2024-08,1,3795,1
WN,BWI,BDL,2024,8,1120,15,9,0.0,"frozenset({2424.0, 1508.0, 2614.0})",2614.0,0.6,True,2024-08,1,3796,1
UA,ORD,PHL,2024,8,859,31,16,0.0,frozenset({2702.0}),2702.0,0.5161290322580645,True,2024-08,1,3797,1
WN,BWI,BNA,2024,8,1250,12,7,0.0,frozenset({3184.0}),3184.0,0.5833333333333334,True,2024-08,1,3798,1
NK,BOS,ATL,2024,8,894,13,7,0.0,frozenset({1220.0}),1220.0,0.5384615384615384,True,2024-08,1,3799,1
AA,MIA,BOS,2024,8,1215,30,17,1.0,"frozenset({2539.0, 262.0})",2539.0,0.5666666666666667,True,2024-08,1,3800,1
WN,BWI,BOS,2024,8,970,15,9,1.0,frozenset({4371.0}),4371.0,0.6,True,2024-08,1,3801,1
WN,BWI,BOS,2024,8,1120,22,14,2.0,"frozenset({3471.0, 2921.0, 2293.0, 719.0})",2293.0,0.6363636363636364,True,2024-08,1,3802,1
NK,BOS,BNA,2024,8,1054,13,9,4.0,frozenset({3904.0}),3904.0,0.6923076923076923,True,2024-08,2,3346,2
UA,ORD,MSP,2024,8,1200,31,16,0.0,"frozenset({2243.0, 605.0})",605.0,0.5161290322580645,True,2024-08,2,2488,2
WN,BWI,ATL,2024,8,1120,17,9,0.0,"frozenset({3058.0, 1435.0, 3826.0, 3095.0})",3058.0,0.5294117647058824,True,2024-08,1,3803,1
UA,ORD,MSP,2024,8,960,25,19,0.0,frozenset({1933.0}),1933.0,0.76,True,2024-08,2,2491,2
UA,ORD,SAN,2024,8,1268,14,9,2.0,"frozenset({1672.0, 1774.0})",1672.0,0.6428571428571429,True,2024-08,1,3804,1
WN,BWI,ALB,2024,8,1305,13,7,0.0,"frozenset({4385.0, 819.0})",4385.0,0.5384615384615384,True,2024-08,1,3805,1
WN,BNA,BOS,2024,8,1160,13,8,0.0,"frozenset({1680.0, 164.0})",164.0,0.6153846153846154,True,2024-08,1,3806,1
AA,DSM,DFW,2024,8,1176,25,14,0.0,frozenset({2229.0}),2229.0,0.56,True,2024-08,1,3807,1
AA,DEN,DFW,2024,8,999,29,15,1.0,frozenset({1832.0}),1832.0,0.5172413793103449,True,2024-08,1,3808,1
UA,PBI,EWR,2024,8,1023,21,12,4.0,"frozenset({1334.0, 2430.0})",2430.0,0.5714285714285714,True,2024-08,1,3809,1
UA,PBI,EWR,2024,8,890,31,17,3.0,"frozenset({1393.0, 1894.0})",1393.0,0.5483870967741935,True,2024-08,1,3810,1
AA,DTW,CLT,2024,8,1186,28,15,0.0,frozenset({1297.0}),1297.0,0.5357142857142857,True,2024-08,2,3541,2
OO,RIC,DTW,2024,8,1047,20,11,0.0,frozenset({4122.0}),4122.0,0.55,True,2024-08,1,3811,1
AA,CLT,DEN,2024,8,1105,26,14,0.0,frozenset({473.0}),473.0,0.5384615384615384,True,2024-08,2,2537,2
NK,ATL,BWI,2024,8,1042,17,9,2.0,frozenset({1312.0}),1312.0,0.5294117647058824,True,2024-08,1,3812,1
NK,ATL,BWI,2024,8,1346,14,10,0.0,"frozenset({1304.0, 313.0})",313.0,0.7142857142857143,True,2024-08,1,3813,1
AA,DTW,ORD,2024,8,1041,28,19,1.0,frozenset({2932.0}),2932.0,0.6785714285714286,True,2024-08,1,3814,1
NK,ATL,DTW,2024,8,1176,17,9,1.0,frozenset({1306.0}),1306.0,0.5294117647058824,True,2024-08,1,3815,1
NK,ATL,DTW,2024,8,1390,17,10,0.0,frozenset({1308.0}),1308.0,0.5882352941176471,True,2024-08,1,3816,1
NK,ATL,FLL,2024,8,1294,10,6,0.0,frozenset({340.0}),340.0,0.6,True,2024-08,1,3817,2
AA,DFW,PSP,2024,8,1171,21,14,0.0,frozenset({2709.0}),2709.0,0.6666666666666666,True,2024-08,1,3818,1
NK,ATL,LAS,2024,8,1285,13,8,1.0,frozenset({1361.0}),1361.0,0.6153846153846154,True,2024-08,2,3350,2
NK,BOS,CLT,2024,8,1249,10,6,4.0,frozenset({1117.0}),1117.0,0.6,True,2024-08,3,1749,3
WN,BWI,BUF,2024,8,1300,17,9,0.0,"frozenset({2933.0, 1663.0})",1663.0,0.5294117647058824,True,2024-08,1,3819,1
AA,EWR,CLT,2024,8,1059,26,15,6.0,frozenset({1216.0}),1216.0,0.5769230769230769,True,2024-08,3,1809,3
F9,ATL,TTN,2024,8,1058,10,6,0.0,frozenset({2984.0}),2984.0,0.6,True,2024-08,1,3820,1
F9,AUS,CLE,2024,8,1169,13,7,0.0,frozenset({4002.0}),4002.0,0.5384615384615384,True,2024-08,1,3821,1
NK,BWI,PDX,2024,8,1226,17,9,0.0,frozenset({308.0}),308.0,0.5294117647058824,True,2024-08,1,3822,1
NK,BWI,SJU,2024,8,1325,10,6,1.0,frozenset({2331.0}),2331.0,0.6,True,2024-08,1,3823,1
AA,MCO,DFW,2024,8,975,31,16,1.0,frozenset({1737.0}),1737.0,0.5161290322580645,True,2024-08,2,3067,2
UA,ORD,IAD,2024,8,1076,31,16,3.0,"frozenset({2312.0, 1862.0})",1862.0,0.5161290322580645,True,2024-08,2,2477,2
UA,EWR,BOS,2024,8,1170,21,12,1.0,"frozenset({1298.0, 1499.0})",1499.0,0.5714285714285714,True,2024-08,1,3824,1
NK,CLT,LAX,2024,8,1375,13,11,5.0,frozenset({204.0}),204.0,0.8461538461538461,True,2024-08,4,1074,4
YX,EWR,CMH,2024,8,1226,31,16,5.0,frozenset({3692.0}),3692.0,0.5161290322580645,True,2024-08,2,3564,2
UA,EWR,BTV,2024,8,1290,25,14,3.0,"frozenset({2430.0, 1231.0})",2430.0,0.56,True,2024-08,1,3825,1
NK,CLT,LGA,2024,8,1177,27,15,1.0,frozenset({1402.0}),1402.0,0.5555555555555556,True,2024-08,4,1113,4
WN,BWI,MCO,2024,8,1070,10,8,1.0,"frozenset({4136.0, 1067.0, 4428.0, 3463.0})",3463.0,0.8,True,2024-08,1,3826,1
WN,PDX,PHX,2024,8,960,12,7,0.0,frozenset({1085.0}),1085.0,0.5833333333333334,True,2024-08,1,3827,1
UA,EWR,BUF,2024,8,1320,24,14,3.0,"frozenset({577.0, 2861.0})",577.0,0.5833333333333334,True,2024-08,2,2708,2
NK,CLT,MIA,2024,8,1070,15,8,2.0,frozenset({16.0}),16.0,0.5333333333333333,True,2024-08,1,3828,1
AA,EWR,MIA,2024,8,1117,31,22,7.0,frozenset({1708.0}),1708.0,0.7096774193548387,True,2024-08,2,3556,2
DL,ATL,JFK,2024,8,916,11,7,1.0,frozenset({2398.0}),2398.0,0.6363636363636364,True,2024-08,1,3829,1
AA,CLT,CMH,2024,8,1348,27,14,1.0,frozenset({827.0}),827.0,0.5185185185185185,True,2024-08,2,2396,2
NK,BWI,FLL,2024,8,1360,13,8,1.0,frozenset({1408.0}),1408.0,0.6153846153846154,True,2024-08,1,3830,1
AA,EWR,CLT,2024,8,1193,20,14,3.0,frozenset({1330.0}),1330.0,0.7,True,2024-08,4,1423,5
WN,BWI,CLE,2024,8,1295,17,9,1.0,"frozenset({3404.0, 4405.0})",4405.0,0.5294117647058824,True,2024-08,1,3831,1
NK,BOS,EWR,2024,8,924,13,9,7.0,frozenset({975.0}),975.0,0.6923076923076923,True,2024-08,2,3342,2
F9,ATL,ORD,2024,8,939,12,7,1.0,frozenset({1595.0}),1595.0,0.5833333333333334,True,2024-08,3,1688,3
WN,BWI,CMH,2024,8,1320,15,8,1.0,frozenset({4106.0}),4106.0,0.5333333333333333,True,2024-08,1,3832,1
F9,ATL,ORD,2024,8,1350,10,7,1.0,"frozenset({1595.0, 3397.0})",3397.0,0.7,True,2024-08,1,3833,1
OO,ORD,HSV,2024,8,680,18,13,0.0,frozenset({5335.0}),5335.0,0.7222222222222222,True,2024-08,2,2337,2
AA,DSM,DFW,2024,8,962,31,16,0.0,frozenset({1664.0}),1664.0,0.5161290322580645,True,2024-08,2,3552,2
NK,BOS,MIA,2024,8,1112,17,11,0.0,frozenset({2208.0}),2208.0,0.6470588235294118,True,2024-08,1,3834,1
NK,BOS,SJU,2024,8,1375,12,7,2.0,frozenset({2324.0}),2324.0,0.5833333333333334,True,2024-08,2,3337,2
UA,ORD,LGA,2024,8,1080,57,30,3.0,"frozenset({1194.0, 434.0, 2362.0, 2039.0})",2039.0,0.5263157894736842,True,2024-08,2,2496,2
NK,BWI,ATL,2024,8,1213,17,10,1.0,frozenset({1313.0}),1313.0,0.5882352941176471,True,2024-08,1,3835,1
YX,MYR,EWR,2024,8,1114,31,16,7.0,frozenset({3712.0}),3712.0,0.5161290322580645,True,2024-08,2,2322,2
AA,MCO,LAX,2024,8,1145,19,10,1.0,frozenset({1677.0}),1677.0,0.5263157894736842,True,2024-08,3,1671,3
AA,MIA,PHL,2024,8,890,26,14,0.0,frozenset({661.0}),661.0,0.5384615384615384,True,2024-08,1,3836,1
NK,BWI,FLL,2024,8,1084,13,8,2.0,frozenset({1896.0}),1896.0,0.6153846153846154,True,2024-08,2,3333,2
OO,ORD,FWA,2024,8,1175,31,16,1.0,"frozenset({5540.0, 5319.0})",5319.0,0.5161290322580645,True,2024-08,1,3837,1
WN,BNA,ATL,2024,8,1010,15,8,0.0,"frozenset({1833.0, 3559.0})",1833.0,0.5333333333333333,True,2024-08,1,3838,1
DL,ATL,TYS,2024,8,1082,15,8,0.0,frozenset({3042.0}),3042.0,0.5333333333333333,True,2024-08,2,2950,2
AA,CLT,SDF,2024,8,1081,31,16,3.0,frozenset({2142.0}),2142.0,0.5161290322580645,True,2024-08,2,2674,2
DL,LGA,DTW,2024,8,1217,26,14,2.0,frozenset({1014.0}),1014.0,0.5384615384615384,True,2024-08,2,2890,2
F9,TPA,PHL,2024,8,1312,11,8,3.0,frozenset({2836.0}),2836.0,0.7272727272727273,True,2024-08,2,3561,2
UA,CLE,EWR,2024,8,1040,12,9,2.0,frozenset({1411.0}),1411.0,0.75,True,2024-08,2,2690,2
AA,CLT,FLL,2024,8,1349,28,16,2.0,frozenset({2202.0}),2202.0,0.5714285714285714,True,2024-08,2,2564,2
AA,DFW,TUL,2024,8,1199,30,16,0.0,"frozenset({1384.0, 227.0})",227.0,0.5333333333333333,True,2024-08,1,3839,1
DL,MSP,EWR,2024,8,853,24,13,1.0,frozenset({2866.0}),2866.0,0.5416666666666666,True,2024-08,1,3840,1
DL,JFK,MIA,2024,8,1195,31,16,2.0,frozenset({1428.0}),1428.0,0.5161290322580645,True,2024-08,1,3841,1
MQ,BTV,ORD,2024,8,1054,23,13,0.0,frozenset({3846.0}),3846.0,0.5652173913043478,True,2024-08,1,3842,1
MQ,BWI,MIA,2024,8,1114,26,14,1.0,frozenset({3374.0}),3374.0,0.5384615384615384,True,2024-08,1,3843,1
MQ,CID,ORD,2024,8,1108,20,11,0.0,frozenset({4171.0}),4171.0,0.55,True,2024-08,1,3844,1
AA,MCO,PHL,2024,8,1058,31,20,3.0,frozenset({2502.0}),2502.0,0.6451612903225806,True,2024-08,2,3327,2
DL,FLL,LGA,2024,8,934,31,18,2.0,frozenset({2721.0}),2721.0,0.5806451612903226,True,2024-08,1,3845,1
DL,FLL,JFK,2024,8,915,31,17,2.0,frozenset({854.0}),854.0,0.5483870967741935,True,2024-08,1,3846,1
WN,ATL,JAX,2024,8,1185,12,8,1.0,frozenset({3440.0}),3440.0,0.6666666666666666,True,2024-08,1,3847,1
DL,FLL,ATL,2024,8,1185,11,6,0.0,frozenset({1295.0}),1295.0,0.5454545454545454,True,2024-08,1,3848,1
DL,LGA,FLL,2024,8,1199,26,16,3.0,frozenset({2308.0}),2308.0,0.6153846153846154,True,2024-08,1,3849,1
MQ,AVL,ORD,2024,8,1082,23,14,0.0,frozenset({3792.0}),3792.0,0.6086956521739131,True,2024-08,2,3389,3
DL,LGA,MCO,2024,8,1199,31,18,3.0,frozenset({2540.0}),2540.0,0.5806451612903226,True,2024-08,2,2889,2
UA,ATL,EWR,2024,8,1115,19,12,2.0,frozenset({1697.0}),1697.0,0.631578947368421,True,2024-08,3,1711,3
DL,MCO,SLC,2024,8,1043,11,6,0.0,frozenset({2032.0}),2032.0,0.5454545454545454,True,2024-08,2,3060,2
UA,STL,EWR,2024,8,1052,27,14,1.0,"frozenset({2212.0, 1623.0})",1623.0,0.5185185185185185,True,2024-08,1,3850,1
UA,SFO,EWR,2024,8,795,31,16,5.0,"frozenset({1149.0, 1823.0})",1149.0,0.5161290322580645,True,2024-08,1,3851,1
AA,CLT,GSO,2024,8,1380,25,13,3.0,"frozenset({2802.0, 535.0})",2802.0,0.52,True,2024-08,1,3852,1
G4,AZA,PVU,2024,8,1191,10,6,0.0,"frozenset({3225.0, 3213.0, 1598.0})",1598.0,0.6,True,2024-08,1,3853,1
DL,MIA,JFK,2024,8,920,31,18,2.0,frozenset({1514.0}),1514.0,0.5806451612903226,True,2024-08,1,3854,1
UA,TPA,EWR,2024,8,1091,29,17,7.0,"frozenset({2268.0, 279.0})",2268.0,0.5862068965517241,True,2024-08,2,2490,2
AA,MCO,PHL,2024,8,883,31,17,2.0,frozenset({2095.0}),2095.0,0.5483870967741935,True,2024-08,2,3043,2
AA,CLT,GSO,2024,8,1119,23,13,1.0,"frozenset({2802.0, 1735.0})",1735.0,0.5652173913043478,True,2024-08,2,2581,2
AA,CLT,ILM,2024,8,1134,30,18,3.0,frozenset({2958.0}),2958.0,0.6,True,2024-08,2,2434,2
AA,CLT,ILM,2024,8,1370,28,15,4.0,"frozenset({1284.0, 390.0})",1284.0,0.5357142857142857,True,2024-08,1,3855,1
AA,CLT,SRQ,2024,8,1008,28,15,4.0,frozenset({2471.0}),2471.0,0.5357142857142857,True,2024-08,2,2207,2
DL,MSP,BOS,2024,8,1120,23,13,0.0,frozenset({2608.0}),2608.0,0.5652173913043478,True,2024-08,1,3856,1
MQ,AVL,MIA,2024,8,989,27,16,1.0,frozenset({3668.0}),3668.0,0.5925925925925926,True,2024-08,1,3857,1
DL,LGA,TPA,2024,8,1169,26,15,2.0,frozenset({2433.0}),2433.0,0.5769230769230769,True,2024-08,1,3858,1
AA,MCO,PHL,2024,8,1184,25,14,1.0,frozenset({1783.0}),1783.0,0.56,True,2024-08,1,3859,1
DL,MCO,ATL,2024,8,1079,26,15,0.0,frozenset({1150.0}),1150.0,0.5769230769230769,True,2024-08,2,2883,2
F9,BWI,MIA,2024,8,1217,12,9,4.0,"frozenset({1665.0, 2939.0})",2939.0,0.75,True,2024-08,2,3066,2
AA,CLT,JAX,2024,8,1291,29,15,2.0,frozenset({1553.0}),1553.0,0.5172413793103449,True,2024-08,2,2444,2
AA,CLT,JAX,2024,8,1363,28,17,2.0,frozenset({2713.0}),2713.0,0.6071428571428571,True,2024-08,2,2445,2
AA,DFW,SAT,2024,8,1122,31,18,0.0,"frozenset({1836.0, 2438.0})",2438.0,0.5806451612903226,True,2024-08,1,3860,1
DL,DEN,JFK,2024,8,1439,11,6,3.0,frozenset({438.0}),438.0,0.5454545454545454,True,2024-08,1,3861,1
UA,DEN,BOI,2024,8,1235,18,14,3.0,frozenset({1340.0}),1340.0,0.7777777777777778,True,2024-08,1,3862,1
F9,SJU,PHL,2024,8,1159,13,7,0.0,frozenset({3247.0}),3247.0,0.5384615384615384,True,2024-08,2,3539,2
AA,DCA,CLT,2024,8,1187,31,16,3.0,frozenset({1194.0}),1194.0,0.5161290322580645,True,2024-08,2,2057,2
AA,CLT,DTW,2024,8,1026,31,16,0.0,frozenset({1297.0}),1297.0,0.5161290322580645,True,2024-08,2,2514,2
AA,DCA,DFW,2024,8,1170,31,20,0.0,frozenset({1202.0}),1202.0,0.6451612903225806,True,2024-08,1,3863,1
DL,RDU,MCO,2024,8,1090,12,8,2.0,frozenset({1319.0}),1319.0,0.6666666666666666,True,2024-08,2,3034,2
AA,DCA,LGA,2024,8,1035,27,17,6.0,frozenset({1191.0}),1191.0,0.6296296296296297,True,2024-08,2,2067,2
AA,MIA,ATL,2024,8,1008,19,11,2.0,"frozenset({1368.0, 945.0, 1826.0})",1368.0,0.5789473684210527,True,2024-08,2,2862,2
WN,ONT,LAS,2024,8,840,12,7,0.0,"frozenset({1874.0, 5147.0})",1874.0,0.5833333333333334,True,2024-08,1,3864,1
F9,SJU,CLT,2024,8,993,11,8,0.0,"frozenset({905.0, 907.0, 3003.0})",3003.0,0.7272727272727273,True,2024-08,1,3865,1
AA,DCA,MIA,2024,8,1152,27,16,2.0,"frozenset({1221.0, 2733.0})",2733.0,0.5925925925925926,True,2024-08,1,3866,1
AA,MIA,BOS,2024,8,1115,26,14,0.0,frozenset({1074.0}),1074.0,0.5384615384615384,True,2024-08,1,3867,1
UA,PHL,ORD,2024,8,1116,26,15,0.0,frozenset({2707.0}),2707.0,0.5769230769230769,True,2024-08,1,3868,1
AA,DFW,SAT,2024,8,1179,30,18,2.0,"frozenset({216.0, 412.0})",216.0,0.6,True,2024-08,1,3869,1
MQ,JAX,MIA,2024,8,932,31,18,3.0,frozenset({3635.0}),3635.0,0.5806451612903226,True,2024-08,1,3870,1
DL,DTW,BUF,2024,8,1393,23,13,1.0,frozenset({2220.0}),2220.0,0.5652173913043478,True,2024-08,2,2860,2
YX,EWR,IND,2024,8,1197,31,19,7.0,frozenset({3558.0}),3558.0,0.6129032258064516,True,2024-08,2,3387,2
DL,EWR,DTW,2024,8,1220,24,13,1.0,frozenset({2567.0}),2567.0,0.5416666666666666,True,2024-08,2,2906,2
UA,CLT,EWR,2024,8,1095,31,18,5.0,frozenset({1747.0}),1747.0,0.5806451612903226,True,2024-08,2,2689,2
DL,EWR,ATL,2024,8,1179,18,10,1.0,frozenset({2340.0}),2340.0,0.5555555555555556,True,2024-08,2,2877,2
AA,CLT,EWR,2024,8,1249,30,16,3.0,frozenset({2794.0}),2794.0,0.5333333333333333,True,2024-08,4,1382,4
AA,CLT,TPA,2024,8,1025,30,20,2.0,"frozenset({288.0, 2626.0, 211.0})",2626.0,0.6666666666666666,True,2024-08,1,3871,1
AA,CLT,TPA,2024,8,1122,31,20,2.0,frozenset({503.0}),503.0,0.6451612903225806,True,2024-08,2,2191,2
AA,CLT,EWR,2024,8,1031,20,13,2.0,frozenset({1330.0}),1330.0,0.65,True,2024-08,4,1380,4
DL,EWR,MSP,2024,8,1134,24,13,1.0,frozenset({2866.0}),2866.0,0.5416666666666666,True,2024-08,3,1640,3
AA,CLT,TUL,2024,8,1239,29,15,2.0,frozenset({2662.0}),2662.0,0.5172413793103449,True,2024-08,2,2197,2
UA,RDU,EWR,2024,8,1087,18,10,3.0,frozenset({2478.0}),2478.0,0.5555555555555556,True,2024-08,2,2400,2
AA,DFW,SDF,2024,8,885,25,13,0.0,frozenset({506.0}),506.0,0.52,True,2024-08,1,3872,1
AA,CLT,VPS,2024,8,1248,30,17,0.0,frozenset({2197.0}),2197.0,0.5666666666666667,True,2024-08,2,2175,2
AA,CMH,PHL,2024,8,1115,25,13,0.0,frozenset({193.0}),193.0,0.52,True,2024-08,1,3873,1
MQ,GRR,ORD,2024,8,1162,23,12,0.0,frozenset({3484.0}),3484.0,0.5217391304347826,True,2024-08,1,3874,1
DL,ORD,LGA,2024,8,1165,26,15,2.0,frozenset({1390.0}),1390.0,0.5769230769230769,True,2024-08,2,3041,2
DL,DTW,DEN,2024,8,1034,24,13,0.0,"frozenset({1644.0, 2431.0})",2431.0,0.5416666666666666,True,2024-08,1,3875,1
UA,COS,DEN,2024,8,935,12,8,2.0,frozenset({1287.0}),1287.0,0.6666666666666666,True,2024-08,1,3876,1
UA,EWR,CHS,2024,8,1260,13,8,2.0,frozenset({2363.0}),2363.0,0.6153846153846154,True,2024-08,1,3877,1
UA,EWR,AUS,2024,8,1199,13,7,1.0,frozenset({1219.0}),1219.0,0.5384615384615384,True,2024-08,1,3878,1
UA,ORD,DCA,2024,8,1175,31,17,2.0,"frozenset({1324.0, 734.0})",1324.0,0.5483870967741935,True,2024-08,1,3879,1
B6,PBI,BOS,2024,8,1185,31,17,2.0,frozenset({322.0}),322.0,0.5483870967741935,True,2024-08,1,3880,1
AA,MIA,LGA,2024,8,955,31,19,4.0,frozenset({2047.0}),2047.0,0.6129032258064516,True,2024-08,2,3308,2
B6,ORD,JFK,2024,8,1118,26,16,3.0,frozenset({1206.0}),1206.0,0.6153846153846154,True,2024-08,3,1873,3
NK,FLL,ORD,2024,8,924,11,7,0.0,frozenset({76.0}),76.0,0.6363636363636364,True,2024-08,1,3881,1
B6,ORD,BOS,2024,8,1233,30,18,1.0,frozenset({1012.0}),1012.0,0.6,True,2024-08,2,3309,2
NK,FLL,ORD,2024,8,1100,18,11,0.0,frozenset({3.0}),3.0,0.6111111111111112,True,2024-08,1,3882,1
WN,MIA,MDW,2024,8,1050,15,8,1.0,frozenset({1368.0}),1368.0,0.5333333333333333,True,2024-08,1,3883,1
B6,MSY,JFK,2024,8,659,31,16,2.0,frozenset({176.0}),176.0,0.5161290322580645,True,2024-08,1,3884,1
B6,MSP,BOS,2024,8,1145,26,17,1.0,frozenset({836.0}),836.0,0.6538461538461539,True,2024-08,2,3310,2
F9,DEN,LAX,2024,8,1147,12,7,0.0,frozenset({3155.0}),3155.0,0.5833333333333334,True,2024-08,2,2991,2
AA,MIA,LGA,2024,8,1018,31,19,5.0,frozenset({1680.0}),1680.0,0.6129032258064516,True,2024-08,1,3885,1
B6,MIA,JFK,2024,8,1115,31,21,2.0,frozenset({2892.0}),2892.0,0.6774193548387096,True,2024-08,1,3886,1
AA,MIA,LGA,2024,8,1083,31,22,3.0,frozenset({1530.0}),1530.0,0.7096774193548387,True,2024-08,1,3887,1
AA,MIA,LGA,2024,8,1177,27,17,4.0,frozenset({1171.0}),1171.0,0.6296296296296297,True,2024-08,1,3888,1
NK,FLL,PHL,2024,8,850,17,10,1.0,frozenset({2058.0}),2058.0,0.5882352941176471,True,2024-08,1,3889,1
AA,MIA,LGA,2024,8,811,26,15,0.0,frozenset({1802.0}),1802.0,0.5769230769230769,True,2024-08,1,3890,1
NK,FLL,ORD,2024,8,831,31,16,1.0,"frozenset({122.0, 327.0})",327.0,0.5161290322580645,True,2024-08,1,3891,1
F9,RDU,LGA,2024,8,1287,29,20,3.0,frozenset({3314.0}),3314.0,0.6896551724137931,True,2024-08,1,3892,1
B6,PBI,JFK,2024,8,1090,31,17,4.0,frozenset({1154.0}),1154.0,0.5483870967741935,True,2024-08,2,3306,2
B6,SJU,BDL,2024,8,1055,31,16,1.0,frozenset({276.0}),276.0,0.5161290322580645,True,2024-08,1,3893,1
OO,JFK,ORD,2024,8,1175,31,18,5.0,frozenset({3709.0}),3709.0,0.5806451612903226,True,2024-08,3,1817,3
B6,RSW,BOS,2024,8,1235,30,18,2.0,frozenset({2066.0}),2066.0,0.6,True,2024-08,1,3894,1
AA,MIA,JFK,2024,8,1050,31,16,4.0,frozenset({2225.0}),2225.0,0.5161290322580645,True,2024-08,1,3895,1
B6,ROC,JFK,2024,8,929,28,15,3.0,frozenset({485.0}),485.0,0.5357142857142857,True,2024-08,2,3303,2
UA,MIA,EWR,2024,8,830,13,10,5.0,"frozenset({424.0, 2447.0})",424.0,0.7692307692307693,True,2024-08,1,3896,1
AA,MIA,JFK,2024,8,1190,31,21,4.0,frozenset({1357.0}),1357.0,0.6774193548387096,True,2024-08,1,3897,1
B6,MCO,SJU,2024,8,1030,18,11,0.0,frozenset({1433.0}),1433.0,0.6111111111111112,True,2024-08,2,3325,2
B6,RNO,JFK,2024,8,1398,11,7,2.0,frozenset({80.0}),80.0,0.6363636363636364,True,2024-08,1,3898,1
AA,CLT,BOS,2024,8,1354,28,15,2.0,frozenset({1937.0}),1937.0,0.5357142857142857,True,2024-08,2,2816,2
AA,CLT,BOS,2024,8,1001,31,18,1.0,frozenset({1978.0}),1978.0,0.5806451612903226,True,2024-08,2,2818,2
B6,PWM,JFK,2024,8,1209,31,16,6.0,frozenset({307.0}),307.0,0.5161290322580645,True,2024-08,3,1847,3
F9,DEN,DCA,2024,8,988,31,16,1.0,frozenset({690.0}),690.0,0.5161290322580645,True,2024-08,1,3899,1
F9,DEN,ELP,2024,8,1150,11,6,0.0,frozenset({3421.0}),3421.0,0.5454545454545454,True,2024-08,1,3900,1
AA,CLT,CLE,2024,8,1285,25,16,1.0,frozenset({1043.0}),1043.0,0.64,True,2024-08,2,2475,2
UA,MCO,ORD,2024,8,970,31,17,2.0,frozenset({1828.0}),1828.0,0.5483870967741935,True,2024-08,2,2763,2
B6,RDU,MCO,2024,8,1040,26,14,0.0,frozenset({501.0}),501.0,0.5384615384615384,True,2024-08,1,3901,1
AA,MIA,IAH,2024,8,930,31,16,1.0,frozenset({1451.0}),1451.0,0.5161290322580645,True,2024-08,1,3902,1
NK,FLL,PHL,2024,8,1296,28,15,1.0,"frozenset({1368.0, 1810.0})",1368.0,0.5357142857142857,True,2024-08,1,3903,1
B6,MCO,LGA,2024,8,1060,29,16,3.0,frozenset({798.0}),798.0,0.5517241379310345,True,2024-08,2,3312,2
B6,MCO,BOS,2024,8,1170,26,19,1.0,frozenset({1152.0}),1152.0,0.7307692307692307,True,2024-08,1,3904,1
B6,MCO,BOS,2024,8,1005,26,17,3.0,frozenset({2052.0}),2052.0,0.6538461538461539,True,2024-08,2,3319,2
YX,ORF,EWR,2024,8,1070,16,9,5.0,frozenset({3700.0}),3700.0,0.5625,True,2024-08,2,2610,2
OO,GRB,MSP,2024,8,976,31,16,0.0,frozenset({3843.0}),3843.0,0.5161290322580645,True,2024-08,1,3905,1
UA,MCO,EWR,2024,8,1028,25,13,4.0,"frozenset({1386.0, 2724.0})",1386.0,0.52,True,2024-08,2,2769,2
AA,MIA,ORD,2024,8,950,31,16,1.0,frozenset({650.0}),650.0,0.5161290322580645,True,2024-08,1,3906,1
B6,LGA,MCO,2024,8,1275,31,18,2.0,frozenset({499.0}),499.0,0.5806451612903226,True,2024-08,2,3321,2
B6,LGA,MCO,2024,8,990,24,15,1.0,frozenset({699.0}),699.0,0.625,True,2024-08,1,3907,1
UA,MCO,EWR,2024,8,926,26,14,5.0,frozenset({2321.0}),2321.0,0.5384615384615384,True,2024-08,1,3908,1
UA,MCO,EWR,2024,8,750,21,11,2.0,frozenset({1768.0}),1768.0,0.5238095238095238,True,2024-08,1,3909,1
B6,LGA,FLL,2024,8,1255,31,21,3.0,frozenset({571.0}),571.0,0.6774193548387096,True,2024-08,2,3323,2
B6,LGA,FLL,2024,8,850,31,16,0.0,frozenset({271.0}),271.0,0.5161290322580645,True,2024-08,1,3910,1
F9,DEN,MIA,2024,8,1082,15,8,0.0,frozenset({1280.0}),1280.0,0.5333333333333333,True,2024-08,3,1601,3
B6,LGA,ATL,2024,8,1040,25,13,5.0,frozenset({2814.0}),2814.0,0.52,True,2024-08,1,3911,1
AA,DFW,TUS,2024,8,1410,20,12,0.0,frozenset({785.0}),785.0,0.6,True,2024-08,4,1278,4
AA,CHS,PHL,2024,8,1092,30,16,2.0,frozenset({1471.0}),1471.0,0.5333333333333333,True,2024-08,1,3912,1
OO,HPN,DTW,2024,8,1035,31,16,4.0,frozenset({3734.0}),3734.0,0.5161290322580645,True,2024-08,1,3913,1
B6,MCO,DCA,2024,8,1112,29,15,1.0,frozenset({24.0}),24.0,0.5172413793103449,True,2024-08,1,3914,1
OO,IAD,DTW,2024,8,1037,26,15,1.0,frozenset({4104.0}),4104.0,0.5769230769230769,True,2024-08,1,3915,1
B6,MCO,LGA,2024,8,780,31,16,1.0,frozenset({1098.0}),1098.0,0.5161290322580645,True,2024-08,1,3916,1
NK,FLL,PHX,2024,8,1275,12,8,1.0,frozenset({1007.0}),1007.0,0.6666666666666666,True,2024-08,1,3917,1
AA,MIA,MCO,2024,8,850,31,19,1.0,"frozenset({948.0, 2495.0})",948.0,0.6129032258064516,True,2024-08,1,3918,1
WN,SFO,SAN,2024,8,615,17,11,0.0,"frozenset({6120.0, 2890.0, 163.0, 4678.0})",4678.0,0.6470588235294118,True,2024-08,1,3919,2
B6,MCO,JFK,2024,8,1140,30,20,2.0,frozenset({384.0}),384.0,0.6666666666666666,True,2024-08,1,3920,1
B6,MCO,JFK,2024,8,1080,31,17,3.0,frozenset({1284.0}),1284.0,0.5483870967741935,True,2024-08,2,3313,2
B6,MCO,JFK,2024,8,960,31,16,2.0,frozenset({1084.0}),1084.0,0.5161290322580645,True,2024-08,1,3921,1
B6,MCO,LGA,2024,8,1230,24,18,4.0,frozenset({998.0}),998.0,0.75,True,2024-08,3,1918,3
B6,MCO,JFK,2024,8,885,27,19,4.0,frozenset({784.0}),784.0,0.7037037037037037,True,2024-08,1,3922,1
AA,MIA,MCO,2024,8,1097,31,16,0.0,"frozenset({1955.0, 54.0})",1955.0,0.5161290322580645,True,2024-08,1,3923,1
B6,MCO,HPN,2024,8,1210,31,16,0.0,frozenset({1294.0}),1294.0,0.5161290322580645,True,2024-08,2,3315,2
UA,MCO,EWR,2024,8,1265,17,9,5.0,frozenset({2463.0}),2463.0,0.5294117647058824,True,2024-08,2,2782,2
OO,IAD,MSP,2024,8,1106,31,16,3.0,frozenset({3643.0}),3643.0,0.5161290322580645,True,2024-08,1,3924,1
AA,CLE,PHL,2024,8,987,26,14,1.0,frozenset({214.0}),214.0,0.5384615384615384,True,2024-08,1,3925,1
WN,DEN,BNA,2024,8,1140,10,6,0.0,"frozenset({2739.0, 309.0})",2739.0,0.6,True,2024-08,1,3926,1
WN,DEN,BOI,2024,8,1310,13,7,0.0,"frozenset({3995.0, 1734.0})",1734.0,0.5384615384615384,True,2024-08,1,3927,1
NK,FLL,RDU,2024,8,922,11,6,0.0,frozenset({1366.0}),1366.0,0.5454545454545454,True,2024-08,2,3488,2
AA,MIA,EWR,2024,8,1070,26,17,1.0,frozenset({1113.0}),1113.0,0.6538461538461539,True,2024-08,2,3302,2
UA,EWR,IAD,2024,8,1265,31,16,5.0,"frozenset({1777.0, 1386.0})",1777.0,0.5161290322580645,True,2024-08,1,3928,1
AA,DFW,DEN,2024,8,1130,27,16,0.0,frozenset({1217.0}),1217.0,0.5925925925925926,True,2024-08,1,3929,1
AA,CLT,MIA,2024,8,880,31,17,2.0,frozenset({1114.0}),1114.0,0.5483870967741935,True,2024-08,1,3930,1
UA,MIA,IAH,2024,8,780,13,7,0.0,frozenset({390.0}),390.0,0.5384615384615384,True,2024-08,1,3931,1
WN,RDU,MCO,2024,8,1080,14,10,0.0,"frozenset({2168.0, 1254.0})",2168.0,0.7142857142857143,True,2024-08,1,3932,1
NK,EWR,LAS,2024,8,1230,18,10,1.0,frozenset({917.0}),917.0,0.5555555555555556,True,2024-08,1,3933,1
B6,TPA,JFK,2024,8,1145,31,18,4.0,frozenset({2826.0}),2826.0,0.5806451612903226,True,2024-08,2,3236,2
WN,BWI,RIC,2024,8,1300,13,8,0.0,"frozenset({4788.0, 6655.0})",6655.0,0.6153846153846154,True,2024-08,1,3934,1
B6,TPA,LGA,2024,8,1035,31,19,3.0,frozenset({2810.0}),2810.0,0.6129032258064516,True,2024-08,1,3935,2
AA,EWR,ORD,2024,8,1072,25,16,4.0,frozenset({1181.0}),1181.0,0.64,True,2024-08,3,1837,3
NK,EWR,ORD,2024,8,1281,18,10,2.0,frozenset({329.0}),329.0,0.5555555555555556,True,2024-08,1,3936,1
NK,EWR,PIT,2024,8,1050,18,11,1.0,frozenset({747.0}),747.0,0.6111111111111112,True,2024-08,1,3937,1
AA,EYW,PHL,2024,8,1010,21,13,2.0,frozenset({1332.0}),1332.0,0.6190476190476191,True,2024-08,1,3938,1
F9,CLT,PHL,2024,8,919,31,18,4.0,"frozenset({1384.0, 1328.0, 3332.0})",1384.0,0.5806451612903226,True,2024-08,2,2995,2
NK,FLL,CLT,2024,8,985,11,7,1.0,frozenset({1401.0}),1401.0,0.6363636363636364,True,2024-08,3,1730,3
NK,FLL,CLT,2024,8,888,18,10,1.0,frozenset({15.0}),15.0,0.5555555555555556,True,2024-08,1,3939,1
NK,FLL,CLE,2024,8,1312,10,6,1.0,frozenset({1608.0}),1608.0,0.6,True,2024-08,1,3940,1
F9,CLT,DEN,2024,8,1247,15,9,0.0,"frozenset({1361.0, 905.0, 2985.0, 907.0})",1361.0,0.6,True,2024-08,1,3941,1
NK,FLL,BWI,2024,8,1307,28,15,2.0,frozenset({1895.0}),1895.0,0.5357142857142857,True,2024-08,2,3352,2
AA,EWR,ORD,2024,8,1185,28,15,3.0,frozenset({1691.0}),1691.0,0.5357142857142857,True,2024-08,3,1836,3
NK,FLL,ATL,2024,8,1105,23,16,1.0,"frozenset({339.0, 1078.0})",1078.0,0.6956521739130435,True,2024-08,3,1709,3
DL,ATL,BNA,2024,8,1270,15,8,0.0,frozenset({3002.0}),3002.0,0.5333333333333333,True,2024-08,2,3223,2
AA,DFW,DSM,2024,8,1015,26,17,0.0,frozenset({2229.0}),2229.0,0.6538461538461539,True,2024-08,1,3942,1
F9,CLT,ORD,2024,8,1051,10,9,0.0,frozenset({3141.0}),3141.0,0.9,True,2024-08,2,2996,2
F9,ORD,DFW,2024,8,944,15,9,1.0,frozenset({3241.0}),3241.0,0.6,True,2024-08,1,3943,1
AA,MIA,DCA,2024,8,830,26,14,1.0,frozenset({1233.0}),1233.0,0.5384615384615384,True,2024-08,1,3944,1
NK,EWR,DTW,2024,8,1125,20,11,2.0,"frozenset({3123.0, 2387.0})",2387.0,0.55,True,2024-08,1,3945,1
B6,SJU,FLL,2024,8,1259,31,16,1.0,frozenset({2054.0}),2054.0,0.5161290322580645,True,2024-08,1,3946,1
UA,MIA,EWR,2024,8,1041,31,17,4.0,frozenset({762.0}),762.0,0.5483870967741935,True,2024-08,2,2759,2
AA,MIA,EWR,2024,8,878,31,21,7.0,frozenset({1708.0}),1708.0,0.6774193548387096,True,2024-08,2,3301,2
NK,FLL,IAH,2024,8,893,27,18,4.0,frozenset({909.0}),909.0,0.6666666666666666,True,2024-08,2,3419,2
UA,ORD,BZN,2024,8,1201,27,15,0.0,"frozenset({1117.0, 310.0})",1117.0,0.5555555555555556,True,2024-08,1,3947,1
F9,SEA,DFW,2024,8,1077,12,11,1.0,"frozenset({4066.0, 3268.0})",4066.0,0.9166666666666666,True,2024-08,1,3948,1
AA,MCO,DCA,2024,8,1213,31,16,0.0,"frozenset({1384.0, 2841.0, 2884.0})",1384.0,0.5161290322580645,True,2024-08,1,3949,1
AA,MCO,DCA,2024,8,976,31,21,2.0,frozenset({2509.0}),2509.0,0.6774193548387096,True,2024-08,2,3031,2
AA,DFW,CMH,2024,8,1241,25,13,1.0,"frozenset({398.0, 614.0})",614.0,0.52,True,2024-08,1,3950,1
B6,SJU,JFK,2024,8,1139,29,16,2.0,frozenset({4.0}),4.0,0.5517241379310345,True,2024-08,1,3951,1
WN,SEA,LAS,2024,8,915,18,10,0.0,"frozenset({2659.0, 2468.0, 1381.0})",2468.0,0.5555555555555556,True,2024-08,1,3952,1
NK,DTW,ORD,2024,8,1095,17,9,0.0,frozenset({681.0}),681.0,0.5294117647058824,True,2024-08,1,3953,1
AA,CLT,CHS,2024,8,1298,22,12,2.0,frozenset({1925.0}),1925.0,0.5454545454545454,True,2024-08,2,2774,2
WN,MSP,DEN,2024,8,1180,15,8,0.0,"frozenset({3424.0, 716.0})",716.0,0.5333333333333333,True,2024-08,1,3954,1
AA,MCO,DCA,2024,8,849,31,16,2.0,frozenset({2284.0}),2284.0,0.5161290322580645,True,2024-08,1,3955,1
NK,EWR,BOS,2024,8,791,13,7,6.0,frozenset({934.0}),934.0,0.5384615384615384,True,2024-08,1,3956,1
AA,CLT,BWI,2024,8,1250,27,16,1.0,"frozenset({2940.0, 1502.0})",1502.0,0.5925925925925926,True,2024-08,1,3957,1
AA,MIA,DCA,2024,8,1086,31,18,4.0,frozenset({2648.0}),2648.0,0.5806451612903226,True,2024-08,1,3958,1
NK,EWR,BOS,2024,8,1102,11,7,6.0,frozenset({976.0}),976.0,0.6363636363636364,True,2024-08,2,3360,2
B6,SYR,JFK,2024,8,1080,31,16,6.0,frozenset({1964.0}),1964.0,0.5161290322580645,True,2024-08,1,3959,1
AA,DFW,PHL,2024,8,770,28,17,3.0,"frozenset({672.0, 291.0})",672.0,0.6071428571428571,True,2024-08,1,3960,1
WN,SAN,SFO,2024,9,480,18,10,0.0,"frozenset({3370.0, 2283.0, 2735.0})",3370.0,0.5555555555555556,True,2024-09,1,3961,1
F9,TPA,ATL,2024,9,1073,13,7,1.0,"frozenset({3779.0, 3781.0})",3781.0,0.5384615384615384,True,2024-09,1,3962,1
UA,EWR,ATL,2024,9,1215,30,16,1.0,"frozenset({1174.0, 1190.0})",1174.0,0.5333333333333333,True,2024-09,1,3963,1
OO,ORD,GRB,2024,9,670,30,19,0.0,frozenset({5936.0}),5936.0,0.6333333333333333,True,2024-09,1,3964,1
AA,CLT,ATL,2024,9,1285,19,11,1.0,frozenset({763.0}),763.0,0.5789473684210527,True,2024-09,1,3965,1
OO,ORD,ATW,2024,9,670,30,18,0.0,frozenset({5493.0}),5493.0,0.6,True,2024-09,1,3966,1
OH,BTR,CLT,2024,9,1094,18,11,0.0,frozenset({5277.0}),5277.0,0.6111111111111112,True,2024-09,1,3967,1
WN,SEA,DEN,2024,9,1160,17,9,0.0,"frozenset({2560.0, 4096.0})",2560.0,0.5294117647058824,True,2024-09,2,3579,2
OH,CLT,AVL,2024,9,1355,18,10,4.0,frozenset({5027.0}),5027.0,0.5555555555555556,True,2024-09,1,3968,1
OH,CLT,LIT,2024,9,1010,15,8,2.0,frozenset({5531.0}),5531.0,0.5333333333333333,True,2024-09,1,3969,1
WN,SFO,SAN,2024,9,615,17,11,0.0,"frozenset({163.0, 4678.0})",4678.0,0.6470588235294118,True,2024-09,2,3919,2
MQ,AVL,ORD,2024,9,1010,27,15,3.0,frozenset({3792.0}),3792.0,0.5555555555555556,True,2024-09,3,3389,3
AA,CLT,MEM,2024,9,883,15,8,0.0,frozenset({1786.0}),1786.0,0.5333333333333333,True,2024-09,1,3970,1
WN,SFO,STL,2024,9,610,13,8,0.0,frozenset({2891.0}),2891.0,0.6153846153846154,True,2024-09,1,3971,1
OH,AGS,CLT,2024,9,1205,15,8,2.0,frozenset({5278.0}),5278.0,0.5333333333333333,True,2024-09,1,3972,1
F9,MCO,PHL,2024,9,1150,13,7,0.0,frozenset({4170.0}),4170.0,0.5384615384615384,True,2024-09,3,3011,3
OH,AGS,CLT,2024,9,1096,27,14,3.0,frozenset({5130.0}),5130.0,0.5185185185185185,True,2024-09,1,3973,1
NK,ATL,FLL,2024,9,1168,16,9,1.0,frozenset({340.0}),340.0,0.5625,True,2024-09,2,3817,2
WN,LAX,LAS,2024,9,1000,17,10,0.0,"frozenset({2833.0, 2691.0})",2691.0,0.5882352941176471,True,2024-09,1,3974,1
WN,SFO,LAS,2024,9,715,13,8,0.0,frozenset({3450.0}),3450.0,0.6153846153846154,True,2024-09,1,3975,1
AS,AUS,SEA,2024,9,1124,18,10,0.0,frozenset({313.0}),313.0,0.5555555555555556,True,2024-09,1,3976,1
OO,SAN,SFO,2024,9,487,30,18,0.0,frozenset({3302.0}),3302.0,0.6,True,2024-09,1,3977,1
B6,TPA,BOS,2024,9,1110,11,6,1.0,frozenset({592.0}),592.0,0.5454545454545454,True,2024-09,1,3978,1
MQ,LIT,ORD,2024,9,1013,17,9,0.0,frozenset({3501.0}),3501.0,0.5294117647058824,True,2024-09,1,3979,1
B6,TPA,LGA,2024,9,1065,20,12,1.0,frozenset({2810.0}),2810.0,0.6,True,2024-09,2,3935,2
F9,DFW,MIA,2024,9,1238,30,23,0.0,"frozenset({2136.0, 2676.0})",2676.0,0.7666666666666667,True,2024-09,1,3980,2
AA,ORD,PHL,2024,9,1259,18,10,0.0,frozenset({490.0}),490.0,0.5555555555555556,True,2024-09,4,1857,4
OH,LIT,CLT,2024,9,1115,15,9,2.0,frozenset({5531.0}),5531.0,0.6,True,2024-09,1,3981,1
AA,EWR,CLT,2024,9,1207,18,10,0.0,frozenset({1330.0}),1330.0,0.5555555555555556,True,2024-09,5,1423,5
F9,LAX,DFW,2024,9,862,30,22,0.0,"frozenset({3212.0, 4964.0})",3212.0,0.7333333333333333,True,2024-09,1,3982,1
F9,PHL,MCO,2024,9,1359,13,9,0.0,frozenset({4169.0}),4169.0,0.6923076923076923,True,2024-09,2,3761,2
OH,TYS,CLT,2024,9,1074,19,11,0.0,"frozenset({5459.0, 5523.0})",5459.0,0.5789473684210527,True,2024-09,1,3983,1
F9,DFW,IAH,2024,9,1148,10,6,0.0,"frozenset({1980.0, 3198.0})",3198.0,0.6,True,2024-09,4,1636,4
OO,SAN,SJC,2024,10,720,14,10,0.0,frozenset({3429.0}),3429.0,0.7142857142857143,True,2024-10,1,3984,1
OO,SAN,SFO,2024,10,708,14,8,0.0,frozenset({3434.0}),3434.0,0.5714285714285714,True,2024-10,1,3985,1
F9,SFO,PHX,2024,10,1248,22,13,0.0,frozenset({2638.0}),2638.0,0.5909090909090909,True,2024-10,1,3986,1
WN,SAN,SFO,2024,10,630,16,9,0.0,frozenset({2505.0}),2505.0,0.5625,True,2024-10,1,3987,1
WN,SFO,LAX,2024,10,1215,12,9,0.0,frozenset({2042.0}),2042.0,0.75,True,2024-10,1,3988,1
DL,AVL,ATL,2024,10,360,10,10,8.0,frozenset({2712.0}),2712.0,1.0,True,2024-10,1,3989,1
MQ,AVL,DFW,2024,10,438,10,10,0.0,"frozenset({3360.0, 3558.0})",3360.0,1.0,True,2024-10,1,3990,1
AA,DFW,BFL,2024,10,1169,21,12,0.0,frozenset({1024.0}),1024.0,0.5714285714285714,True,2024-10,1,3991,1
F9,SFO,SAN,2024,10,659,11,7,1.0,"frozenset({3384.0, 4306.0})",3384.0,0.6363636363636364,True,2024-10,1,3992,1
OH,CLT,AGS,2024,10,1219,25,14,0.0,frozenset({5335.0}),5335.0,0.56,True,2024-10,1,3993,1
F9,PHX,MDW,2024,10,928,10,6,0.0,frozenset({1736.0}),1736.0,0.6,True,2024-10,1,3994,1
F9,DFW,MIA,2024,10,1249,31,16,2.0,frozenset({2676.0}),2676.0,0.5161290322580645,True,2024-10,2,3980,2
OO,LAS,SAN,2024,10,1172,17,12,3.0,frozenset({3305.0}),3305.0,0.7058823529411765,True,2024-10,1,3995,1
F9,LAS,ONT,2024,10,980,11,6,0.0,frozenset({4205.0}),4205.0,0.5454545454545454,True,2024-10,1,3996,1
OO,SAN,LAS,2024,10,1016,17,12,2.0,frozenset({3305.0}),3305.0,0.7058823529411765,True,2024-10,1,3997,1
WN,SAN,SLC,2024,10,675,12,9,0.0,frozenset({3744.0}),3744.0,0.75,True,2024-10,1,3998,1
OO,LAS,SAN,2024,10,600,17,11,0.0,frozenset({3342.0}),3342.0,0.6470588235294118,True,2024-10,1,3999,1
WN,SRQ,HOU,2024,10,375,17,10,10.0,frozenset({1591.0}),1591.0,0.5882352941176471,True,2024-10,1,4000,1
WN,SRQ,CMH,2024,10,1030,12,9,6.0,frozenset({1348.0}),1348.0,0.75,True,2024-10,1,4001,1
OO,SMF,SAN,2024,10,942,14,9,0.0,frozenset({3439.0}),3439.0,0.6428571428571429,True,2024-10,1,4002,1
AS,PDX,DFW,2024,10,776,15,8,0.0,frozenset({254.0}),254.0,0.5333333333333333,True,2024-10,1,4003,1
WN,OAK,SAN,2024,10,1245,12,7,1.0,frozenset({4814.0}),4814.0,0.5833333333333334,True,2024-10,1,4004,1
AA,CLT,AVL,2024,10,1224,30,20,1.0,frozenset({689.0}),689.0,0.6666666666666666,True,2024-10,1,4005,1
WN,SAT,DEN,2024,10,1195,12,8,0.0,frozenset({1853.0}),1853.0,0.6666666666666666,True,2024-10,1,4006,1
WN,LAS,SFO,2024,10,1085,12,7,0.0,frozenset({2557.0}),2557.0,0.5833333333333334,True,2024-10,1,4007,1
F9,DTW,DFW,2024,10,1196,11,6,1.0,frozenset({3175.0}),3175.0,0.5454545454545454,True,2024-10,1,4008,1
DL,ATL,AVL,2024,10,1373,10,10,10.0,frozenset({3116.0}),3116.0,1.0,True,2024-10,1,4009,1
WN,SLC,LAX,2024,10,895,12,10,0.0,frozenset({3149.0}),3149.0,0.8333333333333334,True,2024-10,1,4010,1
OO,SFO,SAN,2024,10,1182,17,10,1.0,frozenset({3431.0}),3431.0,0.5882352941176471,True,2024-10,1,4011,1
WN,SLC,LAS,2024,10,835,13,7,0.0,"frozenset({3910.0, 4495.0})",3910.0,0.5384615384615384,True,2024-10,1,4012,1
AS,RNO,SEA,2024,10,1195,16,9,1.0,frozenset({110.0}),110.0,0.5625,True,2024-10,1,4013,1
MQ,CLE,ORD,2024,10,1157,13,8,0.0,frozenset({3625.0}),3625.0,0.6153846153846154,True,2024-10,1,4014,1
OO,SAN,SMF,2024,10,801,14,9,0.0,frozenset({3439.0}),3439.0,0.6428571428571429,True,2024-10,1,4015,1
AA,PHL,SEA,2024,10,1139,19,10,0.0,frozenset({2361.0}),2361.0,0.5263157894736842,True,2024-10,1,4016,1
F9,SLC,DFW,2024,10,1282,12,7,0.0,frozenset({2426.0}),2426.0,0.5833333333333334,True,2024-10,1,4017,1
AA,ORD,SFO,2024,10,1225,16,9,0.0,"frozenset({2113.0, 145.0})",2113.0,0.5625,True,2024-10,1,4018,1
F9,MDW,PHX,2024,10,1310,10,6,0.0,frozenset({2419.0}),2419.0,0.6,True,2024-10,1,4019,1
F9,DEN,SAN,2024,10,1196,17,9,1.0,"frozenset({4991.0, 4989.0, 4927.0})",4989.0,0.5294117647058824,True,2024-10,1,4020,1
F9,SAN,PHX,2024,10,1209,14,8,2.0,"frozenset({3168.0, 2084.0})",2084.0,0.5714285714285714,True,2024-10,1,4021,1
WN,SFO,SAN,2024,10,770,21,12,0.0,"frozenset({4073.0, 1860.0, 516.0, 991.0})",991.0,0.5714285714285714,True,2024-10,1,4022,1
WN,DEN,PHX,2024,10,1315,16,10,0.0,"frozenset({1853.0, 2182.0})",1853.0,0.625,True,2024-10,1,4023,1
WN,LAS,SAT,2024,10,880,14,10,0.0,"frozenset({702.0, 3455.0})",702.0,0.7142857142857143,True,2024-10,1,4024,1
WN,MCO,STL,2024,10,1305,12,7,1.0,frozenset({826.0}),826.0,0.5833333333333334,True,2024-10,1,4025,1
WN,LAS,AUS,2024,10,975,13,8,0.0,"frozenset({1728.0, 3034.0})",3034.0,0.6153846153846154,True,2024-10,1,4026,1
MQ,CID,ORD,2024,10,1111,13,8,0.0,frozenset({3438.0}),3438.0,0.6153846153846154,True,2024-10,1,4027,1
WN,SAN,SFO,2024,10,1065,12,7,0.0,frozenset({2563.0}),2563.0,0.5833333333333334,True,2024-10,1,4028,1
YX,EWR,BGR,2024,11,1288,29,15,1.0,frozenset({3408.0}),3408.0,0.5172413793103449,True,2024-11,1,4029,1
YX,SAV,EWR,2024,11,1139,29,16,1.0,frozenset({3550.0}),3550.0,0.5517241379310345,True,2024-11,1,4030,1
F9,BUR,SFO,2024,11,851,10,6,0.0,frozenset({4125.0}),4125.0,0.6,True,2024-11,1,4031,1
UA,RDU,EWR,2024,11,1079,29,15,0.0,frozenset({2478.0}),2478.0,0.5172413793103449,True,2024-11,1,4032,1
UA,PBI,EWR,2024,11,1040,29,15,0.0,frozenset({2192.0}),2192.0,0.5172413793103449,True,2024-11,1,4033,1
UA,ORD,EWR,2024,11,1080,29,17,0.0,frozenset({2481.0}),2481.0,0.5862068965517241,True,2024-11,1,4034,1
UA,MIA,EWR,2024,11,1030,29,18,0.0,frozenset({1386.0}),1386.0,0.6206896551724138,True,2024-11,1,4035,1
UA,MCO,EWR,2024,11,1172,29,17,0.0,frozenset({282.0}),282.0,0.5862068965517241,True,2024-11,1,4036,1
B6,RSW,EWR,2024,11,1110,10,8,0.0,"frozenset({1912.0, 2912.0})",2912.0,0.8,True,2024-11,1,4037,1
UA,DFW,EWR,2024,11,1055,25,14,1.0,frozenset({1856.0}),1856.0,0.56,True,2024-11,1,4038,1
UA,BOS,EWR,2024,11,1190,20,11,0.0,frozenset({1391.0}),1391.0,0.55,True,2024-11,1,4039,1
NK,ATL,EWR,2024,11,841,17,11,0.0,frozenset({841.0}),841.0,0.6470588235294118,True,2024-11,1,4040,1
NK,ATL,SJU,2024,11,1248,19,11,0.0,frozenset({843.0}),843.0,0.5789473684210527,True,2024-11,1,4041,1
AS,DFW,PDX,2024,11,1100,11,7,0.0,frozenset({247.0}),247.0,0.6363636363636364,True,2024-11,1,4042,1
NK,CLT,EWR,2024,11,894,26,14,0.0,frozenset({746.0}),746.0,0.5384615384615384,True,2024-11,1,4043,1
AS,JFK,SFO,2024,11,1215,13,7,0.0,frozenset({47.0}),47.0,0.5384615384615384,True,2024-11,1,4044,1
AS,LAS,SFO,2024,11,926,12,8,1.0,frozenset({375.0}),375.0,0.6666666666666666,True,2024-11,1,4045,1
NK,EWR,ATL,2024,11,1029,27,14,0.0,frozenset({842.0}),842.0,0.5185185185185185,True,2024-11,1,4046,1
NK,EWR,BNA,2024,11,1338,17,13,0.0,frozenset({995.0}),995.0,0.7647058823529411,True,2024-11,1,4047,1
NK,MCO,EWR,2024,11,1242,21,12,0.0,frozenset({199.0}),199.0,0.5714285714285714,True,2024-11,1,4048,1
NK,PIT,EWR,2024,11,1200,21,16,1.0,frozenset({748.0}),748.0,0.7619047619047619,True,2024-11,1,4049,1
OO,ASE,ATL,2024,11,465,10,6,1.0,frozenset({3676.0}),3676.0,0.6,True,2024-11,1,4050,2
UA,RDU,EWR,2024,11,1140,29,18,0.0,frozenset({1587.0}),1587.0,0.6206896551724138,True,2024-11,1,4051,1
AA,DFW,SAV,2024,11,1160,21,12,1.0,"frozenset({330.0, 3075.0})",3075.0,0.5714285714285714,True,2024-11,1,4052,1
UA,CLE,EWR,2024,11,1041,29,15,0.0,frozenset({1411.0}),1411.0,0.5172413793103449,True,2024-11,1,4053,1
WN,CLT,BNA,2024,11,1090,15,8,0.0,"frozenset({1593.0, 276.0})",1593.0,0.5333333333333333,True,2024-11,1,4054,1
F9,ATL,EWR,2024,11,1119,27,14,1.0,"frozenset({3248.0, 4602.0, 1902.0})",4602.0,0.5185185185185185,True,2024-11,1,4055,1
AA,DFW,LBB,2024,11,1110,10,6,0.0,frozenset({357.0}),357.0,0.6,True,2024-11,1,4056,1
F9,LAX,ATL,2024,11,1351,30,16,0.0,frozenset({3216.0}),3216.0,0.5333333333333333,True,2024-11,1,4057,2
DL,ATL,EWR,2024,11,1259,23,12,0.0,frozenset({2527.0}),2527.0,0.5217391304347826,True,2024-11,1,4058,1
F9,ATL,MDW,2024,11,1331,11,6,0.0,"frozenset({2779.0, 2291.0})",2779.0,0.5454545454545454,True,2024-11,1,4059,1
AA,CLT,EWR,2024,11,1235,23,13,0.0,frozenset({2794.0}),2794.0,0.5652173913043478,True,2024-11,1,4060,1
DL,LGA,TPA,2024,12,960,11,6,0.0,frozenset({2404.0}),2404.0,0.5454545454545454,True,2024-12,1,4061,1
B6,JFK,TPA,2024,12,730,13,8,0.0,frozenset({125.0}),125.0,0.6153846153846154,True,2024-12,1,4062,1
B6,JFK,MIA,2024,12,1005,15,10,1.0,"frozenset({1993.0, 1893.0})",1993.0,0.6666666666666666,True,2024-12,1,4063,1
B6,LGA,FLL,2024,12,999,13,7,0.0,frozenset({371.0}),371.0,0.5384615384615384,True,2024-12,1,4064,1
B6,JFK,SAV,2024,12,1035,13,7,0.0,frozenset({2841.0}),2841.0,0.5384615384615384,True,2024-12,1,4065,1
B6,JFK,RSW,2024,12,1259,13,7,0.0,frozenset({2129.0}),2129.0,0.5384615384615384,True,2024-12,1,4066,1
B6,JFK,PSE,2024,12,1330,13,7,1.0,frozenset({1745.0}),1745.0,0.5384615384615384,True,2024-12,1,4067,1
B6,MCO,BDL,2024,12,949,13,9,0.0,frozenset({438.0}),438.0,0.6923076923076923,True,2024-12,1,4068,1
B6,JFK,PBI,2024,12,959,11,7,0.0,frozenset({2053.0}),2053.0,0.6363636363636364,True,2024-12,1,4069,1
B6,JFK,PBI,2024,12,894,13,9,2.0,frozenset({753.0}),753.0,0.6923076923076923,True,2024-12,1,4070,1
B6,SJU,HPN,2024,12,1170,31,16,0.0,frozenset({2602.0}),2602.0,0.5161290322580645,True,2024-12,1,4071,1
B6,JFK,MIA,2024,12,830,13,7,1.0,frozenset({2593.0}),2593.0,0.5384615384615384,True,2024-12,1,4072,1
B6,MCO,BUF,2024,12,815,13,7,0.0,frozenset({886.0}),886.0,0.5384615384615384,True,2024-12,1,4073,1
WN,SLC,SAN,2024,12,1085,10,7,1.0,"frozenset({4538.0, 646.0})",646.0,0.7,True,2024-12,1,4074,1
B6,JFK,JAX,2024,12,899,13,8,0.0,frozenset({1677.0}),1677.0,0.6153846153846154,True,2024-12,1,4075,1
WN,SMF,DEN,2024,12,945,10,6,0.0,"frozenset({3426.0, 1901.0})",1901.0,0.6,True,2024-12,1,4076,1
B6,JFK,FLL,2024,12,1305,14,9,0.0,"frozenset({2301.0, 1701.0})",1701.0,0.6428571428571429,True,2024-12,1,4077,1
B6,JFK,CHS,2024,12,855,13,8,1.0,frozenset({2473.0}),2473.0,0.6153846153846154,True,2024-12,1,4078,1
B6,JFK,BOS,2024,12,1080,13,8,1.0,frozenset({418.0}),418.0,0.6153846153846154,True,2024-12,1,4079,1
B6,JAX,JFK,2024,12,1120,11,7,0.0,frozenset({1678.0}),1678.0,0.6363636363636364,True,2024-12,1,4080,1
B6,IAH,JFK,2024,12,715,16,9,0.0,frozenset({82.0}),82.0,0.5625,True,2024-12,1,4081,1
B6,IAH,BOS,2024,12,1159,15,9,1.0,frozenset({932.0}),932.0,0.6,True,2024-12,1,4082,1
B6,FLL,PVD,2024,12,1290,13,8,0.0,frozenset({1196.0}),1196.0,0.6153846153846154,True,2024-12,1,4083,1
DL,MSP,BOS,2024,12,955,17,9,0.0,frozenset({2591.0}),2591.0,0.5294117647058824,True,2024-12,1,4084,1
B6,FLL,JFK,2024,12,874,13,7,0.0,frozenset({1902.0}),1902.0,0.5384615384615384,True,2024-12,1,4085,1
B6,FLL,EWR,2024,12,1215,14,9,0.0,frozenset({706.0}),706.0,0.6428571428571429,True,2024-12,1,4086,1
DL,MIA,ATL,2024,12,1185,17,10,0.0,frozenset({1328.0}),1328.0,0.5882352941176471,True,2024-12,1,4087,1
B6,MCO,EWR,2024,12,770,18,10,0.0,frozenset({128.0}),128.0,0.5555555555555556,True,2024-12,1,4088,1
B6,MCO,HPN,2024,12,552,13,7,0.0,frozenset({94.0}),94.0,0.5384615384615384,True,2024-12,1,4089,1
WN,SFO,SAN,2024,12,1110,12,7,1.0,"frozenset({3401.0, 1317.0})",3401.0,0.5833333333333334,True,2024-12,1,4090,1
B6,SJU,FLL,2024,12,1121,27,14,0.0,"frozenset({1754.0, 2154.0})",1754.0,0.5185185185185185,True,2024-12,1,4091,1
B6,SJU,FLL,2024,12,1054,15,10,0.0,"frozenset({2154.0, 1654.0})",2154.0,0.6666666666666666,True,2024-12,1,4092,1
B6,SJU,TPA,2024,12,965,13,7,0.0,frozenset({1752.0}),1752.0,0.5384615384615384,True,2024-12,1,4093,1
B6,SYR,JFK,2024,12,1195,10,6,0.0,frozenset({315.0}),315.0,0.6,True,2024-12,1,4094,1
B6,SJU,BDL,2024,12,1050,13,9,0.0,frozenset({2476.0}),2476.0,0.6923076923076923,True,2024-12,1,4095,1
B6,TPA,BOS,2024,12,855,11,6,0.0,"frozenset({692.0, 892.0})",892.0,0.5454545454545454,True,2024-12,1,4096,1
B6,SAV,JFK,2024,12,1239,13,8,0.0,frozenset({2842.0}),2842.0,0.6153846153846154,True,2024-12,1,4097,1
B6,TPA,BOS,2024,12,1150,12,8,1.0,frozenset({1392.0}),1392.0,0.6666666666666666,True,2024-12,1,4098,1
B6,RSW,JFK,2024,12,820,11,8,0.0,frozenset({1530.0}),1530.0,0.7272727272727273,True,2024-12,1,4099,1
B6,TPA,JFK,2024,12,975,11,6,0.0,frozenset({2826.0}),2826.0,0.5454545454545454,True,2024-12,1,4100,1
B6,RSW,BOS,2024,12,900,16,9,0.0,"frozenset({366.0, 2366.0})",2366.0,0.5625,True,2024-12,1,4101,1
B6,PBI,HPN,2024,12,1160,13,7,0.0,frozenset({668.0}),668.0,0.5384615384615384,True,2024-12,1,4102,1
B6,PBI,EWR,2024,12,1185,11,7,0.0,"frozenset({1344.0, 2044.0})",1344.0,0.6363636363636364,True,2024-12,1,4103,1
B6,PBI,BOS,2024,12,1030,13,8,0.0,frozenset({322.0}),322.0,0.6153846153846154,True,2024-12,1,4104,1
B6,PBI,BOS,2024,12,922,14,9,0.0,"frozenset({1722.0, 1422.0})",1422.0,0.6428571428571429,True,2024-12,1,4105,1
B6,PBI,BDL,2024,12,1290,13,8,1.0,frozenset({1242.0}),1242.0,0.6153846153846154,True,2024-12,1,4106,1
B6,MIA,JFK,2024,12,1080,13,7,1.0,frozenset({2392.0}),2392.0,0.5384615384615384,True,2024-12,1,4107,1
B6,FLL,EWR,2024,12,905,14,9,1.0,frozenset({606.0}),606.0,0.6428571428571429,True,2024-12,1,4108,1
DL,BOS,PBI,2024,12,959,11,9,0.0,frozenset({2160.0}),2160.0,0.8181818181818182,True,2024-12,1,4109,1
DL,DTW,DEN,2024,12,1275,10,7,0.0,frozenset({1640.0}),1640.0,0.7,True,2024-12,1,4110,1
B6,MIA,BOS,2024,12,895,13,11,0.0,frozenset({720.0}),720.0,0.8461538461538461,True,2024-12,1,4111,1
B6,MCO,SJU,2024,12,1090,15,10,0.0,frozenset({2133.0}),2133.0,0.6666666666666666,True,2024-12,1,4112,1
DL,DTW,PBI,2024,12,825,11,6,0.0,frozenset({1416.0}),1416.0,0.5454545454545454,True,2024-12,1,4113,1
DL,DTW,RSW,2024,12,1290,13,7,0.0,frozenset({1573.0}),1573.0,0.5384615384615384,True,2024-12,1,4114,1
B6,MCO,JFK,2024,12,1182,15,9,0.0,"frozenset({2984.0, 2884.0, 1384.0})",1384.0,0.6,True,2024-12,1,4115,1
B6,SJU,MCO,2024,12,1367,12,8,0.0,"frozenset({1434.0, 1134.0})",1134.0,0.6666666666666666,True,2024-12,1,4116,1
B6,MCO,EWR,2024,12,1280,16,9,0.0,"frozenset({2928.0, 828.0})",2928.0,0.5625,True,2024-12,1,4117,1
DL,LGA,MCO,2024,12,495,11,6,0.0,frozenset({1024.0}),1024.0,0.5454545454545454,True,2024-12,1,4118,1
B6,FLL,BOS,2024,12,1145,11,6,0.0,frozenset({770.0}),770.0,0.5454545454545454,True,2024-12,1,4119,1
B6,CHS,JFK,2024,12,1048,13,8,1.0,frozenset({1274.0}),1274.0,0.6153846153846154,True,2024-12,1,4120,1
B6,FLL,ALB,2024,12,1170,13,7,0.0,frozenset({88.0}),88.0,0.5384615384615384,True,2024-12,1,4121,1
YX,EWR,GSP,2024,12,1230,15,8,2.0,frozenset({3502.0}),3502.0,0.5333333333333333,True,2024-12,1,4122,1
AA,EGE,MIA,2024,12,886,11,7,0.0,frozenset({3072.0}),3072.0,0.6363636363636364,True,2024-12,1,4123,1
AA,EWR,CLT,2024,12,1061,21,11,0.0,frozenset({1790.0}),1790.0,0.5238095238095238,True,2024-12,1,4124,1
AA,EWR,MIA,2024,12,1107,27,14,1.0,frozenset({2933.0}),2933.0,0.5185185185185185,True,2024-12,1,4125,1
AA,GUC,DFW,2024,12,764,13,7,1.0,frozenset({2837.0}),2837.0,0.5384615384615384,True,2024-12,1,4126,1
AA,JAC,ORD,2024,12,762,11,7,0.0,frozenset({1251.0}),1251.0,0.6363636363636364,True,2024-12,1,4127,1
AA,DFW,TUL,2024,12,1210,11,8,1.0,frozenset({821.0}),821.0,0.7272727272727273,True,2024-12,1,4128,1
AA,MIA,EGE,2024,12,670,11,7,0.0,frozenset({3072.0}),3072.0,0.6363636363636364,True,2024-12,1,4129,1
AA,MIA,LGA,2024,12,1166,11,6,0.0,frozenset({2213.0}),2213.0,0.5454545454545454,True,2024-12,1,4130,1
AA,MIA,OMA,2024,12,1190,13,7,0.0,frozenset({2827.0}),2827.0,0.5384615384615384,True,2024-12,1,4131,1
AA,PBI,LGA,2024,12,1119,10,7,0.0,frozenset({3082.0}),3082.0,0.7,True,2024-12,1,4132,1
AA,PBI,ORD,2024,12,1064,11,6,0.0,frozenset({1398.0}),1398.0,0.5454545454545454,True,2024-12,1,4133,1
AA,PHL,MIA,2024,12,1257,11,7,0.0,frozenset({3074.0}),3074.0,0.6363636363636364,True,2024-12,1,4134,1
AA,PHL,PBI,2024,12,1135,11,7,0.0,frozenset({456.0}),456.0,0.6363636363636364,True,2024-12,1,4135,1
AA,MIA,JFK,2024,12,1050,11,6,0.0,frozenset({1922.0}),1922.0,0.5454545454545454,True,2024-12,1,4136,1
AA,DFW,SAN,2024,12,1246,29,15,1.0,frozenset({1798.0}),1798.0,0.5172413793103449,True,2024-12,1,4137,1
AA,DFW,PNS,2024,12,1184,11,6,0.0,frozenset({2102.0}),2102.0,0.5454545454545454,True,2024-12,1,4138,1
AA,DFW,PBI,2024,12,895,12,7,1.0,frozenset({2640.0}),2640.0,0.5833333333333334,True,2024-12,1,4139,1
9E,EWR,CVG,2024,12,1233,16,10,0.0,frozenset({5065.0}),5065.0,0.625,True,2024-12,1,4140,1
YX,PIT,EWR,2024,12,1070,13,7,0.0,frozenset({3469.0}),3469.0,0.5384615384615384,True,2024-12,1,4141,1
9E,LGA,TUL,2024,12,1050,18,10,0.0,"frozenset({4832.0, 5143.0})",5143.0,0.5555555555555556,True,2024-12,1,4142,1
9E,RDU,EWR,2024,12,1082,16,9,0.0,frozenset({5222.0}),5222.0,0.5625,True,2024-12,1,4143,1
YX,ORF,EWR,2024,12,885,15,8,0.0,"frozenset({3539.0, 3654.0})",3654.0,0.5333333333333333,True,2024-12,1,4144,1
AA,CHS,MIA,2024,12,1141,11,6,0.0,frozenset({2718.0}),2718.0,0.5454545454545454,True,2024-12,1,4145,1
AA,DFW,BOS,2024,12,1240,11,6,0.0,"frozenset({3248.0, 2137.0})",3248.0,0.5454545454545454,True,2024-12,1,4146,1
AA,DFW,CAE,2024,12,1110,10,6,0.0,frozenset({822.0}),822.0,0.6,True,2024-12,1,4147,1
AA,DFW,CLE,2024,12,1240,11,6,1.0,frozenset({560.0}),560.0,0.5454545454545454,True,2024-12,1,4148,1
YX,MEM,EWR,2024,12,1006,18,10,2.0,frozenset({3615.0}),3615.0,0.5555555555555556,True,2024-12,1,4149,1
AA,DFW,JAC,2024,12,604,12,7,0.0,frozenset({1923.0}),1923.0,0.5833333333333334,True,2024-12,1,4150,1
AA,DFW,JAC,2024,12,755,11,6,3.0,frozenset({1883.0}),1883.0,0.5454545454545454,True,2024-12,1,4151,1
YX,IND,EWR,2024,12,1082,14,8,1.0,frozenset({3594.0}),3594.0,0.5714285714285714,True,2024-12,1,4152,1
AA,DFW,LBB,2024,12,1244,12,7,1.0,frozenset({822.0}),822.0,0.5833333333333334,True,2024-12,1,4153,1
AA,DFW,MCO,2024,12,1048,11,6,0.0,"frozenset({2965.0, 727.0})",727.0,0.5454545454545454,True,2024-12,1,4154,1
AA,SAN,MIA,2024,12,443,12,7,0.0,frozenset({398.0}),398.0,0.5833333333333334,True,2024-12,1,4155,1
B6,FLL,BDL,2024,12,1200,11,6,0.0,frozenset({460.0}),460.0,0.5454545454545454,True,2024-12,1,4156,1
AS,ATL,SAN,2024,12,1039,31,18,3.0,frozenset({355.0}),355.0,0.5806451612903226,True,2024-12,1,4157,1
AS,FLL,SAN,2024,12,1030,31,16,1.0,"frozenset({363.0, 884.0})",363.0,0.5161290322580645,True,2024-12,1,4158,1
B6,BOS,MIA,2024,12,625,13,12,1.0,frozenset({719.0}),719.0,0.9230769230769231,True,2024-12,1,4159,1
B6,BOS,PBI,2024,12,660,13,9,0.0,frozenset({1421.0}),1421.0,0.6923076923076923,True,2024-12,1,4160,1
B6,BOS,PBI,2024,12,779,13,8,0.0,frozenset({321.0}),321.0,0.6153846153846154,True,2024-12,1,4161,1
B6,BOS,RDU,2024,12,1005,13,7,1.0,frozenset({693.0}),693.0,0.5384615384615384,True,2024-12,1,4162,1
B6,BOS,SJU,2024,12,690,13,7,0.0,"frozenset({531.0, 2131.0})",2131.0,0.5384615384615384,True,2024-12,1,4163,1
B6,BQN,MCO,2024,12,1319,15,11,0.0,"frozenset({1929.0, 2629.0})",2629.0,0.7333333333333333,True,2024-12,1,4164,1
B6,BOS,MCO,2024,12,1255,14,9,0.0,"frozenset({651.0, 1951.0})",651.0,0.6428571428571429,True,2024-12,1,4165,1
WN,STL,RSW,2024,12,995,10,6,0.0,"frozenset({3543.0, 351.0})",351.0,0.6,True,2024-12,1,4166,1
DL,MSP,RSW,2024,12,540,11,7,0.0,frozenset({2226.0}),2226.0,0.6363636363636364,True,2024-12,1,4167,1
B6,DCA,MCO,2024,12,840,13,7,0.0,frozenset({2023.0}),2023.0,0.5384615384615384,True,2024-12,1,4168,1
B6,EWR,FLL,2024,12,1137,13,10,1.0,frozenset({605.0}),605.0,0.7692307692307693,True,2024-12,1,4169,1
B6,EWR,MCO,2024,12,1305,13,7,0.0,"frozenset({2827.0, 1827.0})",1827.0,0.5384615384615384,True,2024-12,1,4170,1
B6,EWR,PBI,2024,12,959,10,6,0.0,frozenset({1343.0}),1343.0,0.6,True,2024-12,1,4171,1
B6,EYW,BOS,2024,12,757,23,14,1.0,frozenset({2064.0}),2064.0,0.6086956521739131,True,2024-12,1,4172,1
B6,BUF,FLL,2024,12,1250,13,7,0.0,frozenset({625.0}),625.0,0.5384615384615384,True,2024-12,1,4173,1
B6,BOS,MCO,2024,12,618,14,8,0.0,frozenset({2051.0}),2051.0,0.5714285714285714,True,2024-12,1,4174,1
B6,BOS,LGA,2024,12,1154,11,6,1.0,frozenset({931.0}),931.0,0.5454545454545454,True,2024-12,1,4175,1
B6,BOS,JAX,2024,12,1170,12,8,0.0,frozenset({1239.0}),1239.0,0.6666666666666666,True,2024-12,1,4176,1
AS,SAN,JFK,2024,12,1305,13,7,0.0,frozenset({36.0}),36.0,0.5384615384615384,True,2024-12,1,4177,1
AS,SAN,PDX,2024,12,1255,19,11,2.0,frozenset({1121.0}),1121.0,0.5789473684210527,True,2024-12,1,4178,1
AS,SAN,SFO,2024,12,1255,21,12,0.0,frozenset({717.0}),717.0,0.5714285714285714,True,2024-12,1,4179,1
B6,ALB,MCO,2024,12,1222,12,7,0.0,frozenset({2920.0}),2920.0,0.5833333333333334,True,2024-12,1,4180,1
B6,ATL,BOS,2024,12,1275,13,7,1.0,frozenset({896.0}),896.0,0.5384615384615384,True,2024-12,1,4181,1
B6,BDL,MCO,2024,12,1190,13,10,0.0,frozenset({37.0}),37.0,0.7692307692307693,True,2024-12,1,4182,1
B6,BDL,PBI,2024,12,920,13,7,0.0,frozenset({1341.0}),1341.0,0.5384615384615384,True,2024-12,1,4183,1
B6,BDL,RSW,2024,12,980,15,8,0.0,"frozenset({1103.0, 703.0})",703.0,0.5333333333333333,True,2024-12,1,4184,1
B6,BDL,SJU,2024,12,1340,15,8,1.0,"frozenset({1475.0, 2475.0})",1475.0,0.5333333333333333,True,2024-12,1,4185,1
B6,BDL,TPA,2024,12,1284,13,11,1.0,frozenset({933.0}),933.0,0.8461538461538461,True,2024-12,1,4186,1
B6,BOS,ATL,2024,12,1040,13,7,1.0,frozenset({1097.0}),1097.0,0.5384615384615384,True,2024-12,1,4187,1
B6,BOS,DTW,2024,12,1073,12,8,2.0,frozenset({1237.0}),1237.0,0.6666666666666666,True,2024-12,1,4188,1
B6,BOS,FLL,2024,12,595,13,7,1.0,frozenset({369.0}),369.0,0.5384615384615384,True,2024-12,1,4189,1
B6,BOS,FLL,2024,12,872,11,6,0.0,frozenset({1969.0}),1969.0,0.5454545454545454,True,2024-12,1,4190,1
B6,BOS,FLL,2024,12,1080,14,8,0.0,"frozenset({249.0, 1069.0, 469.0})",469.0,0.5714285714285714,True,2024-12,1,4191,1
YX,BOS,EWR,2024,12,1055,21,12,0.0,"frozenset({3424.0, 3558.0, 3443.0, 5718.0})",5718.0,0.5714285714285714,True,2024-12,1,4192,1
DL,SEA,DEN,2024,12,830,10,6,0.0,frozenset({2759.0}),2759.0,0.6,True,2024-12,1,4193,1
WN,MDW,BDL,2024,12,1240,13,7,0.0,"frozenset({300.0, 4349.0})",4349.0,0.5384615384615384,True,2024-12,1,4194,1
DL,SEA,SFO,2024,12,440,13,7,0.0,frozenset({2841.0}),2841.0,0.5384615384615384,True,2024-12,1,4195,1
OO,MDT,ORD,2024,12,645,18,10,0.0,"frozenset({4729.0, 5345.0})",4729.0,0.5555555555555556,True,2024-12,1,4196,1
OO,MRY,SAN,2024,12,901,23,14,2.0,frozenset({3346.0}),3346.0,0.6086956521739131,True,2024-12,1,4197,1
OO,MSN,ORD,2024,12,950,11,6,0.0,frozenset({5280.0}),5280.0,0.5454545454545454,True,2024-12,1,4198,1
OO,ORD,ASE,2024,12,631,11,10,1.0,frozenset({6457.0}),6457.0,0.9090909090909091,True,2024-12,1,4199,1
OO,ORD,ASE,2024,12,797,13,8,1.0,frozenset({5988.0}),5988.0,0.6153846153846154,True,2024-12,1,4200,1
OO,ORD,DLH,2024,12,760,17,9,0.0,"frozenset({4808.0, 5519.0})",4808.0,0.5294117647058824,True,2024-12,1,4201,1
WN,PHL,MCO,2024,12,1120,11,7,0.0,"frozenset({4040.0, 1323.0, 2014.0})",1323.0,0.6363636363636364,True,2024-12,1,4202,1
OO,ORD,FAR,2024,12,1195,31,16,1.0,frozenset({4789.0}),4789.0,0.5161290322580645,True,2024-12,1,4203,1
OO,PHX,ASE,2024,12,570,11,6,2.0,frozenset({6426.0}),6426.0,0.5454545454545454,True,2024-12,1,4204,1
OO,SAN,MRY,2024,12,775,25,14,1.0,frozenset({3346.0}),3346.0,0.56,True,2024-12,1,4205,1
OO,SAN,SFO,2024,12,496,29,15,1.0,"frozenset({3478.0, 3302.0})",3302.0,0.5172413793103449,True,2024-12,1,4206,1
OO,SFO,ASE,2024,12,510,20,11,0.0,frozenset({5330.0}),5330.0,0.55,True,2024-12,1,4207,1
OO,SFO,ASE,2024,12,986,13,7,1.0,frozenset({5496.0}),5496.0,0.5384615384615384,True,2024-12,1,4208,1
OO,SFO,SAN,2024,12,626,23,14,1.0,"frozenset({3413.0, 3478.0})",3478.0,0.6086956521739131,True,2024-12,1,4209,1
OO,ORD,FSD,2024,12,770,16,9,0.0,frozenset({5544.0}),5544.0,0.5625,True,2024-12,1,4210,1
OO,TYR,DFW,2024,12,1120,29,17,2.0,frozenset({6501.0}),6501.0,0.5862068965517241,True,2024-12,1,4211,1
OO,LAX,PSP,2024,12,1296,13,7,1.0,frozenset({5211.0}),5211.0,0.5384615384615384,True,2024-12,1,4212,1
OO,LAX,ASE,2024,12,500,12,7,1.0,frozenset({5982.0}),5982.0,0.5833333333333334,True,2024-12,1,4213,1
OO,ATL,SHV,2024,12,1323,15,8,0.0,frozenset({3645.0}),3645.0,0.5333333333333333,True,2024-12,1,4214,1
OO,AUS,ASE,2024,12,607,13,7,0.0,frozenset({6539.0}),6539.0,0.5384615384615384,True,2024-12,1,4215,1
OO,CHA,ORD,2024,12,1052,11,6,0.0,"frozenset({5218.0, 4659.0})",5218.0,0.5454545454545454,True,2024-12,1,4216,1
WN,PHX,MCI,2024,12,1255,11,8,0.0,"frozenset({1544.0, 2450.0, 695.0})",2450.0,0.7272727272727273,True,2024-12,1,4217,1
OO,CIU,DTW,2024,12,950,29,16,2.0,frozenset({4231.0}),4231.0,0.5517241379310345,True,2024-12,1,4218,1
OO,DEN,ASE,2024,12,885,13,11,1.0,frozenset({5773.0}),5773.0,0.8461538461538461,True,2024-12,1,4219,1
OO,LAX,ASE,2024,12,644,13,8,0.0,frozenset({3810.0}),3810.0,0.6153846153846154,True,2024-12,1,4220,1
OO,DTW,APN,2024,12,1070,23,12,2.0,frozenset({4252.0}),4252.0,0.5217391304347826,True,2024-12,1,4221,1
OO,FAT,SAN,2024,12,660,29,16,2.0,frozenset({3331.0}),3331.0,0.5517241379310345,True,2024-12,1,4222,1
OO,IAH,ASE,2024,12,990,12,7,2.0,frozenset({5917.0}),5917.0,0.5833333333333334,True,2024-12,1,4223,1
OO,IAH,SLC,2024,12,1000,13,7,0.0,frozenset({4788.0}),4788.0,0.5384615384615384,True,2024-12,1,4224,1
OO,LAS,SAN,2024,12,626,11,7,1.0,frozenset({3342.0}),3342.0,0.6363636363636364,True,2024-12,1,4225,1
OO,LAS,SAN,2024,12,1179,23,16,3.0,frozenset({3305.0}),3305.0,0.6956521739130435,True,2024-12,1,4226,1
OO,LAS,SFO,2024,12,607,15,9,0.0,frozenset({3493.0}),3493.0,0.6,True,2024-12,1,4227,1
OO,DTW,CIU,2024,12,1075,29,15,1.0,frozenset({4278.0}),4278.0,0.5172413793103449,True,2024-12,1,4228,1
OO,ATL,ASE,2024,12,660,11,9,0.0,frozenset({3919.0}),3919.0,0.8181818181818182,True,2024-12,1,4229,1
UA,CLT,EWR,2024,12,872,18,10,0.0,"frozenset({1108.0, 215.0})",1108.0,0.5555555555555556,True,2024-12,1,4230,1
UA,EWR,EYW,2024,12,600,13,8,0.0,frozenset({1822.0}),1822.0,0.6153846153846154,True,2024-12,1,4231,1
WN,BWI,MKE,2024,12,1280,11,6,0.0,"frozenset({3032.0, 2498.0, 2846.0})",3032.0,0.5454545454545454,True,2024-12,1,4232,1
WN,BWI,PIT,2024,12,1355,15,8,0.0,"frozenset({3042.0, 4140.0})",3042.0,0.5333333333333333,True,2024-12,1,4233,1
WN,BWI,PVD,2024,12,1360,15,8,0.0,"frozenset({3827.0, 381.0, 1879.0})",3827.0,0.5333333333333333,True,2024-12,1,4234,1
WN,BWI,RIC,2024,12,1375,15,8,0.0,"frozenset({3654.0, 4277.0, 102.0, 3335.0})",4277.0,0.5333333333333333,True,2024-12,1,4235,1
WN,BWI,SRQ,2024,12,1245,12,7,1.0,"frozenset({768.0, 2255.0})",768.0,0.5833333333333334,True,2024-12,1,4236,1
WN,CLT,MDW,2024,12,1245,15,9,0.0,"frozenset({2417.0, 1365.0, 4205.0, 4469.0})",2417.0,0.6,True,2024-12,1,4237,1
WN,BWI,ISP,2024,12,1365,15,8,0.0,"frozenset({4721.0, 1467.0})",1467.0,0.5333333333333333,True,2024-12,1,4238,1
WN,DAL,AUS,2024,12,1105,10,7,0.0,"frozenset({1138.0, 3652.0})",1138.0,0.7,True,2024-12,1,4239,1
WN,DAL,LAX,2024,12,1345,11,8,0.0,"frozenset({1448.0, 875.0, 483.0})",875.0,0.7272727272727273,True,2024-12,1,4240,1
WN,LAS,MDW,2024,12,1190,11,7,0.0,"frozenset({3242.0, 2308.0, 4188.0})",3242.0,0.6363636363636364,True,2024-12,1,4241,1
WN,LAS,SAN,2024,12,1320,12,7,2.0,"frozenset({1393.0, 197.0})",1393.0,0.5833333333333334,True,2024-12,1,4242,1
WN,LAS,SFO,2024,12,475,10,7,0.0,"frozenset({1120.0, 4173.0})",4173.0,0.7,True,2024-12,1,4243,1
WN,MCO,BUF,2024,12,935,10,6,0.0,"frozenset({768.0, 3511.0})",768.0,0.6,True,2024-12,1,4244,1
WN,MDW,ATL,2024,12,1275,10,6,0.0,"frozenset({1784.0, 1006.0})",1006.0,0.6,True,2024-12,1,4245,1
WN,DAL,BNA,2024,12,1000,11,6,0.0,"frozenset({4257.0, 3612.0, 1519.0})",3612.0,0.5454545454545454,True,2024-12,1,4246,1
UA,EWR,BOS,2024,12,1245,10,6,0.0,frozenset({776.0}),776.0,0.6,True,2024-12,1,4247,1
WN,BWI,ATL,2024,12,1190,15,8,0.0,"frozenset({1521.0, 250.0, 3804.0})",3804.0,0.5333333333333333,True,2024-12,1,4248,1
WN,BOI,OAK,2024,12,1145,11,6,1.0,"frozenset({3962.0, 2026.0})",2026.0,0.5454545454545454,True,2024-12,1,4249,1
UA,EWR,JAC,2024,12,1104,13,8,1.0,frozenset({1778.0}),1778.0,0.6153846153846154,True,2024-12,1,4250,1
UA,EWR,RSW,2024,12,813,13,8,0.0,frozenset({746.0}),746.0,0.6153846153846154,True,2024-12,1,4251,1
UA,EYW,EWR,2024,12,864,13,8,1.0,frozenset({1513.0}),1513.0,0.6153846153846154,True,2024-12,1,4252,1
UA,IAH,RSW,2024,12,752,13,7,1.0,frozenset({2246.0}),2246.0,0.5384615384615384,True,2024-12,1,4253,1
UA,JAC,EWR,2024,12,505,10,6,1.0,frozenset({2445.0}),2445.0,0.6,True,2024-12,1,4254,1
UA,JAC,EWR,2024,12,763,11,8,0.0,frozenset({2602.0}),2602.0,0.7272727272727273,True,2024-12,1,4255,1
WN,BWI,ALB,2024,12,1355,15,8,1.0,"frozenset({2072.0, 345.0})",2072.0,0.5333333333333333,True,2024-12,1,4256,1
UA,MSP,EWR,2024,12,1091,16,9,0.0,"frozenset({202.0, 1811.0})",202.0,0.5625,True,2024-12,1,4257,1
UA,RSW,EWR,2024,12,813,13,7,0.0,frozenset({2410.0}),2410.0,0.5384615384615384,True,2024-12,1,4258,1
WN,MSY,AUS,2024,12,1115,13,8,0.0,"frozenset({1984.0, 384.0})",384.0,0.6153846153846154,True,2024-12,1,4259,1
UA,RSW,EWR,2024,12,1070,13,8,0.0,frozenset({352.0}),352.0,0.6153846153846154,True,2024-12,1,4260,1
UA,RSW,IAH,2024,12,1020,12,7,1.0,frozenset({600.0}),600.0,0.5833333333333334,True,2024-12,1,4261,1
WN,AUS,BNA,2024,12,1080,15,8,0.0,"frozenset({746.0, 3700.0})",3700.0,0.5333333333333333,True,2024-12,1,4262,1
WN,BNA,RDU,2024,12,1240,14,9,0.0,"frozenset({4466.0, 3731.0, 1773.0})",1773.0,0.6428571428571429,True,2024-12,1,4263,1
UA,PBI,EWR,2024,12,799,13,7,0.0,frozenset({676.0}),676.0,0.5384615384615384,True,2024-12,1,4264,1
DL,SEA,KOA,2024,12,890,13,8,0.0,frozenset({340.0}),340.0,0.6153846153846154,True,2024-12,1,4265,1
OO,ASE,SFO,2024,12,1163,12,7,2.0,frozenset({5977.0}),5977.0,0.5833333333333334,True,2024-12,1,4266,1
OO,ASE,ORD,2024,12,985,11,7,2.0,frozenset({5963.0}),5963.0,0.6363636363636364,True,2024-12,1,4267,1
F9,TPA,SJU,2024,12,1343,11,8,0.0,"frozenset({3980.0, 2542.0})",3980.0,0.7272727272727273,True,2024-12,1,4268,1
G4,AZA,PVU,2024,12,1291,11,6,0.0,"frozenset({1600.0, 1593.0, 3238.0, 3214.0})",1593.0,0.5454545454545454,True,2024-12,1,4269,1
G4,CAK,PGD,2024,12,1041,11,6,0.0,"frozenset({1154.0, 2795.0, 1162.0})",1154.0,0.5454545454545454,True,2024-12,1,4270,1
G4,IND,EYW,2024,12,838,10,6,1.0,"frozenset({1227.0, 2877.0, 1310.0, 1303.0})",2877.0,0.6,True,2024-12,1,4271,1
G4,LEX,SFB,2024,12,1310,13,8,0.0,"frozenset({3721.0, 2883.0, 1213.0})",1213.0,0.6153846153846154,True,2024-12,1,4272,1
G4,MDT,SFB,2024,12,1263,10,6,1.0,"frozenset({2968.0, 2838.0, 2862.0, 1255.0})",1255.0,0.6,True,2024-12,1,4273,1
F9,RSW,PHL,2024,12,993,15,8,2.0,frozenset({4304.0}),4304.0,0.5333333333333333,True,2024-12,1,4274,1
G4,SFB,LEX,2024,12,1142,13,7,0.0,"frozenset({3720.0, 1305.0, 2906.0})",1305.0,0.5384615384615384,True,2024-12,1,4275,1
HA,SEA,HNL,2024,12,420,31,16,3.0,"frozenset({27.0, 21.0})",27.0,0.5161290322580645,True,2024-12,1,4276,1
MQ,EWR,ORD,2024,12,1020,26,18,0.0,frozenset({3788.0}),3788.0,0.6923076923076923,True,2024-12,1,4277,1
MQ,GRR,ORD,2024,12,1061,10,6,0.0,"frozenset({3926.0, 3718.0})",3926.0,0.6,True,2024-12,1,4278,1
MQ,ORD,GRR,2024,12,885,10,6,0.0,"frozenset({3926.0, 3718.0})",3926.0,0.6,True,2024-12,1,4279,1
NK,ATL,FLL,2024,12,1184,13,8,0.0,frozenset({340.0}),340.0,0.6153846153846154,True,2024-12,1,4280,1
NK,ATL,IAH,2024,12,1160,13,8,1.0,frozenset({2169.0}),2169.0,0.6153846153846154,True,2024-12,1,4281,1
G4,SFB,MDT,2024,12,1073,10,7,1.0,"frozenset({2840.0, 1346.0, 1267.0, 2894.0})",2894.0,0.7,True,2024-12,1,4282,1
NK,CMH,FLL,2024,12,1293,12,9,0.0,frozenset({1992.0}),1992.0,0.75,True,2024-12,1,4283,1
F9,PHL,PBI,2024,12,1061,15,11,1.0,frozenset({2581.0}),2581.0,0.7333333333333333,True,2024-12,1,4284,1
F9,PBI,TTN,2024,12,1273,15,8,2.0,frozenset({2122.0}),2122.0,0.5333333333333333,True,2024-12,1,4285,1
DL,SFO,SEA,2024,12,635,13,7,0.0,frozenset({2841.0}),2841.0,0.5384615384615384,True,2024-12,1,4286,1
DL,SRQ,DTW,2024,12,753,11,6,0.0,frozenset({411.0}),411.0,0.5454545454545454,True,2024-12,1,4287,1
F9,ATL,IAH,2024,12,888,10,6,0.0,frozenset({2399.0}),2399.0,0.6,True,2024-12,1,4288,1
WN,SEA,OAK,2024,12,1270,10,6,0.0,"frozenset({540.0, 1310.0})",540.0,0.6,True,2024-12,1,4289,1
F9,ATL,LAX,2024,12,1181,17,10,0.0,frozenset({3215.0}),3215.0,0.5882352941176471,True,2024-12,1,4290,1
F9,ATL,MIA,2024,12,598,15,8,0.0,frozenset({2484.0}),2484.0,0.5333333333333333,True,2024-12,1,4291,1
F9,PHL,CLT,2024,12,1147,16,9,0.0,"frozenset({4353.0, 1383.0})",4353.0,0.5625,True,2024-12,1,4292,1
WN,MDW,CVG,2024,12,1235,12,7,0.0,"frozenset({4764.0, 2646.0})",2646.0,0.5833333333333334,True,2024-12,1,4293,1
F9,CLT,LGA,2024,12,1311,15,10,0.0,frozenset({3134.0}),3134.0,0.6666666666666666,True,2024-12,1,4294,1
F9,FLL,PHL,2024,12,603,11,6,0.0,frozenset({2610.0}),2610.0,0.5454545454545454,True,2024-12,1,4295,1
F9,IAH,PHX,2024,12,1177,15,10,0.0,frozenset({4181.0}),4181.0,0.6666666666666666,True,2024-12,1,4296,1
F9,ISP,PBI,2024,12,893,15,10,0.0,frozenset({2447.0}),2447.0,0.6666666666666666,True,2024-12,1,4297,1
F9,LAX,ATL,2024,12,1355,31,16,0.0,frozenset({3216.0}),3216.0,0.5161290322580645,True,2024-12,2,4057,2
F9,LAX,IAH,2024,12,813,15,8,0.0,frozenset({1756.0}),1756.0,0.5333333333333333,True,2024-12,1,4298,1
F9,CLE,ATL,2024,12,1130,14,8,0.0,"frozenset({4209.0, 2467.0})",4209.0,0.5714285714285714,True,2024-12,1,4299,1
OO,ASE,PHX,2024,12,736,11,6,2.0,frozenset({4974.0}),4974.0,0.5454545454545454,True,2024-12,1,4300,1
NK,DFW,PHX,2024,12,1305,12,7,0.0,frozenset({215.0}),215.0,0.5833333333333334,True,2024-12,1,4301,1
WN,SAN,MSY,2024,12,745,12,9,0.0,"frozenset({3083.0, 2783.0})",3083.0,0.75,True,2024-12,1,4302,1
OH,ILM,DCA,2024,12,1174,24,16,0.0,frozenset({5286.0}),5286.0,0.6666666666666666,True,2024-12,1,4303,1
OH,MOB,DFW,2024,12,785,13,7,1.0,frozenset({5499.0}),5499.0,0.5384615384615384,True,2024-12,1,4304,1
OH,TYS,DCA,2024,12,1159,24,13,2.0,"frozenset({5065.0, 5147.0, 5567.0})",5147.0,0.5416666666666666,True,2024-12,1,4305,1
OO,ACT,DFW,2024,12,1110,29,15,2.0,frozenset({6485.0}),6485.0,0.5172413793103449,True,2024-12,1,4306,1
OO,ASE,ATL,2024,12,757,11,8,0.0,frozenset({3924.0}),3924.0,0.7272727272727273,True,2024-12,1,4307,1
OO,ASE,ATL,2024,12,885,13,9,1.0,frozenset({3676.0}),3676.0,0.6923076923076923,True,2024-12,2,4050,2
OH,DCA,BTV,2024,12,1336,16,9,0.0,frozenset({5334.0}),5334.0,0.5625,True,2024-12,1,4308,1
OO,ASE,AUS,2024,12,778,13,11,1.0,frozenset({6482.0}),6482.0,0.8461538461538461,True,2024-12,1,4309,1
OO,ASE,IAH,2024,12,710,13,8,1.0,frozenset({5562.0}),5562.0,0.6153846153846154,True,2024-12,1,4310,1
OO,ASE,IAH,2024,12,915,12,7,3.0,frozenset({5806.0}),5806.0,0.5833333333333334,True,2024-12,1,4311,1
OO,ASE,LAX,2024,12,817,25,18,2.0,"frozenset({4133.0, 6502.0})",4133.0,0.72,True,2024-12,1,4312,1
OO,ASE,LAX,2024,12,1000,13,7,1.0,frozenset({5737.0}),5737.0,0.5384615384615384,True,2024-12,1,4313,1
OO,ASE,LAX,2024,12,1155,13,7,1.0,frozenset({5940.0}),5940.0,0.5384615384615384,True,2024-12,1,4314,1
OO,ASE,ORD,2024,12,801,11,9,3.0,frozenset({4874.0}),4874.0,0.8181818181818182,True,2024-12,1,4315,1
OO,ASE,DEN,2024,12,790,13,8,2.0,frozenset({5774.0}),5774.0,0.6153846153846154,True,2024-12,1,4316,1
WN,SAN,SAT,2024,12,1135,11,7,0.0,"frozenset({3481.0, 2178.0, 1133.0})",2178.0,0.6363636363636364,True,2024-12,1,4317,1
OH,BUF,DCA,2024,12,900,12,7,1.0,frozenset({5438.0}),5438.0,0.5833333333333334,True,2024-12,1,4318,1
NK,PHL,LAX,2024,12,1280,14,8,0.0,frozenset({847.0}),847.0,0.5714285714285714,True,2024-12,1,4319,1
WN,SAN,MDW,2024,12,1135,13,7,1.0,"frozenset({1376.0, 2316.0, 2533.0})",2533.0,0.5384615384615384,True,2024-12,1,4320,1
WN,SAN,LAS,2024,12,1225,15,8,1.0,"frozenset({376.0, 1713.0, 3742.0, 3718.0})",1713.0,0.5333333333333333,True,2024-12,1,4321,1
WN,SAN,HOU,2024,12,1185,10,6,1.0,"frozenset({3528.0, 646.0})",646.0,0.6,True,2024-12,1,4322,1
WN,SAN,DAL,2024,12,990,10,8,1.0,"frozenset({4588.0, 2543.0})",4588.0,0.8,True,2024-12,1,4323,1
NK,EWR,FLL,2024,12,1139,25,14,1.0,frozenset({2053.0}),2053.0,0.56,True,2024-12,1,4324,1
NK,EWR,MSY,2024,12,1084,14,10,0.0,frozenset({749.0}),749.0,0.7142857142857143,True,2024-12,1,4325,1
NK,SJU,BOS,2024,12,1128,14,8,1.0,frozenset({935.0}),935.0,0.5714285714285714,True,2024-12,1,4326,1
NK,FLL,ACY,2024,12,970,13,7,0.0,frozenset({318.0}),318.0,0.5384615384615384,True,2024-12,1,4327,1
NK,FLL,ATL,2024,12,1115,21,12,0.0,"frozenset({3177.0, 339.0, 495.0})",339.0,0.5714285714285714,True,2024-12,1,4328,1
NK,FLL,EWR,2024,12,891,25,14,1.0,frozenset({2052.0}),2052.0,0.56,True,2024-12,1,4329,1
NK,FLL,EWR,2024,12,1175,11,6,0.0,frozenset({179.0}),179.0,0.5454545454545454,True,2024-12,1,4330,1
NK,MIA,EWR,2024,12,1165,13,7,1.0,frozenset({866.0}),866.0,0.5384615384615384,True,2024-12,1,4331,1
NK,MIA,LAS,2024,12,1143,12,8,0.0,frozenset({3168.0}),3168.0,0.6666666666666666,True,2024-12,1,4332,1
NK,MYR,EWR,2024,12,1149,11,7,0.0,"frozenset({944.0, 992.0})",992.0,0.6363636363636364,True,2024-12,1,4333,1
NK,FLL,ATL,2024,12,998,16,9,0.0,"frozenset({226.0, 159.0})",159.0,0.5625,True,2024-12,1,4334,1
F9,PBI,PHL,2024,12,1139,15,10,0.0,"frozenset({2720.0, 2500.0})",2720.0,0.6666666666666666,True,2024-12,1,4335,1
